id,brand,name,product_type,category,material,standard,manufacturer_code,max_age_use_years,max_age_mfr_years,breaking_strength,working_load_limit,max_user_weight_kg,rope_diameter_min_mm,rope_diameter_max_mm,serial_number_location,interval_override_months,manual_url,product_page_url,recall_url,recall_date,inspection_notice_url,inspection_notice_date,notes
52496c06-eb76-4a89-b6f0-e7647c9edaa3,Yale Cordage,Bee Line Black 10mm,,,,,,,,,,,,,,,,,,,,,"Geen dedicated Use & Care Card voor Bee Line: de use-and-care-cards-pagina bevat alleen kaarten voor XTC-16/XTC-24/XTC-48 klimlijnen, niet voor hitch cords/rope tools. Wel gevonden: Yale Cordage Product Data Sheet - Bee Line Prussic (op de productpagina bee-line-prussic), curl-geverifieerd: 200 application/pdf. Dit is een technisch specificatieblad (constructie, breeksterkte, gewicht) en GEEN gebruiksaanwijzing met inspectie-/afkeurcriteria - dit is dus de quick fix, het nette werk zou navraag bij Yale Cordage zijn naar een echte IFU voor Bee Line hitch cords. Het blad noemt Polyester Core en Vectran Core (8mm/10mm) met naam; 'Black' als kleur wordt niet genoemd maar is dezelfde productfamilie/pagina (Bee Line Prussic hitch cords, diverse kleuren). Bestaande manual_url (Yale-Cordage-Product-Data-Sheet-Bee-Line-Prussic.pdf) gelezen: 1-pagina productdatasheet met alleen constructie, toepassing en breukkracht-tabel. Geen enkele vermelding van levensduur/leeftijd (geen ""year"", ""life span"", ""retire"", ""service life"" in de tekst). Ook de productpagina (yalecordage.com/product/bee-line-prussic/) bevat geen leeftijdsclaim. Leeftijdsvelden daarom leeg gelaten: nog niet uitgezocht (geen bron, geen gok)."
0a89a484-9c45-4a06-9803-5bb4dafe06ed,Yale Cordage,Bee Line Polyester Core 10mm,,,,,,,,,,,,,,,,,,,,,"Geen dedicated Use & Care Card voor Bee Line: de use-and-care-cards-pagina bevat alleen kaarten voor XTC-16/XTC-24/XTC-48 klimlijnen, niet voor hitch cords/rope tools. Wel gevonden: Yale Cordage Product Data Sheet - Bee Line Prussic (op de productpagina bee-line-prussic), curl-geverifieerd: 200 application/pdf. Dit is een technisch specificatieblad (constructie, breeksterkte, gewicht) en GEEN gebruiksaanwijzing met inspectie-/afkeurcriteria - dit is dus de quick fix, het nette werk zou navraag bij Yale Cordage zijn naar een echte IFU voor Bee Line hitch cords. Het blad noemt Polyester Core en Vectran Core (8mm/10mm) met naam; 'Black' als kleur wordt niet genoemd maar is dezelfde productfamilie/pagina (Bee Line Prussic hitch cords, diverse kleuren). Bestaande manual_url (Yale-Cordage-Product-Data-Sheet-Bee-Line-Prussic.pdf) gelezen: 1-pagina productdatasheet met alleen constructie, toepassing en breukkracht-tabel. Geen enkele vermelding van levensduur/leeftijd (geen ""year"", ""life span"", ""retire"", ""service life"" in de tekst). Ook de productpagina (yalecordage.com/product/bee-line-prussic/) bevat geen leeftijdsclaim. Leeftijdsvelden daarom leeg gelaten: nog niet uitgezocht (geen bron, geen gok)."
8c4df602-bb34-45b2-80b0-a4c535d2a935,Yale Cordage,Bee Line Polyester Core 10mm - bulk (per meter),,,,,,,,,,,,,,,,,,,,,"Geen dedicated Use & Care Card voor Bee Line: de use-and-care-cards-pagina bevat alleen kaarten voor XTC-16/XTC-24/XTC-48 klimlijnen, niet voor hitch cords/rope tools. Wel gevonden: Yale Cordage Product Data Sheet - Bee Line Prussic (op de productpagina bee-line-prussic), curl-geverifieerd: 200 application/pdf. Dit is een technisch specificatieblad (constructie, breeksterkte, gewicht) en GEEN gebruiksaanwijzing met inspectie-/afkeurcriteria - dit is dus de quick fix, het nette werk zou navraag bij Yale Cordage zijn naar een echte IFU voor Bee Line hitch cords. Het blad noemt Polyester Core en Vectran Core (8mm/10mm) met naam; 'Black' als kleur wordt niet genoemd maar is dezelfde productfamilie/pagina (Bee Line Prussic hitch cords, diverse kleuren). Bestaande manual_url (Yale-Cordage-Product-Data-Sheet-Bee-Line-Prussic.pdf) gelezen: 1-pagina productdatasheet met alleen constructie, toepassing en breukkracht-tabel. Geen enkele vermelding van levensduur/leeftijd (geen ""year"", ""life span"", ""retire"", ""service life"" in de tekst). Ook de productpagina (yalecordage.com/product/bee-line-prussic/) bevat geen leeftijdsclaim. Leeftijdsvelden daarom leeg gelaten: nog niet uitgezocht (geen bron, geen gok)."
587bd3c2-5b0f-4a33-ad96-6e4dab712b28,Yale Cordage,Bee Line Vectran Core 8mm,,,,,,,,,,,,,,,,,,,,,"Geen dedicated Use & Care Card voor Bee Line: de use-and-care-cards-pagina bevat alleen kaarten voor XTC-16/XTC-24/XTC-48 klimlijnen, niet voor hitch cords/rope tools. Wel gevonden: Yale Cordage Product Data Sheet - Bee Line Prussic (op de productpagina bee-line-prussic), curl-geverifieerd: 200 application/pdf. Dit is een technisch specificatieblad (constructie, breeksterkte, gewicht) en GEEN gebruiksaanwijzing met inspectie-/afkeurcriteria - dit is dus de quick fix, het nette werk zou navraag bij Yale Cordage zijn naar een echte IFU voor Bee Line hitch cords. Het blad noemt Polyester Core en Vectran Core (8mm/10mm) met naam; 'Black' als kleur wordt niet genoemd maar is dezelfde productfamilie/pagina (Bee Line Prussic hitch cords, diverse kleuren). Bestaande manual_url (Yale-Cordage-Product-Data-Sheet-Bee-Line-Prussic.pdf) gelezen: 1-pagina productdatasheet met alleen constructie, toepassing en breukkracht-tabel. Geen enkele vermelding van levensduur/leeftijd (geen ""year"", ""life span"", ""retire"", ""service life"" in de tekst). Ook de productpagina (yalecordage.com/product/bee-line-prussic/) bevat geen leeftijdsclaim. Leeftijdsvelden daarom leeg gelaten: nog niet uitgezocht (geen bron, geen gok)."
10223a90-ae8a-47c5-811f-2e69785a156c,Yale Cordage,Bee Line Vectran Core 8mm - bulk (per meter),,,,,,,,,,,,,,,,,,,,,"Geen dedicated Use & Care Card voor Bee Line: de use-and-care-cards-pagina bevat alleen kaarten voor XTC-16/XTC-24/XTC-48 klimlijnen, niet voor hitch cords/rope tools. Wel gevonden: Yale Cordage Product Data Sheet - Bee Line Prussic (op de productpagina bee-line-prussic), curl-geverifieerd: 200 application/pdf. Dit is een technisch specificatieblad (constructie, breeksterkte, gewicht) en GEEN gebruiksaanwijzing met inspectie-/afkeurcriteria - dit is dus de quick fix, het nette werk zou navraag bij Yale Cordage zijn naar een echte IFU voor Bee Line hitch cords. Het blad noemt Polyester Core en Vectran Core (8mm/10mm) met naam; 'Black' als kleur wordt niet genoemd maar is dezelfde productfamilie/pagina (Bee Line Prussic hitch cords, diverse kleuren). Bestaande manual_url (Yale-Cordage-Product-Data-Sheet-Bee-Line-Prussic.pdf) gelezen: 1-pagina productdatasheet met alleen constructie, toepassing en breukkracht-tabel. Geen enkele vermelding van levensduur/leeftijd (geen ""year"", ""life span"", ""retire"", ""service life"" in de tekst). Ook de productpagina (yalecordage.com/product/bee-line-prussic/) bevat geen leeftijdsclaim. Leeftijdsvelden daarom leeg gelaten: nog niet uitgezocht (geen bron, geen gok)."
fd1fa69d-d646-41f2-b19e-fdfd0426d9a0,Yale Cordage,Bee Line Vectran Core 10mm,,,,,,,,,,,,,,,,,,,,,"Geen dedicated Use & Care Card voor Bee Line: de use-and-care-cards-pagina bevat alleen kaarten voor XTC-16/XTC-24/XTC-48 klimlijnen, niet voor hitch cords/rope tools. Wel gevonden: Yale Cordage Product Data Sheet - Bee Line Prussic (op de productpagina bee-line-prussic), curl-geverifieerd: 200 application/pdf. Dit is een technisch specificatieblad (constructie, breeksterkte, gewicht) en GEEN gebruiksaanwijzing met inspectie-/afkeurcriteria - dit is dus de quick fix, het nette werk zou navraag bij Yale Cordage zijn naar een echte IFU voor Bee Line hitch cords. Het blad noemt Polyester Core en Vectran Core (8mm/10mm) met naam; 'Black' als kleur wordt niet genoemd maar is dezelfde productfamilie/pagina (Bee Line Prussic hitch cords, diverse kleuren). Bestaande manual_url (Yale-Cordage-Product-Data-Sheet-Bee-Line-Prussic.pdf) gelezen: 1-pagina productdatasheet met alleen constructie, toepassing en breukkracht-tabel. Geen enkele vermelding van levensduur/leeftijd (geen ""year"", ""life span"", ""retire"", ""service life"" in de tekst). Ook de productpagina (yalecordage.com/product/bee-line-prussic/) bevat geen leeftijdsclaim. Leeftijdsvelden daarom leeg gelaten: nog niet uitgezocht (geen bron, geen gok)."
09162274-a1f8-424a-b601-dc0dd0efb59d,Yale Cordage,Bee Line Vectran Core 10mm - bulk (per meter),,,,,,,,,,,,,,,,,,,,,"Geen dedicated Use & Care Card voor Bee Line: de use-and-care-cards-pagina bevat alleen kaarten voor XTC-16/XTC-24/XTC-48 klimlijnen, niet voor hitch cords/rope tools. Wel gevonden: Yale Cordage Product Data Sheet - Bee Line Prussic (op de productpagina bee-line-prussic), curl-geverifieerd: 200 application/pdf. Dit is een technisch specificatieblad (constructie, breeksterkte, gewicht) en GEEN gebruiksaanwijzing met inspectie-/afkeurcriteria - dit is dus de quick fix, het nette werk zou navraag bij Yale Cordage zijn naar een echte IFU voor Bee Line hitch cords. Het blad noemt Polyester Core en Vectran Core (8mm/10mm) met naam; 'Black' als kleur wordt niet genoemd maar is dezelfde productfamilie/pagina (Bee Line Prussic hitch cords, diverse kleuren). Bestaande manual_url (Yale-Cordage-Product-Data-Sheet-Bee-Line-Prussic.pdf) gelezen: 1-pagina productdatasheet met alleen constructie, toepassing en breukkracht-tabel. Geen enkele vermelding van levensduur/leeftijd (geen ""year"", ""life span"", ""retire"", ""service life"" in de tekst). Ook de productpagina (yalecordage.com/product/bee-line-prussic/) bevat geen leeftijdsclaim. Leeftijdsvelden daarom leeg gelaten: nog niet uitgezocht (geen bron, geen gok)."
e77d02f7-05d2-456f-bd50-b37f274271db,Yale Cordage,R.I.N.G. Rope 10.5mm - 37m - 1 eye,,,,,,,10,,,,,,,,,,,,,,"Zelfde product als 'XTC-48 R.I.N.G. Rope': yalecordage.com/product/xtc-48-ring-rope/ heet het product zelf 'XTC-48: R.I.N.G. Rope 10.5mm & 11.5mm', dus de XTC-48 Use & Care Card is van toepassing. Curl-geverifieerd: 200 application/pdf. Bestaande manual_url (Attachment-6-Use-instructions-Card-XTC-48-English.pdf, P/N 10017603) gelezen, sectie ""ROPE WEAR and OBSOLESCENCE"": ""The maximum Life Span of a rope is 10 years in as new, unused condition."" -> max_age_mfr_years=10 (levensduur vanaf fabricagedatum, ongebruikt/op voorraad). Document noemt geen apart aantal jaren vanaf eerste gebruik (max_age_use_years) - vervanging na gebruik is uitsluitend conditie/inspectie-gebaseerd (breuken, slijtage, smeltvezels), dus max_age_use_years blijft leeg. Delen dit document/getal met alle andere XTC-48-familie producten die dezelfde use-instructions-kaart gebruiken."
048cca97-67fa-4cba-822b-f61922e60011,Yale Cordage,R.I.N.G. Rope 10.5mm - 45m - 1 eye,,,,,,,10,,,,,,,,,,,,,,"Zelfde product als 'XTC-48 R.I.N.G. Rope': yalecordage.com/product/xtc-48-ring-rope/ heet het product zelf 'XTC-48: R.I.N.G. Rope 10.5mm & 11.5mm', dus de XTC-48 Use & Care Card is van toepassing. Curl-geverifieerd: 200 application/pdf. Bestaande manual_url (Attachment-6-Use-instructions-Card-XTC-48-English.pdf, P/N 10017603) gelezen, sectie ""ROPE WEAR and OBSOLESCENCE"": ""The maximum Life Span of a rope is 10 years in as new, unused condition."" -> max_age_mfr_years=10 (levensduur vanaf fabricagedatum, ongebruikt/op voorraad). Document noemt geen apart aantal jaren vanaf eerste gebruik (max_age_use_years) - vervanging na gebruik is uitsluitend conditie/inspectie-gebaseerd (breuken, slijtage, smeltvezels), dus max_age_use_years blijft leeg. Delen dit document/getal met alle andere XTC-48-familie producten die dezelfde use-instructions-kaart gebruiken."
a338aa16-034f-4afe-b893-a70d84055bf9,Yale Cordage,R.I.N.G. Rope 10.5mm - 60m - 1 eye,,,,,,,10,,,,,,,,,,,,,,"Zelfde product als 'XTC-48 R.I.N.G. Rope': yalecordage.com/product/xtc-48-ring-rope/ heet het product zelf 'XTC-48: R.I.N.G. Rope 10.5mm & 11.5mm', dus de XTC-48 Use & Care Card is van toepassing. Curl-geverifieerd: 200 application/pdf. Bestaande manual_url (Attachment-6-Use-instructions-Card-XTC-48-English.pdf, P/N 10017603) gelezen, sectie ""ROPE WEAR and OBSOLESCENCE"": ""The maximum Life Span of a rope is 10 years in as new, unused condition."" -> max_age_mfr_years=10 (levensduur vanaf fabricagedatum, ongebruikt/op voorraad). Document noemt geen apart aantal jaren vanaf eerste gebruik (max_age_use_years) - vervanging na gebruik is uitsluitend conditie/inspectie-gebaseerd (breuken, slijtage, smeltvezels), dus max_age_use_years blijft leeg. Delen dit document/getal met alle andere XTC-48-familie producten die dezelfde use-instructions-kaart gebruiken."
46f2764f-a1f8-44ae-839c-9d98a4bad2e6,Yale Cordage,R.I.N.G. Rope 10.5mm - bulk (per meter),,,,,,,10,,,,,,,,,,,,,,"Zelfde product als 'XTC-48 R.I.N.G. Rope': yalecordage.com/product/xtc-48-ring-rope/ heet het product zelf 'XTC-48: R.I.N.G. Rope 10.5mm & 11.5mm', dus de XTC-48 Use & Care Card is van toepassing. Curl-geverifieerd: 200 application/pdf. Bestaande manual_url (Attachment-6-Use-instructions-Card-XTC-48-English.pdf, P/N 10017603) gelezen, sectie ""ROPE WEAR and OBSOLESCENCE"": ""The maximum Life Span of a rope is 10 years in as new, unused condition."" -> max_age_mfr_years=10 (levensduur vanaf fabricagedatum, ongebruikt/op voorraad). Document noemt geen apart aantal jaren vanaf eerste gebruik (max_age_use_years) - vervanging na gebruik is uitsluitend conditie/inspectie-gebaseerd (breuken, slijtage, smeltvezels), dus max_age_use_years blijft leeg. Delen dit document/getal met alle andere XTC-48-familie producten die dezelfde use-instructions-kaart gebruiken."
328e6a96-edc3-4476-8d54-b2416568738b,Yale Cordage,R.I.N.G. Rope 11.5mm - 37m - 1 eye,,,,,,,10,,,,,,,,,,,,,,"Zelfde product als 'XTC-48 R.I.N.G. Rope': yalecordage.com/product/xtc-48-ring-rope/ heet het product zelf 'XTC-48: R.I.N.G. Rope 10.5mm & 11.5mm', dus de XTC-48 Use & Care Card is van toepassing. Curl-geverifieerd: 200 application/pdf. Bestaande manual_url (Attachment-6-Use-instructions-Card-XTC-48-English.pdf, P/N 10017603) gelezen, sectie ""ROPE WEAR and OBSOLESCENCE"": ""The maximum Life Span of a rope is 10 years in as new, unused condition."" -> max_age_mfr_years=10 (levensduur vanaf fabricagedatum, ongebruikt/op voorraad). Document noemt geen apart aantal jaren vanaf eerste gebruik (max_age_use_years) - vervanging na gebruik is uitsluitend conditie/inspectie-gebaseerd (breuken, slijtage, smeltvezels), dus max_age_use_years blijft leeg. Delen dit document/getal met alle andere XTC-48-familie producten die dezelfde use-instructions-kaart gebruiken."
8e295c63-6d85-4b0b-acef-d0f471099bc5,Yale Cordage,R.I.N.G. Rope 11.5mm - 45m - 1 eye,,,,,,,10,,,,,,,,,,,,,,"Zelfde product als 'XTC-48 R.I.N.G. Rope': yalecordage.com/product/xtc-48-ring-rope/ heet het product zelf 'XTC-48: R.I.N.G. Rope 10.5mm & 11.5mm', dus de XTC-48 Use & Care Card is van toepassing. Curl-geverifieerd: 200 application/pdf. Bestaande manual_url (Attachment-6-Use-instructions-Card-XTC-48-English.pdf, P/N 10017603) gelezen, sectie ""ROPE WEAR and OBSOLESCENCE"": ""The maximum Life Span of a rope is 10 years in as new, unused condition."" -> max_age_mfr_years=10 (levensduur vanaf fabricagedatum, ongebruikt/op voorraad). Document noemt geen apart aantal jaren vanaf eerste gebruik (max_age_use_years) - vervanging na gebruik is uitsluitend conditie/inspectie-gebaseerd (breuken, slijtage, smeltvezels), dus max_age_use_years blijft leeg. Delen dit document/getal met alle andere XTC-48-familie producten die dezelfde use-instructions-kaart gebruiken."
8414fa84-acce-40ff-b8fa-fb87658d5682,Yale Cordage,R.I.N.G. Rope 11.5mm - 60m - 1 eye,,,,,,,10,,,,,,,,,,,,,,"Zelfde product als 'XTC-48 R.I.N.G. Rope': yalecordage.com/product/xtc-48-ring-rope/ heet het product zelf 'XTC-48: R.I.N.G. Rope 10.5mm & 11.5mm', dus de XTC-48 Use & Care Card is van toepassing. Curl-geverifieerd: 200 application/pdf. Bestaande manual_url (Attachment-6-Use-instructions-Card-XTC-48-English.pdf, P/N 10017603) gelezen, sectie ""ROPE WEAR and OBSOLESCENCE"": ""The maximum Life Span of a rope is 10 years in as new, unused condition."" -> max_age_mfr_years=10 (levensduur vanaf fabricagedatum, ongebruikt/op voorraad). Document noemt geen apart aantal jaren vanaf eerste gebruik (max_age_use_years) - vervanging na gebruik is uitsluitend conditie/inspectie-gebaseerd (breuken, slijtage, smeltvezels), dus max_age_use_years blijft leeg. Delen dit document/getal met alle andere XTC-48-familie producten die dezelfde use-instructions-kaart gebruiken."
496e159f-adca-426a-b33d-ec16f50cf637,Yale Cordage,R.I.N.G. Rope 11.5mm - bulk (per meter),,,,,,,10,,,,,,,,,,,,,,"Zelfde product als 'XTC-48 R.I.N.G. Rope': yalecordage.com/product/xtc-48-ring-rope/ heet het product zelf 'XTC-48: R.I.N.G. Rope 10.5mm & 11.5mm', dus de XTC-48 Use & Care Card is van toepassing. Curl-geverifieerd: 200 application/pdf. Bestaande manual_url (Attachment-6-Use-instructions-Card-XTC-48-English.pdf, P/N 10017603) gelezen, sectie ""ROPE WEAR and OBSOLESCENCE"": ""The maximum Life Span of a rope is 10 years in as new, unused condition."" -> max_age_mfr_years=10 (levensduur vanaf fabricagedatum, ongebruikt/op voorraad). Document noemt geen apart aantal jaren vanaf eerste gebruik (max_age_use_years) - vervanging na gebruik is uitsluitend conditie/inspectie-gebaseerd (breuken, slijtage, smeltvezels), dus max_age_use_years blijft leeg. Delen dit document/getal met alle andere XTC-48-familie producten die dezelfde use-instructions-kaart gebruiken."
18ec1d51-3bd4-4a22-a69f-304fd75e6ed0,Yale Cordage,XTC-12 Buzzzline 13mm,,,,,,,,,,,,,,,,,,,,,"Geen Use & Care Card en geen Product Data Sheet gevonden voor XTC-12. Gecontroleerd: (1) yalecordage.com/resources/use-and-care-cards/ bevat alleen kaarten voor XTC-16/XTC-24/XTC-48, geen XTC-12; (2) volledige WP-media-bibliotheek doorzocht via wp-json/wp/v2/media met search=XTC-12, Buzzzline, data sheet, Attachment-6, instructions - geen XTC-12-document; (3) productpagina yalecordage.com/product/xtc-12/ zelf heeft geen download-/resources-sectie. Productpagina vermeldt wel dat Buzzzline Orange en Solid White 'CE EN 1891 compliant' zijn, maar er is geen los IFU-document voor deze klasse te vinden. manual_url leeg gelaten; navraag bij Jos of Yale Cordage nodig voor een handleiding. Geen manual_url aanwezig. Gezocht op yalecordage.com: productpagina (yalecordage.com/product/xtc-12/) bevat geen PDF-links; resources-pagina ""Use & Care Cards"" (yalecordage.com/resources/use-and-care-cards/) heeft alleen kaarten voor XTC-16, XTC-24 en XTC-48 - GEEN kaart voor XTC-12; ook niet in ""Product Guides"" of ""Rope Selection and Inspection Guide"". Arborist Product Guide 2024 (TCIA Rev4, PDF) noemt XTC-12 wel maar zonder CE EN1891-certificering (in tegenstelling tot XTC-16/24/48, die daar expliciet wel CE EN1891 vermelden) en zonder enige levensduur-uitspraak - lijkt een niet-gecertificeerde, algemene rigging/klimlijn zonder eigen use-and-care-kaart. Geen bron gevonden voor manual_url of leeftijd; velden blijven leeg (nog niet uitgezocht) in plaats van een gok."
a3dbba04-b3b9-44d7-96f3-277ae03999b2,Yale Cordage,XTC-12 Buzzzline 13mm - 37m - 1 eye,,,,,,,,,,,,,,,,,,,,,"Geen Use & Care Card en geen Product Data Sheet gevonden voor XTC-12. Gecontroleerd: (1) yalecordage.com/resources/use-and-care-cards/ bevat alleen kaarten voor XTC-16/XTC-24/XTC-48, geen XTC-12; (2) volledige WP-media-bibliotheek doorzocht via wp-json/wp/v2/media met search=XTC-12, Buzzzline, data sheet, Attachment-6, instructions - geen XTC-12-document; (3) productpagina yalecordage.com/product/xtc-12/ zelf heeft geen download-/resources-sectie. Productpagina vermeldt wel dat Buzzzline Orange en Solid White 'CE EN 1891 compliant' zijn, maar er is geen los IFU-document voor deze klasse te vinden. manual_url leeg gelaten; navraag bij Jos of Yale Cordage nodig voor een handleiding. Geen manual_url aanwezig. Gezocht op yalecordage.com: productpagina (yalecordage.com/product/xtc-12/) bevat geen PDF-links; resources-pagina ""Use & Care Cards"" (yalecordage.com/resources/use-and-care-cards/) heeft alleen kaarten voor XTC-16, XTC-24 en XTC-48 - GEEN kaart voor XTC-12; ook niet in ""Product Guides"" of ""Rope Selection and Inspection Guide"". Arborist Product Guide 2024 (TCIA Rev4, PDF) noemt XTC-12 wel maar zonder CE EN1891-certificering (in tegenstelling tot XTC-16/24/48, die daar expliciet wel CE EN1891 vermelden) en zonder enige levensduur-uitspraak - lijkt een niet-gecertificeerde, algemene rigging/klimlijn zonder eigen use-and-care-kaart. Geen bron gevonden voor manual_url of leeftijd; velden blijven leeg (nog niet uitgezocht) in plaats van een gok."
fbee6642-5673-4398-b7bb-b8b9a66c6780,Yale Cordage,XTC-12 Buzzzline 13mm - 37m - 2 eyes,,,,,,,,,,,,,,,,,,,,,"Geen Use & Care Card en geen Product Data Sheet gevonden voor XTC-12. Gecontroleerd: (1) yalecordage.com/resources/use-and-care-cards/ bevat alleen kaarten voor XTC-16/XTC-24/XTC-48, geen XTC-12; (2) volledige WP-media-bibliotheek doorzocht via wp-json/wp/v2/media met search=XTC-12, Buzzzline, data sheet, Attachment-6, instructions - geen XTC-12-document; (3) productpagina yalecordage.com/product/xtc-12/ zelf heeft geen download-/resources-sectie. Productpagina vermeldt wel dat Buzzzline Orange en Solid White 'CE EN 1891 compliant' zijn, maar er is geen los IFU-document voor deze klasse te vinden. manual_url leeg gelaten; navraag bij Jos of Yale Cordage nodig voor een handleiding. Geen manual_url aanwezig. Gezocht op yalecordage.com: productpagina (yalecordage.com/product/xtc-12/) bevat geen PDF-links; resources-pagina ""Use & Care Cards"" (yalecordage.com/resources/use-and-care-cards/) heeft alleen kaarten voor XTC-16, XTC-24 en XTC-48 - GEEN kaart voor XTC-12; ook niet in ""Product Guides"" of ""Rope Selection and Inspection Guide"". Arborist Product Guide 2024 (TCIA Rev4, PDF) noemt XTC-12 wel maar zonder CE EN1891-certificering (in tegenstelling tot XTC-16/24/48, die daar expliciet wel CE EN1891 vermelden) en zonder enige levensduur-uitspraak - lijkt een niet-gecertificeerde, algemene rigging/klimlijn zonder eigen use-and-care-kaart. Geen bron gevonden voor manual_url of leeftijd; velden blijven leeg (nog niet uitgezocht) in plaats van een gok."
0019299a-1450-481e-9459-5d869eaa4466,Yale Cordage,XTC-12 Buzzzline 13mm - 45m - 1 eye,,,,,,,,,,,,,,,,,,,,,"Geen Use & Care Card en geen Product Data Sheet gevonden voor XTC-12. Gecontroleerd: (1) yalecordage.com/resources/use-and-care-cards/ bevat alleen kaarten voor XTC-16/XTC-24/XTC-48, geen XTC-12; (2) volledige WP-media-bibliotheek doorzocht via wp-json/wp/v2/media met search=XTC-12, Buzzzline, data sheet, Attachment-6, instructions - geen XTC-12-document; (3) productpagina yalecordage.com/product/xtc-12/ zelf heeft geen download-/resources-sectie. Productpagina vermeldt wel dat Buzzzline Orange en Solid White 'CE EN 1891 compliant' zijn, maar er is geen los IFU-document voor deze klasse te vinden. manual_url leeg gelaten; navraag bij Jos of Yale Cordage nodig voor een handleiding. Geen manual_url aanwezig. Gezocht op yalecordage.com: productpagina (yalecordage.com/product/xtc-12/) bevat geen PDF-links; resources-pagina ""Use & Care Cards"" (yalecordage.com/resources/use-and-care-cards/) heeft alleen kaarten voor XTC-16, XTC-24 en XTC-48 - GEEN kaart voor XTC-12; ook niet in ""Product Guides"" of ""Rope Selection and Inspection Guide"". Arborist Product Guide 2024 (TCIA Rev4, PDF) noemt XTC-12 wel maar zonder CE EN1891-certificering (in tegenstelling tot XTC-16/24/48, die daar expliciet wel CE EN1891 vermelden) en zonder enige levensduur-uitspraak - lijkt een niet-gecertificeerde, algemene rigging/klimlijn zonder eigen use-and-care-kaart. Geen bron gevonden voor manual_url of leeftijd; velden blijven leeg (nog niet uitgezocht) in plaats van een gok."
4bc43135-ab89-43f5-bd10-5fcaf077cede,Yale Cordage,XTC-12 Buzzzline 13mm - 45m - 2 eyes,,,,,,,,,,,,,,,,,,,,,"Geen Use & Care Card en geen Product Data Sheet gevonden voor XTC-12. Gecontroleerd: (1) yalecordage.com/resources/use-and-care-cards/ bevat alleen kaarten voor XTC-16/XTC-24/XTC-48, geen XTC-12; (2) volledige WP-media-bibliotheek doorzocht via wp-json/wp/v2/media met search=XTC-12, Buzzzline, data sheet, Attachment-6, instructions - geen XTC-12-document; (3) productpagina yalecordage.com/product/xtc-12/ zelf heeft geen download-/resources-sectie. Productpagina vermeldt wel dat Buzzzline Orange en Solid White 'CE EN 1891 compliant' zijn, maar er is geen los IFU-document voor deze klasse te vinden. manual_url leeg gelaten; navraag bij Jos of Yale Cordage nodig voor een handleiding. Geen manual_url aanwezig. Gezocht op yalecordage.com: productpagina (yalecordage.com/product/xtc-12/) bevat geen PDF-links; resources-pagina ""Use & Care Cards"" (yalecordage.com/resources/use-and-care-cards/) heeft alleen kaarten voor XTC-16, XTC-24 en XTC-48 - GEEN kaart voor XTC-12; ook niet in ""Product Guides"" of ""Rope Selection and Inspection Guide"". Arborist Product Guide 2024 (TCIA Rev4, PDF) noemt XTC-12 wel maar zonder CE EN1891-certificering (in tegenstelling tot XTC-16/24/48, die daar expliciet wel CE EN1891 vermelden) en zonder enige levensduur-uitspraak - lijkt een niet-gecertificeerde, algemene rigging/klimlijn zonder eigen use-and-care-kaart. Geen bron gevonden voor manual_url of leeftijd; velden blijven leeg (nog niet uitgezocht) in plaats van een gok."
c473ac40-db99-453d-b5e6-39b30afe352f,Yale Cordage,XTC-12 Buzzzline 13mm - 60m - 1 eye,,,,,,,,,,,,,,,,,,,,,"Geen Use & Care Card en geen Product Data Sheet gevonden voor XTC-12. Gecontroleerd: (1) yalecordage.com/resources/use-and-care-cards/ bevat alleen kaarten voor XTC-16/XTC-24/XTC-48, geen XTC-12; (2) volledige WP-media-bibliotheek doorzocht via wp-json/wp/v2/media met search=XTC-12, Buzzzline, data sheet, Attachment-6, instructions - geen XTC-12-document; (3) productpagina yalecordage.com/product/xtc-12/ zelf heeft geen download-/resources-sectie. Productpagina vermeldt wel dat Buzzzline Orange en Solid White 'CE EN 1891 compliant' zijn, maar er is geen los IFU-document voor deze klasse te vinden. manual_url leeg gelaten; navraag bij Jos of Yale Cordage nodig voor een handleiding. Geen manual_url aanwezig. Gezocht op yalecordage.com: productpagina (yalecordage.com/product/xtc-12/) bevat geen PDF-links; resources-pagina ""Use & Care Cards"" (yalecordage.com/resources/use-and-care-cards/) heeft alleen kaarten voor XTC-16, XTC-24 en XTC-48 - GEEN kaart voor XTC-12; ook niet in ""Product Guides"" of ""Rope Selection and Inspection Guide"". Arborist Product Guide 2024 (TCIA Rev4, PDF) noemt XTC-12 wel maar zonder CE EN1891-certificering (in tegenstelling tot XTC-16/24/48, die daar expliciet wel CE EN1891 vermelden) en zonder enige levensduur-uitspraak - lijkt een niet-gecertificeerde, algemene rigging/klimlijn zonder eigen use-and-care-kaart. Geen bron gevonden voor manual_url of leeftijd; velden blijven leeg (nog niet uitgezocht) in plaats van een gok."
a85ae2b1-f79d-4f75-8649-a95f3a80fc77,Yale Cordage,XTC-12 Buzzzline 13mm - 60m - 2 eyes,,,,,,,,,,,,,,,,,,,,,"Geen Use & Care Card en geen Product Data Sheet gevonden voor XTC-12. Gecontroleerd: (1) yalecordage.com/resources/use-and-care-cards/ bevat alleen kaarten voor XTC-16/XTC-24/XTC-48, geen XTC-12; (2) volledige WP-media-bibliotheek doorzocht via wp-json/wp/v2/media met search=XTC-12, Buzzzline, data sheet, Attachment-6, instructions - geen XTC-12-document; (3) productpagina yalecordage.com/product/xtc-12/ zelf heeft geen download-/resources-sectie. Productpagina vermeldt wel dat Buzzzline Orange en Solid White 'CE EN 1891 compliant' zijn, maar er is geen los IFU-document voor deze klasse te vinden. manual_url leeg gelaten; navraag bij Jos of Yale Cordage nodig voor een handleiding. Geen manual_url aanwezig. Gezocht op yalecordage.com: productpagina (yalecordage.com/product/xtc-12/) bevat geen PDF-links; resources-pagina ""Use & Care Cards"" (yalecordage.com/resources/use-and-care-cards/) heeft alleen kaarten voor XTC-16, XTC-24 en XTC-48 - GEEN kaart voor XTC-12; ook niet in ""Product Guides"" of ""Rope Selection and Inspection Guide"". Arborist Product Guide 2024 (TCIA Rev4, PDF) noemt XTC-12 wel maar zonder CE EN1891-certificering (in tegenstelling tot XTC-16/24/48, die daar expliciet wel CE EN1891 vermelden) en zonder enige levensduur-uitspraak - lijkt een niet-gecertificeerde, algemene rigging/klimlijn zonder eigen use-and-care-kaart. Geen bron gevonden voor manual_url of leeftijd; velden blijven leeg (nog niet uitgezocht) in plaats van een gok."
ff8fe2d3-feae-43a4-b554-52b70d2cdf5b,Yale Cordage,XTC-12 Buzzzline 13mm - bulk (per meter),,,,,,,,,,,,,,,,,,,,,"Geen Use & Care Card en geen Product Data Sheet gevonden voor XTC-12. Gecontroleerd: (1) yalecordage.com/resources/use-and-care-cards/ bevat alleen kaarten voor XTC-16/XTC-24/XTC-48, geen XTC-12; (2) volledige WP-media-bibliotheek doorzocht via wp-json/wp/v2/media met search=XTC-12, Buzzzline, data sheet, Attachment-6, instructions - geen XTC-12-document; (3) productpagina yalecordage.com/product/xtc-12/ zelf heeft geen download-/resources-sectie. Productpagina vermeldt wel dat Buzzzline Orange en Solid White 'CE EN 1891 compliant' zijn, maar er is geen los IFU-document voor deze klasse te vinden. manual_url leeg gelaten; navraag bij Jos of Yale Cordage nodig voor een handleiding. Geen manual_url aanwezig. Gezocht op yalecordage.com: productpagina (yalecordage.com/product/xtc-12/) bevat geen PDF-links; resources-pagina ""Use & Care Cards"" (yalecordage.com/resources/use-and-care-cards/) heeft alleen kaarten voor XTC-16, XTC-24 en XTC-48 - GEEN kaart voor XTC-12; ook niet in ""Product Guides"" of ""Rope Selection and Inspection Guide"". Arborist Product Guide 2024 (TCIA Rev4, PDF) noemt XTC-12 wel maar zonder CE EN1891-certificering (in tegenstelling tot XTC-16/24/48, die daar expliciet wel CE EN1891 vermelden) en zonder enige levensduur-uitspraak - lijkt een niet-gecertificeerde, algemene rigging/klimlijn zonder eigen use-and-care-kaart. Geen bron gevonden voor manual_url of leeftijd; velden blijven leeg (nog niet uitgezocht) in plaats van een gok."
ef0a643d-ce4c-4902-b5dd-bfcb77669492,Yale Cordage,XTC-12 Code Yellow 13mm,,,,,,,,,,,,,,,,,,,,,"Geen Use & Care Card en geen Product Data Sheet gevonden voor XTC-12. Gecontroleerd: (1) yalecordage.com/resources/use-and-care-cards/ bevat alleen kaarten voor XTC-16/XTC-24/XTC-48, geen XTC-12; (2) volledige WP-media-bibliotheek doorzocht via wp-json/wp/v2/media met search=XTC-12, Buzzzline, data sheet, Attachment-6, instructions - geen XTC-12-document; (3) productpagina yalecordage.com/product/xtc-12/ zelf heeft geen download-/resources-sectie. Productpagina vermeldt wel dat Buzzzline Orange en Solid White 'CE EN 1891 compliant' zijn, maar er is geen los IFU-document voor deze klasse te vinden. manual_url leeg gelaten; navraag bij Jos of Yale Cordage nodig voor een handleiding. Geen manual_url aanwezig. Gezocht op yalecordage.com: productpagina (yalecordage.com/product/xtc-12/) bevat geen PDF-links; resources-pagina ""Use & Care Cards"" (yalecordage.com/resources/use-and-care-cards/) heeft alleen kaarten voor XTC-16, XTC-24 en XTC-48 - GEEN kaart voor XTC-12; ook niet in ""Product Guides"" of ""Rope Selection and Inspection Guide"". Arborist Product Guide 2024 (TCIA Rev4, PDF) noemt XTC-12 wel maar zonder CE EN1891-certificering (in tegenstelling tot XTC-16/24/48, die daar expliciet wel CE EN1891 vermelden) en zonder enige levensduur-uitspraak - lijkt een niet-gecertificeerde, algemene rigging/klimlijn zonder eigen use-and-care-kaart. Geen bron gevonden voor manual_url of leeftijd; velden blijven leeg (nog niet uitgezocht) in plaats van een gok."
32ceb7a0-59a8-45fc-98ba-a0968ff4d5f4,Yale Cordage,XTC-12 Fire 13mm,,,,,,,,,,,,,,,,,,,,,"Geen Use & Care Card en geen Product Data Sheet gevonden voor XTC-12. Gecontroleerd: (1) yalecordage.com/resources/use-and-care-cards/ bevat alleen kaarten voor XTC-16/XTC-24/XTC-48, geen XTC-12; (2) volledige WP-media-bibliotheek doorzocht via wp-json/wp/v2/media met search=XTC-12, Buzzzline, data sheet, Attachment-6, instructions - geen XTC-12-document; (3) productpagina yalecordage.com/product/xtc-12/ zelf heeft geen download-/resources-sectie. Productpagina vermeldt wel dat Buzzzline Orange en Solid White 'CE EN 1891 compliant' zijn, maar er is geen los IFU-document voor deze klasse te vinden. manual_url leeg gelaten; navraag bij Jos of Yale Cordage nodig voor een handleiding. Geen manual_url aanwezig. Gezocht op yalecordage.com: productpagina (yalecordage.com/product/xtc-12/) bevat geen PDF-links; resources-pagina ""Use & Care Cards"" (yalecordage.com/resources/use-and-care-cards/) heeft alleen kaarten voor XTC-16, XTC-24 en XTC-48 - GEEN kaart voor XTC-12; ook niet in ""Product Guides"" of ""Rope Selection and Inspection Guide"". Arborist Product Guide 2024 (TCIA Rev4, PDF) noemt XTC-12 wel maar zonder CE EN1891-certificering (in tegenstelling tot XTC-16/24/48, die daar expliciet wel CE EN1891 vermelden) en zonder enige levensduur-uitspraak - lijkt een niet-gecertificeerde, algemene rigging/klimlijn zonder eigen use-and-care-kaart. Geen bron gevonden voor manual_url of leeftijd; velden blijven leeg (nog niet uitgezocht) in plaats van een gok."
9192e09a-8fa0-4a4f-a012-574c9f82f036,Yale Cordage,XTC-12 Plus 13mm,,,,,,,,,,,,,,,,,,,,,"Geen Use & Care Card en geen Product Data Sheet gevonden voor XTC-12. Gecontroleerd: (1) yalecordage.com/resources/use-and-care-cards/ bevat alleen kaarten voor XTC-16/XTC-24/XTC-48, geen XTC-12; (2) volledige WP-media-bibliotheek doorzocht via wp-json/wp/v2/media met search=XTC-12, Buzzzline, data sheet, Attachment-6, instructions - geen XTC-12-document; (3) productpagina yalecordage.com/product/xtc-12/ zelf heeft geen download-/resources-sectie. Productpagina vermeldt wel dat Buzzzline Orange en Solid White 'CE EN 1891 compliant' zijn, maar er is geen los IFU-document voor deze klasse te vinden. manual_url leeg gelaten; navraag bij Jos of Yale Cordage nodig voor een handleiding. Geen manual_url aanwezig. Gezocht op yalecordage.com: productpagina (yalecordage.com/product/xtc-12/) bevat geen PDF-links; resources-pagina ""Use & Care Cards"" (yalecordage.com/resources/use-and-care-cards/) heeft alleen kaarten voor XTC-16, XTC-24 en XTC-48 - GEEN kaart voor XTC-12; ook niet in ""Product Guides"" of ""Rope Selection and Inspection Guide"". Arborist Product Guide 2024 (TCIA Rev4, PDF) noemt XTC-12 wel maar zonder CE EN1891-certificering (in tegenstelling tot XTC-16/24/48, die daar expliciet wel CE EN1891 vermelden) en zonder enige levensduur-uitspraak - lijkt een niet-gecertificeerde, algemene rigging/klimlijn zonder eigen use-and-care-kaart. Geen bron gevonden voor manual_url of leeftijd; velden blijven leeg (nog niet uitgezocht) in plaats van een gok."
93de0d2d-c20e-49f5-ac6e-31dac7891c20,Yale Cordage,"XTC-12 Rigging 3/4"" (19mm)",,,,,,,,,,,,,,,,,,,,,"Geen Use & Care Card en geen Product Data Sheet gevonden voor XTC-12. Gecontroleerd: (1) yalecordage.com/resources/use-and-care-cards/ bevat alleen kaarten voor XTC-16/XTC-24/XTC-48, geen XTC-12; (2) volledige WP-media-bibliotheek doorzocht via wp-json/wp/v2/media met search=XTC-12, Buzzzline, data sheet, Attachment-6, instructions - geen XTC-12-document; (3) productpagina yalecordage.com/product/xtc-12/ zelf heeft geen download-/resources-sectie. Productpagina vermeldt wel dat Buzzzline Orange en Solid White 'CE EN 1891 compliant' zijn, maar er is geen los IFU-document voor deze klasse te vinden. manual_url leeg gelaten; navraag bij Jos of Yale Cordage nodig voor een handleiding. Geen manual_url aanwezig. Gezocht op yalecordage.com: productpagina (yalecordage.com/product/xtc-12/) bevat geen PDF-links; resources-pagina ""Use & Care Cards"" (yalecordage.com/resources/use-and-care-cards/) heeft alleen kaarten voor XTC-16, XTC-24 en XTC-48 - GEEN kaart voor XTC-12; ook niet in ""Product Guides"" of ""Rope Selection and Inspection Guide"". Arborist Product Guide 2024 (TCIA Rev4, PDF) noemt XTC-12 wel maar zonder CE EN1891-certificering (in tegenstelling tot XTC-16/24/48, die daar expliciet wel CE EN1891 vermelden) en zonder enige levensduur-uitspraak - lijkt een niet-gecertificeerde, algemene rigging/klimlijn zonder eigen use-and-care-kaart. Geen bron gevonden voor manual_url of leeftijd; velden blijven leeg (nog niet uitgezocht) in plaats van een gok."
4c07eeb0-70b0-48f9-89e0-4d21c0224404,Yale Cordage,"XTC-12 Rigging 5/8"" (16mm)",,,,,,,,,,,,,,,,,,,,,"Geen Use & Care Card en geen Product Data Sheet gevonden voor XTC-12. Gecontroleerd: (1) yalecordage.com/resources/use-and-care-cards/ bevat alleen kaarten voor XTC-16/XTC-24/XTC-48, geen XTC-12; (2) volledige WP-media-bibliotheek doorzocht via wp-json/wp/v2/media met search=XTC-12, Buzzzline, data sheet, Attachment-6, instructions - geen XTC-12-document; (3) productpagina yalecordage.com/product/xtc-12/ zelf heeft geen download-/resources-sectie. Productpagina vermeldt wel dat Buzzzline Orange en Solid White 'CE EN 1891 compliant' zijn, maar er is geen los IFU-document voor deze klasse te vinden. manual_url leeg gelaten; navraag bij Jos of Yale Cordage nodig voor een handleiding. Geen manual_url aanwezig. Gezocht op yalecordage.com: productpagina (yalecordage.com/product/xtc-12/) bevat geen PDF-links; resources-pagina ""Use & Care Cards"" (yalecordage.com/resources/use-and-care-cards/) heeft alleen kaarten voor XTC-16, XTC-24 en XTC-48 - GEEN kaart voor XTC-12; ook niet in ""Product Guides"" of ""Rope Selection and Inspection Guide"". Arborist Product Guide 2024 (TCIA Rev4, PDF) noemt XTC-12 wel maar zonder CE EN1891-certificering (in tegenstelling tot XTC-16/24/48, die daar expliciet wel CE EN1891 vermelden) en zonder enige levensduur-uitspraak - lijkt een niet-gecertificeerde, algemene rigging/klimlijn zonder eigen use-and-care-kaart. Geen bron gevonden voor manual_url of leeftijd; velden blijven leeg (nog niet uitgezocht) in plaats van een gok."
15259dd4-6839-4b5d-884c-b1686b274db0,Yale Cordage,XTC-12 Spearmint 13mm,,,,,,,,,,,,,,,,,,,,,"Geen Use & Care Card en geen Product Data Sheet gevonden voor XTC-12. Gecontroleerd: (1) yalecordage.com/resources/use-and-care-cards/ bevat alleen kaarten voor XTC-16/XTC-24/XTC-48, geen XTC-12; (2) volledige WP-media-bibliotheek doorzocht via wp-json/wp/v2/media met search=XTC-12, Buzzzline, data sheet, Attachment-6, instructions - geen XTC-12-document; (3) productpagina yalecordage.com/product/xtc-12/ zelf heeft geen download-/resources-sectie. Productpagina vermeldt wel dat Buzzzline Orange en Solid White 'CE EN 1891 compliant' zijn, maar er is geen los IFU-document voor deze klasse te vinden. manual_url leeg gelaten; navraag bij Jos of Yale Cordage nodig voor een handleiding. Geen manual_url aanwezig. Gezocht op yalecordage.com: productpagina (yalecordage.com/product/xtc-12/) bevat geen PDF-links; resources-pagina ""Use & Care Cards"" (yalecordage.com/resources/use-and-care-cards/) heeft alleen kaarten voor XTC-16, XTC-24 en XTC-48 - GEEN kaart voor XTC-12; ook niet in ""Product Guides"" of ""Rope Selection and Inspection Guide"". Arborist Product Guide 2024 (TCIA Rev4, PDF) noemt XTC-12 wel maar zonder CE EN1891-certificering (in tegenstelling tot XTC-16/24/48, die daar expliciet wel CE EN1891 vermelden) en zonder enige levensduur-uitspraak - lijkt een niet-gecertificeerde, algemene rigging/klimlijn zonder eigen use-and-care-kaart. Geen bron gevonden voor manual_url of leeftijd; velden blijven leeg (nog niet uitgezocht) in plaats van een gok."
5ff56975-48d1-4358-948f-85d482b63c55,Yale Cordage,XTC-12 White 13mm,,,,,,,,,,,,,,,,,,,,,"Geen Use & Care Card en geen Product Data Sheet gevonden voor XTC-12. Gecontroleerd: (1) yalecordage.com/resources/use-and-care-cards/ bevat alleen kaarten voor XTC-16/XTC-24/XTC-48, geen XTC-12; (2) volledige WP-media-bibliotheek doorzocht via wp-json/wp/v2/media met search=XTC-12, Buzzzline, data sheet, Attachment-6, instructions - geen XTC-12-document; (3) productpagina yalecordage.com/product/xtc-12/ zelf heeft geen download-/resources-sectie. Productpagina vermeldt wel dat Buzzzline Orange en Solid White 'CE EN 1891 compliant' zijn, maar er is geen los IFU-document voor deze klasse te vinden. manual_url leeg gelaten; navraag bij Jos of Yale Cordage nodig voor een handleiding. Geen manual_url aanwezig. Gezocht op yalecordage.com: productpagina (yalecordage.com/product/xtc-12/) bevat geen PDF-links; resources-pagina ""Use & Care Cards"" (yalecordage.com/resources/use-and-care-cards/) heeft alleen kaarten voor XTC-16, XTC-24 en XTC-48 - GEEN kaart voor XTC-12; ook niet in ""Product Guides"" of ""Rope Selection and Inspection Guide"". Arborist Product Guide 2024 (TCIA Rev4, PDF) noemt XTC-12 wel maar zonder CE EN1891-certificering (in tegenstelling tot XTC-16/24/48, die daar expliciet wel CE EN1891 vermelden) en zonder enige levensduur-uitspraak - lijkt een niet-gecertificeerde, algemene rigging/klimlijn zonder eigen use-and-care-kaart. Geen bron gevonden voor manual_url of leeftijd; velden blijven leeg (nog niet uitgezocht) in plaats van een gok."
e4e776bd-9c6b-4781-9d77-c4ad998f75fe,Yale Cordage,XTC-12 White 13mm - 37m - 1 eye,,,,,,,,,,,,,,,,,,,,,"Geen Use & Care Card en geen Product Data Sheet gevonden voor XTC-12. Gecontroleerd: (1) yalecordage.com/resources/use-and-care-cards/ bevat alleen kaarten voor XTC-16/XTC-24/XTC-48, geen XTC-12; (2) volledige WP-media-bibliotheek doorzocht via wp-json/wp/v2/media met search=XTC-12, Buzzzline, data sheet, Attachment-6, instructions - geen XTC-12-document; (3) productpagina yalecordage.com/product/xtc-12/ zelf heeft geen download-/resources-sectie. Productpagina vermeldt wel dat Buzzzline Orange en Solid White 'CE EN 1891 compliant' zijn, maar er is geen los IFU-document voor deze klasse te vinden. manual_url leeg gelaten; navraag bij Jos of Yale Cordage nodig voor een handleiding. Geen manual_url aanwezig. Gezocht op yalecordage.com: productpagina (yalecordage.com/product/xtc-12/) bevat geen PDF-links; resources-pagina ""Use & Care Cards"" (yalecordage.com/resources/use-and-care-cards/) heeft alleen kaarten voor XTC-16, XTC-24 en XTC-48 - GEEN kaart voor XTC-12; ook niet in ""Product Guides"" of ""Rope Selection and Inspection Guide"". Arborist Product Guide 2024 (TCIA Rev4, PDF) noemt XTC-12 wel maar zonder CE EN1891-certificering (in tegenstelling tot XTC-16/24/48, die daar expliciet wel CE EN1891 vermelden) en zonder enige levensduur-uitspraak - lijkt een niet-gecertificeerde, algemene rigging/klimlijn zonder eigen use-and-care-kaart. Geen bron gevonden voor manual_url of leeftijd; velden blijven leeg (nog niet uitgezocht) in plaats van een gok."
e71c8408-20e5-462f-ba87-3bfba63439a8,Yale Cordage,XTC-12 White 13mm - 37m - 2 eyes,,,,,,,,,,,,,,,,,,,,,"Geen Use & Care Card en geen Product Data Sheet gevonden voor XTC-12. Gecontroleerd: (1) yalecordage.com/resources/use-and-care-cards/ bevat alleen kaarten voor XTC-16/XTC-24/XTC-48, geen XTC-12; (2) volledige WP-media-bibliotheek doorzocht via wp-json/wp/v2/media met search=XTC-12, Buzzzline, data sheet, Attachment-6, instructions - geen XTC-12-document; (3) productpagina yalecordage.com/product/xtc-12/ zelf heeft geen download-/resources-sectie. Productpagina vermeldt wel dat Buzzzline Orange en Solid White 'CE EN 1891 compliant' zijn, maar er is geen los IFU-document voor deze klasse te vinden. manual_url leeg gelaten; navraag bij Jos of Yale Cordage nodig voor een handleiding. Geen manual_url aanwezig. Gezocht op yalecordage.com: productpagina (yalecordage.com/product/xtc-12/) bevat geen PDF-links; resources-pagina ""Use & Care Cards"" (yalecordage.com/resources/use-and-care-cards/) heeft alleen kaarten voor XTC-16, XTC-24 en XTC-48 - GEEN kaart voor XTC-12; ook niet in ""Product Guides"" of ""Rope Selection and Inspection Guide"". Arborist Product Guide 2024 (TCIA Rev4, PDF) noemt XTC-12 wel maar zonder CE EN1891-certificering (in tegenstelling tot XTC-16/24/48, die daar expliciet wel CE EN1891 vermelden) en zonder enige levensduur-uitspraak - lijkt een niet-gecertificeerde, algemene rigging/klimlijn zonder eigen use-and-care-kaart. Geen bron gevonden voor manual_url of leeftijd; velden blijven leeg (nog niet uitgezocht) in plaats van een gok."
e544fbec-ce39-4219-87dd-5faa36117cce,Yale Cordage,XTC-12 White 13mm - 45m - 1 eye,,,,,,,,,,,,,,,,,,,,,"Geen Use & Care Card en geen Product Data Sheet gevonden voor XTC-12. Gecontroleerd: (1) yalecordage.com/resources/use-and-care-cards/ bevat alleen kaarten voor XTC-16/XTC-24/XTC-48, geen XTC-12; (2) volledige WP-media-bibliotheek doorzocht via wp-json/wp/v2/media met search=XTC-12, Buzzzline, data sheet, Attachment-6, instructions - geen XTC-12-document; (3) productpagina yalecordage.com/product/xtc-12/ zelf heeft geen download-/resources-sectie. Productpagina vermeldt wel dat Buzzzline Orange en Solid White 'CE EN 1891 compliant' zijn, maar er is geen los IFU-document voor deze klasse te vinden. manual_url leeg gelaten; navraag bij Jos of Yale Cordage nodig voor een handleiding. Geen manual_url aanwezig. Gezocht op yalecordage.com: productpagina (yalecordage.com/product/xtc-12/) bevat geen PDF-links; resources-pagina ""Use & Care Cards"" (yalecordage.com/resources/use-and-care-cards/) heeft alleen kaarten voor XTC-16, XTC-24 en XTC-48 - GEEN kaart voor XTC-12; ook niet in ""Product Guides"" of ""Rope Selection and Inspection Guide"". Arborist Product Guide 2024 (TCIA Rev4, PDF) noemt XTC-12 wel maar zonder CE EN1891-certificering (in tegenstelling tot XTC-16/24/48, die daar expliciet wel CE EN1891 vermelden) en zonder enige levensduur-uitspraak - lijkt een niet-gecertificeerde, algemene rigging/klimlijn zonder eigen use-and-care-kaart. Geen bron gevonden voor manual_url of leeftijd; velden blijven leeg (nog niet uitgezocht) in plaats van een gok."
7e60d961-5e5a-4f8a-b077-13bf00715145,Yale Cordage,XTC-12 White 13mm - 45m - 2 eyes,,,,,,,,,,,,,,,,,,,,,"Geen Use & Care Card en geen Product Data Sheet gevonden voor XTC-12. Gecontroleerd: (1) yalecordage.com/resources/use-and-care-cards/ bevat alleen kaarten voor XTC-16/XTC-24/XTC-48, geen XTC-12; (2) volledige WP-media-bibliotheek doorzocht via wp-json/wp/v2/media met search=XTC-12, Buzzzline, data sheet, Attachment-6, instructions - geen XTC-12-document; (3) productpagina yalecordage.com/product/xtc-12/ zelf heeft geen download-/resources-sectie. Productpagina vermeldt wel dat Buzzzline Orange en Solid White 'CE EN 1891 compliant' zijn, maar er is geen los IFU-document voor deze klasse te vinden. manual_url leeg gelaten; navraag bij Jos of Yale Cordage nodig voor een handleiding. Geen manual_url aanwezig. Gezocht op yalecordage.com: productpagina (yalecordage.com/product/xtc-12/) bevat geen PDF-links; resources-pagina ""Use & Care Cards"" (yalecordage.com/resources/use-and-care-cards/) heeft alleen kaarten voor XTC-16, XTC-24 en XTC-48 - GEEN kaart voor XTC-12; ook niet in ""Product Guides"" of ""Rope Selection and Inspection Guide"". Arborist Product Guide 2024 (TCIA Rev4, PDF) noemt XTC-12 wel maar zonder CE EN1891-certificering (in tegenstelling tot XTC-16/24/48, die daar expliciet wel CE EN1891 vermelden) en zonder enige levensduur-uitspraak - lijkt een niet-gecertificeerde, algemene rigging/klimlijn zonder eigen use-and-care-kaart. Geen bron gevonden voor manual_url of leeftijd; velden blijven leeg (nog niet uitgezocht) in plaats van een gok."
0ad0876e-cfab-4870-bdbc-6e7887e2af98,Yale Cordage,XTC-12 White 13mm - 60m - 1 eye,,,,,,,,,,,,,,,,,,,,,"Geen Use & Care Card en geen Product Data Sheet gevonden voor XTC-12. Gecontroleerd: (1) yalecordage.com/resources/use-and-care-cards/ bevat alleen kaarten voor XTC-16/XTC-24/XTC-48, geen XTC-12; (2) volledige WP-media-bibliotheek doorzocht via wp-json/wp/v2/media met search=XTC-12, Buzzzline, data sheet, Attachment-6, instructions - geen XTC-12-document; (3) productpagina yalecordage.com/product/xtc-12/ zelf heeft geen download-/resources-sectie. Productpagina vermeldt wel dat Buzzzline Orange en Solid White 'CE EN 1891 compliant' zijn, maar er is geen los IFU-document voor deze klasse te vinden. manual_url leeg gelaten; navraag bij Jos of Yale Cordage nodig voor een handleiding. Geen manual_url aanwezig. Gezocht op yalecordage.com: productpagina (yalecordage.com/product/xtc-12/) bevat geen PDF-links; resources-pagina ""Use & Care Cards"" (yalecordage.com/resources/use-and-care-cards/) heeft alleen kaarten voor XTC-16, XTC-24 en XTC-48 - GEEN kaart voor XTC-12; ook niet in ""Product Guides"" of ""Rope Selection and Inspection Guide"". Arborist Product Guide 2024 (TCIA Rev4, PDF) noemt XTC-12 wel maar zonder CE EN1891-certificering (in tegenstelling tot XTC-16/24/48, die daar expliciet wel CE EN1891 vermelden) en zonder enige levensduur-uitspraak - lijkt een niet-gecertificeerde, algemene rigging/klimlijn zonder eigen use-and-care-kaart. Geen bron gevonden voor manual_url of leeftijd; velden blijven leeg (nog niet uitgezocht) in plaats van een gok."
1a7281c2-a39a-4e13-9a29-ec076d1ff8f0,Yale Cordage,XTC-12 White 13mm - 60m - 2 eyes,,,,,,,,,,,,,,,,,,,,,"Geen Use & Care Card en geen Product Data Sheet gevonden voor XTC-12. Gecontroleerd: (1) yalecordage.com/resources/use-and-care-cards/ bevat alleen kaarten voor XTC-16/XTC-24/XTC-48, geen XTC-12; (2) volledige WP-media-bibliotheek doorzocht via wp-json/wp/v2/media met search=XTC-12, Buzzzline, data sheet, Attachment-6, instructions - geen XTC-12-document; (3) productpagina yalecordage.com/product/xtc-12/ zelf heeft geen download-/resources-sectie. Productpagina vermeldt wel dat Buzzzline Orange en Solid White 'CE EN 1891 compliant' zijn, maar er is geen los IFU-document voor deze klasse te vinden. manual_url leeg gelaten; navraag bij Jos of Yale Cordage nodig voor een handleiding. Geen manual_url aanwezig. Gezocht op yalecordage.com: productpagina (yalecordage.com/product/xtc-12/) bevat geen PDF-links; resources-pagina ""Use & Care Cards"" (yalecordage.com/resources/use-and-care-cards/) heeft alleen kaarten voor XTC-16, XTC-24 en XTC-48 - GEEN kaart voor XTC-12; ook niet in ""Product Guides"" of ""Rope Selection and Inspection Guide"". Arborist Product Guide 2024 (TCIA Rev4, PDF) noemt XTC-12 wel maar zonder CE EN1891-certificering (in tegenstelling tot XTC-16/24/48, die daar expliciet wel CE EN1891 vermelden) en zonder enige levensduur-uitspraak - lijkt een niet-gecertificeerde, algemene rigging/klimlijn zonder eigen use-and-care-kaart. Geen bron gevonden voor manual_url of leeftijd; velden blijven leeg (nog niet uitgezocht) in plaats van een gok."
47dde557-3ccf-4f57-9f77-55a0806a97db,Yale Cordage,XTC-12 White 13mm - bulk (per meter),,,,,,,,,,,,,,,,,,,,,"Geen Use & Care Card en geen Product Data Sheet gevonden voor XTC-12. Gecontroleerd: (1) yalecordage.com/resources/use-and-care-cards/ bevat alleen kaarten voor XTC-16/XTC-24/XTC-48, geen XTC-12; (2) volledige WP-media-bibliotheek doorzocht via wp-json/wp/v2/media met search=XTC-12, Buzzzline, data sheet, Attachment-6, instructions - geen XTC-12-document; (3) productpagina yalecordage.com/product/xtc-12/ zelf heeft geen download-/resources-sectie. Productpagina vermeldt wel dat Buzzzline Orange en Solid White 'CE EN 1891 compliant' zijn, maar er is geen los IFU-document voor deze klasse te vinden. manual_url leeg gelaten; navraag bij Jos of Yale Cordage nodig voor een handleiding. Geen manual_url aanwezig. Gezocht op yalecordage.com: productpagina (yalecordage.com/product/xtc-12/) bevat geen PDF-links; resources-pagina ""Use & Care Cards"" (yalecordage.com/resources/use-and-care-cards/) heeft alleen kaarten voor XTC-16, XTC-24 en XTC-48 - GEEN kaart voor XTC-12; ook niet in ""Product Guides"" of ""Rope Selection and Inspection Guide"". Arborist Product Guide 2024 (TCIA Rev4, PDF) noemt XTC-12 wel maar zonder CE EN1891-certificering (in tegenstelling tot XTC-16/24/48, die daar expliciet wel CE EN1891 vermelden) en zonder enige levensduur-uitspraak - lijkt een niet-gecertificeerde, algemene rigging/klimlijn zonder eigen use-and-care-kaart. Geen bron gevonden voor manual_url of leeftijd; velden blijven leeg (nog niet uitgezocht) in plaats van een gok."
d31db045-4945-4fca-bc33-e3ecebd8f855,Yale Cordage,XTC-16 Fire 12.7mm - 37m - 1 eye,,,,,,,10,,,,,,,,,,,,,,"Use & Care Card 'XTC-16 & XTC-24 11mm Type B' (niet de algemene XTC-24-kaart): de productpagina (xtc-16-fire-spearmint-plus) vermeldt expliciet '1/2” XTC-16 meets CE0598 EN1891 Type-B'. De PDF zelf heet ook 'Use & instructions Card XTC-16 & 11mm XTC-24 Type B'. Curl-geverifieerd: 200 application/pdf. 'White' als kleur niet apart met naam genoemd op de (gecombineerde Fire/Spearmint/Plus-)productpagina, maar valt onder dezelfde XTC-16-constructie en EN1891 Type-B klassering. Bestaande manual_url (Attachment-6-Use-Instructions-XTC-16-XTC-24-11mm-Type-B-English.pdf, P/N 10017601) gelezen, sectie ""ROPE WEAR and OBSOLESCENCE"": ""The maximum Life Span of a rope is 10 years in as new, unused condition."" -> max_age_mfr_years=10. Geen apart getal voor jaren vanaf eerste gebruik vermeld (alleen conditie/inspectie-gebaseerde afkeurcriteria), dus max_age_use_years blijft leeg. Gedeeld met alle XTC-16 en XTC-24 (Type B) varianten die dezelfde kaart gebruiken."
fbfb89e4-42cd-4e81-b1ff-ace795fa0d60,Yale Cordage,XTC-16 Fire 12.7mm - 37m - 2 eyes,,,,,,,10,,,,,,,,,,,,,,"Use & Care Card 'XTC-16 & XTC-24 11mm Type B' (niet de algemene XTC-24-kaart): de productpagina (xtc-16-fire-spearmint-plus) vermeldt expliciet '1/2” XTC-16 meets CE0598 EN1891 Type-B'. De PDF zelf heet ook 'Use & instructions Card XTC-16 & 11mm XTC-24 Type B'. Curl-geverifieerd: 200 application/pdf. 'White' als kleur niet apart met naam genoemd op de (gecombineerde Fire/Spearmint/Plus-)productpagina, maar valt onder dezelfde XTC-16-constructie en EN1891 Type-B klassering. Bestaande manual_url (Attachment-6-Use-Instructions-XTC-16-XTC-24-11mm-Type-B-English.pdf, P/N 10017601) gelezen, sectie ""ROPE WEAR and OBSOLESCENCE"": ""The maximum Life Span of a rope is 10 years in as new, unused condition."" -> max_age_mfr_years=10. Geen apart getal voor jaren vanaf eerste gebruik vermeld (alleen conditie/inspectie-gebaseerde afkeurcriteria), dus max_age_use_years blijft leeg. Gedeeld met alle XTC-16 en XTC-24 (Type B) varianten die dezelfde kaart gebruiken."
9c12daf9-f409-4c20-ae54-a2f0e2320877,Yale Cordage,XTC-16 Fire 12.7mm - 45m - 1 eye,,,,,,,10,,,,,,,,,,,,,,"Use & Care Card 'XTC-16 & XTC-24 11mm Type B' (niet de algemene XTC-24-kaart): de productpagina (xtc-16-fire-spearmint-plus) vermeldt expliciet '1/2” XTC-16 meets CE0598 EN1891 Type-B'. De PDF zelf heet ook 'Use & instructions Card XTC-16 & 11mm XTC-24 Type B'. Curl-geverifieerd: 200 application/pdf. 'White' als kleur niet apart met naam genoemd op de (gecombineerde Fire/Spearmint/Plus-)productpagina, maar valt onder dezelfde XTC-16-constructie en EN1891 Type-B klassering. Bestaande manual_url (Attachment-6-Use-Instructions-XTC-16-XTC-24-11mm-Type-B-English.pdf, P/N 10017601) gelezen, sectie ""ROPE WEAR and OBSOLESCENCE"": ""The maximum Life Span of a rope is 10 years in as new, unused condition."" -> max_age_mfr_years=10. Geen apart getal voor jaren vanaf eerste gebruik vermeld (alleen conditie/inspectie-gebaseerde afkeurcriteria), dus max_age_use_years blijft leeg. Gedeeld met alle XTC-16 en XTC-24 (Type B) varianten die dezelfde kaart gebruiken."
b1584e00-0b0b-47ab-8f5b-102c4fffeca7,Yale Cordage,XTC-16 Fire 12.7mm - 45m - 2 eyes,,,,,,,10,,,,,,,,,,,,,,"Use & Care Card 'XTC-16 & XTC-24 11mm Type B' (niet de algemene XTC-24-kaart): de productpagina (xtc-16-fire-spearmint-plus) vermeldt expliciet '1/2” XTC-16 meets CE0598 EN1891 Type-B'. De PDF zelf heet ook 'Use & instructions Card XTC-16 & 11mm XTC-24 Type B'. Curl-geverifieerd: 200 application/pdf. 'White' als kleur niet apart met naam genoemd op de (gecombineerde Fire/Spearmint/Plus-)productpagina, maar valt onder dezelfde XTC-16-constructie en EN1891 Type-B klassering. Bestaande manual_url (Attachment-6-Use-Instructions-XTC-16-XTC-24-11mm-Type-B-English.pdf, P/N 10017601) gelezen, sectie ""ROPE WEAR and OBSOLESCENCE"": ""The maximum Life Span of a rope is 10 years in as new, unused condition."" -> max_age_mfr_years=10. Geen apart getal voor jaren vanaf eerste gebruik vermeld (alleen conditie/inspectie-gebaseerde afkeurcriteria), dus max_age_use_years blijft leeg. Gedeeld met alle XTC-16 en XTC-24 (Type B) varianten die dezelfde kaart gebruiken."
40d1d6f5-8d2a-4297-bc8e-e1581a84867b,Yale Cordage,XTC-16 Fire 12.7mm - 60m - 1 eye,,,,,,,10,,,,,,,,,,,,,,"Use & Care Card 'XTC-16 & XTC-24 11mm Type B' (niet de algemene XTC-24-kaart): de productpagina (xtc-16-fire-spearmint-plus) vermeldt expliciet '1/2” XTC-16 meets CE0598 EN1891 Type-B'. De PDF zelf heet ook 'Use & instructions Card XTC-16 & 11mm XTC-24 Type B'. Curl-geverifieerd: 200 application/pdf. 'White' als kleur niet apart met naam genoemd op de (gecombineerde Fire/Spearmint/Plus-)productpagina, maar valt onder dezelfde XTC-16-constructie en EN1891 Type-B klassering. Bestaande manual_url (Attachment-6-Use-Instructions-XTC-16-XTC-24-11mm-Type-B-English.pdf, P/N 10017601) gelezen, sectie ""ROPE WEAR and OBSOLESCENCE"": ""The maximum Life Span of a rope is 10 years in as new, unused condition."" -> max_age_mfr_years=10. Geen apart getal voor jaren vanaf eerste gebruik vermeld (alleen conditie/inspectie-gebaseerde afkeurcriteria), dus max_age_use_years blijft leeg. Gedeeld met alle XTC-16 en XTC-24 (Type B) varianten die dezelfde kaart gebruiken."
3c81d246-a159-4a24-a7e3-350c62479155,Yale Cordage,XTC-16 Fire 12.7mm - bulk (per meter),,,,,,,10,,,,,,,,,,,,,,"Use & Care Card 'XTC-16 & XTC-24 11mm Type B' (niet de algemene XTC-24-kaart): de productpagina (xtc-16-fire-spearmint-plus) vermeldt expliciet '1/2” XTC-16 meets CE0598 EN1891 Type-B'. De PDF zelf heet ook 'Use & instructions Card XTC-16 & 11mm XTC-24 Type B'. Curl-geverifieerd: 200 application/pdf. 'White' als kleur niet apart met naam genoemd op de (gecombineerde Fire/Spearmint/Plus-)productpagina, maar valt onder dezelfde XTC-16-constructie en EN1891 Type-B klassering. Bestaande manual_url (Attachment-6-Use-Instructions-XTC-16-XTC-24-11mm-Type-B-English.pdf, P/N 10017601) gelezen, sectie ""ROPE WEAR and OBSOLESCENCE"": ""The maximum Life Span of a rope is 10 years in as new, unused condition."" -> max_age_mfr_years=10. Geen apart getal voor jaren vanaf eerste gebruik vermeld (alleen conditie/inspectie-gebaseerde afkeurcriteria), dus max_age_use_years blijft leeg. Gedeeld met alle XTC-16 en XTC-24 (Type B) varianten die dezelfde kaart gebruiken."
9d2fb98e-b5b2-4996-9e31-aefc29d73c14,Yale Cordage,XTC-16 Fire 13mm,,,,,,,10,,,,,,,,,,,,,,"Use & Care Card 'XTC-16 & XTC-24 11mm Type B' (niet de algemene XTC-24-kaart): de productpagina (xtc-16-fire-spearmint-plus) vermeldt expliciet '1/2” XTC-16 meets CE0598 EN1891 Type-B'. De PDF zelf heet ook 'Use & instructions Card XTC-16 & 11mm XTC-24 Type B'. Curl-geverifieerd: 200 application/pdf. 'White' als kleur niet apart met naam genoemd op de (gecombineerde Fire/Spearmint/Plus-)productpagina, maar valt onder dezelfde XTC-16-constructie en EN1891 Type-B klassering. Bestaande manual_url (Attachment-6-Use-Instructions-XTC-16-XTC-24-11mm-Type-B-English.pdf, P/N 10017601) gelezen, sectie ""ROPE WEAR and OBSOLESCENCE"": ""The maximum Life Span of a rope is 10 years in as new, unused condition."" -> max_age_mfr_years=10. Geen apart getal voor jaren vanaf eerste gebruik vermeld (alleen conditie/inspectie-gebaseerde afkeurcriteria), dus max_age_use_years blijft leeg. Gedeeld met alle XTC-16 en XTC-24 (Type B) varianten die dezelfde kaart gebruiken."
6e9dc001-b2a1-413d-b72d-3366d0b9a950,Yale Cordage,XTC-16 Plus 12.7mm - 37m - 1 eye,,,,,,,10,,,,,,,,,,,,,,"Use & Care Card 'XTC-16 & XTC-24 11mm Type B' (niet de algemene XTC-24-kaart): de productpagina (xtc-16-fire-spearmint-plus) vermeldt expliciet '1/2” XTC-16 meets CE0598 EN1891 Type-B'. De PDF zelf heet ook 'Use & instructions Card XTC-16 & 11mm XTC-24 Type B'. Curl-geverifieerd: 200 application/pdf. 'White' als kleur niet apart met naam genoemd op de (gecombineerde Fire/Spearmint/Plus-)productpagina, maar valt onder dezelfde XTC-16-constructie en EN1891 Type-B klassering. Bestaande manual_url (Attachment-6-Use-Instructions-XTC-16-XTC-24-11mm-Type-B-English.pdf, P/N 10017601) gelezen, sectie ""ROPE WEAR and OBSOLESCENCE"": ""The maximum Life Span of a rope is 10 years in as new, unused condition."" -> max_age_mfr_years=10. Geen apart getal voor jaren vanaf eerste gebruik vermeld (alleen conditie/inspectie-gebaseerde afkeurcriteria), dus max_age_use_years blijft leeg. Gedeeld met alle XTC-16 en XTC-24 (Type B) varianten die dezelfde kaart gebruiken."
6c465508-b72a-4087-ba92-6f922f66e2d4,Yale Cordage,XTC-16 Plus 12.7mm - 37m - 2 eyes,,,,,,,10,,,,,,,,,,,,,,"Use & Care Card 'XTC-16 & XTC-24 11mm Type B' (niet de algemene XTC-24-kaart): de productpagina (xtc-16-fire-spearmint-plus) vermeldt expliciet '1/2” XTC-16 meets CE0598 EN1891 Type-B'. De PDF zelf heet ook 'Use & instructions Card XTC-16 & 11mm XTC-24 Type B'. Curl-geverifieerd: 200 application/pdf. 'White' als kleur niet apart met naam genoemd op de (gecombineerde Fire/Spearmint/Plus-)productpagina, maar valt onder dezelfde XTC-16-constructie en EN1891 Type-B klassering. Bestaande manual_url (Attachment-6-Use-Instructions-XTC-16-XTC-24-11mm-Type-B-English.pdf, P/N 10017601) gelezen, sectie ""ROPE WEAR and OBSOLESCENCE"": ""The maximum Life Span of a rope is 10 years in as new, unused condition."" -> max_age_mfr_years=10. Geen apart getal voor jaren vanaf eerste gebruik vermeld (alleen conditie/inspectie-gebaseerde afkeurcriteria), dus max_age_use_years blijft leeg. Gedeeld met alle XTC-16 en XTC-24 (Type B) varianten die dezelfde kaart gebruiken."
9a1841b7-04b3-49ac-b030-46e46403a5c2,Yale Cordage,XTC-16 Plus 12.7mm - 45m - 1 eye,,,,,,,10,,,,,,,,,,,,,,"Use & Care Card 'XTC-16 & XTC-24 11mm Type B' (niet de algemene XTC-24-kaart): de productpagina (xtc-16-fire-spearmint-plus) vermeldt expliciet '1/2” XTC-16 meets CE0598 EN1891 Type-B'. De PDF zelf heet ook 'Use & instructions Card XTC-16 & 11mm XTC-24 Type B'. Curl-geverifieerd: 200 application/pdf. 'White' als kleur niet apart met naam genoemd op de (gecombineerde Fire/Spearmint/Plus-)productpagina, maar valt onder dezelfde XTC-16-constructie en EN1891 Type-B klassering. Bestaande manual_url (Attachment-6-Use-Instructions-XTC-16-XTC-24-11mm-Type-B-English.pdf, P/N 10017601) gelezen, sectie ""ROPE WEAR and OBSOLESCENCE"": ""The maximum Life Span of a rope is 10 years in as new, unused condition."" -> max_age_mfr_years=10. Geen apart getal voor jaren vanaf eerste gebruik vermeld (alleen conditie/inspectie-gebaseerde afkeurcriteria), dus max_age_use_years blijft leeg. Gedeeld met alle XTC-16 en XTC-24 (Type B) varianten die dezelfde kaart gebruiken."
aab025d4-9af3-4edd-bd69-eef33fa43850,Yale Cordage,XTC-16 Plus 12.7mm - 45m - 2 eyes,,,,,,,10,,,,,,,,,,,,,,"Use & Care Card 'XTC-16 & XTC-24 11mm Type B' (niet de algemene XTC-24-kaart): de productpagina (xtc-16-fire-spearmint-plus) vermeldt expliciet '1/2” XTC-16 meets CE0598 EN1891 Type-B'. De PDF zelf heet ook 'Use & instructions Card XTC-16 & 11mm XTC-24 Type B'. Curl-geverifieerd: 200 application/pdf. 'White' als kleur niet apart met naam genoemd op de (gecombineerde Fire/Spearmint/Plus-)productpagina, maar valt onder dezelfde XTC-16-constructie en EN1891 Type-B klassering. Bestaande manual_url (Attachment-6-Use-Instructions-XTC-16-XTC-24-11mm-Type-B-English.pdf, P/N 10017601) gelezen, sectie ""ROPE WEAR and OBSOLESCENCE"": ""The maximum Life Span of a rope is 10 years in as new, unused condition."" -> max_age_mfr_years=10. Geen apart getal voor jaren vanaf eerste gebruik vermeld (alleen conditie/inspectie-gebaseerde afkeurcriteria), dus max_age_use_years blijft leeg. Gedeeld met alle XTC-16 en XTC-24 (Type B) varianten die dezelfde kaart gebruiken."
e7993eda-3622-40e0-9216-79638ffa12bc,Yale Cordage,XTC-16 Plus 12.7mm - 60m - 1 eye,,,,,,,10,,,,,,,,,,,,,,"Use & Care Card 'XTC-16 & XTC-24 11mm Type B' (niet de algemene XTC-24-kaart): de productpagina (xtc-16-fire-spearmint-plus) vermeldt expliciet '1/2” XTC-16 meets CE0598 EN1891 Type-B'. De PDF zelf heet ook 'Use & instructions Card XTC-16 & 11mm XTC-24 Type B'. Curl-geverifieerd: 200 application/pdf. 'White' als kleur niet apart met naam genoemd op de (gecombineerde Fire/Spearmint/Plus-)productpagina, maar valt onder dezelfde XTC-16-constructie en EN1891 Type-B klassering. Bestaande manual_url (Attachment-6-Use-Instructions-XTC-16-XTC-24-11mm-Type-B-English.pdf, P/N 10017601) gelezen, sectie ""ROPE WEAR and OBSOLESCENCE"": ""The maximum Life Span of a rope is 10 years in as new, unused condition."" -> max_age_mfr_years=10. Geen apart getal voor jaren vanaf eerste gebruik vermeld (alleen conditie/inspectie-gebaseerde afkeurcriteria), dus max_age_use_years blijft leeg. Gedeeld met alle XTC-16 en XTC-24 (Type B) varianten die dezelfde kaart gebruiken."
27a425c9-a4d8-4f76-958d-9ab2bbf2605b,Yale Cordage,XTC-16 Plus 12.7mm - 60m - 2 eyes,,,,,,,10,,,,,,,,,,,,,,"Use & Care Card 'XTC-16 & XTC-24 11mm Type B' (niet de algemene XTC-24-kaart): de productpagina (xtc-16-fire-spearmint-plus) vermeldt expliciet '1/2” XTC-16 meets CE0598 EN1891 Type-B'. De PDF zelf heet ook 'Use & instructions Card XTC-16 & 11mm XTC-24 Type B'. Curl-geverifieerd: 200 application/pdf. 'White' als kleur niet apart met naam genoemd op de (gecombineerde Fire/Spearmint/Plus-)productpagina, maar valt onder dezelfde XTC-16-constructie en EN1891 Type-B klassering. Bestaande manual_url (Attachment-6-Use-Instructions-XTC-16-XTC-24-11mm-Type-B-English.pdf, P/N 10017601) gelezen, sectie ""ROPE WEAR and OBSOLESCENCE"": ""The maximum Life Span of a rope is 10 years in as new, unused condition."" -> max_age_mfr_years=10. Geen apart getal voor jaren vanaf eerste gebruik vermeld (alleen conditie/inspectie-gebaseerde afkeurcriteria), dus max_age_use_years blijft leeg. Gedeeld met alle XTC-16 en XTC-24 (Type B) varianten die dezelfde kaart gebruiken."
a298f981-38a1-43f8-8e4b-43380dc35559,Yale Cordage,XTC-16 Plus 12.7mm - bulk (per meter),,,,,,,10,,,,,,,,,,,,,,"Use & Care Card 'XTC-16 & XTC-24 11mm Type B' (niet de algemene XTC-24-kaart): de productpagina (xtc-16-fire-spearmint-plus) vermeldt expliciet '1/2” XTC-16 meets CE0598 EN1891 Type-B'. De PDF zelf heet ook 'Use & instructions Card XTC-16 & 11mm XTC-24 Type B'. Curl-geverifieerd: 200 application/pdf. 'White' als kleur niet apart met naam genoemd op de (gecombineerde Fire/Spearmint/Plus-)productpagina, maar valt onder dezelfde XTC-16-constructie en EN1891 Type-B klassering. Bestaande manual_url (Attachment-6-Use-Instructions-XTC-16-XTC-24-11mm-Type-B-English.pdf, P/N 10017601) gelezen, sectie ""ROPE WEAR and OBSOLESCENCE"": ""The maximum Life Span of a rope is 10 years in as new, unused condition."" -> max_age_mfr_years=10. Geen apart getal voor jaren vanaf eerste gebruik vermeld (alleen conditie/inspectie-gebaseerde afkeurcriteria), dus max_age_use_years blijft leeg. Gedeeld met alle XTC-16 en XTC-24 (Type B) varianten die dezelfde kaart gebruiken."
f1222bb2-8bbf-44a9-87bd-f2793feb3120,Yale Cordage,XTC-16 Plus 13mm,,,,,,,10,,,,,,,,,,,,,,"Use & Care Card 'XTC-16 & XTC-24 11mm Type B' (niet de algemene XTC-24-kaart): de productpagina (xtc-16-fire-spearmint-plus) vermeldt expliciet '1/2” XTC-16 meets CE0598 EN1891 Type-B'. De PDF zelf heet ook 'Use & instructions Card XTC-16 & 11mm XTC-24 Type B'. Curl-geverifieerd: 200 application/pdf. 'White' als kleur niet apart met naam genoemd op de (gecombineerde Fire/Spearmint/Plus-)productpagina, maar valt onder dezelfde XTC-16-constructie en EN1891 Type-B klassering. Bestaande manual_url (Attachment-6-Use-Instructions-XTC-16-XTC-24-11mm-Type-B-English.pdf, P/N 10017601) gelezen, sectie ""ROPE WEAR and OBSOLESCENCE"": ""The maximum Life Span of a rope is 10 years in as new, unused condition."" -> max_age_mfr_years=10. Geen apart getal voor jaren vanaf eerste gebruik vermeld (alleen conditie/inspectie-gebaseerde afkeurcriteria), dus max_age_use_years blijft leeg. Gedeeld met alle XTC-16 en XTC-24 (Type B) varianten die dezelfde kaart gebruiken."
8aff280e-e5cf-47c9-90a6-1f251b916cd7,Yale Cordage,XTC-16 Spearmint 12.7mm - 37m - 1 eye,,,,,,,10,,,,,,,,,,,,,,"Use & Care Card 'XTC-16 & XTC-24 11mm Type B' (niet de algemene XTC-24-kaart): de productpagina (xtc-16-fire-spearmint-plus) vermeldt expliciet '1/2” XTC-16 meets CE0598 EN1891 Type-B'. De PDF zelf heet ook 'Use & instructions Card XTC-16 & 11mm XTC-24 Type B'. Curl-geverifieerd: 200 application/pdf. 'White' als kleur niet apart met naam genoemd op de (gecombineerde Fire/Spearmint/Plus-)productpagina, maar valt onder dezelfde XTC-16-constructie en EN1891 Type-B klassering. Bestaande manual_url (Attachment-6-Use-Instructions-XTC-16-XTC-24-11mm-Type-B-English.pdf, P/N 10017601) gelezen, sectie ""ROPE WEAR and OBSOLESCENCE"": ""The maximum Life Span of a rope is 10 years in as new, unused condition."" -> max_age_mfr_years=10. Geen apart getal voor jaren vanaf eerste gebruik vermeld (alleen conditie/inspectie-gebaseerde afkeurcriteria), dus max_age_use_years blijft leeg. Gedeeld met alle XTC-16 en XTC-24 (Type B) varianten die dezelfde kaart gebruiken."
87d843ff-f6b6-415f-92a5-39162bec21a4,Yale Cordage,XTC-16 Spearmint 12.7mm - 37m - 2 eyes,,,,,,,10,,,,,,,,,,,,,,"Use & Care Card 'XTC-16 & XTC-24 11mm Type B' (niet de algemene XTC-24-kaart): de productpagina (xtc-16-fire-spearmint-plus) vermeldt expliciet '1/2” XTC-16 meets CE0598 EN1891 Type-B'. De PDF zelf heet ook 'Use & instructions Card XTC-16 & 11mm XTC-24 Type B'. Curl-geverifieerd: 200 application/pdf. 'White' als kleur niet apart met naam genoemd op de (gecombineerde Fire/Spearmint/Plus-)productpagina, maar valt onder dezelfde XTC-16-constructie en EN1891 Type-B klassering. Bestaande manual_url (Attachment-6-Use-Instructions-XTC-16-XTC-24-11mm-Type-B-English.pdf, P/N 10017601) gelezen, sectie ""ROPE WEAR and OBSOLESCENCE"": ""The maximum Life Span of a rope is 10 years in as new, unused condition."" -> max_age_mfr_years=10. Geen apart getal voor jaren vanaf eerste gebruik vermeld (alleen conditie/inspectie-gebaseerde afkeurcriteria), dus max_age_use_years blijft leeg. Gedeeld met alle XTC-16 en XTC-24 (Type B) varianten die dezelfde kaart gebruiken."
dacb419d-a5f2-485b-8299-f593400ecd67,Yale Cordage,XTC-16 Spearmint 12.7mm - 45m - 1 eye,,,,,,,10,,,,,,,,,,,,,,"Use & Care Card 'XTC-16 & XTC-24 11mm Type B' (niet de algemene XTC-24-kaart): de productpagina (xtc-16-fire-spearmint-plus) vermeldt expliciet '1/2” XTC-16 meets CE0598 EN1891 Type-B'. De PDF zelf heet ook 'Use & instructions Card XTC-16 & 11mm XTC-24 Type B'. Curl-geverifieerd: 200 application/pdf. 'White' als kleur niet apart met naam genoemd op de (gecombineerde Fire/Spearmint/Plus-)productpagina, maar valt onder dezelfde XTC-16-constructie en EN1891 Type-B klassering. Bestaande manual_url (Attachment-6-Use-Instructions-XTC-16-XTC-24-11mm-Type-B-English.pdf, P/N 10017601) gelezen, sectie ""ROPE WEAR and OBSOLESCENCE"": ""The maximum Life Span of a rope is 10 years in as new, unused condition."" -> max_age_mfr_years=10. Geen apart getal voor jaren vanaf eerste gebruik vermeld (alleen conditie/inspectie-gebaseerde afkeurcriteria), dus max_age_use_years blijft leeg. Gedeeld met alle XTC-16 en XTC-24 (Type B) varianten die dezelfde kaart gebruiken."
8e108981-5e4c-433c-99d1-cdc3c39acc9f,Yale Cordage,XTC-16 Spearmint 12.7mm - 45m - 2 eyes,,,,,,,10,,,,,,,,,,,,,,"Use & Care Card 'XTC-16 & XTC-24 11mm Type B' (niet de algemene XTC-24-kaart): de productpagina (xtc-16-fire-spearmint-plus) vermeldt expliciet '1/2” XTC-16 meets CE0598 EN1891 Type-B'. De PDF zelf heet ook 'Use & instructions Card XTC-16 & 11mm XTC-24 Type B'. Curl-geverifieerd: 200 application/pdf. 'White' als kleur niet apart met naam genoemd op de (gecombineerde Fire/Spearmint/Plus-)productpagina, maar valt onder dezelfde XTC-16-constructie en EN1891 Type-B klassering. Bestaande manual_url (Attachment-6-Use-Instructions-XTC-16-XTC-24-11mm-Type-B-English.pdf, P/N 10017601) gelezen, sectie ""ROPE WEAR and OBSOLESCENCE"": ""The maximum Life Span of a rope is 10 years in as new, unused condition."" -> max_age_mfr_years=10. Geen apart getal voor jaren vanaf eerste gebruik vermeld (alleen conditie/inspectie-gebaseerde afkeurcriteria), dus max_age_use_years blijft leeg. Gedeeld met alle XTC-16 en XTC-24 (Type B) varianten die dezelfde kaart gebruiken."
9e27f3e7-71be-4728-8e3c-05e5006e3dd0,Yale Cordage,XTC-16 Spearmint 12.7mm - 60m - 1 eye,,,,,,,10,,,,,,,,,,,,,,"Use & Care Card 'XTC-16 & XTC-24 11mm Type B' (niet de algemene XTC-24-kaart): de productpagina (xtc-16-fire-spearmint-plus) vermeldt expliciet '1/2” XTC-16 meets CE0598 EN1891 Type-B'. De PDF zelf heet ook 'Use & instructions Card XTC-16 & 11mm XTC-24 Type B'. Curl-geverifieerd: 200 application/pdf. 'White' als kleur niet apart met naam genoemd op de (gecombineerde Fire/Spearmint/Plus-)productpagina, maar valt onder dezelfde XTC-16-constructie en EN1891 Type-B klassering. Bestaande manual_url (Attachment-6-Use-Instructions-XTC-16-XTC-24-11mm-Type-B-English.pdf, P/N 10017601) gelezen, sectie ""ROPE WEAR and OBSOLESCENCE"": ""The maximum Life Span of a rope is 10 years in as new, unused condition."" -> max_age_mfr_years=10. Geen apart getal voor jaren vanaf eerste gebruik vermeld (alleen conditie/inspectie-gebaseerde afkeurcriteria), dus max_age_use_years blijft leeg. Gedeeld met alle XTC-16 en XTC-24 (Type B) varianten die dezelfde kaart gebruiken."
786df208-15ca-460c-b35e-b3b19cf85199,Yale Cordage,XTC-16 Spearmint 12.7mm - 60m - 2 eyes,,,,,,,10,,,,,,,,,,,,,,"Use & Care Card 'XTC-16 & XTC-24 11mm Type B' (niet de algemene XTC-24-kaart): de productpagina (xtc-16-fire-spearmint-plus) vermeldt expliciet '1/2” XTC-16 meets CE0598 EN1891 Type-B'. De PDF zelf heet ook 'Use & instructions Card XTC-16 & 11mm XTC-24 Type B'. Curl-geverifieerd: 200 application/pdf. 'White' als kleur niet apart met naam genoemd op de (gecombineerde Fire/Spearmint/Plus-)productpagina, maar valt onder dezelfde XTC-16-constructie en EN1891 Type-B klassering. Bestaande manual_url (Attachment-6-Use-Instructions-XTC-16-XTC-24-11mm-Type-B-English.pdf, P/N 10017601) gelezen, sectie ""ROPE WEAR and OBSOLESCENCE"": ""The maximum Life Span of a rope is 10 years in as new, unused condition."" -> max_age_mfr_years=10. Geen apart getal voor jaren vanaf eerste gebruik vermeld (alleen conditie/inspectie-gebaseerde afkeurcriteria), dus max_age_use_years blijft leeg. Gedeeld met alle XTC-16 en XTC-24 (Type B) varianten die dezelfde kaart gebruiken."
392522b3-1c44-423a-a0d3-82a3ed3cf8a5,Yale Cordage,XTC-16 Spearmint 12.7mm - bulk (per meter),,,,,,,10,,,,,,,,,,,,,,"Use & Care Card 'XTC-16 & XTC-24 11mm Type B' (niet de algemene XTC-24-kaart): de productpagina (xtc-16-fire-spearmint-plus) vermeldt expliciet '1/2” XTC-16 meets CE0598 EN1891 Type-B'. De PDF zelf heet ook 'Use & instructions Card XTC-16 & 11mm XTC-24 Type B'. Curl-geverifieerd: 200 application/pdf. 'White' als kleur niet apart met naam genoemd op de (gecombineerde Fire/Spearmint/Plus-)productpagina, maar valt onder dezelfde XTC-16-constructie en EN1891 Type-B klassering. Bestaande manual_url (Attachment-6-Use-Instructions-XTC-16-XTC-24-11mm-Type-B-English.pdf, P/N 10017601) gelezen, sectie ""ROPE WEAR and OBSOLESCENCE"": ""The maximum Life Span of a rope is 10 years in as new, unused condition."" -> max_age_mfr_years=10. Geen apart getal voor jaren vanaf eerste gebruik vermeld (alleen conditie/inspectie-gebaseerde afkeurcriteria), dus max_age_use_years blijft leeg. Gedeeld met alle XTC-16 en XTC-24 (Type B) varianten die dezelfde kaart gebruiken."
51faba05-feb0-491f-86ee-8d1f3fa9e48c,Yale Cordage,XTC-16 Spearmint 13mm,,,,,,,10,,,,,,,,,,,,,,"Use & Care Card 'XTC-16 & XTC-24 11mm Type B' (niet de algemene XTC-24-kaart): de productpagina (xtc-16-fire-spearmint-plus) vermeldt expliciet '1/2” XTC-16 meets CE0598 EN1891 Type-B'. De PDF zelf heet ook 'Use & instructions Card XTC-16 & 11mm XTC-24 Type B'. Curl-geverifieerd: 200 application/pdf. 'White' als kleur niet apart met naam genoemd op de (gecombineerde Fire/Spearmint/Plus-)productpagina, maar valt onder dezelfde XTC-16-constructie en EN1891 Type-B klassering. Bestaande manual_url (Attachment-6-Use-Instructions-XTC-16-XTC-24-11mm-Type-B-English.pdf, P/N 10017601) gelezen, sectie ""ROPE WEAR and OBSOLESCENCE"": ""The maximum Life Span of a rope is 10 years in as new, unused condition."" -> max_age_mfr_years=10. Geen apart getal voor jaren vanaf eerste gebruik vermeld (alleen conditie/inspectie-gebaseerde afkeurcriteria), dus max_age_use_years blijft leeg. Gedeeld met alle XTC-16 en XTC-24 (Type B) varianten die dezelfde kaart gebruiken."
6fd28e1b-ae52-4d92-9922-7e25fd689948,Yale Cordage,XTC-16 White 13mm,,,,,,,10,,,,,,,,,,,,,,"Use & Care Card 'XTC-16 & XTC-24 11mm Type B' (niet de algemene XTC-24-kaart): de productpagina (xtc-16-fire-spearmint-plus) vermeldt expliciet '1/2” XTC-16 meets CE0598 EN1891 Type-B'. De PDF zelf heet ook 'Use & instructions Card XTC-16 & 11mm XTC-24 Type B'. Curl-geverifieerd: 200 application/pdf. 'White' als kleur niet apart met naam genoemd op de (gecombineerde Fire/Spearmint/Plus-)productpagina, maar valt onder dezelfde XTC-16-constructie en EN1891 Type-B klassering. Bestaande manual_url (Attachment-6-Use-Instructions-XTC-16-XTC-24-11mm-Type-B-English.pdf, P/N 10017601) gelezen, sectie ""ROPE WEAR and OBSOLESCENCE"": ""The maximum Life Span of a rope is 10 years in as new, unused condition."" -> max_age_mfr_years=10. Geen apart getal voor jaren vanaf eerste gebruik vermeld (alleen conditie/inspectie-gebaseerde afkeurcriteria), dus max_age_use_years blijft leeg. Gedeeld met alle XTC-16 en XTC-24 (Type B) varianten die dezelfde kaart gebruiken."
6a0b9c04-c1a7-410f-a15c-010021602b94,Yale Cordage,XTC-24 Arrow Frog 11.7mm,,,,,,,10,,,,,,,,,,,,,,"Algemene Use & Care Card XTC-24 (getiteld 'Use & instructions Card XTC-24 Type A'): productpagina (https://www.yalecordage.com/product/arrow-frog/) noemt geen aparte EN1891-klasse (ANSI Z133-only variant zonder CE-markering), dit is de generieke XTC-24-kaart die als beste beschikbare IFU geldt. Curl-geverifieerd: 200 application/pdf. Bestaande manual_url (Attachment-6-Use-Instructions-Card-XTC-24-English.pdf, P/N 10017609) gelezen, sectie ""ROPE WEAR and OBSOLESCENCE"": ""The maximum Life Span of a rope is 10 years in as new, unused condition."" -> max_age_mfr_years=10. Geen apart getal voor jaren vanaf eerste gebruik vermeld, dus max_age_use_years blijft leeg. Gedeeld met alle XTC-24 (Type A) varianten die dezelfde kaart gebruiken."
a9f04976-c1b0-4678-a717-881b223b53d7,Yale Cordage,XTC-24 Bandit 11mm,,,,,,,10,,,,,,,,,,,,,,"Use & Care Card 'XTC-16 & XTC-24 11mm Type B': productpagina (https://www.yalecordage.com/product/xtc-24-ce-bandit/) vermeldt expliciet 'CE0598 EN1891 Type B compliant'. Curl-geverifieerd: 200 application/pdf. Catalogusnaam zonder 'CE'-voorvoegsel verwijst naar hetzelfde (enige) product op yalecordage.com - er bestaat geen aparte non-CE pagina voor Bandit. Bestaande manual_url (Attachment-6-Use-Instructions-XTC-16-XTC-24-11mm-Type-B-English.pdf, P/N 10017601) gelezen, sectie ""ROPE WEAR and OBSOLESCENCE"": ""The maximum Life Span of a rope is 10 years in as new, unused condition."" -> max_age_mfr_years=10. Geen apart getal voor jaren vanaf eerste gebruik vermeld (alleen conditie/inspectie-gebaseerde afkeurcriteria), dus max_age_use_years blijft leeg. Gedeeld met alle XTC-16 en XTC-24 (Type B) varianten die dezelfde kaart gebruiken."
d8852e3a-9834-42d4-ba1b-e7bc06e67e3e,Yale Cordage,XTC-24 Bandit 11mm - 37m - 1 eye,,,,,,,10,,,,,,,,,,,,,,"Use & Care Card 'XTC-16 & XTC-24 11mm Type B': productpagina (https://www.yalecordage.com/product/xtc-24-ce-bandit/) vermeldt expliciet 'CE0598 EN1891 Type B compliant'. Curl-geverifieerd: 200 application/pdf. Catalogusnaam zonder 'CE'-voorvoegsel verwijst naar hetzelfde (enige) product op yalecordage.com - er bestaat geen aparte non-CE pagina voor Bandit. Bestaande manual_url (Attachment-6-Use-Instructions-XTC-16-XTC-24-11mm-Type-B-English.pdf, P/N 10017601) gelezen, sectie ""ROPE WEAR and OBSOLESCENCE"": ""The maximum Life Span of a rope is 10 years in as new, unused condition."" -> max_age_mfr_years=10. Geen apart getal voor jaren vanaf eerste gebruik vermeld (alleen conditie/inspectie-gebaseerde afkeurcriteria), dus max_age_use_years blijft leeg. Gedeeld met alle XTC-16 en XTC-24 (Type B) varianten die dezelfde kaart gebruiken."
51565e52-e38a-4c3f-af95-5fdfdb5d04f6,Yale Cordage,XTC-24 Bandit 11mm - 45m - 1 eye,,,,,,,10,,,,,,,,,,,,,,"Use & Care Card 'XTC-16 & XTC-24 11mm Type B': productpagina (https://www.yalecordage.com/product/xtc-24-ce-bandit/) vermeldt expliciet 'CE0598 EN1891 Type B compliant'. Curl-geverifieerd: 200 application/pdf. Catalogusnaam zonder 'CE'-voorvoegsel verwijst naar hetzelfde (enige) product op yalecordage.com - er bestaat geen aparte non-CE pagina voor Bandit. Bestaande manual_url (Attachment-6-Use-Instructions-XTC-16-XTC-24-11mm-Type-B-English.pdf, P/N 10017601) gelezen, sectie ""ROPE WEAR and OBSOLESCENCE"": ""The maximum Life Span of a rope is 10 years in as new, unused condition."" -> max_age_mfr_years=10. Geen apart getal voor jaren vanaf eerste gebruik vermeld (alleen conditie/inspectie-gebaseerde afkeurcriteria), dus max_age_use_years blijft leeg. Gedeeld met alle XTC-16 en XTC-24 (Type B) varianten die dezelfde kaart gebruiken."
70381a8b-edd1-4e6e-bf09-504c423bcf68,Yale Cordage,XTC-24 Bandit 11mm - 60m - 1 eye,,,,,,,10,,,,,,,,,,,,,,"Use & Care Card 'XTC-16 & XTC-24 11mm Type B': productpagina (https://www.yalecordage.com/product/xtc-24-ce-bandit/) vermeldt expliciet 'CE0598 EN1891 Type B compliant'. Curl-geverifieerd: 200 application/pdf. Catalogusnaam zonder 'CE'-voorvoegsel verwijst naar hetzelfde (enige) product op yalecordage.com - er bestaat geen aparte non-CE pagina voor Bandit. Bestaande manual_url (Attachment-6-Use-Instructions-XTC-16-XTC-24-11mm-Type-B-English.pdf, P/N 10017601) gelezen, sectie ""ROPE WEAR and OBSOLESCENCE"": ""The maximum Life Span of a rope is 10 years in as new, unused condition."" -> max_age_mfr_years=10. Geen apart getal voor jaren vanaf eerste gebruik vermeld (alleen conditie/inspectie-gebaseerde afkeurcriteria), dus max_age_use_years blijft leeg. Gedeeld met alle XTC-16 en XTC-24 (Type B) varianten die dezelfde kaart gebruiken."
9de8b961-2b17-4d8f-be47-81d1e89ff964,Yale Cordage,XTC-24 Bandit 11mm - bulk (per meter),,,,,,,10,,,,,,,,,,,,,,"Use & Care Card 'XTC-16 & XTC-24 11mm Type B': productpagina (https://www.yalecordage.com/product/xtc-24-ce-bandit/) vermeldt expliciet 'CE0598 EN1891 Type B compliant'. Curl-geverifieerd: 200 application/pdf. Catalogusnaam zonder 'CE'-voorvoegsel verwijst naar hetzelfde (enige) product op yalecordage.com - er bestaat geen aparte non-CE pagina voor Bandit. Bestaande manual_url (Attachment-6-Use-Instructions-XTC-16-XTC-24-11mm-Type-B-English.pdf, P/N 10017601) gelezen, sectie ""ROPE WEAR and OBSOLESCENCE"": ""The maximum Life Span of a rope is 10 years in as new, unused condition."" -> max_age_mfr_years=10. Geen apart getal voor jaren vanaf eerste gebruik vermeld (alleen conditie/inspectie-gebaseerde afkeurcriteria), dus max_age_use_years blijft leeg. Gedeeld met alle XTC-16 en XTC-24 (Type B) varianten die dezelfde kaart gebruiken."
512e3bdd-20bc-4ec8-bb0a-66e049914ff0,Yale Cordage,XTC-24 Blaze 11mm,,,,,,,10,,,,,,,,,,,,,,"Use & Care Card 'XTC-16 & XTC-24 11mm Type B': productpagina (https://www.yalecordage.com/product/xtc-24-ce-blaze/) vermeldt expliciet 'CE0598 EN1891 Type B compliant'. Curl-geverifieerd: 200 application/pdf. Catalogusnaam zonder 'CE'-voorvoegsel verwijst naar hetzelfde (enige) product op yalecordage.com - er bestaat geen aparte non-CE pagina voor Blaze. Bestaande manual_url (Attachment-6-Use-Instructions-XTC-16-XTC-24-11mm-Type-B-English.pdf, P/N 10017601) gelezen, sectie ""ROPE WEAR and OBSOLESCENCE"": ""The maximum Life Span of a rope is 10 years in as new, unused condition."" -> max_age_mfr_years=10. Geen apart getal voor jaren vanaf eerste gebruik vermeld (alleen conditie/inspectie-gebaseerde afkeurcriteria), dus max_age_use_years blijft leeg. Gedeeld met alle XTC-16 en XTC-24 (Type B) varianten die dezelfde kaart gebruiken."
e16831cf-f4fa-4e09-8712-f0c944a9c2bb,Yale Cordage,XTC-24 Blaze 11mm - 37m - 1 eye,,,,,,,10,,,,,,,,,,,,,,"Use & Care Card 'XTC-16 & XTC-24 11mm Type B': productpagina (https://www.yalecordage.com/product/xtc-24-ce-blaze/) vermeldt expliciet 'CE0598 EN1891 Type B compliant'. Curl-geverifieerd: 200 application/pdf. Catalogusnaam zonder 'CE'-voorvoegsel verwijst naar hetzelfde (enige) product op yalecordage.com - er bestaat geen aparte non-CE pagina voor Blaze. Bestaande manual_url (Attachment-6-Use-Instructions-XTC-16-XTC-24-11mm-Type-B-English.pdf, P/N 10017601) gelezen, sectie ""ROPE WEAR and OBSOLESCENCE"": ""The maximum Life Span of a rope is 10 years in as new, unused condition."" -> max_age_mfr_years=10. Geen apart getal voor jaren vanaf eerste gebruik vermeld (alleen conditie/inspectie-gebaseerde afkeurcriteria), dus max_age_use_years blijft leeg. Gedeeld met alle XTC-16 en XTC-24 (Type B) varianten die dezelfde kaart gebruiken."
0cbca6d1-a37e-4f25-8fd4-eb79b390e1cc,Yale Cordage,XTC-24 Blaze 11mm - 45m - 1 eye,,,,,,,10,,,,,,,,,,,,,,"Use & Care Card 'XTC-16 & XTC-24 11mm Type B': productpagina (https://www.yalecordage.com/product/xtc-24-ce-blaze/) vermeldt expliciet 'CE0598 EN1891 Type B compliant'. Curl-geverifieerd: 200 application/pdf. Catalogusnaam zonder 'CE'-voorvoegsel verwijst naar hetzelfde (enige) product op yalecordage.com - er bestaat geen aparte non-CE pagina voor Blaze. Bestaande manual_url (Attachment-6-Use-Instructions-XTC-16-XTC-24-11mm-Type-B-English.pdf, P/N 10017601) gelezen, sectie ""ROPE WEAR and OBSOLESCENCE"": ""The maximum Life Span of a rope is 10 years in as new, unused condition."" -> max_age_mfr_years=10. Geen apart getal voor jaren vanaf eerste gebruik vermeld (alleen conditie/inspectie-gebaseerde afkeurcriteria), dus max_age_use_years blijft leeg. Gedeeld met alle XTC-16 en XTC-24 (Type B) varianten die dezelfde kaart gebruiken."
55dd38a3-4d6c-4612-936b-ac98fe5ce14d,Yale Cordage,XTC-24 Blaze 11mm - 60m - 1 eye,,,,,,,10,,,,,,,,,,,,,,"Use & Care Card 'XTC-16 & XTC-24 11mm Type B': productpagina (https://www.yalecordage.com/product/xtc-24-ce-blaze/) vermeldt expliciet 'CE0598 EN1891 Type B compliant'. Curl-geverifieerd: 200 application/pdf. Catalogusnaam zonder 'CE'-voorvoegsel verwijst naar hetzelfde (enige) product op yalecordage.com - er bestaat geen aparte non-CE pagina voor Blaze. Bestaande manual_url (Attachment-6-Use-Instructions-XTC-16-XTC-24-11mm-Type-B-English.pdf, P/N 10017601) gelezen, sectie ""ROPE WEAR and OBSOLESCENCE"": ""The maximum Life Span of a rope is 10 years in as new, unused condition."" -> max_age_mfr_years=10. Geen apart getal voor jaren vanaf eerste gebruik vermeld (alleen conditie/inspectie-gebaseerde afkeurcriteria), dus max_age_use_years blijft leeg. Gedeeld met alle XTC-16 en XTC-24 (Type B) varianten die dezelfde kaart gebruiken."
349fddc5-2d01-4eaa-9e62-144ced8951ce,Yale Cordage,XTC-24 Blaze 11mm - bulk (per meter),,,,,,,10,,,,,,,,,,,,,,"Use & Care Card 'XTC-16 & XTC-24 11mm Type B': productpagina (https://www.yalecordage.com/product/xtc-24-ce-blaze/) vermeldt expliciet 'CE0598 EN1891 Type B compliant'. Curl-geverifieerd: 200 application/pdf. Catalogusnaam zonder 'CE'-voorvoegsel verwijst naar hetzelfde (enige) product op yalecordage.com - er bestaat geen aparte non-CE pagina voor Blaze. Bestaande manual_url (Attachment-6-Use-Instructions-XTC-16-XTC-24-11mm-Type-B-English.pdf, P/N 10017601) gelezen, sectie ""ROPE WEAR and OBSOLESCENCE"": ""The maximum Life Span of a rope is 10 years in as new, unused condition."" -> max_age_mfr_years=10. Geen apart getal voor jaren vanaf eerste gebruik vermeld (alleen conditie/inspectie-gebaseerde afkeurcriteria), dus max_age_use_years blijft leeg. Gedeeld met alle XTC-16 en XTC-24 (Type B) varianten die dezelfde kaart gebruiken."
a4f81273-e057-4a11-955a-a1e43fe11c70,Yale Cordage,XTC-24 Blue Moon 11.7mm,,,,,,,10,,,,,,,,,,,,,,"Algemene Use & Care Card XTC-24 (getiteld 'Use & instructions Card XTC-24 Type A'): productpagina (https://www.yalecordage.com/product/blue-moon/) noemt geen aparte EN1891-klasse (ANSI Z133-only variant zonder CE-markering), dit is de generieke XTC-24-kaart die als beste beschikbare IFU geldt. Curl-geverifieerd: 200 application/pdf. Bestaande manual_url (Attachment-6-Use-Instructions-Card-XTC-24-English.pdf, P/N 10017609) gelezen, sectie ""ROPE WEAR and OBSOLESCENCE"": ""The maximum Life Span of a rope is 10 years in as new, unused condition."" -> max_age_mfr_years=10. Geen apart getal voor jaren vanaf eerste gebruik vermeld, dus max_age_use_years blijft leeg. Gedeeld met alle XTC-24 (Type A) varianten die dezelfde kaart gebruiken."
d72eb710-f925-459e-9869-38a65769720d,Yale Cordage,XTC-24 Blue Moon 11.7mm - 37m - 1 eye,,,,,,,10,,,,,,,,,,,,,,"Algemene Use & Care Card XTC-24 (getiteld 'Use & instructions Card XTC-24 Type A'): productpagina (https://www.yalecordage.com/product/blue-moon/) noemt geen aparte EN1891-klasse (ANSI Z133-only variant zonder CE-markering), dit is de generieke XTC-24-kaart die als beste beschikbare IFU geldt. Curl-geverifieerd: 200 application/pdf. Bestaande manual_url (Attachment-6-Use-Instructions-Card-XTC-24-English.pdf, P/N 10017609) gelezen, sectie ""ROPE WEAR and OBSOLESCENCE"": ""The maximum Life Span of a rope is 10 years in as new, unused condition."" -> max_age_mfr_years=10. Geen apart getal voor jaren vanaf eerste gebruik vermeld, dus max_age_use_years blijft leeg. Gedeeld met alle XTC-24 (Type A) varianten die dezelfde kaart gebruiken."
8349c714-0003-49f5-87cd-5d6fdcd4c874,Yale Cordage,XTC-24 Blue Moon 11.7mm - 37m - 2 eyes,,,,,,,10,,,,,,,,,,,,,,"Algemene Use & Care Card XTC-24 (getiteld 'Use & instructions Card XTC-24 Type A'): productpagina (https://www.yalecordage.com/product/blue-moon/) noemt geen aparte EN1891-klasse (ANSI Z133-only variant zonder CE-markering), dit is de generieke XTC-24-kaart die als beste beschikbare IFU geldt. Curl-geverifieerd: 200 application/pdf. Bestaande manual_url (Attachment-6-Use-Instructions-Card-XTC-24-English.pdf, P/N 10017609) gelezen, sectie ""ROPE WEAR and OBSOLESCENCE"": ""The maximum Life Span of a rope is 10 years in as new, unused condition."" -> max_age_mfr_years=10. Geen apart getal voor jaren vanaf eerste gebruik vermeld, dus max_age_use_years blijft leeg. Gedeeld met alle XTC-24 (Type A) varianten die dezelfde kaart gebruiken."
04fc92d0-436d-40a9-80cf-04c26f9f16e1,Yale Cordage,XTC-24 Blue Moon 11.7mm - 45m - 1 eye,,,,,,,10,,,,,,,,,,,,,,"Algemene Use & Care Card XTC-24 (getiteld 'Use & instructions Card XTC-24 Type A'): productpagina (https://www.yalecordage.com/product/blue-moon/) noemt geen aparte EN1891-klasse (ANSI Z133-only variant zonder CE-markering), dit is de generieke XTC-24-kaart die als beste beschikbare IFU geldt. Curl-geverifieerd: 200 application/pdf. Bestaande manual_url (Attachment-6-Use-Instructions-Card-XTC-24-English.pdf, P/N 10017609) gelezen, sectie ""ROPE WEAR and OBSOLESCENCE"": ""The maximum Life Span of a rope is 10 years in as new, unused condition."" -> max_age_mfr_years=10. Geen apart getal voor jaren vanaf eerste gebruik vermeld, dus max_age_use_years blijft leeg. Gedeeld met alle XTC-24 (Type A) varianten die dezelfde kaart gebruiken."
6c767c56-c184-4287-a92b-5d55d662c24a,Yale Cordage,XTC-24 Blue Moon 11.7mm - 45m - 2 eyes,,,,,,,10,,,,,,,,,,,,,,"Algemene Use & Care Card XTC-24 (getiteld 'Use & instructions Card XTC-24 Type A'): productpagina (https://www.yalecordage.com/product/blue-moon/) noemt geen aparte EN1891-klasse (ANSI Z133-only variant zonder CE-markering), dit is de generieke XTC-24-kaart die als beste beschikbare IFU geldt. Curl-geverifieerd: 200 application/pdf. Bestaande manual_url (Attachment-6-Use-Instructions-Card-XTC-24-English.pdf, P/N 10017609) gelezen, sectie ""ROPE WEAR and OBSOLESCENCE"": ""The maximum Life Span of a rope is 10 years in as new, unused condition."" -> max_age_mfr_years=10. Geen apart getal voor jaren vanaf eerste gebruik vermeld, dus max_age_use_years blijft leeg. Gedeeld met alle XTC-24 (Type A) varianten die dezelfde kaart gebruiken."
48b9f34d-0bf6-4104-9419-ac030fce3b16,Yale Cordage,XTC-24 Blue Moon 11.7mm - 60m - 1 eye,,,,,,,10,,,,,,,,,,,,,,"Algemene Use & Care Card XTC-24 (getiteld 'Use & instructions Card XTC-24 Type A'): productpagina (https://www.yalecordage.com/product/blue-moon/) noemt geen aparte EN1891-klasse (ANSI Z133-only variant zonder CE-markering), dit is de generieke XTC-24-kaart die als beste beschikbare IFU geldt. Curl-geverifieerd: 200 application/pdf. Bestaande manual_url (Attachment-6-Use-Instructions-Card-XTC-24-English.pdf, P/N 10017609) gelezen, sectie ""ROPE WEAR and OBSOLESCENCE"": ""The maximum Life Span of a rope is 10 years in as new, unused condition."" -> max_age_mfr_years=10. Geen apart getal voor jaren vanaf eerste gebruik vermeld, dus max_age_use_years blijft leeg. Gedeeld met alle XTC-24 (Type A) varianten die dezelfde kaart gebruiken."
320399e7-c3aa-45a4-b5c8-de9469bf1160,Yale Cordage,XTC-24 Blue Moon 11.7mm - 60m - 2 eyes,,,,,,,10,,,,,,,,,,,,,,"Algemene Use & Care Card XTC-24 (getiteld 'Use & instructions Card XTC-24 Type A'): productpagina (https://www.yalecordage.com/product/blue-moon/) noemt geen aparte EN1891-klasse (ANSI Z133-only variant zonder CE-markering), dit is de generieke XTC-24-kaart die als beste beschikbare IFU geldt. Curl-geverifieerd: 200 application/pdf. Bestaande manual_url (Attachment-6-Use-Instructions-Card-XTC-24-English.pdf, P/N 10017609) gelezen, sectie ""ROPE WEAR and OBSOLESCENCE"": ""The maximum Life Span of a rope is 10 years in as new, unused condition."" -> max_age_mfr_years=10. Geen apart getal voor jaren vanaf eerste gebruik vermeld, dus max_age_use_years blijft leeg. Gedeeld met alle XTC-24 (Type A) varianten die dezelfde kaart gebruiken."
c72cdca9-eb22-491f-8306-b294b5668b36,Yale Cordage,XTC-24 Blue Moon 11.7mm - bulk (per meter),,,,,,,10,,,,,,,,,,,,,,"Algemene Use & Care Card XTC-24 (getiteld 'Use & instructions Card XTC-24 Type A'): productpagina (https://www.yalecordage.com/product/blue-moon/) noemt geen aparte EN1891-klasse (ANSI Z133-only variant zonder CE-markering), dit is de generieke XTC-24-kaart die als beste beschikbare IFU geldt. Curl-geverifieerd: 200 application/pdf. Bestaande manual_url (Attachment-6-Use-Instructions-Card-XTC-24-English.pdf, P/N 10017609) gelezen, sectie ""ROPE WEAR and OBSOLESCENCE"": ""The maximum Life Span of a rope is 10 years in as new, unused condition."" -> max_age_mfr_years=10. Geen apart getal voor jaren vanaf eerste gebruik vermeld, dus max_age_use_years blijft leeg. Gedeeld met alle XTC-24 (Type A) varianten die dezelfde kaart gebruiken."
c1343b71-bae8-4f44-8c78-5cfedc7e40f6,Yale Cordage,XTC-24 Blue Tongue 11.7mm,,,,,,,10,,,,,,,,,,,,,,"Use & Care Card 'XTC-16 & XTC-24 11mm Type B': productpagina (https://www.yalecordage.com/product/xtc-24-ce-blue-tongue/) vermeldt expliciet 'CE0598 EN1891 Type B compliant'. Curl-geverifieerd: 200 application/pdf. Catalogusnaam zonder 'CE'-voorvoegsel verwijst naar hetzelfde (enige) product op yalecordage.com - er bestaat geen aparte non-CE pagina voor Blue Tongue. Bestaande manual_url (Attachment-6-Use-Instructions-XTC-16-XTC-24-11mm-Type-B-English.pdf, P/N 10017601) gelezen, sectie ""ROPE WEAR and OBSOLESCENCE"": ""The maximum Life Span of a rope is 10 years in as new, unused condition."" -> max_age_mfr_years=10. Geen apart getal voor jaren vanaf eerste gebruik vermeld (alleen conditie/inspectie-gebaseerde afkeurcriteria), dus max_age_use_years blijft leeg. Gedeeld met alle XTC-16 en XTC-24 (Type B) varianten die dezelfde kaart gebruiken."
ea61f9ef-a0da-48bf-8cc2-8bfde9d32e87,Yale Cordage,XTC-24 Calamine 11.7mm,,,,,,,10,,,,,,,,,,,,,,"Algemene Use & Care Card XTC-24 (de PDF zelf is getiteld 'Use & instructions Card XTC-24 Type A'): productpagina (https://www.yalecordage.com/product/calamine/) vermeldt expliciet 'CE EN 1891 Type A compliance'. Curl-geverifieerd: 200 application/pdf. Bestaande manual_url (Attachment-6-Use-Instructions-Card-XTC-24-English.pdf, P/N 10017609) gelezen, sectie ""ROPE WEAR and OBSOLESCENCE"": ""The maximum Life Span of a rope is 10 years in as new, unused condition."" -> max_age_mfr_years=10. Geen apart getal voor jaren vanaf eerste gebruik vermeld, dus max_age_use_years blijft leeg. Gedeeld met alle XTC-24 (Type A) varianten die dezelfde kaart gebruiken."
6c4e4345-c8fb-40a3-a0f3-0e23e9e2dc21,Yale Cordage,XTC-24 CE Blaze 11mm,,,,,,,10,,,,,,,,,,,,,,"Use & Care Card 'XTC-16 & XTC-24 11mm Type B': productpagina (https://www.yalecordage.com/product/xtc-24-ce-blaze/) vermeldt expliciet 'CE0598 EN1891 Type B compliant'. Curl-geverifieerd: 200 application/pdf. Catalogusnaam zonder 'CE'-voorvoegsel verwijst naar hetzelfde (enige) product op yalecordage.com - er bestaat geen aparte non-CE pagina voor Blaze. Bestaande manual_url (Attachment-6-Use-Instructions-XTC-16-XTC-24-11mm-Type-B-English.pdf, P/N 10017601) gelezen, sectie ""ROPE WEAR and OBSOLESCENCE"": ""The maximum Life Span of a rope is 10 years in as new, unused condition."" -> max_age_mfr_years=10. Geen apart getal voor jaren vanaf eerste gebruik vermeld (alleen conditie/inspectie-gebaseerde afkeurcriteria), dus max_age_use_years blijft leeg. Gedeeld met alle XTC-16 en XTC-24 (Type B) varianten die dezelfde kaart gebruiken."
c80cb4b5-e74e-4788-9648-12c25d1723e0,Yale Cordage,XTC-24 CE Blue Tongue 11.7mm - 37m - 1 eye,,,,,,,10,,,,,,,,,,,,,,"Use & Care Card 'XTC-16 & XTC-24 11mm Type B': productpagina (https://www.yalecordage.com/product/xtc-24-ce-blue-tongue/) vermeldt expliciet 'CE0598 EN1891 Type B compliant'. Curl-geverifieerd: 200 application/pdf. Catalogusnaam zonder 'CE'-voorvoegsel verwijst naar hetzelfde (enige) product op yalecordage.com - er bestaat geen aparte non-CE pagina voor Blue Tongue. Bestaande manual_url (Attachment-6-Use-Instructions-XTC-16-XTC-24-11mm-Type-B-English.pdf, P/N 10017601) gelezen, sectie ""ROPE WEAR and OBSOLESCENCE"": ""The maximum Life Span of a rope is 10 years in as new, unused condition."" -> max_age_mfr_years=10. Geen apart getal voor jaren vanaf eerste gebruik vermeld (alleen conditie/inspectie-gebaseerde afkeurcriteria), dus max_age_use_years blijft leeg. Gedeeld met alle XTC-16 en XTC-24 (Type B) varianten die dezelfde kaart gebruiken."
b16aee38-99cb-4624-83f7-cbd9d1e82197,Yale Cordage,XTC-24 CE Blue Tongue 11.7mm - 45m - 1 eye,,,,,,,10,,,,,,,,,,,,,,"Use & Care Card 'XTC-16 & XTC-24 11mm Type B': productpagina (https://www.yalecordage.com/product/xtc-24-ce-blue-tongue/) vermeldt expliciet 'CE0598 EN1891 Type B compliant'. Curl-geverifieerd: 200 application/pdf. Catalogusnaam zonder 'CE'-voorvoegsel verwijst naar hetzelfde (enige) product op yalecordage.com - er bestaat geen aparte non-CE pagina voor Blue Tongue. Bestaande manual_url (Attachment-6-Use-Instructions-XTC-16-XTC-24-11mm-Type-B-English.pdf, P/N 10017601) gelezen, sectie ""ROPE WEAR and OBSOLESCENCE"": ""The maximum Life Span of a rope is 10 years in as new, unused condition."" -> max_age_mfr_years=10. Geen apart getal voor jaren vanaf eerste gebruik vermeld (alleen conditie/inspectie-gebaseerde afkeurcriteria), dus max_age_use_years blijft leeg. Gedeeld met alle XTC-16 en XTC-24 (Type B) varianten die dezelfde kaart gebruiken."
cc82f52a-87c0-45d7-b06e-748961ee1156,Yale Cordage,XTC-24 CE Blue Tongue 11.7mm - 60m - 1 eye,,,,,,,10,,,,,,,,,,,,,,"Use & Care Card 'XTC-16 & XTC-24 11mm Type B': productpagina (https://www.yalecordage.com/product/xtc-24-ce-blue-tongue/) vermeldt expliciet 'CE0598 EN1891 Type B compliant'. Curl-geverifieerd: 200 application/pdf. Catalogusnaam zonder 'CE'-voorvoegsel verwijst naar hetzelfde (enige) product op yalecordage.com - er bestaat geen aparte non-CE pagina voor Blue Tongue. Bestaande manual_url (Attachment-6-Use-Instructions-XTC-16-XTC-24-11mm-Type-B-English.pdf, P/N 10017601) gelezen, sectie ""ROPE WEAR and OBSOLESCENCE"": ""The maximum Life Span of a rope is 10 years in as new, unused condition."" -> max_age_mfr_years=10. Geen apart getal voor jaren vanaf eerste gebruik vermeld (alleen conditie/inspectie-gebaseerde afkeurcriteria), dus max_age_use_years blijft leeg. Gedeeld met alle XTC-16 en XTC-24 (Type B) varianten die dezelfde kaart gebruiken."
74298544-da81-486b-8f4d-081f3a13df01,Yale Cordage,XTC-24 CE Blue Tongue 11.7mm - bulk (per meter),,,,,,,10,,,,,,,,,,,,,,"Use & Care Card 'XTC-16 & XTC-24 11mm Type B': productpagina (https://www.yalecordage.com/product/xtc-24-ce-blue-tongue/) vermeldt expliciet 'CE0598 EN1891 Type B compliant'. Curl-geverifieerd: 200 application/pdf. Catalogusnaam zonder 'CE'-voorvoegsel verwijst naar hetzelfde (enige) product op yalecordage.com - er bestaat geen aparte non-CE pagina voor Blue Tongue. Bestaande manual_url (Attachment-6-Use-Instructions-XTC-16-XTC-24-11mm-Type-B-English.pdf, P/N 10017601) gelezen, sectie ""ROPE WEAR and OBSOLESCENCE"": ""The maximum Life Span of a rope is 10 years in as new, unused condition."" -> max_age_mfr_years=10. Geen apart getal voor jaren vanaf eerste gebruik vermeld (alleen conditie/inspectie-gebaseerde afkeurcriteria), dus max_age_use_years blijft leeg. Gedeeld met alle XTC-16 en XTC-24 (Type B) varianten die dezelfde kaart gebruiken."
120725a1-65d0-4e5c-9b00-fee00457fd79,Yale Cordage,XTC-24 CE Calamine 11.7mm - 37m - 1 eye,,,,,,,10,,,,,,,,,,,,,,"Algemene Use & Care Card XTC-24 (de PDF zelf is getiteld 'Use & instructions Card XTC-24 Type A'): productpagina (https://www.yalecordage.com/product/calamine/) vermeldt expliciet 'CE EN 1891 Type A compliance'. Curl-geverifieerd: 200 application/pdf. Bestaande manual_url (Attachment-6-Use-Instructions-Card-XTC-24-English.pdf, P/N 10017609) gelezen, sectie ""ROPE WEAR and OBSOLESCENCE"": ""The maximum Life Span of a rope is 10 years in as new, unused condition."" -> max_age_mfr_years=10. Geen apart getal voor jaren vanaf eerste gebruik vermeld, dus max_age_use_years blijft leeg. Gedeeld met alle XTC-24 (Type A) varianten die dezelfde kaart gebruiken."
72004ddc-cb0d-41ce-8c75-7b7ce969a560,Yale Cordage,XTC-24 CE Calamine 11.7mm - 45m - 1 eye,,,,,,,10,,,,,,,,,,,,,,"Algemene Use & Care Card XTC-24 (de PDF zelf is getiteld 'Use & instructions Card XTC-24 Type A'): productpagina (https://www.yalecordage.com/product/calamine/) vermeldt expliciet 'CE EN 1891 Type A compliance'. Curl-geverifieerd: 200 application/pdf. Bestaande manual_url (Attachment-6-Use-Instructions-Card-XTC-24-English.pdf, P/N 10017609) gelezen, sectie ""ROPE WEAR and OBSOLESCENCE"": ""The maximum Life Span of a rope is 10 years in as new, unused condition."" -> max_age_mfr_years=10. Geen apart getal voor jaren vanaf eerste gebruik vermeld, dus max_age_use_years blijft leeg. Gedeeld met alle XTC-24 (Type A) varianten die dezelfde kaart gebruiken."
9465e245-59a3-49ad-af58-cea56c268b88,Yale Cordage,XTC-24 CE Calamine 11.7mm - 60m - 1 eye,,,,,,,10,,,,,,,,,,,,,,"Algemene Use & Care Card XTC-24 (de PDF zelf is getiteld 'Use & instructions Card XTC-24 Type A'): productpagina (https://www.yalecordage.com/product/calamine/) vermeldt expliciet 'CE EN 1891 Type A compliance'. Curl-geverifieerd: 200 application/pdf. Bestaande manual_url (Attachment-6-Use-Instructions-Card-XTC-24-English.pdf, P/N 10017609) gelezen, sectie ""ROPE WEAR and OBSOLESCENCE"": ""The maximum Life Span of a rope is 10 years in as new, unused condition."" -> max_age_mfr_years=10. Geen apart getal voor jaren vanaf eerste gebruik vermeld, dus max_age_use_years blijft leeg. Gedeeld met alle XTC-24 (Type A) varianten die dezelfde kaart gebruiken."
a7adab79-6f3d-487c-8510-4ef20d7fbc74,Yale Cordage,XTC-24 CE Calamine 11.7mm - bulk (per meter),,,,,,,10,,,,,,,,,,,,,,"Algemene Use & Care Card XTC-24 (de PDF zelf is getiteld 'Use & instructions Card XTC-24 Type A'): productpagina (https://www.yalecordage.com/product/calamine/) vermeldt expliciet 'CE EN 1891 Type A compliance'. Curl-geverifieerd: 200 application/pdf. Bestaande manual_url (Attachment-6-Use-Instructions-Card-XTC-24-English.pdf, P/N 10017609) gelezen, sectie ""ROPE WEAR and OBSOLESCENCE"": ""The maximum Life Span of a rope is 10 years in as new, unused condition."" -> max_age_mfr_years=10. Geen apart getal voor jaren vanaf eerste gebruik vermeld, dus max_age_use_years blijft leeg. Gedeeld met alle XTC-24 (Type A) varianten die dezelfde kaart gebruiken."
cc96eec2-f70c-4117-8a70-ab6f548ba2e1,Yale Cordage,XTC-24 CE Imori Green 12mm,,,,,,,10,,,,,,,,,,,,,,"Algemene Use & Care Card XTC-24 (de PDF zelf is getiteld 'Use & instructions Card XTC-24 Type A'): productpagina (https://www.yalecordage.com/product/xtc-24-ce-imori/) vermeldt expliciet 'CE EN 1891 Type A compliance'. Curl-geverifieerd: 200 application/pdf. Bestaande manual_url (Attachment-6-Use-Instructions-Card-XTC-24-English.pdf, P/N 10017609) gelezen, sectie ""ROPE WEAR and OBSOLESCENCE"": ""The maximum Life Span of a rope is 10 years in as new, unused condition."" -> max_age_mfr_years=10. Geen apart getal voor jaren vanaf eerste gebruik vermeld, dus max_age_use_years blijft leeg. Gedeeld met alle XTC-24 (Type A) varianten die dezelfde kaart gebruiken."
b10bab39-b2d3-421c-ac34-85c683e4edd1,Yale Cordage,XTC-24 CE Imori Green 12mm - 37m - 1 eye,,,,,,,10,,,,,,,,,,,,,,"Algemene Use & Care Card XTC-24 (de PDF zelf is getiteld 'Use & instructions Card XTC-24 Type A'): productpagina (https://www.yalecordage.com/product/xtc-24-ce-imori/) vermeldt expliciet 'CE EN 1891 Type A compliance'. Curl-geverifieerd: 200 application/pdf. Bestaande manual_url (Attachment-6-Use-Instructions-Card-XTC-24-English.pdf, P/N 10017609) gelezen, sectie ""ROPE WEAR and OBSOLESCENCE"": ""The maximum Life Span of a rope is 10 years in as new, unused condition."" -> max_age_mfr_years=10. Geen apart getal voor jaren vanaf eerste gebruik vermeld, dus max_age_use_years blijft leeg. Gedeeld met alle XTC-24 (Type A) varianten die dezelfde kaart gebruiken."
20cb87fc-7b9e-4a3b-b55f-918d4f43cfee,Yale Cordage,XTC-24 CE Imori Green 12mm - 45m - 1 eye,,,,,,,10,,,,,,,,,,,,,,"Algemene Use & Care Card XTC-24 (de PDF zelf is getiteld 'Use & instructions Card XTC-24 Type A'): productpagina (https://www.yalecordage.com/product/xtc-24-ce-imori/) vermeldt expliciet 'CE EN 1891 Type A compliance'. Curl-geverifieerd: 200 application/pdf. Bestaande manual_url (Attachment-6-Use-Instructions-Card-XTC-24-English.pdf, P/N 10017609) gelezen, sectie ""ROPE WEAR and OBSOLESCENCE"": ""The maximum Life Span of a rope is 10 years in as new, unused condition."" -> max_age_mfr_years=10. Geen apart getal voor jaren vanaf eerste gebruik vermeld, dus max_age_use_years blijft leeg. Gedeeld met alle XTC-24 (Type A) varianten die dezelfde kaart gebruiken."
4a5d5871-a078-4a4c-8eb6-acbd2f1e90dd,Yale Cordage,XTC-24 CE Imori Green 12mm - bulk (per meter),,,,,,,10,,,,,,,,,,,,,,"Algemene Use & Care Card XTC-24 (de PDF zelf is getiteld 'Use & instructions Card XTC-24 Type A'): productpagina (https://www.yalecordage.com/product/xtc-24-ce-imori/) vermeldt expliciet 'CE EN 1891 Type A compliance'. Curl-geverifieerd: 200 application/pdf. Bestaande manual_url (Attachment-6-Use-Instructions-Card-XTC-24-English.pdf, P/N 10017609) gelezen, sectie ""ROPE WEAR and OBSOLESCENCE"": ""The maximum Life Span of a rope is 10 years in as new, unused condition."" -> max_age_mfr_years=10. Geen apart getal voor jaren vanaf eerste gebruik vermeld, dus max_age_use_years blijft leeg. Gedeeld met alle XTC-24 (Type A) varianten die dezelfde kaart gebruiken."
7ec9dfc9-7bd0-468f-9985-72ab71446d0f,Yale Cordage,XTC-24 CE Imori Orange 12mm,,,,,,,10,,,,,,,,,,,,,,"Algemene Use & Care Card XTC-24 (de PDF zelf is getiteld 'Use & instructions Card XTC-24 Type A'): productpagina (https://www.yalecordage.com/product/xtc-24-ce-imori/) vermeldt expliciet 'CE EN 1891 Type A compliance'. Curl-geverifieerd: 200 application/pdf. Bestaande manual_url (Attachment-6-Use-Instructions-Card-XTC-24-English.pdf, P/N 10017609) gelezen, sectie ""ROPE WEAR and OBSOLESCENCE"": ""The maximum Life Span of a rope is 10 years in as new, unused condition."" -> max_age_mfr_years=10. Geen apart getal voor jaren vanaf eerste gebruik vermeld, dus max_age_use_years blijft leeg. Gedeeld met alle XTC-24 (Type A) varianten die dezelfde kaart gebruiken."
4ee06d47-13d4-4c10-a3a9-251f1ea94156,Yale Cordage,XTC-24 CE Imori Orange 12mm - 37m - 1 eye,,,,,,,10,,,,,,,,,,,,,,"Algemene Use & Care Card XTC-24 (de PDF zelf is getiteld 'Use & instructions Card XTC-24 Type A'): productpagina (https://www.yalecordage.com/product/xtc-24-ce-imori/) vermeldt expliciet 'CE EN 1891 Type A compliance'. Curl-geverifieerd: 200 application/pdf. Bestaande manual_url (Attachment-6-Use-Instructions-Card-XTC-24-English.pdf, P/N 10017609) gelezen, sectie ""ROPE WEAR and OBSOLESCENCE"": ""The maximum Life Span of a rope is 10 years in as new, unused condition."" -> max_age_mfr_years=10. Geen apart getal voor jaren vanaf eerste gebruik vermeld, dus max_age_use_years blijft leeg. Gedeeld met alle XTC-24 (Type A) varianten die dezelfde kaart gebruiken."
ed894186-0bda-4484-988d-67526f50c282,Yale Cordage,XTC-24 CE Imori Orange 12mm - 45m - 1 eye,,,,,,,10,,,,,,,,,,,,,,"Algemene Use & Care Card XTC-24 (de PDF zelf is getiteld 'Use & instructions Card XTC-24 Type A'): productpagina (https://www.yalecordage.com/product/xtc-24-ce-imori/) vermeldt expliciet 'CE EN 1891 Type A compliance'. Curl-geverifieerd: 200 application/pdf. Bestaande manual_url (Attachment-6-Use-Instructions-Card-XTC-24-English.pdf, P/N 10017609) gelezen, sectie ""ROPE WEAR and OBSOLESCENCE"": ""The maximum Life Span of a rope is 10 years in as new, unused condition."" -> max_age_mfr_years=10. Geen apart getal voor jaren vanaf eerste gebruik vermeld, dus max_age_use_years blijft leeg. Gedeeld met alle XTC-24 (Type A) varianten die dezelfde kaart gebruiken."
b96ec32f-99f3-43ae-ad57-22c1d223e0a0,Yale Cordage,XTC-24 CE Imori Orange 12mm - bulk (per meter),,,,,,,10,,,,,,,,,,,,,,"Algemene Use & Care Card XTC-24 (de PDF zelf is getiteld 'Use & instructions Card XTC-24 Type A'): productpagina (https://www.yalecordage.com/product/xtc-24-ce-imori/) vermeldt expliciet 'CE EN 1891 Type A compliance'. Curl-geverifieerd: 200 application/pdf. Bestaande manual_url (Attachment-6-Use-Instructions-Card-XTC-24-English.pdf, P/N 10017609) gelezen, sectie ""ROPE WEAR and OBSOLESCENCE"": ""The maximum Life Span of a rope is 10 years in as new, unused condition."" -> max_age_mfr_years=10. Geen apart getal voor jaren vanaf eerste gebruik vermeld, dus max_age_use_years blijft leeg. Gedeeld met alle XTC-24 (Type A) varianten die dezelfde kaart gebruiken."
7d9d1c2d-e1d4-4191-897d-1b958803c127,Yale Cordage,XTC-24 CE Sunburst Orange 11.7mm,,,,,,,10,,,,,,,,,,,,,,"Algemene Use & Care Card XTC-24 (de PDF zelf is getiteld 'Use & instructions Card XTC-24 Type A'): productpagina (https://www.yalecordage.com/product/xtc-24-ce-sunburst/) vermeldt expliciet 'CE EN 1891 Type A compliance'. Curl-geverifieerd: 200 application/pdf. Bestaande manual_url (Attachment-6-Use-Instructions-Card-XTC-24-English.pdf, P/N 10017609) gelezen, sectie ""ROPE WEAR and OBSOLESCENCE"": ""The maximum Life Span of a rope is 10 years in as new, unused condition."" -> max_age_mfr_years=10. Geen apart getal voor jaren vanaf eerste gebruik vermeld, dus max_age_use_years blijft leeg. Gedeeld met alle XTC-24 (Type A) varianten die dezelfde kaart gebruiken."
926a0180-2125-4641-b738-e4a47ff866b3,Yale Cordage,XTC-24 CE Sunburst Orange 11.7mm - 37m - 1 eye,,,,,,,10,,,,,,,,,,,,,,"Algemene Use & Care Card XTC-24 (de PDF zelf is getiteld 'Use & instructions Card XTC-24 Type A'): productpagina (https://www.yalecordage.com/product/xtc-24-ce-sunburst/) vermeldt expliciet 'CE EN 1891 Type A compliance'. Curl-geverifieerd: 200 application/pdf. Bestaande manual_url (Attachment-6-Use-Instructions-Card-XTC-24-English.pdf, P/N 10017609) gelezen, sectie ""ROPE WEAR and OBSOLESCENCE"": ""The maximum Life Span of a rope is 10 years in as new, unused condition."" -> max_age_mfr_years=10. Geen apart getal voor jaren vanaf eerste gebruik vermeld, dus max_age_use_years blijft leeg. Gedeeld met alle XTC-24 (Type A) varianten die dezelfde kaart gebruiken."
97b1ccd8-1e37-4339-adc9-a327690c766e,Yale Cordage,XTC-24 CE Sunburst Orange 11.7mm - 45m - 1 eye,,,,,,,10,,,,,,,,,,,,,,"Algemene Use & Care Card XTC-24 (de PDF zelf is getiteld 'Use & instructions Card XTC-24 Type A'): productpagina (https://www.yalecordage.com/product/xtc-24-ce-sunburst/) vermeldt expliciet 'CE EN 1891 Type A compliance'. Curl-geverifieerd: 200 application/pdf. Bestaande manual_url (Attachment-6-Use-Instructions-Card-XTC-24-English.pdf, P/N 10017609) gelezen, sectie ""ROPE WEAR and OBSOLESCENCE"": ""The maximum Life Span of a rope is 10 years in as new, unused condition."" -> max_age_mfr_years=10. Geen apart getal voor jaren vanaf eerste gebruik vermeld, dus max_age_use_years blijft leeg. Gedeeld met alle XTC-24 (Type A) varianten die dezelfde kaart gebruiken."
041b1df8-d66c-418c-b2c6-c0cbdfc6cafa,Yale Cordage,XTC-24 CE Sunburst Orange 11.7mm - 60m - 1 eye,,,,,,,10,,,,,,,,,,,,,,"Algemene Use & Care Card XTC-24 (de PDF zelf is getiteld 'Use & instructions Card XTC-24 Type A'): productpagina (https://www.yalecordage.com/product/xtc-24-ce-sunburst/) vermeldt expliciet 'CE EN 1891 Type A compliance'. Curl-geverifieerd: 200 application/pdf. Bestaande manual_url (Attachment-6-Use-Instructions-Card-XTC-24-English.pdf, P/N 10017609) gelezen, sectie ""ROPE WEAR and OBSOLESCENCE"": ""The maximum Life Span of a rope is 10 years in as new, unused condition."" -> max_age_mfr_years=10. Geen apart getal voor jaren vanaf eerste gebruik vermeld, dus max_age_use_years blijft leeg. Gedeeld met alle XTC-24 (Type A) varianten die dezelfde kaart gebruiken."
8c3eba9b-f08d-41b4-911b-d9d78552d13e,Yale Cordage,XTC-24 CE Sunburst Orange 11.7mm - bulk (per meter),,,,,,,10,,,,,,,,,,,,,,"Algemene Use & Care Card XTC-24 (de PDF zelf is getiteld 'Use & instructions Card XTC-24 Type A'): productpagina (https://www.yalecordage.com/product/xtc-24-ce-sunburst/) vermeldt expliciet 'CE EN 1891 Type A compliance'. Curl-geverifieerd: 200 application/pdf. Bestaande manual_url (Attachment-6-Use-Instructions-Card-XTC-24-English.pdf, P/N 10017609) gelezen, sectie ""ROPE WEAR and OBSOLESCENCE"": ""The maximum Life Span of a rope is 10 years in as new, unused condition."" -> max_age_mfr_years=10. Geen apart getal voor jaren vanaf eerste gebruik vermeld, dus max_age_use_years blijft leeg. Gedeeld met alle XTC-24 (Type A) varianten die dezelfde kaart gebruiken."
0d108349-5e15-4bff-855c-0927e8c7436f,Yale Cordage,XTC-24 CE Sunburst Yellow 11.7mm,,,,,,,10,,,,,,,,,,,,,,"Algemene Use & Care Card XTC-24 (de PDF zelf is getiteld 'Use & instructions Card XTC-24 Type A'): productpagina (https://www.yalecordage.com/product/xtc-24-ce-sunburst/) vermeldt expliciet 'CE EN 1891 Type A compliance'. Curl-geverifieerd: 200 application/pdf. Bestaande manual_url (Attachment-6-Use-Instructions-Card-XTC-24-English.pdf, P/N 10017609) gelezen, sectie ""ROPE WEAR and OBSOLESCENCE"": ""The maximum Life Span of a rope is 10 years in as new, unused condition."" -> max_age_mfr_years=10. Geen apart getal voor jaren vanaf eerste gebruik vermeld, dus max_age_use_years blijft leeg. Gedeeld met alle XTC-24 (Type A) varianten die dezelfde kaart gebruiken."
56e4fff4-d6e6-451a-9ae1-aab52771836f,Yale Cordage,XTC-24 CE Sunburst Yellow 11.7mm - 37m - 1 eye,,,,,,,10,,,,,,,,,,,,,,"Algemene Use & Care Card XTC-24 (de PDF zelf is getiteld 'Use & instructions Card XTC-24 Type A'): productpagina (https://www.yalecordage.com/product/xtc-24-ce-sunburst/) vermeldt expliciet 'CE EN 1891 Type A compliance'. Curl-geverifieerd: 200 application/pdf. Bestaande manual_url (Attachment-6-Use-Instructions-Card-XTC-24-English.pdf, P/N 10017609) gelezen, sectie ""ROPE WEAR and OBSOLESCENCE"": ""The maximum Life Span of a rope is 10 years in as new, unused condition."" -> max_age_mfr_years=10. Geen apart getal voor jaren vanaf eerste gebruik vermeld, dus max_age_use_years blijft leeg. Gedeeld met alle XTC-24 (Type A) varianten die dezelfde kaart gebruiken."
4fda9982-4961-4791-9664-19e959538f96,Yale Cordage,XTC-24 CE Sunburst Yellow 11.7mm - 45m - 1 eye,,,,,,,10,,,,,,,,,,,,,,"Algemene Use & Care Card XTC-24 (de PDF zelf is getiteld 'Use & instructions Card XTC-24 Type A'): productpagina (https://www.yalecordage.com/product/xtc-24-ce-sunburst/) vermeldt expliciet 'CE EN 1891 Type A compliance'. Curl-geverifieerd: 200 application/pdf. Bestaande manual_url (Attachment-6-Use-Instructions-Card-XTC-24-English.pdf, P/N 10017609) gelezen, sectie ""ROPE WEAR and OBSOLESCENCE"": ""The maximum Life Span of a rope is 10 years in as new, unused condition."" -> max_age_mfr_years=10. Geen apart getal voor jaren vanaf eerste gebruik vermeld, dus max_age_use_years blijft leeg. Gedeeld met alle XTC-24 (Type A) varianten die dezelfde kaart gebruiken."
a50d7ccd-15ad-43bf-a08c-d0e788e1f4a7,Yale Cordage,XTC-24 CE Sunburst Yellow 11.7mm - 60m - 1 eye,,,,,,,10,,,,,,,,,,,,,,"Algemene Use & Care Card XTC-24 (de PDF zelf is getiteld 'Use & instructions Card XTC-24 Type A'): productpagina (https://www.yalecordage.com/product/xtc-24-ce-sunburst/) vermeldt expliciet 'CE EN 1891 Type A compliance'. Curl-geverifieerd: 200 application/pdf. Bestaande manual_url (Attachment-6-Use-Instructions-Card-XTC-24-English.pdf, P/N 10017609) gelezen, sectie ""ROPE WEAR and OBSOLESCENCE"": ""The maximum Life Span of a rope is 10 years in as new, unused condition."" -> max_age_mfr_years=10. Geen apart getal voor jaren vanaf eerste gebruik vermeld, dus max_age_use_years blijft leeg. Gedeeld met alle XTC-24 (Type A) varianten die dezelfde kaart gebruiken."
ad31d54f-59f3-4585-ad9d-390d2071bf7a,Yale Cordage,XTC-24 CE Sunburst Yellow 11.7mm - bulk (per meter),,,,,,,10,,,,,,,,,,,,,,"Algemene Use & Care Card XTC-24 (de PDF zelf is getiteld 'Use & instructions Card XTC-24 Type A'): productpagina (https://www.yalecordage.com/product/xtc-24-ce-sunburst/) vermeldt expliciet 'CE EN 1891 Type A compliance'. Curl-geverifieerd: 200 application/pdf. Bestaande manual_url (Attachment-6-Use-Instructions-Card-XTC-24-English.pdf, P/N 10017609) gelezen, sectie ""ROPE WEAR and OBSOLESCENCE"": ""The maximum Life Span of a rope is 10 years in as new, unused condition."" -> max_age_mfr_years=10. Geen apart getal voor jaren vanaf eerste gebruik vermeld, dus max_age_use_years blijft leeg. Gedeeld met alle XTC-24 (Type A) varianten die dezelfde kaart gebruiken."
2670af16-5d8b-4b72-86e3-d91de6eaabac,Yale Cordage,XTC-32 Blue 32 11.5mm,,,,,,,,,,,,,,,,,,,,,"Geen Use & Care Card en geen Product Data Sheet gevonden voor XTC-32 Blue 32. Gecontroleerd: (1) use-and-care-cards-pagina bevat alleen XTC-16/24/48; (2) volledige WP-media-bibliotheek doorzocht (search=XTC-32, Blue 32, data sheet) - geen resultaat; (3) productpagina yalecordage.com/product/xtc-32-blue-32/ vermeldt (in tegenstelling tot XTC-16/24/48) geen EN1891 Type A/B klassering - vermoedelijk gepositioneerd als rigging/bull-rope i.p.v. gecertificeerde klimlijn, wat het ontbreken van een IFU-kaart kan verklaren. manual_url leeg gelaten; navraag bij Jos of Yale Cordage nodig. Geen manual_url aanwezig. Gezocht op yalecordage.com: productpagina (yalecordage.com/product/xtc-32-blue-32/) bevat geen PDF-links; resources-pagina ""Use & Care Cards"" heeft alleen kaarten voor XTC-16, XTC-24 en XTC-48 - GEEN kaart voor XTC-32; ook niet in ""Product Guides"" of ""Rope Selection and Inspection Guide"". Arborist Product Guide 2024 (TCIA Rev4, PDF) beschrijft Blue 32/XTC-32 wel maar zonder CE-certificering en zonder levensduur-uitspraak. Geen bron gevonden voor manual_url of leeftijd; velden blijven leeg (nog niet uitgezocht) in plaats van een gok."
a4b809b9-4c42-4262-aea1-b0331b492520,Yale Cordage,XTC-32 Blue 32 11.5mm - 37m - 1 eye,,,,,,,,,,,,,,,,,,,,,"Geen Use & Care Card en geen Product Data Sheet gevonden voor XTC-32 Blue 32. Gecontroleerd: (1) use-and-care-cards-pagina bevat alleen XTC-16/24/48; (2) volledige WP-media-bibliotheek doorzocht (search=XTC-32, Blue 32, data sheet) - geen resultaat; (3) productpagina yalecordage.com/product/xtc-32-blue-32/ vermeldt (in tegenstelling tot XTC-16/24/48) geen EN1891 Type A/B klassering - vermoedelijk gepositioneerd als rigging/bull-rope i.p.v. gecertificeerde klimlijn, wat het ontbreken van een IFU-kaart kan verklaren. manual_url leeg gelaten; navraag bij Jos of Yale Cordage nodig. Geen manual_url aanwezig. Gezocht op yalecordage.com: productpagina (yalecordage.com/product/xtc-32-blue-32/) bevat geen PDF-links; resources-pagina ""Use & Care Cards"" heeft alleen kaarten voor XTC-16, XTC-24 en XTC-48 - GEEN kaart voor XTC-32; ook niet in ""Product Guides"" of ""Rope Selection and Inspection Guide"". Arborist Product Guide 2024 (TCIA Rev4, PDF) beschrijft Blue 32/XTC-32 wel maar zonder CE-certificering en zonder levensduur-uitspraak. Geen bron gevonden voor manual_url of leeftijd; velden blijven leeg (nog niet uitgezocht) in plaats van een gok."
78d5e2cf-fc43-4502-b210-90cbd20c7a55,Yale Cordage,XTC-32 Blue 32 11.5mm - 45m - 1 eye,,,,,,,,,,,,,,,,,,,,,"Geen Use & Care Card en geen Product Data Sheet gevonden voor XTC-32 Blue 32. Gecontroleerd: (1) use-and-care-cards-pagina bevat alleen XTC-16/24/48; (2) volledige WP-media-bibliotheek doorzocht (search=XTC-32, Blue 32, data sheet) - geen resultaat; (3) productpagina yalecordage.com/product/xtc-32-blue-32/ vermeldt (in tegenstelling tot XTC-16/24/48) geen EN1891 Type A/B klassering - vermoedelijk gepositioneerd als rigging/bull-rope i.p.v. gecertificeerde klimlijn, wat het ontbreken van een IFU-kaart kan verklaren. manual_url leeg gelaten; navraag bij Jos of Yale Cordage nodig. Geen manual_url aanwezig. Gezocht op yalecordage.com: productpagina (yalecordage.com/product/xtc-32-blue-32/) bevat geen PDF-links; resources-pagina ""Use & Care Cards"" heeft alleen kaarten voor XTC-16, XTC-24 en XTC-48 - GEEN kaart voor XTC-32; ook niet in ""Product Guides"" of ""Rope Selection and Inspection Guide"". Arborist Product Guide 2024 (TCIA Rev4, PDF) beschrijft Blue 32/XTC-32 wel maar zonder CE-certificering en zonder levensduur-uitspraak. Geen bron gevonden voor manual_url of leeftijd; velden blijven leeg (nog niet uitgezocht) in plaats van een gok."
3351b6d2-cd12-455a-b4cb-e3d7ec462b3f,Yale Cordage,XTC-32 Blue 32 11.5mm - 60m - 1 eye,,,,,,,,,,,,,,,,,,,,,"Geen Use & Care Card en geen Product Data Sheet gevonden voor XTC-32 Blue 32. Gecontroleerd: (1) use-and-care-cards-pagina bevat alleen XTC-16/24/48; (2) volledige WP-media-bibliotheek doorzocht (search=XTC-32, Blue 32, data sheet) - geen resultaat; (3) productpagina yalecordage.com/product/xtc-32-blue-32/ vermeldt (in tegenstelling tot XTC-16/24/48) geen EN1891 Type A/B klassering - vermoedelijk gepositioneerd als rigging/bull-rope i.p.v. gecertificeerde klimlijn, wat het ontbreken van een IFU-kaart kan verklaren. manual_url leeg gelaten; navraag bij Jos of Yale Cordage nodig. Geen manual_url aanwezig. Gezocht op yalecordage.com: productpagina (yalecordage.com/product/xtc-32-blue-32/) bevat geen PDF-links; resources-pagina ""Use & Care Cards"" heeft alleen kaarten voor XTC-16, XTC-24 en XTC-48 - GEEN kaart voor XTC-32; ook niet in ""Product Guides"" of ""Rope Selection and Inspection Guide"". Arborist Product Guide 2024 (TCIA Rev4, PDF) beschrijft Blue 32/XTC-32 wel maar zonder CE-certificering en zonder levensduur-uitspraak. Geen bron gevonden voor manual_url of leeftijd; velden blijven leeg (nog niet uitgezocht) in plaats van een gok."
031ec2ed-c5dc-482f-a5a0-c962f2f62440,Yale Cordage,XTC-32 Blue 32 11.5mm - bulk (per meter),,,,,,,,,,,,,,,,,,,,,"Geen Use & Care Card en geen Product Data Sheet gevonden voor XTC-32 Blue 32. Gecontroleerd: (1) use-and-care-cards-pagina bevat alleen XTC-16/24/48; (2) volledige WP-media-bibliotheek doorzocht (search=XTC-32, Blue 32, data sheet) - geen resultaat; (3) productpagina yalecordage.com/product/xtc-32-blue-32/ vermeldt (in tegenstelling tot XTC-16/24/48) geen EN1891 Type A/B klassering - vermoedelijk gepositioneerd als rigging/bull-rope i.p.v. gecertificeerde klimlijn, wat het ontbreken van een IFU-kaart kan verklaren. manual_url leeg gelaten; navraag bij Jos of Yale Cordage nodig. Geen manual_url aanwezig. Gezocht op yalecordage.com: productpagina (yalecordage.com/product/xtc-32-blue-32/) bevat geen PDF-links; resources-pagina ""Use & Care Cards"" heeft alleen kaarten voor XTC-16, XTC-24 en XTC-48 - GEEN kaart voor XTC-32; ook niet in ""Product Guides"" of ""Rope Selection and Inspection Guide"". Arborist Product Guide 2024 (TCIA Rev4, PDF) beschrijft Blue 32/XTC-32 wel maar zonder CE-certificering en zonder levensduur-uitspraak. Geen bron gevonden voor manual_url of leeftijd; velden blijven leeg (nog niet uitgezocht) in plaats van een gok."
ce6fd3e8-80ce-49e7-a622-b3d2286d85de,Yale Cordage,XTC-32 Blue 32 11.7mm,,,,,,,,,,,,,,,,,,,,,"Geen Use & Care Card en geen Product Data Sheet gevonden voor XTC-32 Blue 32. Gecontroleerd: (1) use-and-care-cards-pagina bevat alleen XTC-16/24/48; (2) volledige WP-media-bibliotheek doorzocht (search=XTC-32, Blue 32, data sheet) - geen resultaat; (3) productpagina yalecordage.com/product/xtc-32-blue-32/ vermeldt (in tegenstelling tot XTC-16/24/48) geen EN1891 Type A/B klassering - vermoedelijk gepositioneerd als rigging/bull-rope i.p.v. gecertificeerde klimlijn, wat het ontbreken van een IFU-kaart kan verklaren. manual_url leeg gelaten; navraag bij Jos of Yale Cordage nodig. Geen manual_url aanwezig. Gezocht op yalecordage.com: productpagina (yalecordage.com/product/xtc-32-blue-32/) bevat geen PDF-links; resources-pagina ""Use & Care Cards"" heeft alleen kaarten voor XTC-16, XTC-24 en XTC-48 - GEEN kaart voor XTC-32; ook niet in ""Product Guides"" of ""Rope Selection and Inspection Guide"". Arborist Product Guide 2024 (TCIA Rev4, PDF) beschrijft Blue 32/XTC-32 wel maar zonder CE-certificering en zonder levensduur-uitspraak. Geen bron gevonden voor manual_url of leeftijd; velden blijven leeg (nog niet uitgezocht) in plaats van een gok."
4962bb03-21d1-4855-8f2d-60288dec2fed,Yale Cordage,XTC-32 Blue 32 11.7mm - 37m - 1 eye,,,,,,,,,,,,,,,,,,,,,"Geen Use & Care Card en geen Product Data Sheet gevonden voor XTC-32 Blue 32. Gecontroleerd: (1) use-and-care-cards-pagina bevat alleen XTC-16/24/48; (2) volledige WP-media-bibliotheek doorzocht (search=XTC-32, Blue 32, data sheet) - geen resultaat; (3) productpagina yalecordage.com/product/xtc-32-blue-32/ vermeldt (in tegenstelling tot XTC-16/24/48) geen EN1891 Type A/B klassering - vermoedelijk gepositioneerd als rigging/bull-rope i.p.v. gecertificeerde klimlijn, wat het ontbreken van een IFU-kaart kan verklaren. manual_url leeg gelaten; navraag bij Jos of Yale Cordage nodig. Geen manual_url aanwezig. Gezocht op yalecordage.com: productpagina (yalecordage.com/product/xtc-32-blue-32/) bevat geen PDF-links; resources-pagina ""Use & Care Cards"" heeft alleen kaarten voor XTC-16, XTC-24 en XTC-48 - GEEN kaart voor XTC-32; ook niet in ""Product Guides"" of ""Rope Selection and Inspection Guide"". Arborist Product Guide 2024 (TCIA Rev4, PDF) beschrijft Blue 32/XTC-32 wel maar zonder CE-certificering en zonder levensduur-uitspraak. Geen bron gevonden voor manual_url of leeftijd; velden blijven leeg (nog niet uitgezocht) in plaats van een gok."
b96ae8b7-1d95-4eb0-b297-a9d029d3b4fe,Yale Cordage,XTC-32 Blue 32 11.7mm - 45m - 1 eye,,,,,,,,,,,,,,,,,,,,,"Geen Use & Care Card en geen Product Data Sheet gevonden voor XTC-32 Blue 32. Gecontroleerd: (1) use-and-care-cards-pagina bevat alleen XTC-16/24/48; (2) volledige WP-media-bibliotheek doorzocht (search=XTC-32, Blue 32, data sheet) - geen resultaat; (3) productpagina yalecordage.com/product/xtc-32-blue-32/ vermeldt (in tegenstelling tot XTC-16/24/48) geen EN1891 Type A/B klassering - vermoedelijk gepositioneerd als rigging/bull-rope i.p.v. gecertificeerde klimlijn, wat het ontbreken van een IFU-kaart kan verklaren. manual_url leeg gelaten; navraag bij Jos of Yale Cordage nodig. Geen manual_url aanwezig. Gezocht op yalecordage.com: productpagina (yalecordage.com/product/xtc-32-blue-32/) bevat geen PDF-links; resources-pagina ""Use & Care Cards"" heeft alleen kaarten voor XTC-16, XTC-24 en XTC-48 - GEEN kaart voor XTC-32; ook niet in ""Product Guides"" of ""Rope Selection and Inspection Guide"". Arborist Product Guide 2024 (TCIA Rev4, PDF) beschrijft Blue 32/XTC-32 wel maar zonder CE-certificering en zonder levensduur-uitspraak. Geen bron gevonden voor manual_url of leeftijd; velden blijven leeg (nog niet uitgezocht) in plaats van een gok."
bb8880f1-3505-4120-a7ff-c322d37bce60,Yale Cordage,XTC-32 Blue 32 11.7mm - 60m - 1 eye,,,,,,,,,,,,,,,,,,,,,"Geen Use & Care Card en geen Product Data Sheet gevonden voor XTC-32 Blue 32. Gecontroleerd: (1) use-and-care-cards-pagina bevat alleen XTC-16/24/48; (2) volledige WP-media-bibliotheek doorzocht (search=XTC-32, Blue 32, data sheet) - geen resultaat; (3) productpagina yalecordage.com/product/xtc-32-blue-32/ vermeldt (in tegenstelling tot XTC-16/24/48) geen EN1891 Type A/B klassering - vermoedelijk gepositioneerd als rigging/bull-rope i.p.v. gecertificeerde klimlijn, wat het ontbreken van een IFU-kaart kan verklaren. manual_url leeg gelaten; navraag bij Jos of Yale Cordage nodig. Geen manual_url aanwezig. Gezocht op yalecordage.com: productpagina (yalecordage.com/product/xtc-32-blue-32/) bevat geen PDF-links; resources-pagina ""Use & Care Cards"" heeft alleen kaarten voor XTC-16, XTC-24 en XTC-48 - GEEN kaart voor XTC-32; ook niet in ""Product Guides"" of ""Rope Selection and Inspection Guide"". Arborist Product Guide 2024 (TCIA Rev4, PDF) beschrijft Blue 32/XTC-32 wel maar zonder CE-certificering en zonder levensduur-uitspraak. Geen bron gevonden voor manual_url of leeftijd; velden blijven leeg (nog niet uitgezocht) in plaats van een gok."
38876b33-aa19-49f5-a214-69ee9c0041a5,Yale Cordage,XTC-32 Blue 32 11.7mm - bulk (per meter),,,,,,,,,,,,,,,,,,,,,"Geen Use & Care Card en geen Product Data Sheet gevonden voor XTC-32 Blue 32. Gecontroleerd: (1) use-and-care-cards-pagina bevat alleen XTC-16/24/48; (2) volledige WP-media-bibliotheek doorzocht (search=XTC-32, Blue 32, data sheet) - geen resultaat; (3) productpagina yalecordage.com/product/xtc-32-blue-32/ vermeldt (in tegenstelling tot XTC-16/24/48) geen EN1891 Type A/B klassering - vermoedelijk gepositioneerd als rigging/bull-rope i.p.v. gecertificeerde klimlijn, wat het ontbreken van een IFU-kaart kan verklaren. manual_url leeg gelaten; navraag bij Jos of Yale Cordage nodig. Geen manual_url aanwezig. Gezocht op yalecordage.com: productpagina (yalecordage.com/product/xtc-32-blue-32/) bevat geen PDF-links; resources-pagina ""Use & Care Cards"" heeft alleen kaarten voor XTC-16, XTC-24 en XTC-48 - GEEN kaart voor XTC-32; ook niet in ""Product Guides"" of ""Rope Selection and Inspection Guide"". Arborist Product Guide 2024 (TCIA Rev4, PDF) beschrijft Blue 32/XTC-32 wel maar zonder CE-certificering en zonder levensduur-uitspraak. Geen bron gevonden voor manual_url of leeftijd; velden blijven leeg (nog niet uitgezocht) in plaats van een gok."
669ad2ef-80cf-4b9f-96f5-89b70003839f,Yale Cordage,XTC-48 Kernmaster 10mm - 37m - 1 eye,,,,,,,10,,,,,,,,https://www.yalecordage.com/wp-content/uploads/2026/05/Attachment-6-Use-instructions-Card-XTC-48-English.pdf,,,,,,"Huidige manual_url (Rope-Inspection-Guide-2026-Balanced-Double-Braid.pdf) gelezen: puur een visuele inspectie/schade-gids (protruding strand, abrasie, kern-schade, versleten oog), GEEN vermelding van levensduur in jaren. Dit product is onderdeel van de XTC-48-lijn (Arborist Product Guide 2024 TCIA, p.5: ""Classic XTC-48 design with CE EN Type A 1891 certification""), waarvoor Yale wel een aparte Use & Instructions Card publiceert. manual_url daarom voorgesteld te wijzigen naar Attachment-6-Use-instructions-Card-XTC-48-English.pdf (P/N 10017603, zelfde document als bij de andere XTC-48-varianten), sectie ""ROPE WEAR and OBSOLESCENCE"": ""The maximum Life Span of a rope is 10 years in as new, unused condition."" -> max_age_mfr_years=10. Geen getal voor jaren vanaf eerste gebruik vermeld, dus max_age_use_years blijft leeg. LET OP: dit is een voorgestelde wijziging van manual_url (van inspectiegids naar use-instructions-kaart) - graag zelf verifiëren of dit de gewenste keuze is."
98ce4804-20e3-42cf-9144-56abe29b55ab,Yale Cordage,XTC-48 Kernmaster 10mm - 45m - 1 eye,,,,,,,10,,,,,,,,https://www.yalecordage.com/wp-content/uploads/2026/05/Attachment-6-Use-instructions-Card-XTC-48-English.pdf,,,,,,"Huidige manual_url (Rope-Inspection-Guide-2026-Balanced-Double-Braid.pdf) gelezen: puur een visuele inspectie/schade-gids (protruding strand, abrasie, kern-schade, versleten oog), GEEN vermelding van levensduur in jaren. Dit product is onderdeel van de XTC-48-lijn (Arborist Product Guide 2024 TCIA, p.5: ""Classic XTC-48 design with CE EN Type A 1891 certification""), waarvoor Yale wel een aparte Use & Instructions Card publiceert. manual_url daarom voorgesteld te wijzigen naar Attachment-6-Use-instructions-Card-XTC-48-English.pdf (P/N 10017603, zelfde document als bij de andere XTC-48-varianten), sectie ""ROPE WEAR and OBSOLESCENCE"": ""The maximum Life Span of a rope is 10 years in as new, unused condition."" -> max_age_mfr_years=10. Geen getal voor jaren vanaf eerste gebruik vermeld, dus max_age_use_years blijft leeg. LET OP: dit is een voorgestelde wijziging van manual_url (van inspectiegids naar use-instructions-kaart) - graag zelf verifiëren of dit de gewenste keuze is."
e47254d6-a933-49f6-91eb-e2fa25c81fa0,Yale Cordage,XTC-48 Kernmaster 10mm - 60m - 1 eye,,,,,,,10,,,,,,,,https://www.yalecordage.com/wp-content/uploads/2026/05/Attachment-6-Use-instructions-Card-XTC-48-English.pdf,,,,,,"Huidige manual_url (Rope-Inspection-Guide-2026-Balanced-Double-Braid.pdf) gelezen: puur een visuele inspectie/schade-gids (protruding strand, abrasie, kern-schade, versleten oog), GEEN vermelding van levensduur in jaren. Dit product is onderdeel van de XTC-48-lijn (Arborist Product Guide 2024 TCIA, p.5: ""Classic XTC-48 design with CE EN Type A 1891 certification""), waarvoor Yale wel een aparte Use & Instructions Card publiceert. manual_url daarom voorgesteld te wijzigen naar Attachment-6-Use-instructions-Card-XTC-48-English.pdf (P/N 10017603, zelfde document als bij de andere XTC-48-varianten), sectie ""ROPE WEAR and OBSOLESCENCE"": ""The maximum Life Span of a rope is 10 years in as new, unused condition."" -> max_age_mfr_years=10. Geen getal voor jaren vanaf eerste gebruik vermeld, dus max_age_use_years blijft leeg. LET OP: dit is een voorgestelde wijziging van manual_url (van inspectiegids naar use-instructions-kaart) - graag zelf verifiëren of dit de gewenste keuze is."
1f6f4770-4b4c-4357-9c8b-a01c3f3f0d52,Yale Cordage,XTC-48 Kernmaster 10mm - bulk (per meter),,,,,,,10,,,,,,,,https://www.yalecordage.com/wp-content/uploads/2026/05/Attachment-6-Use-instructions-Card-XTC-48-English.pdf,,,,,,"Huidige manual_url (Rope-Inspection-Guide-2026-Balanced-Double-Braid.pdf) gelezen: puur een visuele inspectie/schade-gids (protruding strand, abrasie, kern-schade, versleten oog), GEEN vermelding van levensduur in jaren. Dit product is onderdeel van de XTC-48-lijn (Arborist Product Guide 2024 TCIA, p.5: ""Classic XTC-48 design with CE EN Type A 1891 certification""), waarvoor Yale wel een aparte Use & Instructions Card publiceert. manual_url daarom voorgesteld te wijzigen naar Attachment-6-Use-instructions-Card-XTC-48-English.pdf (P/N 10017603, zelfde document als bij de andere XTC-48-varianten), sectie ""ROPE WEAR and OBSOLESCENCE"": ""The maximum Life Span of a rope is 10 years in as new, unused condition."" -> max_age_mfr_years=10. Geen getal voor jaren vanaf eerste gebruik vermeld, dus max_age_use_years blijft leeg. LET OP: dit is een voorgestelde wijziging van manual_url (van inspectiegids naar use-instructions-kaart) - graag zelf verifiëren of dit de gewenste keuze is."
7b629df0-d8c6-463e-81cb-31aedf688fcb,Yale Cordage,XTC-48 Kernmaster 12mm - 37m - 1 eye,,,,,,,10,,,,,,,,https://www.yalecordage.com/wp-content/uploads/2026/05/Attachment-6-Use-instructions-Card-XTC-48-English.pdf,,,,,,"Huidige manual_url (Rope-Inspection-Guide-2026-Balanced-Double-Braid.pdf) gelezen: puur een visuele inspectie/schade-gids (protruding strand, abrasie, kern-schade, versleten oog), GEEN vermelding van levensduur in jaren. Dit product is onderdeel van de XTC-48-lijn (Arborist Product Guide 2024 TCIA, p.5: ""Classic XTC-48 design with CE EN Type A 1891 certification""), waarvoor Yale wel een aparte Use & Instructions Card publiceert. manual_url daarom voorgesteld te wijzigen naar Attachment-6-Use-instructions-Card-XTC-48-English.pdf (P/N 10017603, zelfde document als bij de andere XTC-48-varianten), sectie ""ROPE WEAR and OBSOLESCENCE"": ""The maximum Life Span of a rope is 10 years in as new, unused condition."" -> max_age_mfr_years=10. Geen getal voor jaren vanaf eerste gebruik vermeld, dus max_age_use_years blijft leeg. LET OP: dit is een voorgestelde wijziging van manual_url (van inspectiegids naar use-instructions-kaart) - graag zelf verifiëren of dit de gewenste keuze is."
697e305a-16c7-4bf8-840f-f6c50bbf563a,Yale Cordage,XTC-48 Kernmaster 12mm - 45m - 1 eye,,,,,,,10,,,,,,,,https://www.yalecordage.com/wp-content/uploads/2026/05/Attachment-6-Use-instructions-Card-XTC-48-English.pdf,,,,,,"Huidige manual_url (Rope-Inspection-Guide-2026-Balanced-Double-Braid.pdf) gelezen: puur een visuele inspectie/schade-gids (protruding strand, abrasie, kern-schade, versleten oog), GEEN vermelding van levensduur in jaren. Dit product is onderdeel van de XTC-48-lijn (Arborist Product Guide 2024 TCIA, p.5: ""Classic XTC-48 design with CE EN Type A 1891 certification""), waarvoor Yale wel een aparte Use & Instructions Card publiceert. manual_url daarom voorgesteld te wijzigen naar Attachment-6-Use-instructions-Card-XTC-48-English.pdf (P/N 10017603, zelfde document als bij de andere XTC-48-varianten), sectie ""ROPE WEAR and OBSOLESCENCE"": ""The maximum Life Span of a rope is 10 years in as new, unused condition."" -> max_age_mfr_years=10. Geen getal voor jaren vanaf eerste gebruik vermeld, dus max_age_use_years blijft leeg. LET OP: dit is een voorgestelde wijziging van manual_url (van inspectiegids naar use-instructions-kaart) - graag zelf verifiëren of dit de gewenste keuze is."
4974fddc-87e1-4748-a9f6-9179fb79f841,Yale Cordage,XTC-48 Kernmaster 12mm - 60m - 1 eye,,,,,,,10,,,,,,,,https://www.yalecordage.com/wp-content/uploads/2026/05/Attachment-6-Use-instructions-Card-XTC-48-English.pdf,,,,,,"Huidige manual_url (Rope-Inspection-Guide-2026-Balanced-Double-Braid.pdf) gelezen: puur een visuele inspectie/schade-gids (protruding strand, abrasie, kern-schade, versleten oog), GEEN vermelding van levensduur in jaren. Dit product is onderdeel van de XTC-48-lijn (Arborist Product Guide 2024 TCIA, p.5: ""Classic XTC-48 design with CE EN Type A 1891 certification""), waarvoor Yale wel een aparte Use & Instructions Card publiceert. manual_url daarom voorgesteld te wijzigen naar Attachment-6-Use-instructions-Card-XTC-48-English.pdf (P/N 10017603, zelfde document als bij de andere XTC-48-varianten), sectie ""ROPE WEAR and OBSOLESCENCE"": ""The maximum Life Span of a rope is 10 years in as new, unused condition."" -> max_age_mfr_years=10. Geen getal voor jaren vanaf eerste gebruik vermeld, dus max_age_use_years blijft leeg. LET OP: dit is een voorgestelde wijziging van manual_url (van inspectiegids naar use-instructions-kaart) - graag zelf verifiëren of dit de gewenste keuze is."
7833baaa-79d4-4eee-a21c-7c0bbc7e2bd7,Yale Cordage,XTC-48 Kernmaster 12mm - bulk (per meter),,,,,,,10,,,,,,,,https://www.yalecordage.com/wp-content/uploads/2026/05/Attachment-6-Use-instructions-Card-XTC-48-English.pdf,,,,,,"Huidige manual_url (Rope-Inspection-Guide-2026-Balanced-Double-Braid.pdf) gelezen: puur een visuele inspectie/schade-gids (protruding strand, abrasie, kern-schade, versleten oog), GEEN vermelding van levensduur in jaren. Dit product is onderdeel van de XTC-48-lijn (Arborist Product Guide 2024 TCIA, p.5: ""Classic XTC-48 design with CE EN Type A 1891 certification""), waarvoor Yale wel een aparte Use & Instructions Card publiceert. manual_url daarom voorgesteld te wijzigen naar Attachment-6-Use-instructions-Card-XTC-48-English.pdf (P/N 10017603, zelfde document als bij de andere XTC-48-varianten), sectie ""ROPE WEAR and OBSOLESCENCE"": ""The maximum Life Span of a rope is 10 years in as new, unused condition."" -> max_age_mfr_years=10. Geen getal voor jaren vanaf eerste gebruik vermeld, dus max_age_use_years blijft leeg. LET OP: dit is een voorgestelde wijziging van manual_url (van inspectiegids naar use-instructions-kaart) - graag zelf verifiëren of dit de gewenste keuze is."
0b0d4349-1889-41c5-b231-047a28cfd89c,Yale Cordage,XTC-48 Kernmaster Code Green 10mm,,,,,,,10,,,,,,,,https://www.yalecordage.com/wp-content/uploads/2026/05/Attachment-6-Use-instructions-Card-XTC-48-English.pdf,,,,,,"Huidige manual_url (Rope-Inspection-Guide-2026-Balanced-Double-Braid.pdf) gelezen: puur een visuele inspectie/schade-gids (protruding strand, abrasie, kern-schade, versleten oog), GEEN vermelding van levensduur in jaren. Dit product is onderdeel van de XTC-48-lijn (Arborist Product Guide 2024 TCIA, p.5: ""Classic XTC-48 design with CE EN Type A 1891 certification""), waarvoor Yale wel een aparte Use & Instructions Card publiceert. manual_url daarom voorgesteld te wijzigen naar Attachment-6-Use-instructions-Card-XTC-48-English.pdf (P/N 10017603, zelfde document als bij de andere XTC-48-varianten), sectie ""ROPE WEAR and OBSOLESCENCE"": ""The maximum Life Span of a rope is 10 years in as new, unused condition."" -> max_age_mfr_years=10. Geen getal voor jaren vanaf eerste gebruik vermeld, dus max_age_use_years blijft leeg. LET OP: dit is een voorgestelde wijziging van manual_url (van inspectiegids naar use-instructions-kaart) - graag zelf verifiëren of dit de gewenste keuze is."
b9e53ecd-282b-4771-af28-64b6adbcb44b,Yale Cordage,XTC-48 Kernmaster Code Green 11.7mm,,,,,,,10,,,,,,,,https://www.yalecordage.com/wp-content/uploads/2026/05/Attachment-6-Use-instructions-Card-XTC-48-English.pdf,,,,,,"Huidige manual_url (Rope-Inspection-Guide-2026-Balanced-Double-Braid.pdf) gelezen: puur een visuele inspectie/schade-gids (protruding strand, abrasie, kern-schade, versleten oog), GEEN vermelding van levensduur in jaren. Dit product is onderdeel van de XTC-48-lijn (Arborist Product Guide 2024 TCIA, p.5: ""Classic XTC-48 design with CE EN Type A 1891 certification""), waarvoor Yale wel een aparte Use & Instructions Card publiceert. manual_url daarom voorgesteld te wijzigen naar Attachment-6-Use-instructions-Card-XTC-48-English.pdf (P/N 10017603, zelfde document als bij de andere XTC-48-varianten), sectie ""ROPE WEAR and OBSOLESCENCE"": ""The maximum Life Span of a rope is 10 years in as new, unused condition."" -> max_age_mfr_years=10. Geen getal voor jaren vanaf eerste gebruik vermeld, dus max_age_use_years blijft leeg. LET OP: dit is een voorgestelde wijziging van manual_url (van inspectiegids naar use-instructions-kaart) - graag zelf verifiëren of dit de gewenste keuze is."
e802d67c-9f58-4080-86a6-89f3ef04cad4,Yale Cordage,XTC-48 Kernmaster Code Green 11mm,,,,,,,10,,,,,,,,https://www.yalecordage.com/wp-content/uploads/2026/05/Attachment-6-Use-instructions-Card-XTC-48-English.pdf,,,,,,"Huidige manual_url (Rope-Inspection-Guide-2026-Balanced-Double-Braid.pdf) gelezen: puur een visuele inspectie/schade-gids (protruding strand, abrasie, kern-schade, versleten oog), GEEN vermelding van levensduur in jaren. Dit product is onderdeel van de XTC-48-lijn (Arborist Product Guide 2024 TCIA, p.5: ""Classic XTC-48 design with CE EN Type A 1891 certification""), waarvoor Yale wel een aparte Use & Instructions Card publiceert. manual_url daarom voorgesteld te wijzigen naar Attachment-6-Use-instructions-Card-XTC-48-English.pdf (P/N 10017603, zelfde document als bij de andere XTC-48-varianten), sectie ""ROPE WEAR and OBSOLESCENCE"": ""The maximum Life Span of a rope is 10 years in as new, unused condition."" -> max_age_mfr_years=10. Geen getal voor jaren vanaf eerste gebruik vermeld, dus max_age_use_years blijft leeg. LET OP: dit is een voorgestelde wijziging van manual_url (van inspectiegids naar use-instructions-kaart) - graag zelf verifiëren of dit de gewenste keuze is."
075d5d3f-bef8-49e3-8672-d3ab21a0e3f3,Yale Cordage,XTC-48 Kernmaster Code Green 12mm,,,,,,,10,,,,,,,,https://www.yalecordage.com/wp-content/uploads/2026/05/Attachment-6-Use-instructions-Card-XTC-48-English.pdf,,,,,,"Huidige manual_url (Rope-Inspection-Guide-2026-Balanced-Double-Braid.pdf) gelezen: puur een visuele inspectie/schade-gids (protruding strand, abrasie, kern-schade, versleten oog), GEEN vermelding van levensduur in jaren. Dit product is onderdeel van de XTC-48-lijn (Arborist Product Guide 2024 TCIA, p.5: ""Classic XTC-48 design with CE EN Type A 1891 certification""), waarvoor Yale wel een aparte Use & Instructions Card publiceert. manual_url daarom voorgesteld te wijzigen naar Attachment-6-Use-instructions-Card-XTC-48-English.pdf (P/N 10017603, zelfde document als bij de andere XTC-48-varianten), sectie ""ROPE WEAR and OBSOLESCENCE"": ""The maximum Life Span of a rope is 10 years in as new, unused condition."" -> max_age_mfr_years=10. Geen getal voor jaren vanaf eerste gebruik vermeld, dus max_age_use_years blijft leeg. LET OP: dit is een voorgestelde wijziging van manual_url (van inspectiegids naar use-instructions-kaart) - graag zelf verifiëren of dit de gewenste keuze is."
e10090d2-a98b-4072-8044-d7a597f209a2,Yale Cordage,XTC-48 Kernmaster Code Green 16mm,,,,,,,10,,,,,,,,https://www.yalecordage.com/wp-content/uploads/2026/05/Attachment-6-Use-instructions-Card-XTC-48-English.pdf,,,,,,"Huidige manual_url (Rope-Inspection-Guide-2026-Balanced-Double-Braid.pdf) gelezen: puur een visuele inspectie/schade-gids (protruding strand, abrasie, kern-schade, versleten oog), GEEN vermelding van levensduur in jaren. Dit product is onderdeel van de XTC-48-lijn (Arborist Product Guide 2024 TCIA, p.5: ""Classic XTC-48 design with CE EN Type A 1891 certification""), waarvoor Yale wel een aparte Use & Instructions Card publiceert. manual_url daarom voorgesteld te wijzigen naar Attachment-6-Use-instructions-Card-XTC-48-English.pdf (P/N 10017603, zelfde document als bij de andere XTC-48-varianten), sectie ""ROPE WEAR and OBSOLESCENCE"": ""The maximum Life Span of a rope is 10 years in as new, unused condition."" -> max_age_mfr_years=10. Geen getal voor jaren vanaf eerste gebruik vermeld, dus max_age_use_years blijft leeg. LET OP: dit is een voorgestelde wijziging van manual_url (van inspectiegids naar use-instructions-kaart) - graag zelf verifiëren of dit de gewenste keuze is."
c81d9b0a-364f-4b4b-8578-259867219d89,Yale Cordage,XTC-48 Kernmaster Code Orange 10mm,,,,,,,10,,,,,,,,https://www.yalecordage.com/wp-content/uploads/2026/05/Attachment-6-Use-instructions-Card-XTC-48-English.pdf,,,,,,"Huidige manual_url (Rope-Inspection-Guide-2026-Balanced-Double-Braid.pdf) gelezen: puur een visuele inspectie/schade-gids (protruding strand, abrasie, kern-schade, versleten oog), GEEN vermelding van levensduur in jaren. Dit product is onderdeel van de XTC-48-lijn (Arborist Product Guide 2024 TCIA, p.5: ""Classic XTC-48 design with CE EN Type A 1891 certification""), waarvoor Yale wel een aparte Use & Instructions Card publiceert. manual_url daarom voorgesteld te wijzigen naar Attachment-6-Use-instructions-Card-XTC-48-English.pdf (P/N 10017603, zelfde document als bij de andere XTC-48-varianten), sectie ""ROPE WEAR and OBSOLESCENCE"": ""The maximum Life Span of a rope is 10 years in as new, unused condition."" -> max_age_mfr_years=10. Geen getal voor jaren vanaf eerste gebruik vermeld, dus max_age_use_years blijft leeg. LET OP: dit is een voorgestelde wijziging van manual_url (van inspectiegids naar use-instructions-kaart) - graag zelf verifiëren of dit de gewenste keuze is."
00383e43-eb4d-4484-acac-44fa46be2963,Yale Cordage,XTC-48 Kernmaster Code Orange 11.7mm,,,,,,,10,,,,,,,,https://www.yalecordage.com/wp-content/uploads/2026/05/Attachment-6-Use-instructions-Card-XTC-48-English.pdf,,,,,,"Huidige manual_url (Rope-Inspection-Guide-2026-Balanced-Double-Braid.pdf) gelezen: puur een visuele inspectie/schade-gids (protruding strand, abrasie, kern-schade, versleten oog), GEEN vermelding van levensduur in jaren. Dit product is onderdeel van de XTC-48-lijn (Arborist Product Guide 2024 TCIA, p.5: ""Classic XTC-48 design with CE EN Type A 1891 certification""), waarvoor Yale wel een aparte Use & Instructions Card publiceert. manual_url daarom voorgesteld te wijzigen naar Attachment-6-Use-instructions-Card-XTC-48-English.pdf (P/N 10017603, zelfde document als bij de andere XTC-48-varianten), sectie ""ROPE WEAR and OBSOLESCENCE"": ""The maximum Life Span of a rope is 10 years in as new, unused condition."" -> max_age_mfr_years=10. Geen getal voor jaren vanaf eerste gebruik vermeld, dus max_age_use_years blijft leeg. LET OP: dit is een voorgestelde wijziging van manual_url (van inspectiegids naar use-instructions-kaart) - graag zelf verifiëren of dit de gewenste keuze is."
de1acc5f-a221-4b6a-8239-4af75b641bd2,Yale Cordage,XTC-48 Kernmaster Code Orange 11mm,,,,,,,10,,,,,,,,https://www.yalecordage.com/wp-content/uploads/2026/05/Attachment-6-Use-instructions-Card-XTC-48-English.pdf,,,,,,"Huidige manual_url (Rope-Inspection-Guide-2026-Balanced-Double-Braid.pdf) gelezen: puur een visuele inspectie/schade-gids (protruding strand, abrasie, kern-schade, versleten oog), GEEN vermelding van levensduur in jaren. Dit product is onderdeel van de XTC-48-lijn (Arborist Product Guide 2024 TCIA, p.5: ""Classic XTC-48 design with CE EN Type A 1891 certification""), waarvoor Yale wel een aparte Use & Instructions Card publiceert. manual_url daarom voorgesteld te wijzigen naar Attachment-6-Use-instructions-Card-XTC-48-English.pdf (P/N 10017603, zelfde document als bij de andere XTC-48-varianten), sectie ""ROPE WEAR and OBSOLESCENCE"": ""The maximum Life Span of a rope is 10 years in as new, unused condition."" -> max_age_mfr_years=10. Geen getal voor jaren vanaf eerste gebruik vermeld, dus max_age_use_years blijft leeg. LET OP: dit is een voorgestelde wijziging van manual_url (van inspectiegids naar use-instructions-kaart) - graag zelf verifiëren of dit de gewenste keuze is."
72f1f291-6eed-4d3e-8c13-c3d506d9a0cd,Yale Cordage,XTC-48 Kernmaster Code Orange 12mm,,,,,,,10,,,,,,,,https://www.yalecordage.com/wp-content/uploads/2026/05/Attachment-6-Use-instructions-Card-XTC-48-English.pdf,,,,,,"Huidige manual_url (Rope-Inspection-Guide-2026-Balanced-Double-Braid.pdf) gelezen: puur een visuele inspectie/schade-gids (protruding strand, abrasie, kern-schade, versleten oog), GEEN vermelding van levensduur in jaren. Dit product is onderdeel van de XTC-48-lijn (Arborist Product Guide 2024 TCIA, p.5: ""Classic XTC-48 design with CE EN Type A 1891 certification""), waarvoor Yale wel een aparte Use & Instructions Card publiceert. manual_url daarom voorgesteld te wijzigen naar Attachment-6-Use-instructions-Card-XTC-48-English.pdf (P/N 10017603, zelfde document als bij de andere XTC-48-varianten), sectie ""ROPE WEAR and OBSOLESCENCE"": ""The maximum Life Span of a rope is 10 years in as new, unused condition."" -> max_age_mfr_years=10. Geen getal voor jaren vanaf eerste gebruik vermeld, dus max_age_use_years blijft leeg. LET OP: dit is een voorgestelde wijziging van manual_url (van inspectiegids naar use-instructions-kaart) - graag zelf verifiëren of dit de gewenste keuze is."
f69a0b8b-3a68-4369-8279-615d94cddc6c,Yale Cordage,XTC-48 Kernmaster Code Orange 16mm,,,,,,,10,,,,,,,,https://www.yalecordage.com/wp-content/uploads/2026/05/Attachment-6-Use-instructions-Card-XTC-48-English.pdf,,,,,,"Huidige manual_url (Rope-Inspection-Guide-2026-Balanced-Double-Braid.pdf) gelezen: puur een visuele inspectie/schade-gids (protruding strand, abrasie, kern-schade, versleten oog), GEEN vermelding van levensduur in jaren. Dit product is onderdeel van de XTC-48-lijn (Arborist Product Guide 2024 TCIA, p.5: ""Classic XTC-48 design with CE EN Type A 1891 certification""), waarvoor Yale wel een aparte Use & Instructions Card publiceert. manual_url daarom voorgesteld te wijzigen naar Attachment-6-Use-instructions-Card-XTC-48-English.pdf (P/N 10017603, zelfde document als bij de andere XTC-48-varianten), sectie ""ROPE WEAR and OBSOLESCENCE"": ""The maximum Life Span of a rope is 10 years in as new, unused condition."" -> max_age_mfr_years=10. Geen getal voor jaren vanaf eerste gebruik vermeld, dus max_age_use_years blijft leeg. LET OP: dit is een voorgestelde wijziging van manual_url (van inspectiegids naar use-instructions-kaart) - graag zelf verifiëren of dit de gewenste keuze is."
cbf5deef-d856-4b97-94aa-93542ea15d89,Yale Cordage,XTC-48 Kernmaster Phantom 11mm - 37m - 1 eye,,,,,,,10,,,,,,,,https://www.yalecordage.com/wp-content/uploads/2026/05/Attachment-6-Use-instructions-Card-XTC-48-English.pdf,,,,,,"Huidige manual_url (Rope-Inspection-Guide-2026-Balanced-Double-Braid.pdf) gelezen: puur een visuele inspectie/schade-gids (protruding strand, abrasie, kern-schade, versleten oog), GEEN vermelding van levensduur in jaren. Dit product is onderdeel van de XTC-48-lijn (Arborist Product Guide 2024 TCIA, p.5: ""Classic XTC-48 design with CE EN Type A 1891 certification""), waarvoor Yale wel een aparte Use & Instructions Card publiceert. manual_url daarom voorgesteld te wijzigen naar Attachment-6-Use-instructions-Card-XTC-48-English.pdf (P/N 10017603, zelfde document als bij de andere XTC-48-varianten), sectie ""ROPE WEAR and OBSOLESCENCE"": ""The maximum Life Span of a rope is 10 years in as new, unused condition."" -> max_age_mfr_years=10. Geen getal voor jaren vanaf eerste gebruik vermeld, dus max_age_use_years blijft leeg. LET OP: dit is een voorgestelde wijziging van manual_url (van inspectiegids naar use-instructions-kaart) - graag zelf verifiëren of dit de gewenste keuze is."
632f29fa-9fa8-41db-b6f0-7cffe635047d,Yale Cordage,XTC-48 Kernmaster Phantom 11mm - 45m - 1 eye,,,,,,,10,,,,,,,,https://www.yalecordage.com/wp-content/uploads/2026/05/Attachment-6-Use-instructions-Card-XTC-48-English.pdf,,,,,,"Huidige manual_url (Rope-Inspection-Guide-2026-Balanced-Double-Braid.pdf) gelezen: puur een visuele inspectie/schade-gids (protruding strand, abrasie, kern-schade, versleten oog), GEEN vermelding van levensduur in jaren. Dit product is onderdeel van de XTC-48-lijn (Arborist Product Guide 2024 TCIA, p.5: ""Classic XTC-48 design with CE EN Type A 1891 certification""), waarvoor Yale wel een aparte Use & Instructions Card publiceert. manual_url daarom voorgesteld te wijzigen naar Attachment-6-Use-instructions-Card-XTC-48-English.pdf (P/N 10017603, zelfde document als bij de andere XTC-48-varianten), sectie ""ROPE WEAR and OBSOLESCENCE"": ""The maximum Life Span of a rope is 10 years in as new, unused condition."" -> max_age_mfr_years=10. Geen getal voor jaren vanaf eerste gebruik vermeld, dus max_age_use_years blijft leeg. LET OP: dit is een voorgestelde wijziging van manual_url (van inspectiegids naar use-instructions-kaart) - graag zelf verifiëren of dit de gewenste keuze is."
2feae27d-cef3-4e5a-868c-fd6737e440a1,Yale Cordage,XTC-48 Kernmaster Phantom 11mm - 60m - 1 eye,,,,,,,10,,,,,,,,https://www.yalecordage.com/wp-content/uploads/2026/05/Attachment-6-Use-instructions-Card-XTC-48-English.pdf,,,,,,"Huidige manual_url (Rope-Inspection-Guide-2026-Balanced-Double-Braid.pdf) gelezen: puur een visuele inspectie/schade-gids (protruding strand, abrasie, kern-schade, versleten oog), GEEN vermelding van levensduur in jaren. Dit product is onderdeel van de XTC-48-lijn (Arborist Product Guide 2024 TCIA, p.5: ""Classic XTC-48 design with CE EN Type A 1891 certification""), waarvoor Yale wel een aparte Use & Instructions Card publiceert. manual_url daarom voorgesteld te wijzigen naar Attachment-6-Use-instructions-Card-XTC-48-English.pdf (P/N 10017603, zelfde document als bij de andere XTC-48-varianten), sectie ""ROPE WEAR and OBSOLESCENCE"": ""The maximum Life Span of a rope is 10 years in as new, unused condition."" -> max_age_mfr_years=10. Geen getal voor jaren vanaf eerste gebruik vermeld, dus max_age_use_years blijft leeg. LET OP: dit is een voorgestelde wijziging van manual_url (van inspectiegids naar use-instructions-kaart) - graag zelf verifiëren of dit de gewenste keuze is."
0631df2e-ad12-40e9-9149-b310077673bd,Yale Cordage,XTC-48 Kernmaster Phantom 11mm - bulk (per meter),,,,,,,10,,,,,,,,https://www.yalecordage.com/wp-content/uploads/2026/05/Attachment-6-Use-instructions-Card-XTC-48-English.pdf,,,,,,"Huidige manual_url (Rope-Inspection-Guide-2026-Balanced-Double-Braid.pdf) gelezen: puur een visuele inspectie/schade-gids (protruding strand, abrasie, kern-schade, versleten oog), GEEN vermelding van levensduur in jaren. Dit product is onderdeel van de XTC-48-lijn (Arborist Product Guide 2024 TCIA, p.5: ""Classic XTC-48 design with CE EN Type A 1891 certification""), waarvoor Yale wel een aparte Use & Instructions Card publiceert. manual_url daarom voorgesteld te wijzigen naar Attachment-6-Use-instructions-Card-XTC-48-English.pdf (P/N 10017603, zelfde document als bij de andere XTC-48-varianten), sectie ""ROPE WEAR and OBSOLESCENCE"": ""The maximum Life Span of a rope is 10 years in as new, unused condition."" -> max_age_mfr_years=10. Geen getal voor jaren vanaf eerste gebruik vermeld, dus max_age_use_years blijft leeg. LET OP: dit is een voorgestelde wijziging van manual_url (van inspectiegids naar use-instructions-kaart) - graag zelf verifiëren of dit de gewenste keuze is."
d263b81b-87b0-4160-aa70-a45878b66bee,Yale Cordage,XTC-48 Kernmaster Phantom Green 11mm,,,,,,,10,,,,,,,,https://www.yalecordage.com/wp-content/uploads/2026/05/Attachment-6-Use-instructions-Card-XTC-48-English.pdf,,,,,,"Huidige manual_url (Rope-Inspection-Guide-2026-Balanced-Double-Braid.pdf) gelezen: puur een visuele inspectie/schade-gids (protruding strand, abrasie, kern-schade, versleten oog), GEEN vermelding van levensduur in jaren. Dit product is onderdeel van de XTC-48-lijn (Arborist Product Guide 2024 TCIA, p.5: ""Classic XTC-48 design with CE EN Type A 1891 certification""), waarvoor Yale wel een aparte Use & Instructions Card publiceert. manual_url daarom voorgesteld te wijzigen naar Attachment-6-Use-instructions-Card-XTC-48-English.pdf (P/N 10017603, zelfde document als bij de andere XTC-48-varianten), sectie ""ROPE WEAR and OBSOLESCENCE"": ""The maximum Life Span of a rope is 10 years in as new, unused condition."" -> max_age_mfr_years=10. Geen getal voor jaren vanaf eerste gebruik vermeld, dus max_age_use_years blijft leeg. LET OP: dit is een voorgestelde wijziging van manual_url (van inspectiegids naar use-instructions-kaart) - graag zelf verifiëren of dit de gewenste keuze is."
204e0c81-b199-4f83-be95-4a5bce800535,Yale Cordage,XTC-48 Kernmaster Phantom Pink 11mm,,,,,,,10,,,,,,,,https://www.yalecordage.com/wp-content/uploads/2026/05/Attachment-6-Use-instructions-Card-XTC-48-English.pdf,,,,,,"Huidige manual_url (Rope-Inspection-Guide-2026-Balanced-Double-Braid.pdf) gelezen: puur een visuele inspectie/schade-gids (protruding strand, abrasie, kern-schade, versleten oog), GEEN vermelding van levensduur in jaren. Dit product is onderdeel van de XTC-48-lijn (Arborist Product Guide 2024 TCIA, p.5: ""Classic XTC-48 design with CE EN Type A 1891 certification""), waarvoor Yale wel een aparte Use & Instructions Card publiceert. manual_url daarom voorgesteld te wijzigen naar Attachment-6-Use-instructions-Card-XTC-48-English.pdf (P/N 10017603, zelfde document als bij de andere XTC-48-varianten), sectie ""ROPE WEAR and OBSOLESCENCE"": ""The maximum Life Span of a rope is 10 years in as new, unused condition."" -> max_age_mfr_years=10. Geen getal voor jaren vanaf eerste gebruik vermeld, dus max_age_use_years blijft leeg. LET OP: dit is een voorgestelde wijziging van manual_url (van inspectiegids naar use-instructions-kaart) - graag zelf verifiëren of dit de gewenste keuze is."
45214e8b-d857-464f-8cd2-f56a0c15a2cc,Yale Cordage,XTC-48 R.I.N.G. Rope 10.5mm,,,,,,,10,,,,,,,,,,,,,,"Use & Care Card XTC-48 (yalecordage.com/resources/use-and-care-cards/), van toepassing op de hele XTC-48-familie incl. R.I.N.G. Rope en Scandere (bevestigd op de productpagina's xtc-48-ring-rope en xtc-48-scandere). Curl-geverifieerd: 200 application/pdf. Bestaande manual_url (Attachment-6-Use-instructions-Card-XTC-48-English.pdf, P/N 10017603) gelezen, sectie ""ROPE WEAR and OBSOLESCENCE"": ""The maximum Life Span of a rope is 10 years in as new, unused condition."" -> max_age_mfr_years=10 (levensduur vanaf fabricagedatum, ongebruikt/op voorraad). Document noemt geen apart aantal jaren vanaf eerste gebruik (max_age_use_years) - vervanging na gebruik is uitsluitend conditie/inspectie-gebaseerd (breuken, slijtage, smeltvezels), dus max_age_use_years blijft leeg. Delen dit document/getal met alle andere XTC-48-familie producten die dezelfde use-instructions-kaart gebruiken."
3336b4ff-5e38-4cf3-997e-2475eaa4257e,Yale Cordage,XTC-48 R.I.N.G. Rope 11.5mm,,,,,,,10,,,,,,,,,,,,,,"Use & Care Card XTC-48 (yalecordage.com/resources/use-and-care-cards/), van toepassing op de hele XTC-48-familie incl. R.I.N.G. Rope en Scandere (bevestigd op de productpagina's xtc-48-ring-rope en xtc-48-scandere). Curl-geverifieerd: 200 application/pdf. Bestaande manual_url (Attachment-6-Use-instructions-Card-XTC-48-English.pdf, P/N 10017603) gelezen, sectie ""ROPE WEAR and OBSOLESCENCE"": ""The maximum Life Span of a rope is 10 years in as new, unused condition."" -> max_age_mfr_years=10 (levensduur vanaf fabricagedatum, ongebruikt/op voorraad). Document noemt geen apart aantal jaren vanaf eerste gebruik (max_age_use_years) - vervanging na gebruik is uitsluitend conditie/inspectie-gebaseerd (breuken, slijtage, smeltvezels), dus max_age_use_years blijft leeg. Delen dit document/getal met alle andere XTC-48-familie producten die dezelfde use-instructions-kaart gebruiken."
c0196051-3421-45c1-9de4-040d902733ee,Yale Cordage,XTC-48 Scandere 11.7mm - 37m - 1 eye,,,,,,,10,,,,,,,,,,,,,,"Use & Care Card XTC-48 (yalecordage.com/resources/use-and-care-cards/), van toepassing op de hele XTC-48-familie incl. R.I.N.G. Rope en Scandere (bevestigd op de productpagina's xtc-48-ring-rope en xtc-48-scandere). Curl-geverifieerd: 200 application/pdf. Bestaande manual_url (Attachment-6-Use-instructions-Card-XTC-48-English.pdf, P/N 10017603) gelezen, sectie ""ROPE WEAR and OBSOLESCENCE"": ""The maximum Life Span of a rope is 10 years in as new, unused condition."" -> max_age_mfr_years=10 (levensduur vanaf fabricagedatum, ongebruikt/op voorraad). Document noemt geen apart aantal jaren vanaf eerste gebruik (max_age_use_years) - vervanging na gebruik is uitsluitend conditie/inspectie-gebaseerd (breuken, slijtage, smeltvezels), dus max_age_use_years blijft leeg. Delen dit document/getal met alle andere XTC-48-familie producten die dezelfde use-instructions-kaart gebruiken."
cca37199-0419-4460-a61a-0bafa801f4f7,Yale Cordage,XTC-48 Scandere 11.7mm - 45m - 1 eye,,,,,,,10,,,,,,,,,,,,,,"Use & Care Card XTC-48 (yalecordage.com/resources/use-and-care-cards/), van toepassing op de hele XTC-48-familie incl. R.I.N.G. Rope en Scandere (bevestigd op de productpagina's xtc-48-ring-rope en xtc-48-scandere). Curl-geverifieerd: 200 application/pdf. Bestaande manual_url (Attachment-6-Use-instructions-Card-XTC-48-English.pdf, P/N 10017603) gelezen, sectie ""ROPE WEAR and OBSOLESCENCE"": ""The maximum Life Span of a rope is 10 years in as new, unused condition."" -> max_age_mfr_years=10 (levensduur vanaf fabricagedatum, ongebruikt/op voorraad). Document noemt geen apart aantal jaren vanaf eerste gebruik (max_age_use_years) - vervanging na gebruik is uitsluitend conditie/inspectie-gebaseerd (breuken, slijtage, smeltvezels), dus max_age_use_years blijft leeg. Delen dit document/getal met alle andere XTC-48-familie producten die dezelfde use-instructions-kaart gebruiken."
a4c4d5bc-80d7-4267-82bb-8062454ebe5e,Yale Cordage,XTC-48 Scandere 11.7mm - 60m - 1 eye,,,,,,,10,,,,,,,,,,,,,,"Use & Care Card XTC-48 (yalecordage.com/resources/use-and-care-cards/), van toepassing op de hele XTC-48-familie incl. R.I.N.G. Rope en Scandere (bevestigd op de productpagina's xtc-48-ring-rope en xtc-48-scandere). Curl-geverifieerd: 200 application/pdf. Bestaande manual_url (Attachment-6-Use-instructions-Card-XTC-48-English.pdf, P/N 10017603) gelezen, sectie ""ROPE WEAR and OBSOLESCENCE"": ""The maximum Life Span of a rope is 10 years in as new, unused condition."" -> max_age_mfr_years=10 (levensduur vanaf fabricagedatum, ongebruikt/op voorraad). Document noemt geen apart aantal jaren vanaf eerste gebruik (max_age_use_years) - vervanging na gebruik is uitsluitend conditie/inspectie-gebaseerd (breuken, slijtage, smeltvezels), dus max_age_use_years blijft leeg. Delen dit document/getal met alle andere XTC-48-familie producten die dezelfde use-instructions-kaart gebruiken."
92edaa9b-9984-4fec-99a5-82a8de13b5a4,Yale Cordage,XTC-48 Scandere 11.7mm - bulk (per meter),,,,,,,10,,,,,,,,,,,,,,"Use & Care Card XTC-48 (yalecordage.com/resources/use-and-care-cards/), van toepassing op de hele XTC-48-familie incl. R.I.N.G. Rope en Scandere (bevestigd op de productpagina's xtc-48-ring-rope en xtc-48-scandere). Curl-geverifieerd: 200 application/pdf. Bestaande manual_url (Attachment-6-Use-instructions-Card-XTC-48-English.pdf, P/N 10017603) gelezen, sectie ""ROPE WEAR and OBSOLESCENCE"": ""The maximum Life Span of a rope is 10 years in as new, unused condition."" -> max_age_mfr_years=10 (levensduur vanaf fabricagedatum, ongebruikt/op voorraad). Document noemt geen apart aantal jaren vanaf eerste gebruik (max_age_use_years) - vervanging na gebruik is uitsluitend conditie/inspectie-gebaseerd (breuken, slijtage, smeltvezels), dus max_age_use_years blijft leeg. Delen dit document/getal met alle andere XTC-48-familie producten die dezelfde use-instructions-kaart gebruiken."
e1617f89-1c76-4c7f-9ccc-03c04840806f,Yale Cordage,XTC-48 Scandere Purple 11.7mm,,,,,,,10,,,,,,,,,,,,,,"Use & Care Card XTC-48 (yalecordage.com/resources/use-and-care-cards/), van toepassing op de hele XTC-48-familie incl. R.I.N.G. Rope en Scandere (bevestigd op de productpagina's xtc-48-ring-rope en xtc-48-scandere). Curl-geverifieerd: 200 application/pdf. Bestaande manual_url (Attachment-6-Use-instructions-Card-XTC-48-English.pdf, P/N 10017603) gelezen, sectie ""ROPE WEAR and OBSOLESCENCE"": ""The maximum Life Span of a rope is 10 years in as new, unused condition."" -> max_age_mfr_years=10 (levensduur vanaf fabricagedatum, ongebruikt/op voorraad). Document noemt geen apart aantal jaren vanaf eerste gebruik (max_age_use_years) - vervanging na gebruik is uitsluitend conditie/inspectie-gebaseerd (breuken, slijtage, smeltvezels), dus max_age_use_years blijft leeg. Delen dit document/getal met alle andere XTC-48-familie producten die dezelfde use-instructions-kaart gebruiken."
a4872bc6-c5c7-4021-844a-fad97d4796eb,Yale Cordage,XTC-48 Scandere Red 11.7mm,,,,,,,10,,,,,,,,,,,,,,"Use & Care Card XTC-48 (yalecordage.com/resources/use-and-care-cards/), van toepassing op de hele XTC-48-familie incl. R.I.N.G. Rope en Scandere (bevestigd op de productpagina's xtc-48-ring-rope en xtc-48-scandere). Curl-geverifieerd: 200 application/pdf. Bestaande manual_url (Attachment-6-Use-instructions-Card-XTC-48-English.pdf, P/N 10017603) gelezen, sectie ""ROPE WEAR and OBSOLESCENCE"": ""The maximum Life Span of a rope is 10 years in as new, unused condition."" -> max_age_mfr_years=10 (levensduur vanaf fabricagedatum, ongebruikt/op voorraad). Document noemt geen apart aantal jaren vanaf eerste gebruik (max_age_use_years) - vervanging na gebruik is uitsluitend conditie/inspectie-gebaseerd (breuken, slijtage, smeltvezels), dus max_age_use_years blijft leeg. Delen dit document/getal met alle andere XTC-48-familie producten die dezelfde use-instructions-kaart gebruiken."
88f73566-8b8f-4f6a-b6b3-e3586553b7ff,Yale Cordage,XTC-48 Scandere Yellow 11.7mm,,,,,,,10,,,,,,,,,,,,,,"Use & Care Card XTC-48 (yalecordage.com/resources/use-and-care-cards/), van toepassing op de hele XTC-48-familie incl. R.I.N.G. Rope en Scandere (bevestigd op de productpagina's xtc-48-ring-rope en xtc-48-scandere). Curl-geverifieerd: 200 application/pdf. Bestaande manual_url (Attachment-6-Use-instructions-Card-XTC-48-English.pdf, P/N 10017603) gelezen, sectie ""ROPE WEAR and OBSOLESCENCE"": ""The maximum Life Span of a rope is 10 years in as new, unused condition."" -> max_age_mfr_years=10 (levensduur vanaf fabricagedatum, ongebruikt/op voorraad). Document noemt geen apart aantal jaren vanaf eerste gebruik (max_age_use_years) - vervanging na gebruik is uitsluitend conditie/inspectie-gebaseerd (breuken, slijtage, smeltvezels), dus max_age_use_years blijft leeg. Delen dit document/getal met alle andere XTC-48-familie producten die dezelfde use-instructions-kaart gebruiken."
0d5ce8fb-f6d1-4af9-bd6b-f2a6481f06bf,Yale Cordage,XTC-48 Tech-Kern 11.4mm,,,,,,,10,,,,,,,,https://www.yalecordage.com/wp-content/uploads/2026/05/Attachment-6-Use-instructions-Card-XTC-48-English.pdf,,,,,,"Huidige manual_url (Rope-Inspection-Guide-2026-Balanced-Double-Braid.pdf) gelezen: puur een visuele inspectie/schade-gids (protruding strand, abrasie, kern-schade, versleten oog), GEEN vermelding van levensduur in jaren. Dit product is onderdeel van de XTC-48-lijn (Arborist Product Guide 2024 TCIA, p.5: ""Classic XTC-48 design with CE EN Type A 1891 certification""), waarvoor Yale wel een aparte Use & Instructions Card publiceert. manual_url daarom voorgesteld te wijzigen naar Attachment-6-Use-instructions-Card-XTC-48-English.pdf (P/N 10017603, zelfde document als bij de andere XTC-48-varianten), sectie ""ROPE WEAR and OBSOLESCENCE"": ""The maximum Life Span of a rope is 10 years in as new, unused condition."" -> max_age_mfr_years=10. Geen getal voor jaren vanaf eerste gebruik vermeld, dus max_age_use_years blijft leeg. LET OP: dit is een voorgestelde wijziging van manual_url (van inspectiegids naar use-instructions-kaart) - graag zelf verifiëren of dit de gewenste keuze is."
