id,brand,name,product_type,category,material,standard,manufacturer_code,max_age_use_years,max_age_mfr_years,breaking_strength,working_load_limit,max_user_weight_kg,rope_diameter_min_mm,rope_diameter_max_mm,serial_number_location,interval_override_months,manual_url,product_page_url,recall_url,recall_date,inspection_notice_url,inspection_notice_date,notes
c2280b7c-2f36-4b9b-8cd5-16425a104f2c,Petzl,ABSORBICA-I VARIO,,,,,,,10,,,,,,,,,,,,,,"Leeftijd mfr: 10 jaar. Petzl's eigen Technical Notice zegt voor deze textiel/kunststof-categorie (harnas/touw/sling/lanyard/helm/energy absorber) expliciet ""Lifespan: 10 years"" (icoon A) - geverifieerd in 3 verschillende Petzl-handleidingen (harnas ASTRO, helm STRATO, touw AXIS), dus universeel voor deze productgroep. Regel bevestigd door Jos (2026-09-18). max_age_use_years bewust leeg gelaten: Petzl noemt geen apart getal voor 'jaren vanaf eerste gebruik', alleen deze ene leeftijdsgrens vanaf fabricagedatum."
d82aaa43-0cda-4cca-a879-f01e4838dcb9,Petzl,Am'D,,,,,,999,,,,,,,,,,,,,,,"Leeftijd: onbeperkt (999) voor use en mfr. Petzl's eigen Technical Notice zegt voor deze hardware-categorie (connector/pulley/descender/rope clamp/mobile fall arrester/line brake/swivel) expliciet ""Unlimited lifespan"" (icoon A), ook als het product kleine kunststof/nylon onderdelen bevat (bv. een sheave of handgreep) - geverifieerd o.a. bij WILLIAM TRIACT-LOCK. Zelfde categorie-conventie als de reeds bestaande 999-rijen in deze catalogus (o.a. GRIGRI, CROLL, MAESTRO, SPIN, ZIGZAG). Regel bevestigd door Jos (2026-09-18)."
0a1fa33b-4396-4b21-9c16-6e1113077e96,Petzl,Am'D BALL-LOCK,,,,,,999,,,,,,,,,,,,,,,"Leeftijd: onbeperkt (999) voor use en mfr. Petzl's eigen Technical Notice zegt voor deze hardware-categorie (connector/pulley/descender/rope clamp/mobile fall arrester/line brake/swivel) expliciet ""Unlimited lifespan"" (icoon A), ook als het product kleine kunststof/nylon onderdelen bevat (bv. een sheave of handgreep) - geverifieerd o.a. bij WILLIAM TRIACT-LOCK. Zelfde categorie-conventie als de reeds bestaande 999-rijen in deze catalogus (o.a. GRIGRI, CROLL, MAESTRO, SPIN, ZIGZAG). Regel bevestigd door Jos (2026-09-18)."
e7944ff7-479a-4c9c-99f2-41f02887e69b,Petzl,Am'D PIN-LOCK,,,,,,999,,,,,,,,,,,,,,,"Leeftijd: onbeperkt (999) voor use en mfr. Petzl's eigen Technical Notice zegt voor deze hardware-categorie (connector/pulley/descender/rope clamp/mobile fall arrester/line brake/swivel) expliciet ""Unlimited lifespan"" (icoon A), ook als het product kleine kunststof/nylon onderdelen bevat (bv. een sheave of handgreep) - geverifieerd o.a. bij WILLIAM TRIACT-LOCK. Zelfde categorie-conventie als de reeds bestaande 999-rijen in deze catalogus (o.a. GRIGRI, CROLL, MAESTRO, SPIN, ZIGZAG). Regel bevestigd door Jos (2026-09-18)."
bf75a33e-3ef9-4c35-9e4a-a86fd8b7cc11,Petzl,Am'D SCREW-LOCK,,,,,,999,,,,,,,,,,,,,,,"Leeftijd: onbeperkt (999) voor use en mfr. Petzl's eigen Technical Notice zegt voor deze hardware-categorie (connector/pulley/descender/rope clamp/mobile fall arrester/line brake/swivel) expliciet ""Unlimited lifespan"" (icoon A), ook als het product kleine kunststof/nylon onderdelen bevat (bv. een sheave of handgreep) - geverifieerd o.a. bij WILLIAM TRIACT-LOCK. Zelfde categorie-conventie als de reeds bestaande 999-rijen in deze catalogus (o.a. GRIGRI, CROLL, MAESTRO, SPIN, ZIGZAG). Regel bevestigd door Jos (2026-09-18)."
2fa36faa-4c2d-4c8a-9c25-1154bb398464,Petzl,Am'D TRIACT-LOCK,,,,,,999,,,,,,,,,,,,,,,"Leeftijd: onbeperkt (999) voor use en mfr. Petzl's eigen Technical Notice zegt voor deze hardware-categorie (connector/pulley/descender/rope clamp/mobile fall arrester/line brake/swivel) expliciet ""Unlimited lifespan"" (icoon A), ook als het product kleine kunststof/nylon onderdelen bevat (bv. een sheave of handgreep) - geverifieerd o.a. bij WILLIAM TRIACT-LOCK. Zelfde categorie-conventie als de reeds bestaande 999-rijen in deze catalogus (o.a. GRIGRI, CROLL, MAESTRO, SPIN, ZIGZAG). Regel bevestigd door Jos (2026-09-18)."
5593e906-d296-48df-841c-bf17896f7bf1,Petzl,ANNEAU 60cm Yellow,,,,,,,10,,,,,,,,,,,,,,"Bandlus die ook als tijdelijke ankervoorziening (EN 795 type B) mag worden gebruikt. Geteste treksterkte 2x22 kN. Kleurcode geeft de lengte aan: 60 cm geel. Bron: technische handleiding ANNEAU G0007000G (16-01-2025). Leeftijd mfr: 10 jaar. Petzl's eigen Technical Notice zegt voor deze textiel/kunststof-categorie (harnas/touw/sling/lanyard/helm/energy absorber) expliciet ""Lifespan: 10 years"" (icoon A) - geverifieerd in 3 verschillende Petzl-handleidingen (harnas ASTRO, helm STRATO, touw AXIS), dus universeel voor deze productgroep. Regel bevestigd door Jos (2026-09-18). max_age_use_years bewust leeg gelaten: Petzl noemt geen apart getal voor 'jaren vanaf eerste gebruik', alleen deze ene leeftijdsgrens vanaf fabricagedatum."
8415ef89-6221-4151-b681-8e8d76fee7d3,Petzl,ANNEAU 80cm Blue,,,,,,,10,,,,,,,,,,,,,,"Bandlus die ook als tijdelijke ankervoorziening (EN 795 type B) mag worden gebruikt. Geteste treksterkte 2x22 kN. Kleurcode geeft de lengte aan: 80 cm blauw. Bron: technische handleiding ANNEAU G0007000G (16-01-2025). Leeftijd mfr: 10 jaar. Petzl's eigen Technical Notice zegt voor deze textiel/kunststof-categorie (harnas/touw/sling/lanyard/helm/energy absorber) expliciet ""Lifespan: 10 years"" (icoon A) - geverifieerd in 3 verschillende Petzl-handleidingen (harnas ASTRO, helm STRATO, touw AXIS), dus universeel voor deze productgroep. Regel bevestigd door Jos (2026-09-18). max_age_use_years bewust leeg gelaten: Petzl noemt geen apart getal voor 'jaren vanaf eerste gebruik', alleen deze ene leeftijdsgrens vanaf fabricagedatum."
21cfdc62-b745-4c66-b3d9-529413ad201b,Petzl,ANNEAU 120cm Green,,,,,,,10,,,,,,,,,,,,,,"Bandlus die ook als tijdelijke ankervoorziening (EN 795 type B) mag worden gebruikt. Geteste treksterkte 2x22 kN. Kleurcode geeft de lengte aan: 120 cm groen. Bron: technische handleiding ANNEAU G0007000G (16-01-2025). Leeftijd mfr: 10 jaar. Petzl's eigen Technical Notice zegt voor deze textiel/kunststof-categorie (harnas/touw/sling/lanyard/helm/energy absorber) expliciet ""Lifespan: 10 years"" (icoon A) - geverifieerd in 3 verschillende Petzl-handleidingen (harnas ASTRO, helm STRATO, touw AXIS), dus universeel voor deze productgroep. Regel bevestigd door Jos (2026-09-18). max_age_use_years bewust leeg gelaten: Petzl noemt geen apart getal voor 'jaren vanaf eerste gebruik', alleen deze ene leeftijdsgrens vanaf fabricagedatum."
e386c3b9-e7a1-43b4-9851-bf5b2e1f508b,Petzl,ANNEAU 150cm Red,,,,,,,10,,,,,,,,,,,,,,"Bandlus die ook als tijdelijke ankervoorziening (EN 795 type B) mag worden gebruikt. Geteste treksterkte 2x22 kN. Kleurcode geeft de lengte aan: 150 cm rood. Bron: technische handleiding ANNEAU G0007000G (16-01-2025). Leeftijd mfr: 10 jaar. Petzl's eigen Technical Notice zegt voor deze textiel/kunststof-categorie (harnas/touw/sling/lanyard/helm/energy absorber) expliciet ""Lifespan: 10 years"" (icoon A) - geverifieerd in 3 verschillende Petzl-handleidingen (harnas ASTRO, helm STRATO, touw AXIS), dus universeel voor deze productgroep. Regel bevestigd door Jos (2026-09-18). max_age_use_years bewust leeg gelaten: Petzl noemt geen apart getal voor 'jaren vanaf eerste gebruik', alleen deze ene leeftijdsgrens vanaf fabricagedatum."
7ebc894c-8d15-4be3-812f-754bf0d04850,Petzl,ANNEAU Tactical 60cm Black,,,,,,,10,,,,,,,,,,,,,,"Bandlus die ook als tijdelijke ankervoorziening (EN 795 type B) mag worden gebruikt. Geteste treksterkte 2x22 kN. Zelfde product als de ANNEAU uit de Professional-serie, alleen zwart in plaats van gekleurd per lengte. 60 cm, 60 g. NSN 3940-145568722. Leeftijd mfr: 10 jaar. Petzl's eigen Technical Notice zegt voor deze textiel/kunststof-categorie (harnas/touw/sling/lanyard/helm/energy absorber) expliciet ""Lifespan: 10 years"" (icoon A) - geverifieerd in 3 verschillende Petzl-handleidingen (harnas ASTRO, helm STRATO, touw AXIS), dus universeel voor deze productgroep. Regel bevestigd door Jos (2026-09-18). max_age_use_years bewust leeg gelaten: Petzl noemt geen apart getal voor 'jaren vanaf eerste gebruik', alleen deze ene leeftijdsgrens vanaf fabricagedatum."
285d5852-23a7-452c-b051-4b4a20843f14,Petzl,ANNEAU Tactical 80cm Black,,,,,,,10,,,,,,,,,,,,,,"Bandlus die ook als tijdelijke ankervoorziening (EN 795 type B) mag worden gebruikt. Geteste treksterkte 2x22 kN. Zelfde product als de ANNEAU uit de Professional-serie, alleen zwart in plaats van gekleurd per lengte. 80 cm, 80 g. NSN 3940-145568730. Leeftijd mfr: 10 jaar. Petzl's eigen Technical Notice zegt voor deze textiel/kunststof-categorie (harnas/touw/sling/lanyard/helm/energy absorber) expliciet ""Lifespan: 10 years"" (icoon A) - geverifieerd in 3 verschillende Petzl-handleidingen (harnas ASTRO, helm STRATO, touw AXIS), dus universeel voor deze productgroep. Regel bevestigd door Jos (2026-09-18). max_age_use_years bewust leeg gelaten: Petzl noemt geen apart getal voor 'jaren vanaf eerste gebruik', alleen deze ene leeftijdsgrens vanaf fabricagedatum."
dc358b4e-7a45-4636-8b62-71b2d5b02a20,Petzl,ANNEAU Tactical 120cm Black,,,,,,,10,,,,,,,,,,,,,,"Bandlus die ook als tijdelijke ankervoorziening (EN 795 type B) mag worden gebruikt. Geteste treksterkte 2x22 kN. Zelfde product als de ANNEAU uit de Professional-serie, alleen zwart in plaats van gekleurd per lengte. 120 cm, 100 g. NSN 3940-145568741. Leeftijd mfr: 10 jaar. Petzl's eigen Technical Notice zegt voor deze textiel/kunststof-categorie (harnas/touw/sling/lanyard/helm/energy absorber) expliciet ""Lifespan: 10 years"" (icoon A) - geverifieerd in 3 verschillende Petzl-handleidingen (harnas ASTRO, helm STRATO, touw AXIS), dus universeel voor deze productgroep. Regel bevestigd door Jos (2026-09-18). max_age_use_years bewust leeg gelaten: Petzl noemt geen apart getal voor 'jaren vanaf eerste gebruik', alleen deze ene leeftijdsgrens vanaf fabricagedatum."
db0da47d-2620-4087-bfcb-8e8f30c6a638,Petzl,ASAP,,,,,,999,,,,,,,,,,,,,,,"VEILIGHEIDSNOTITIE (Jos, 2026-09-18): Petzl heeft in 2026 een nieuwe generatie ASAP/ASAP LOCK en ASAP'SORBER uitgebracht, met beperkte onderlinge compatibiliteit tussen generaties (Petzl's eigen compatibiliteitspagina: ""Générations d'ASAP et ASAP LOCK - Compatibilités avec les ASAP'SORBER""). Na analyse is maar één combinatie praktisch relevant: een ASAP van vóór 2014 (metalen apparaat, geen fabrieksmaximum-leeftijd — mag dus decennialang in dienst blijven) mag niet gecombineerd worden met een nieuwe (2026-generatie) ASAP'SORBER-valdemper — Petzl classificeert dat als ""Not tested/not approved"". De andere richting (oude ASAP'SORBER + nieuwe ASAP) is al afgedekt door de bestaande 10-jaar leeftijdsgrens van de valdemper zelf, dus geen apart aandachtspunt. Generaties zijn op uiterlijk te onderscheiden (foto's op Petzl's compatibiliteitspagina), niet op serienummer. ASAP LOCK bestaat pas sinds 2014 (geen pre-2014-generatie) en valt dus buiten dit risico — geen aparte notitie op die rij nodig. Leeftijd: onbeperkt (999) voor use en mfr. Petzl's eigen Technical Notice zegt voor deze hardware-categorie (connector/pulley/descender/rope clamp/mobile fall arrester/line brake/swivel) expliciet ""Unlimited lifespan"" (icoon A), ook als het product kleine kunststof/nylon onderdelen bevat (bv. een sheave of handgreep) - geverifieerd o.a. bij WILLIAM TRIACT-LOCK. Zelfde categorie-conventie als de reeds bestaande 999-rijen in deze catalogus (o.a. GRIGRI, CROLL, MAESTRO, SPIN, ZIGZAG). Regel bevestigd door Jos (2026-09-18)."
0d7eb907-274b-4ee5-a904-ba40cda72a2a,Petzl,ASAP LOCK,,,,,,999,,,,,,,,,,,,,,,"Leeftijd: onbeperkt (999) voor use en mfr. Petzl's eigen Technical Notice zegt voor deze hardware-categorie (connector/pulley/descender/rope clamp/mobile fall arrester/line brake/swivel) expliciet ""Unlimited lifespan"" (icoon A), ook als het product kleine kunststof/nylon onderdelen bevat (bv. een sheave of handgreep) - geverifieerd o.a. bij WILLIAM TRIACT-LOCK. Zelfde categorie-conventie als de reeds bestaande 999-rijen in deze catalogus (o.a. GRIGRI, CROLL, MAESTRO, SPIN, ZIGZAG). Regel bevestigd door Jos (2026-09-18)."
03477da9-33a8-4d72-86a5-8dc9b43b21ee,Petzl,ASAP'SORBER 20,,,,,,,10,,,,,,,,,,,,,,"Alleen te gebruiken met een ASAP of ASAP LOCK. 20 cm, 90 g. Eén persoon, niet voor redding. Hoes vervangbaar als los onderdeel (ASAP'SORBER Pouch, L071EC01) — open de hoes bij de keuring om het scheurband te kunnen zien. Leeftijd mfr: 10 jaar. Petzl's eigen Technical Notice zegt voor deze textiel/kunststof-categorie (harnas/touw/sling/lanyard/helm/energy absorber) expliciet ""Lifespan: 10 years"" (icoon A) - geverifieerd in 3 verschillende Petzl-handleidingen (harnas ASTRO, helm STRATO, touw AXIS), dus universeel voor deze productgroep. Regel bevestigd door Jos (2026-09-18). max_age_use_years bewust leeg gelaten: Petzl noemt geen apart getal voor 'jaren vanaf eerste gebruik', alleen deze ene leeftijdsgrens vanaf fabricagedatum."
821dd645-8e23-4c98-ae43-be799622d23a,Petzl,ASAP'SORBER 40,,,,,,,10,,,,,,,,,,,,,,"Alleen te gebruiken met een ASAP of ASAP LOCK. 40 cm, 100 g. Eén persoon, niet voor redding. Hoes vervangbaar als los onderdeel (ASAP'SORBER Pouch, L071EC01) — open de hoes bij de keuring om het scheurband te kunnen zien. Leeftijd mfr: 10 jaar. Petzl's eigen Technical Notice zegt voor deze textiel/kunststof-categorie (harnas/touw/sling/lanyard/helm/energy absorber) expliciet ""Lifespan: 10 years"" (icoon A) - geverifieerd in 3 verschillende Petzl-handleidingen (harnas ASTRO, helm STRATO, touw AXIS), dus universeel voor deze productgroep. Regel bevestigd door Jos (2026-09-18). max_age_use_years bewust leeg gelaten: Petzl noemt geen apart getal voor 'jaren vanaf eerste gebruik', alleen deze ene leeftijdsgrens vanaf fabricagedatum."
84c0b340-f99c-4d4c-80d9-c600102a8aae,Petzl,ASAP'SORBER AXESS,,,,,,,10,,,,,,,,,,,,,,"Alleen te gebruiken met een ASAP of ASAP LOCK. 40 cm, 140 g. Mag wél voor redding met twee personen (tot 250 kg). Hoes vervangbaar als los onderdeel (ASAP'SORBER AXESS Pouch, L071EC00) — open de hoes bij de keuring om het scheurband te kunnen zien. Leeftijd mfr: 10 jaar. Petzl's eigen Technical Notice zegt voor deze textiel/kunststof-categorie (harnas/touw/sling/lanyard/helm/energy absorber) expliciet ""Lifespan: 10 years"" (icoon A) - geverifieerd in 3 verschillende Petzl-handleidingen (harnas ASTRO, helm STRATO, touw AXIS), dus universeel voor deze productgroep. Regel bevestigd door Jos (2026-09-18). max_age_use_years bewust leeg gelaten: Petzl noemt geen apart getal voor 'jaren vanaf eerste gebruik', alleen deze ene leeftijdsgrens vanaf fabricagedatum."
1e747012-4012-4e4f-b0ba-17c086d5fa7b,Petzl,ASCENSION Left,,,,,,999,,,,,,,,,,,,,,,"Leeftijd: onbeperkt (999) voor use en mfr. Petzl's eigen Technical Notice zegt voor deze hardware-categorie (connector/pulley/descender/rope clamp/mobile fall arrester/line brake/swivel) expliciet ""Unlimited lifespan"" (icoon A), ook als het product kleine kunststof/nylon onderdelen bevat (bv. een sheave of handgreep) - geverifieerd o.a. bij WILLIAM TRIACT-LOCK. Zelfde categorie-conventie als de reeds bestaande 999-rijen in deze catalogus (o.a. GRIGRI, CROLL, MAESTRO, SPIN, ZIGZAG). Regel bevestigd door Jos (2026-09-18)."
1a8b9650-065c-4af6-89f7-e1b678d1fd1d,Petzl,ASCENSION Right,,,,,,999,,,,,,,,,,,,,,,"Leeftijd: onbeperkt (999) voor use en mfr. Petzl's eigen Technical Notice zegt voor deze hardware-categorie (connector/pulley/descender/rope clamp/mobile fall arrester/line brake/swivel) expliciet ""Unlimited lifespan"" (icoon A), ook als het product kleine kunststof/nylon onderdelen bevat (bv. een sheave of handgreep) - geverifieerd o.a. bij WILLIAM TRIACT-LOCK. Zelfde categorie-conventie als de reeds bestaande 999-rijen in deze catalogus (o.a. GRIGRI, CROLL, MAESTRO, SPIN, ZIGZAG). Regel bevestigd door Jos (2026-09-18)."
88c6b6dd-805b-4333-bc3d-d3f2f43ccfa8,Petzl,ASCENTREE,,,,,,999,,,,,,,,,,,,,,,"Leeftijd: onbeperkt (999) voor use en mfr. Petzl's eigen Technical Notice zegt voor deze hardware-categorie (connector/pulley/descender/rope clamp/mobile fall arrester/line brake/swivel) expliciet ""Unlimited lifespan"" (icoon A), ook als het product kleine kunststof/nylon onderdelen bevat (bv. een sheave of handgreep) - geverifieerd o.a. bij WILLIAM TRIACT-LOCK. Zelfde categorie-conventie als de reeds bestaande 999-rijen in deze catalogus (o.a. GRIGRI, CROLL, MAESTRO, SPIN, ZIGZAG). Regel bevestigd door Jos (2026-09-18)."
e79a7783-80bb-4b7f-9960-2e6e33ee18df,Petzl,ASTRO BOD FAST (Size 0),,,,,,,10,,,,,,,,,,,,,,"Maat 0 (XXS/S). LET OP - aanname: de productnaam 'ASTRO BOD FAST' bestaat niet meer als aparte URL/vermelding op petzl.com (alle varianten gaven 404). Petzl lijkt dit product hernoemd te hebben naar gewoon 'ASTRO' (dit is al eerder in deze catalogus zo verwerkt: product_page_url stond hier al op .../Harnesses/ASTRO i.p.v. .../ASTRO-BOD-FAST). De 'ASTRO EUR'-handleiding hierboven beschrijft letterlijk de kenmerken die eerder 'BOD FAST' definieerden (geintegreerde CROLL L buiktouwklem + FAST-gespen); tekst van de PDF zelf gecontroleerd (geen productcode erin, alleen documentnummer C0190900D), dus de gevonden 'codes C083AB00/01/02' voor de European Version zijn NIET uit deze PDF bevestigd en wijken af van het manufacturer_code dat al in deze rij staat (C083AA00) - mogelijk gewoon een revisiesuffix-verschil, maar niet 100% zeker. Er bestaat ook een 'International Version' (ANSI) met een ANDER Technical Notice-document: https://www.petzl.com/sfc/servlet.shepherd/version/download/068bK000010HKEqQAO (ook curl-geverifieerd: 200/application-pdf). Zijdelings gevonden: een lopende Petzl-veiligheidswaarschuwing (2026-02-23) over vroegtijdige slijtage van de schroeven van het openklapbare buikbevestigingspunt op ASTRO-harnassen van voor oktober 2023 — al in inspection_notice_url van deze rij verwerkt. Leeftijd mfr: 10 jaar. Petzl's eigen Technical Notice zegt voor deze textiel/kunststof-categorie (harnas/touw/sling/lanyard/helm/energy absorber) expliciet ""Lifespan: 10 years"" (icoon A) - geverifieerd in 3 verschillende Petzl-handleidingen (harnas ASTRO, helm STRATO, touw AXIS), dus universeel voor deze productgroep. Regel bevestigd door Jos (2026-09-18). max_age_use_years bewust leeg gelaten: Petzl noemt geen apart getal voor 'jaren vanaf eerste gebruik', alleen deze ene leeftijdsgrens vanaf fabricagedatum."
3ce0ce1c-3486-49e1-a9be-cbb647d356ae,Petzl,ASTRO BOD FAST (Size 1),,,,,,,10,,,,,,,,,,,,,,"Maat 1 (S/L). Zie uitgebreide toelichting bij Size 0 (zelfde LET OP - aanname over de hernoeming BOD FAST -> ASTRO). manual_url is dezelfde European Version Technical Notice (dekt alle 3 maten). Leeftijd mfr: 10 jaar. Petzl's eigen Technical Notice zegt voor deze textiel/kunststof-categorie (harnas/touw/sling/lanyard/helm/energy absorber) expliciet ""Lifespan: 10 years"" (icoon A) - geverifieerd in 3 verschillende Petzl-handleidingen (harnas ASTRO, helm STRATO, touw AXIS), dus universeel voor deze productgroep. Regel bevestigd door Jos (2026-09-18). max_age_use_years bewust leeg gelaten: Petzl noemt geen apart getal voor 'jaren vanaf eerste gebruik', alleen deze ene leeftijdsgrens vanaf fabricagedatum."
12d81529-67f8-4826-8893-68fd863eb748,Petzl,ASTRO BOD FAST (Size 2),,,,,,,10,,,,,,,,,,,,,,"Maat 2 (L/XXL). Zie uitgebreide toelichting bij Size 0 (zelfde LET OP - aanname over de hernoeming BOD FAST -> ASTRO). manual_url is dezelfde European Version Technical Notice (dekt alle 3 maten). Leeftijd mfr: 10 jaar. Petzl's eigen Technical Notice zegt voor deze textiel/kunststof-categorie (harnas/touw/sling/lanyard/helm/energy absorber) expliciet ""Lifespan: 10 years"" (icoon A) - geverifieerd in 3 verschillende Petzl-handleidingen (harnas ASTRO, helm STRATO, touw AXIS), dus universeel voor deze productgroep. Regel bevestigd door Jos (2026-09-18). max_age_use_years bewust leeg gelaten: Petzl noemt geen apart getal voor 'jaren vanaf eerste gebruik', alleen deze ene leeftijdsgrens vanaf fabricagedatum."
ea62583f-b7b1-4ef3-8fdc-f067614f3093,Petzl,AVAO European Version (Size 0),,,,,,,10,,,,,,,,,,,,,,"Maat 0, heupriem 65-80 cm, beenlussen 44-59 cm, lichaamslengte 160-180 cm. Leeftijd mfr: 10 jaar. Petzl's eigen Technical Notice zegt voor deze textiel/kunststof-categorie (harnas/touw/sling/lanyard/helm/energy absorber) expliciet ""Lifespan: 10 years"" (icoon A) - geverifieerd in 3 verschillende Petzl-handleidingen (harnas ASTRO, helm STRATO, touw AXIS), dus universeel voor deze productgroep. Regel bevestigd door Jos (2026-09-18). max_age_use_years bewust leeg gelaten: Petzl noemt geen apart getal voor 'jaren vanaf eerste gebruik', alleen deze ene leeftijdsgrens vanaf fabricagedatum."
47c9a068-d286-4c08-b73a-6f34acc25268,Petzl,AVAO European Version (Size 1),,,,,,,10,,,,,,,,,,,,,,"Maat 1, heupriem 70-93 cm, beenlussen 47-62 cm, lichaamslengte 165-185 cm. Leeftijd mfr: 10 jaar. Petzl's eigen Technical Notice zegt voor deze textiel/kunststof-categorie (harnas/touw/sling/lanyard/helm/energy absorber) expliciet ""Lifespan: 10 years"" (icoon A) - geverifieerd in 3 verschillende Petzl-handleidingen (harnas ASTRO, helm STRATO, touw AXIS), dus universeel voor deze productgroep. Regel bevestigd door Jos (2026-09-18). max_age_use_years bewust leeg gelaten: Petzl noemt geen apart getal voor 'jaren vanaf eerste gebruik', alleen deze ene leeftijdsgrens vanaf fabricagedatum."
a7a94f15-8157-49f6-83ed-20bb1c0a3465,Petzl,AVAO European Version (Size 2),,,,,,,10,,,,,,,,,,,,,,"Maat 2, heupriem 83-120 cm, beenlussen 50-65 cm, lichaamslengte 175-200 cm. Leeftijd mfr: 10 jaar. Petzl's eigen Technical Notice zegt voor deze textiel/kunststof-categorie (harnas/touw/sling/lanyard/helm/energy absorber) expliciet ""Lifespan: 10 years"" (icoon A) - geverifieerd in 3 verschillende Petzl-handleidingen (harnas ASTRO, helm STRATO, touw AXIS), dus universeel voor deze productgroep. Regel bevestigd door Jos (2026-09-18). max_age_use_years bewust leeg gelaten: Petzl noemt geen apart getal voor 'jaren vanaf eerste gebruik', alleen deze ene leeftijdsgrens vanaf fabricagedatum."
b23b2899-4461-4e65-bd49-e353e4c60089,Petzl,AVAO FAST European Version (Size 0),,,,,,,10,,,,,,,,,,,,,,"Maat 0, heupriem 65-80 cm, beenlussen 44-59 cm, lichaamslengte 160-180 cm. Zelfde gordel in een andere kleur: C071BB03. Leeftijd mfr: 10 jaar. Petzl's eigen Technical Notice zegt voor deze textiel/kunststof-categorie (harnas/touw/sling/lanyard/helm/energy absorber) expliciet ""Lifespan: 10 years"" (icoon A) - geverifieerd in 3 verschillende Petzl-handleidingen (harnas ASTRO, helm STRATO, touw AXIS), dus universeel voor deze productgroep. Regel bevestigd door Jos (2026-09-18). max_age_use_years bewust leeg gelaten: Petzl noemt geen apart getal voor 'jaren vanaf eerste gebruik', alleen deze ene leeftijdsgrens vanaf fabricagedatum."
6d9783fb-11c7-4b82-9880-be58793a78d4,Petzl,AVAO FAST European Version (Size 1),,,,,,,10,,,,,,,,,,,,,,"Maat 1, heupriem 70-93 cm, beenlussen 47-62 cm, lichaamslengte 165-185 cm. Zelfde gordel in een andere kleur: C071BB04. Leeftijd mfr: 10 jaar. Petzl's eigen Technical Notice zegt voor deze textiel/kunststof-categorie (harnas/touw/sling/lanyard/helm/energy absorber) expliciet ""Lifespan: 10 years"" (icoon A) - geverifieerd in 3 verschillende Petzl-handleidingen (harnas ASTRO, helm STRATO, touw AXIS), dus universeel voor deze productgroep. Regel bevestigd door Jos (2026-09-18). max_age_use_years bewust leeg gelaten: Petzl noemt geen apart getal voor 'jaren vanaf eerste gebruik', alleen deze ene leeftijdsgrens vanaf fabricagedatum."
87d04707-2495-4fcf-a095-8262e8257c3b,Petzl,AVAO FAST European Version (Size 2),,,,,,,10,,,,,,,,,,,,,,"Maat 2, heupriem 83-120 cm, beenlussen 50-65 cm, lichaamslengte 175-200 cm. Zelfde gordel in een andere kleur: C071BB05. Leeftijd mfr: 10 jaar. Petzl's eigen Technical Notice zegt voor deze textiel/kunststof-categorie (harnas/touw/sling/lanyard/helm/energy absorber) expliciet ""Lifespan: 10 years"" (icoon A) - geverifieerd in 3 verschillende Petzl-handleidingen (harnas ASTRO, helm STRATO, touw AXIS), dus universeel voor deze productgroep. Regel bevestigd door Jos (2026-09-18). max_age_use_years bewust leeg gelaten: Petzl noemt geen apart getal voor 'jaren vanaf eerste gebruik', alleen deze ene leeftijdsgrens vanaf fabricagedatum."
992e7669-5357-4241-9370-7c0d3e54fc12,Petzl,AVAO FAST International Version (Size 0),,,,,,,10,,,,,,,,,,,,,,"Maat 0, heupriem 65-80 cm, beenlussen 44-59 cm, lichaamslengte 160-180 cm. Zelfde gordel in een andere kleur: C071DB03. Leeftijd mfr: 10 jaar. Petzl's eigen Technical Notice zegt voor deze textiel/kunststof-categorie (harnas/touw/sling/lanyard/helm/energy absorber) expliciet ""Lifespan: 10 years"" (icoon A) - geverifieerd in 3 verschillende Petzl-handleidingen (harnas ASTRO, helm STRATO, touw AXIS), dus universeel voor deze productgroep. Regel bevestigd door Jos (2026-09-18). max_age_use_years bewust leeg gelaten: Petzl noemt geen apart getal voor 'jaren vanaf eerste gebruik', alleen deze ene leeftijdsgrens vanaf fabricagedatum."
c5cd4044-bcf6-43f2-9551-e2a2eceebe2d,Petzl,AVAO FAST International Version (Size 1),,,,,,,10,,,,,,,,,,,,,,"Maat 1, heupriem 70-93 cm, beenlussen 47-62 cm, lichaamslengte 165-185 cm. Zelfde gordel in een andere kleur: C071DB04. Leeftijd mfr: 10 jaar. Petzl's eigen Technical Notice zegt voor deze textiel/kunststof-categorie (harnas/touw/sling/lanyard/helm/energy absorber) expliciet ""Lifespan: 10 years"" (icoon A) - geverifieerd in 3 verschillende Petzl-handleidingen (harnas ASTRO, helm STRATO, touw AXIS), dus universeel voor deze productgroep. Regel bevestigd door Jos (2026-09-18). max_age_use_years bewust leeg gelaten: Petzl noemt geen apart getal voor 'jaren vanaf eerste gebruik', alleen deze ene leeftijdsgrens vanaf fabricagedatum."
86af098e-6a44-40e7-b064-25d9bc33de2e,Petzl,AVAO FAST International Version (Size 2),,,,,,,10,,,,,,,,,,,,,,"Maat 2, heupriem 83-120 cm, beenlussen 50-65 cm, lichaamslengte 175-200 cm. Zelfde gordel in een andere kleur: C071DB05. Leeftijd mfr: 10 jaar. Petzl's eigen Technical Notice zegt voor deze textiel/kunststof-categorie (harnas/touw/sling/lanyard/helm/energy absorber) expliciet ""Lifespan: 10 years"" (icoon A) - geverifieerd in 3 verschillende Petzl-handleidingen (harnas ASTRO, helm STRATO, touw AXIS), dus universeel voor deze productgroep. Regel bevestigd door Jos (2026-09-18). max_age_use_years bewust leeg gelaten: Petzl noemt geen apart getal voor 'jaren vanaf eerste gebruik', alleen deze ene leeftijdsgrens vanaf fabricagedatum."
cf49353a-154d-4cae-8915-8259e11db6aa,Petzl,AVAO International Version (Size 0),,,,,,,10,,,,,,,,,,,,,,"Maat 0, heupriem 65-80 cm, beenlussen 44-59 cm, lichaamslengte 160-180 cm. Leeftijd mfr: 10 jaar. Petzl's eigen Technical Notice zegt voor deze textiel/kunststof-categorie (harnas/touw/sling/lanyard/helm/energy absorber) expliciet ""Lifespan: 10 years"" (icoon A) - geverifieerd in 3 verschillende Petzl-handleidingen (harnas ASTRO, helm STRATO, touw AXIS), dus universeel voor deze productgroep. Regel bevestigd door Jos (2026-09-18). max_age_use_years bewust leeg gelaten: Petzl noemt geen apart getal voor 'jaren vanaf eerste gebruik', alleen deze ene leeftijdsgrens vanaf fabricagedatum."
b1738a7a-375c-42a4-a6b5-61758c0b6beb,Petzl,AVAO International Version (Size 1),,,,,,,10,,,,,,,,,,,,,,"Maat 1, heupriem 70-93 cm, beenlussen 47-62 cm, lichaamslengte 165-185 cm. Leeftijd mfr: 10 jaar. Petzl's eigen Technical Notice zegt voor deze textiel/kunststof-categorie (harnas/touw/sling/lanyard/helm/energy absorber) expliciet ""Lifespan: 10 years"" (icoon A) - geverifieerd in 3 verschillende Petzl-handleidingen (harnas ASTRO, helm STRATO, touw AXIS), dus universeel voor deze productgroep. Regel bevestigd door Jos (2026-09-18). max_age_use_years bewust leeg gelaten: Petzl noemt geen apart getal voor 'jaren vanaf eerste gebruik', alleen deze ene leeftijdsgrens vanaf fabricagedatum."
ced208f6-589b-480b-8ab6-3ffb5952d1af,Petzl,AVAO International Version (Size 2),,,,,,,10,,,,,,,,,,,,,,"Maat 2, heupriem 83-120 cm, beenlussen 50-65 cm, lichaamslengte 175-200 cm. Leeftijd mfr: 10 jaar. Petzl's eigen Technical Notice zegt voor deze textiel/kunststof-categorie (harnas/touw/sling/lanyard/helm/energy absorber) expliciet ""Lifespan: 10 years"" (icoon A) - geverifieerd in 3 verschillende Petzl-handleidingen (harnas ASTRO, helm STRATO, touw AXIS), dus universeel voor deze productgroep. Regel bevestigd door Jos (2026-09-18). max_age_use_years bewust leeg gelaten: Petzl noemt geen apart getal voor 'jaren vanaf eerste gebruik', alleen deze ene leeftijdsgrens vanaf fabricagedatum."
0a8b7bd9-0606-4902-9d66-4f9a7d6757e3,Petzl,AVAO SIT (Size 1),,,,,,,10,,,,,,,,,,,,,,"Maat 1, heupriem 70-93 cm, beenlussen 47-62 cm. Zelfde gordel in een andere kleur: C079AB02. Leeftijd mfr: 10 jaar. Petzl's eigen Technical Notice zegt voor deze textiel/kunststof-categorie (harnas/touw/sling/lanyard/helm/energy absorber) expliciet ""Lifespan: 10 years"" (icoon A) - geverifieerd in 3 verschillende Petzl-handleidingen (harnas ASTRO, helm STRATO, touw AXIS), dus universeel voor deze productgroep. Regel bevestigd door Jos (2026-09-18). max_age_use_years bewust leeg gelaten: Petzl noemt geen apart getal voor 'jaren vanaf eerste gebruik', alleen deze ene leeftijdsgrens vanaf fabricagedatum."
6e8ba82a-832b-4719-9bf4-77106ac89561,Petzl,AVAO SIT (Size 2),,,,,,,10,,,,,,,,,,,,,,"Maat 2, heupriem 83-120 cm, beenlussen 50-65 cm. Zelfde gordel in een andere kleur: C079AB03. Leeftijd mfr: 10 jaar. Petzl's eigen Technical Notice zegt voor deze textiel/kunststof-categorie (harnas/touw/sling/lanyard/helm/energy absorber) expliciet ""Lifespan: 10 years"" (icoon A) - geverifieerd in 3 verschillende Petzl-handleidingen (harnas ASTRO, helm STRATO, touw AXIS), dus universeel voor deze productgroep. Regel bevestigd door Jos (2026-09-18). max_age_use_years bewust leeg gelaten: Petzl noemt geen apart getal voor 'jaren vanaf eerste gebruik', alleen deze ene leeftijdsgrens vanaf fabricagedatum."
1f490783-e9ae-4595-befe-2dfbd940989f,Petzl,AVAO SIT FAST (Size 0),,,,,,,10,,,,,,,,,,,,,,"Maat 0, heupriem 65-80 cm, beenlussen 44-59 cm. Leeftijd mfr: 10 jaar. Petzl's eigen Technical Notice zegt voor deze textiel/kunststof-categorie (harnas/touw/sling/lanyard/helm/energy absorber) expliciet ""Lifespan: 10 years"" (icoon A) - geverifieerd in 3 verschillende Petzl-handleidingen (harnas ASTRO, helm STRATO, touw AXIS), dus universeel voor deze productgroep. Regel bevestigd door Jos (2026-09-18). max_age_use_years bewust leeg gelaten: Petzl noemt geen apart getal voor 'jaren vanaf eerste gebruik', alleen deze ene leeftijdsgrens vanaf fabricagedatum."
5a56c568-e7b5-4f89-8b83-85d782acc348,Petzl,AVAO SIT FAST (Size 1),,,,,,,10,,,,,,,,,,,,,,"Maat 1, heupriem 70-93 cm, beenlussen 47-62 cm. Leeftijd mfr: 10 jaar. Petzl's eigen Technical Notice zegt voor deze textiel/kunststof-categorie (harnas/touw/sling/lanyard/helm/energy absorber) expliciet ""Lifespan: 10 years"" (icoon A) - geverifieerd in 3 verschillende Petzl-handleidingen (harnas ASTRO, helm STRATO, touw AXIS), dus universeel voor deze productgroep. Regel bevestigd door Jos (2026-09-18). max_age_use_years bewust leeg gelaten: Petzl noemt geen apart getal voor 'jaren vanaf eerste gebruik', alleen deze ene leeftijdsgrens vanaf fabricagedatum."
b3c3725b-064b-4280-b02c-166db42743e5,Petzl,AVAO SIT FAST (Size 2),,,,,,,10,,,,,,,,,,,,,,"Maat 2, heupriem 83-120 cm, beenlussen 50-65 cm. Leeftijd mfr: 10 jaar. Petzl's eigen Technical Notice zegt voor deze textiel/kunststof-categorie (harnas/touw/sling/lanyard/helm/energy absorber) expliciet ""Lifespan: 10 years"" (icoon A) - geverifieerd in 3 verschillende Petzl-handleidingen (harnas ASTRO, helm STRATO, touw AXIS), dus universeel voor deze productgroep. Regel bevestigd door Jos (2026-09-18). max_age_use_years bewust leeg gelaten: Petzl noemt geen apart getal voor 'jaren vanaf eerste gebruik', alleen deze ene leeftijdsgrens vanaf fabricagedatum."
968d2b4d-7620-4cc8-b832-20bb4299de0f,Petzl,AXIS 11mm 5m Blue,,,,,,,10,,,,,,,,,,,,,,"Leeftijd mfr: 10 jaar. Petzl's eigen Technical Notice zegt voor deze textiel/kunststof-categorie (harnas/touw/sling/lanyard/helm/energy absorber) expliciet ""Lifespan: 10 years"" (icoon A) - geverifieerd in 3 verschillende Petzl-handleidingen (harnas ASTRO, helm STRATO, touw AXIS), dus universeel voor deze productgroep. Regel bevestigd door Jos (2026-09-18). max_age_use_years bewust leeg gelaten: Petzl noemt geen apart getal voor 'jaren vanaf eerste gebruik', alleen deze ene leeftijdsgrens vanaf fabricagedatum."
05b2bb73-8924-4db3-ab6e-78a2c3240951,Petzl,AXIS 11mm 5m Orange,,,,,,,10,,,,,,,,,,,,,,"Leeftijd mfr: 10 jaar. Petzl's eigen Technical Notice zegt voor deze textiel/kunststof-categorie (harnas/touw/sling/lanyard/helm/energy absorber) expliciet ""Lifespan: 10 years"" (icoon A) - geverifieerd in 3 verschillende Petzl-handleidingen (harnas ASTRO, helm STRATO, touw AXIS), dus universeel voor deze productgroep. Regel bevestigd door Jos (2026-09-18). max_age_use_years bewust leeg gelaten: Petzl noemt geen apart getal voor 'jaren vanaf eerste gebruik', alleen deze ene leeftijdsgrens vanaf fabricagedatum."
360b165d-841c-4098-9106-d5fd2be6c37e,Petzl,AXIS 11mm 5m Red,,,,,,,10,,,,,,,,,,,,,,"Leeftijd mfr: 10 jaar. Petzl's eigen Technical Notice zegt voor deze textiel/kunststof-categorie (harnas/touw/sling/lanyard/helm/energy absorber) expliciet ""Lifespan: 10 years"" (icoon A) - geverifieerd in 3 verschillende Petzl-handleidingen (harnas ASTRO, helm STRATO, touw AXIS), dus universeel voor deze productgroep. Regel bevestigd door Jos (2026-09-18). max_age_use_years bewust leeg gelaten: Petzl noemt geen apart getal voor 'jaren vanaf eerste gebruik', alleen deze ene leeftijdsgrens vanaf fabricagedatum."
bd5d94cf-46d0-4f47-97bf-0af5c33a5d38,Petzl,AXIS 11mm 5m Yellow,,,,,,,10,,,,,,,,,,,,,,"Leeftijd mfr: 10 jaar. Petzl's eigen Technical Notice zegt voor deze textiel/kunststof-categorie (harnas/touw/sling/lanyard/helm/energy absorber) expliciet ""Lifespan: 10 years"" (icoon A) - geverifieerd in 3 verschillende Petzl-handleidingen (harnas ASTRO, helm STRATO, touw AXIS), dus universeel voor deze productgroep. Regel bevestigd door Jos (2026-09-18). max_age_use_years bewust leeg gelaten: Petzl noemt geen apart getal voor 'jaren vanaf eerste gebruik', alleen deze ene leeftijdsgrens vanaf fabricagedatum."
16608b0a-d3fc-46fc-b865-7d8b26f6cdca,Petzl,BASIC,,,,,,999,,,,,,,,,,,,,,,"Leeftijd: onbeperkt (999) voor use en mfr. Petzl's eigen Technical Notice zegt voor deze hardware-categorie (connector/pulley/descender/rope clamp/mobile fall arrester/line brake/swivel) expliciet ""Unlimited lifespan"" (icoon A), ook als het product kleine kunststof/nylon onderdelen bevat (bv. een sheave of handgreep) - geverifieerd o.a. bij WILLIAM TRIACT-LOCK. Zelfde categorie-conventie als de reeds bestaande 999-rijen in deze catalogus (o.a. GRIGRI, CROLL, MAESTRO, SPIN, ZIGZAG). Regel bevestigd door Jos (2026-09-18)."
44d0124c-56d6-4c29-ad20-d4d3a537eb6d,Petzl,CHICANE,,,,,,999,,,,,,,,,,,,,,,"Leeftijd: onbeperkt (999) voor use en mfr. Petzl's eigen Technical Notice zegt voor deze hardware-categorie (connector/pulley/descender/rope clamp/mobile fall arrester/line brake/swivel) expliciet ""Unlimited lifespan"" (icoon A), ook als het product kleine kunststof/nylon onderdelen bevat (bv. een sheave of handgreep) - geverifieerd o.a. bij WILLIAM TRIACT-LOCK. Zelfde categorie-conventie als de reeds bestaande 999-rijen in deze catalogus (o.a. GRIGRI, CROLL, MAESTRO, SPIN, ZIGZAG). Regel bevestigd door Jos (2026-09-18)."
2d80e0af-3500-4353-b706-3823595c1b91,Petzl,CROLL L,,,,,,999,,,,,,,,,,,,,,,"Leeftijd: onbeperkt (999) voor use en mfr. Petzl's eigen Technical Notice zegt voor deze hardware-categorie (connector/pulley/descender/rope clamp/mobile fall arrester/line brake/swivel) expliciet ""Unlimited lifespan"" (icoon A), ook als het product kleine kunststof/nylon onderdelen bevat (bv. een sheave of handgreep) - geverifieerd o.a. bij WILLIAM TRIACT-LOCK. Zelfde categorie-conventie als de reeds bestaande 999-rijen in deze catalogus (o.a. GRIGRI, CROLL, MAESTRO, SPIN, ZIGZAG). Regel bevestigd door Jos (2026-09-18)."
a192fe2b-e938-4604-ab95-d285137678e5,Petzl,CROLL S,,,,,,999,,,,,,,,,,,,,,,"Leeftijd: onbeperkt (999) voor use en mfr. Petzl's eigen Technical Notice zegt voor deze hardware-categorie (connector/pulley/descender/rope clamp/mobile fall arrester/line brake/swivel) expliciet ""Unlimited lifespan"" (icoon A), ook als het product kleine kunststof/nylon onderdelen bevat (bv. een sheave of handgreep) - geverifieerd o.a. bij WILLIAM TRIACT-LOCK. Zelfde categorie-conventie als de reeds bestaande 999-rijen in deze catalogus (o.a. GRIGRI, CROLL, MAESTRO, SPIN, ZIGZAG). Regel bevestigd door Jos (2026-09-18)."
eee5e582-1abc-403e-9d52-651f5dd26799,Petzl,DELTA,,,,,,999,,,,,,,,,,,,,,,"Leeftijd: onbeperkt (999) voor use en mfr. Petzl's eigen Technical Notice zegt voor deze hardware-categorie (connector/pulley/descender/rope clamp/mobile fall arrester/line brake/swivel) expliciet ""Unlimited lifespan"" (icoon A), ook als het product kleine kunststof/nylon onderdelen bevat (bv. een sheave of handgreep) - geverifieerd o.a. bij WILLIAM TRIACT-LOCK. Zelfde categorie-conventie als de reeds bestaande 999-rijen in deze catalogus (o.a. GRIGRI, CROLL, MAESTRO, SPIN, ZIGZAG). Regel bevestigd door Jos (2026-09-18)."
42af087c-206c-4ec4-ac44-b36685804265,Petzl,EASHOOK,,,,,,999,,,,,,,,,,,,,,,"Leeftijd: onbeperkt (999) voor use en mfr. Petzl's eigen Technical Notice zegt voor deze hardware-categorie (connector/pulley/descender/rope clamp/mobile fall arrester/line brake/swivel) expliciet ""Unlimited lifespan"" (icoon A), ook als het product kleine kunststof/nylon onderdelen bevat (bv. een sheave of handgreep) - geverifieerd o.a. bij WILLIAM TRIACT-LOCK. Zelfde categorie-conventie als de reeds bestaande 999-rijen in deze catalogus (o.a. GRIGRI, CROLL, MAESTRO, SPIN, ZIGZAG). Regel bevestigd door Jos (2026-09-18)."
d1b2d07b-5f46-456f-a2e2-6b0875b50516,Petzl,EASHOOK OPEN,,,,,,999,,,,,,,,,,,,,,,"Leeftijd: onbeperkt (999) voor use en mfr. Petzl's eigen Technical Notice zegt voor deze hardware-categorie (connector/pulley/descender/rope clamp/mobile fall arrester/line brake/swivel) expliciet ""Unlimited lifespan"" (icoon A), ook als het product kleine kunststof/nylon onderdelen bevat (bv. een sheave of handgreep) - geverifieerd o.a. bij WILLIAM TRIACT-LOCK. Zelfde categorie-conventie als de reeds bestaande 999-rijen in deze catalogus (o.a. GRIGRI, CROLL, MAESTRO, SPIN, ZIGZAG). Regel bevestigd door Jos (2026-09-18)."
efc02937-8ece-4ff0-b819-a3ec58b3bbb4,Petzl,EJECT,,,,,,999,,,,,,,,,,,,,,,"Petzl-melding (15-04-2025): het bandbevestigingsboutje kan los gaan zitten. Bout vervangen door TUFLOK-voorgelijmd exemplaar (gratis via dealer/Petzl) of zelf medium schroefborging (LOCTITE 243) aanbrengen en met 4 Nm (momentsleutel) aandraaien - was 3 Nm. Geldt voor alle exemplaren met een fabricagedatum vóór april 2025 (nieuwe vanaf serienummer 25Dxxxxxxxxxx komen al met de bijgewerkte bout af fabriek). Vóór elk gebruik controleren: rode O-ring niet zichtbaar. Leeftijd: onbeperkt (999) voor use en mfr. Petzl's eigen Technical Notice zegt voor deze hardware-categorie (connector/pulley/descender/rope clamp/mobile fall arrester/line brake/swivel) expliciet ""Unlimited lifespan"" (icoon A), ook als het product kleine kunststof/nylon onderdelen bevat (bv. een sheave of handgreep) - geverifieerd o.a. bij WILLIAM TRIACT-LOCK. Zelfde categorie-conventie als de reeds bestaande 999-rijen in deze catalogus (o.a. GRIGRI, CROLL, MAESTRO, SPIN, ZIGZAG). Regel bevestigd door Jos (2026-09-18)."
3cddbbc4-9d8c-4e22-af3f-4f90f9a973cf,Petzl,FIXE,,,,,,999,,,,,,,,,,,,,,,"Leeftijd: onbeperkt (999) voor use en mfr. Petzl's eigen Technical Notice zegt voor deze hardware-categorie (connector/pulley/descender/rope clamp/mobile fall arrester/line brake/swivel) expliciet ""Unlimited lifespan"" (icoon A), ook als het product kleine kunststof/nylon onderdelen bevat (bv. een sheave of handgreep) - geverifieerd o.a. bij WILLIAM TRIACT-LOCK. Zelfde categorie-conventie als de reeds bestaande 999-rijen in deze catalogus (o.a. GRIGRI, CROLL, MAESTRO, SPIN, ZIGZAG). Regel bevestigd door Jos (2026-09-18)."
a59810e4-0ad9-449a-90ac-b7177a2aa36a,Petzl,FREINO Z,,,,,,999,,,,,,,,,,,,,,,"Leeftijd: onbeperkt (999) voor use en mfr. Petzl's eigen Technical Notice zegt voor deze hardware-categorie (connector/pulley/descender/rope clamp/mobile fall arrester/line brake/swivel) expliciet ""Unlimited lifespan"" (icoon A), ook als het product kleine kunststof/nylon onderdelen bevat (bv. een sheave of handgreep) - geverifieerd o.a. bij WILLIAM TRIACT-LOCK. Zelfde categorie-conventie als de reeds bestaande 999-rijen in deze catalogus (o.a. GRIGRI, CROLL, MAESTRO, SPIN, ZIGZAG). Regel bevestigd door Jos (2026-09-18)."
2c7c9044-756a-4971-ba3e-f320ad0880a0,Petzl,GO,,,,,,999,,,,,,,,,,,,,,,"Leeftijd: onbeperkt (999) voor use en mfr. Petzl's eigen Technical Notice zegt voor deze hardware-categorie (connector/pulley/descender/rope clamp/mobile fall arrester/line brake/swivel) expliciet ""Unlimited lifespan"" (icoon A), ook als het product kleine kunststof/nylon onderdelen bevat (bv. een sheave of handgreep) - geverifieerd o.a. bij WILLIAM TRIACT-LOCK. Zelfde categorie-conventie als de reeds bestaande 999-rijen in deze catalogus (o.a. GRIGRI, CROLL, MAESTRO, SPIN, ZIGZAG). Regel bevestigd door Jos (2026-09-18)."
8283edcb-db4a-4c63-85d9-12e181625a3c,Petzl,GRIGRI,,,,,,999,,,,,,,,,,,,,,,"Leeftijd: onbeperkt (999) voor use en mfr. Petzl's eigen Technical Notice zegt voor deze hardware-categorie (connector/pulley/descender/rope clamp/mobile fall arrester/line brake/swivel) expliciet ""Unlimited lifespan"" (icoon A), ook als het product kleine kunststof/nylon onderdelen bevat (bv. een sheave of handgreep) - geverifieerd o.a. bij WILLIAM TRIACT-LOCK. Zelfde categorie-conventie als de reeds bestaande 999-rijen in deze catalogus (o.a. GRIGRI, CROLL, MAESTRO, SPIN, ZIGZAG). Regel bevestigd door Jos (2026-09-18)."
3fa8abc5-d408-4a3f-b438-b23f235d0634,Petzl,GRILLON (rope clamp body),,,,,,999,,,,,,,,,,,,,,,"Leeftijd: onbeperkt (999) voor use en mfr. Petzl's eigen Technical Notice zegt voor deze hardware-categorie (connector/pulley/descender/rope clamp/mobile fall arrester/line brake/swivel) expliciet ""Unlimited lifespan"" (icoon A), ook als het product kleine kunststof/nylon onderdelen bevat (bv. een sheave of handgreep) - geverifieerd o.a. bij WILLIAM TRIACT-LOCK. Zelfde categorie-conventie als de reeds bestaande 999-rijen in deze catalogus (o.a. GRIGRI, CROLL, MAESTRO, SPIN, ZIGZAG). Regel bevestigd door Jos (2026-09-18)."
d7af2f9e-c0df-4d13-84c0-dd50f4874551,Petzl,GRILLON 2m,,,,,,,10,,,,,,,,,,,,,,"Leeftijd mfr: 10 jaar. Petzl's eigen Technical Notice zegt voor deze textiel/kunststof-categorie (harnas/touw/sling/lanyard/helm/energy absorber) expliciet ""Lifespan: 10 years"" (icoon A) - geverifieerd in 3 verschillende Petzl-handleidingen (harnas ASTRO, helm STRATO, touw AXIS), dus universeel voor deze productgroep. Regel bevestigd door Jos (2026-09-18). max_age_use_years bewust leeg gelaten: Petzl noemt geen apart getal voor 'jaren vanaf eerste gebruik', alleen deze ene leeftijdsgrens vanaf fabricagedatum."
5f5611c2-08b2-4c44-87d6-3c262b2e8ca4,Petzl,GRILLON 3m,,,,,,,10,,,,,,,,,,,,,,"Leeftijd mfr: 10 jaar. Petzl's eigen Technical Notice zegt voor deze textiel/kunststof-categorie (harnas/touw/sling/lanyard/helm/energy absorber) expliciet ""Lifespan: 10 years"" (icoon A) - geverifieerd in 3 verschillende Petzl-handleidingen (harnas ASTRO, helm STRATO, touw AXIS), dus universeel voor deze productgroep. Regel bevestigd door Jos (2026-09-18). max_age_use_years bewust leeg gelaten: Petzl noemt geen apart getal voor 'jaren vanaf eerste gebruik', alleen deze ene leeftijdsgrens vanaf fabricagedatum."
e6eb4f23-26b1-4f9f-850e-db668b748632,Petzl,GRILLON 5m,,,,,,,10,,,,,,,,,,,,,,"Leeftijd mfr: 10 jaar. Petzl's eigen Technical Notice zegt voor deze textiel/kunststof-categorie (harnas/touw/sling/lanyard/helm/energy absorber) expliciet ""Lifespan: 10 years"" (icoon A) - geverifieerd in 3 verschillende Petzl-handleidingen (harnas ASTRO, helm STRATO, touw AXIS), dus universeel voor deze productgroep. Regel bevestigd door Jos (2026-09-18). max_age_use_years bewust leeg gelaten: Petzl noemt geen apart getal voor 'jaren vanaf eerste gebruik', alleen deze ene leeftijdsgrens vanaf fabricagedatum."
fdc6ce05-513f-40a9-9522-d3e1615b193c,Petzl,GRILLON HOOK 2m,,,,,,,10,,,,,,,,,,,,,,"Leeftijd mfr: 10 jaar. Petzl's eigen Technical Notice zegt voor deze textiel/kunststof-categorie (harnas/touw/sling/lanyard/helm/energy absorber) expliciet ""Lifespan: 10 years"" (icoon A) - geverifieerd in 3 verschillende Petzl-handleidingen (harnas ASTRO, helm STRATO, touw AXIS), dus universeel voor deze productgroep. Regel bevestigd door Jos (2026-09-18). max_age_use_years bewust leeg gelaten: Petzl noemt geen apart getal voor 'jaren vanaf eerste gebruik', alleen deze ene leeftijdsgrens vanaf fabricagedatum."
b283cb00-d65b-4f85-9077-c072b79f3bf7,Petzl,GRILLON HOOK 3m,,,,,,,10,,,,,,,,,,,,,,"Leeftijd mfr: 10 jaar. Petzl's eigen Technical Notice zegt voor deze textiel/kunststof-categorie (harnas/touw/sling/lanyard/helm/energy absorber) expliciet ""Lifespan: 10 years"" (icoon A) - geverifieerd in 3 verschillende Petzl-handleidingen (harnas ASTRO, helm STRATO, touw AXIS), dus universeel voor deze productgroep. Regel bevestigd door Jos (2026-09-18). max_age_use_years bewust leeg gelaten: Petzl noemt geen apart getal voor 'jaren vanaf eerste gebruik', alleen deze ene leeftijdsgrens vanaf fabricagedatum."
29127be8-b31f-4395-ae9c-9c3e791bade3,Petzl,GRILLON HOOK 5m,,,,,,,10,,,,,,,,,,,,,,"Leeftijd mfr: 10 jaar. Petzl's eigen Technical Notice zegt voor deze textiel/kunststof-categorie (harnas/touw/sling/lanyard/helm/energy absorber) expliciet ""Lifespan: 10 years"" (icoon A) - geverifieerd in 3 verschillende Petzl-handleidingen (harnas ASTRO, helm STRATO, touw AXIS), dus universeel voor deze productgroep. Regel bevestigd door Jos (2026-09-18). max_age_use_years bewust leeg gelaten: Petzl noemt geen apart getal voor 'jaren vanaf eerste gebruik', alleen deze ene leeftijdsgrens vanaf fabricagedatum."
2f7482a8-70bb-4fe4-af88-9594d80231b2,Petzl,I'D EVAC,,,,,,999,,,,,,,,,,,,,,,"Leeftijd: onbeperkt (999) voor use en mfr. Petzl's eigen Technical Notice zegt voor deze hardware-categorie (connector/pulley/descender/rope clamp/mobile fall arrester/line brake/swivel) expliciet ""Unlimited lifespan"" (icoon A), ook als het product kleine kunststof/nylon onderdelen bevat (bv. een sheave of handgreep) - geverifieerd o.a. bij WILLIAM TRIACT-LOCK. Zelfde categorie-conventie als de reeds bestaande 999-rijen in deze catalogus (o.a. GRIGRI, CROLL, MAESTRO, SPIN, ZIGZAG). Regel bevestigd door Jos (2026-09-18)."
21c37f95-8c56-4010-8f96-e9e101b589e9,Petzl,I'D L,,,,,,999,,,,,,,,,,,,,,,"Leeftijd: onbeperkt (999) voor use en mfr. Petzl's eigen Technical Notice zegt voor deze hardware-categorie (connector/pulley/descender/rope clamp/mobile fall arrester/line brake/swivel) expliciet ""Unlimited lifespan"" (icoon A), ook als het product kleine kunststof/nylon onderdelen bevat (bv. een sheave of handgreep) - geverifieerd o.a. bij WILLIAM TRIACT-LOCK. Zelfde categorie-conventie als de reeds bestaande 999-rijen in deze catalogus (o.a. GRIGRI, CROLL, MAESTRO, SPIN, ZIGZAG). Regel bevestigd door Jos (2026-09-18)."
75873cd1-b699-4a8a-9973-92b3b90bc0ad,Petzl,I'D S,,,,,,999,,,,,,,,,,,,,,,"Leeftijd: onbeperkt (999) voor use en mfr. Petzl's eigen Technical Notice zegt voor deze hardware-categorie (connector/pulley/descender/rope clamp/mobile fall arrester/line brake/swivel) expliciet ""Unlimited lifespan"" (icoon A), ook als het product kleine kunststof/nylon onderdelen bevat (bv. een sheave of handgreep) - geverifieerd o.a. bij WILLIAM TRIACT-LOCK. Zelfde categorie-conventie als de reeds bestaande 999-rijen in deze catalogus (o.a. GRIGRI, CROLL, MAESTRO, SPIN, ZIGZAG). Regel bevestigd door Jos (2026-09-18)."
787c37a4-41e9-4af4-baae-0815a427cfba,Petzl,JAG,,,,,,999,,,,,,,,,,,,,,,"Leeftijd: onbeperkt (999) voor use en mfr. Petzl's eigen Technical Notice zegt voor deze hardware-categorie (connector/pulley/descender/rope clamp/mobile fall arrester/line brake/swivel) expliciet ""Unlimited lifespan"" (icoon A), ook als het product kleine kunststof/nylon onderdelen bevat (bv. een sheave of handgreep) - geverifieerd o.a. bij WILLIAM TRIACT-LOCK. Zelfde categorie-conventie als de reeds bestaande 999-rijen in deze catalogus (o.a. GRIGRI, CROLL, MAESTRO, SPIN, ZIGZAG). Regel bevestigd door Jos (2026-09-18)."
515200a5-cff3-4fb8-a5f2-1b291f709cf5,Petzl,JAG SYSTEM,,,,,,999,,,,,,,,,,,,,,,"Leeftijd: onbeperkt (999) voor use en mfr. Petzl's eigen Technical Notice zegt voor deze hardware-categorie (connector/pulley/descender/rope clamp/mobile fall arrester/line brake/swivel) expliciet ""Unlimited lifespan"" (icoon A), ook als het product kleine kunststof/nylon onderdelen bevat (bv. een sheave of handgreep) - geverifieerd o.a. bij WILLIAM TRIACT-LOCK. Zelfde categorie-conventie als de reeds bestaande 999-rijen in deze catalogus (o.a. GRIGRI, CROLL, MAESTRO, SPIN, ZIGZAG). Regel bevestigd door Jos (2026-09-18)."
645cd1d3-600a-44c5-bdd9-f9b21f088136,Petzl,JAG TRAXION,,,,,,999,,,,,,,,,,,,,,,"Leeftijd: onbeperkt (999) voor use en mfr. Petzl's eigen Technical Notice zegt voor deze hardware-categorie (connector/pulley/descender/rope clamp/mobile fall arrester/line brake/swivel) expliciet ""Unlimited lifespan"" (icoon A), ook als het product kleine kunststof/nylon onderdelen bevat (bv. een sheave of handgreep) - geverifieerd o.a. bij WILLIAM TRIACT-LOCK. Zelfde categorie-conventie als de reeds bestaande 999-rijen in deze catalogus (o.a. GRIGRI, CROLL, MAESTRO, SPIN, ZIGZAG). Regel bevestigd door Jos (2026-09-18)."
e45e5c6d-c50b-436c-bdae-071a5eba1f8c,Petzl,JANE-I 60cm,,,,,,,10,,,,,,,,,,,,,,"Leeftijd mfr: 10 jaar. Petzl's eigen Technical Notice zegt voor deze textiel/kunststof-categorie (harnas/touw/sling/lanyard/helm/energy absorber) expliciet ""Lifespan: 10 years"" (icoon A) - geverifieerd in 3 verschillende Petzl-handleidingen (harnas ASTRO, helm STRATO, touw AXIS), dus universeel voor deze productgroep. Regel bevestigd door Jos (2026-09-18). max_age_use_years bewust leeg gelaten: Petzl noemt geen apart getal voor 'jaren vanaf eerste gebruik', alleen deze ene leeftijdsgrens vanaf fabricagedatum."
7213ab1f-a2c7-49e9-8872-5e5af0179c26,Petzl,JANE-I 100cm,,,,,,,10,,,,,,,,,,,,,,"Leeftijd mfr: 10 jaar. Petzl's eigen Technical Notice zegt voor deze textiel/kunststof-categorie (harnas/touw/sling/lanyard/helm/energy absorber) expliciet ""Lifespan: 10 years"" (icoon A) - geverifieerd in 3 verschillende Petzl-handleidingen (harnas ASTRO, helm STRATO, touw AXIS), dus universeel voor deze productgroep. Regel bevestigd door Jos (2026-09-18). max_age_use_years bewust leeg gelaten: Petzl noemt geen apart getal voor 'jaren vanaf eerste gebruik', alleen deze ene leeftijdsgrens vanaf fabricagedatum."
da2bb6c1-376c-41c4-a51a-287b950b61b8,Petzl,JANE-I 150cm,,,,,,,10,,,,,,,,,,,,,,"Leeftijd mfr: 10 jaar. Petzl's eigen Technical Notice zegt voor deze textiel/kunststof-categorie (harnas/touw/sling/lanyard/helm/energy absorber) expliciet ""Lifespan: 10 years"" (icoon A) - geverifieerd in 3 verschillende Petzl-handleidingen (harnas ASTRO, helm STRATO, touw AXIS), dus universeel voor deze productgroep. Regel bevestigd door Jos (2026-09-18). max_age_use_years bewust leeg gelaten: Petzl noemt geen apart getal voor 'jaren vanaf eerste gebruik', alleen deze ene leeftijdsgrens vanaf fabricagedatum."
04f22f87-915a-4cf8-a74e-d8a9a5318736,Petzl,KOOTENAY,,,,,,999,,,,,,,,,,,,,,,"Leeftijd: onbeperkt (999) voor use en mfr. Petzl's eigen Technical Notice zegt voor deze hardware-categorie (connector/pulley/descender/rope clamp/mobile fall arrester/line brake/swivel) expliciet ""Unlimited lifespan"" (icoon A), ook als het product kleine kunststof/nylon onderdelen bevat (bv. een sheave of handgreep) - geverifieerd o.a. bij WILLIAM TRIACT-LOCK. Zelfde categorie-conventie als de reeds bestaande 999-rijen in deze catalogus (o.a. GRIGRI, CROLL, MAESTRO, SPIN, ZIGZAG). Regel bevestigd door Jos (2026-09-18)."
c48b2370-52f1-4288-aedd-41064d4b74d6,Petzl,MAESTRO L,,,,,,999,,,,,,,,,,,,,,,"Leeftijd: onbeperkt (999) voor use en mfr. Petzl's eigen Technical Notice zegt voor deze hardware-categorie (connector/pulley/descender/rope clamp/mobile fall arrester/line brake/swivel) expliciet ""Unlimited lifespan"" (icoon A), ook als het product kleine kunststof/nylon onderdelen bevat (bv. een sheave of handgreep) - geverifieerd o.a. bij WILLIAM TRIACT-LOCK. Zelfde categorie-conventie als de reeds bestaande 999-rijen in deze catalogus (o.a. GRIGRI, CROLL, MAESTRO, SPIN, ZIGZAG). Regel bevestigd door Jos (2026-09-18)."
828bc72f-fffd-455d-8634-d8427115651a,Petzl,MAESTRO S,,,,,,999,,,,,,,,,,,,,,,"Leeftijd: onbeperkt (999) voor use en mfr. Petzl's eigen Technical Notice zegt voor deze hardware-categorie (connector/pulley/descender/rope clamp/mobile fall arrester/line brake/swivel) expliciet ""Unlimited lifespan"" (icoon A), ook als het product kleine kunststof/nylon onderdelen bevat (bv. een sheave of handgreep) - geverifieerd o.a. bij WILLIAM TRIACT-LOCK. Zelfde categorie-conventie als de reeds bestaande 999-rijen in deze catalogus (o.a. GRIGRI, CROLL, MAESTRO, SPIN, ZIGZAG). Regel bevestigd door Jos (2026-09-18)."
da11caeb-fc0c-465b-aa3d-c55bad59a5b5,Petzl,MGO OPEN 60,,,,,,999,,,,,,,,,,,,,,,"Leeftijd: onbeperkt (999) voor use en mfr. Petzl's eigen Technical Notice zegt voor deze hardware-categorie (connector/pulley/descender/rope clamp/mobile fall arrester/line brake/swivel) expliciet ""Unlimited lifespan"" (icoon A), ook als het product kleine kunststof/nylon onderdelen bevat (bv. een sheave of handgreep) - geverifieerd o.a. bij WILLIAM TRIACT-LOCK. Zelfde categorie-conventie als de reeds bestaande 999-rijen in deze catalogus (o.a. GRIGRI, CROLL, MAESTRO, SPIN, ZIGZAG). Regel bevestigd door Jos (2026-09-18)."
6daea963-7156-46ef-945b-787d2cf70033,Petzl,MGO OPEN 110,,,,,,999,,,,,,,,,,,,,,,"Leeftijd: onbeperkt (999) voor use en mfr. Petzl's eigen Technical Notice zegt voor deze hardware-categorie (connector/pulley/descender/rope clamp/mobile fall arrester/line brake/swivel) expliciet ""Unlimited lifespan"" (icoon A), ook als het product kleine kunststof/nylon onderdelen bevat (bv. een sheave of handgreep) - geverifieerd o.a. bij WILLIAM TRIACT-LOCK. Zelfde categorie-conventie als de reeds bestaande 999-rijen in deze catalogus (o.a. GRIGRI, CROLL, MAESTRO, SPIN, ZIGZAG). Regel bevestigd door Jos (2026-09-18)."
5e38f2ce-64bd-46a1-999e-9ce4531f8242,Petzl,MICRO SWIVEL,,,,,,999,,,,,,,,,,,,,,,"Leeftijd: onbeperkt (999) voor use en mfr. Petzl's eigen Technical Notice zegt voor deze hardware-categorie (connector/pulley/descender/rope clamp/mobile fall arrester/line brake/swivel) expliciet ""Unlimited lifespan"" (icoon A), ook als het product kleine kunststof/nylon onderdelen bevat (bv. een sheave of handgreep) - geverifieerd o.a. bij WILLIAM TRIACT-LOCK. Zelfde categorie-conventie als de reeds bestaande 999-rijen in deze catalogus (o.a. GRIGRI, CROLL, MAESTRO, SPIN, ZIGZAG). Regel bevestigd door Jos (2026-09-18)."
429a4cd9-82c6-4532-91b3-f92879fa295f,Petzl,MICROFLIP 2.5m,,,,,,,10,,,,,,,,,,,,,,"Leeftijd mfr: 10 jaar. Petzl's eigen Technical Notice zegt voor deze textiel/kunststof-categorie (harnas/touw/sling/lanyard/helm/energy absorber) expliciet ""Lifespan: 10 years"" (icoon A) - geverifieerd in 3 verschillende Petzl-handleidingen (harnas ASTRO, helm STRATO, touw AXIS), dus universeel voor deze productgroep. Regel bevestigd door Jos (2026-09-18). max_age_use_years bewust leeg gelaten: Petzl noemt geen apart getal voor 'jaren vanaf eerste gebruik', alleen deze ene leeftijdsgrens vanaf fabricagedatum."
db4daed1-e940-4188-baaa-425fc1b71dfa,Petzl,MICROFLIP 4m,,,,,,,10,,,,,,,,,,,,,,"Leeftijd mfr: 10 jaar. Petzl's eigen Technical Notice zegt voor deze textiel/kunststof-categorie (harnas/touw/sling/lanyard/helm/energy absorber) expliciet ""Lifespan: 10 years"" (icoon A) - geverifieerd in 3 verschillende Petzl-handleidingen (harnas ASTRO, helm STRATO, touw AXIS), dus universeel voor deze productgroep. Regel bevestigd door Jos (2026-09-18). max_age_use_years bewust leeg gelaten: Petzl noemt geen apart getal voor 'jaren vanaf eerste gebruik', alleen deze ene leeftijdsgrens vanaf fabricagedatum."
9ebf7225-1ac0-4eec-af47-554b55dc2591,Petzl,MICROFLIP 5.5m,,,,,,,10,,,,,,,,,,,,,,"Leeftijd mfr: 10 jaar. Petzl's eigen Technical Notice zegt voor deze textiel/kunststof-categorie (harnas/touw/sling/lanyard/helm/energy absorber) expliciet ""Lifespan: 10 years"" (icoon A) - geverifieerd in 3 verschillende Petzl-handleidingen (harnas ASTRO, helm STRATO, touw AXIS), dus universeel voor deze productgroep. Regel bevestigd door Jos (2026-09-18). max_age_use_years bewust leeg gelaten: Petzl noemt geen apart getal voor 'jaren vanaf eerste gebruik', alleen deze ene leeftijdsgrens vanaf fabricagedatum."
03d590b8-940b-412d-a3e0-772cab1b7908,Petzl,MICROGRAB,,,,,,999,,,,,,,,,,,,,,,"Leeftijd: onbeperkt (999) voor use en mfr. Petzl's eigen Technical Notice zegt voor deze hardware-categorie (connector/pulley/descender/rope clamp/mobile fall arrester/line brake/swivel) expliciet ""Unlimited lifespan"" (icoon A), ook als het product kleine kunststof/nylon onderdelen bevat (bv. een sheave of handgreep) - geverifieerd o.a. bij WILLIAM TRIACT-LOCK. Zelfde categorie-conventie als de reeds bestaande 999-rijen in deze catalogus (o.a. GRIGRI, CROLL, MAESTRO, SPIN, ZIGZAG). Regel bevestigd door Jos (2026-09-18)."
5919b4ba-e5ff-420f-876e-7706a8686aa0,Petzl,MINDER L1,,,,,,999,,,,,,,,,,,,,,,"Leeftijd: onbeperkt (999) voor use en mfr. Petzl's eigen Technical Notice zegt voor deze hardware-categorie (connector/pulley/descender/rope clamp/mobile fall arrester/line brake/swivel) expliciet ""Unlimited lifespan"" (icoon A), ook als het product kleine kunststof/nylon onderdelen bevat (bv. een sheave of handgreep) - geverifieerd o.a. bij WILLIAM TRIACT-LOCK. Zelfde categorie-conventie als de reeds bestaande 999-rijen in deze catalogus (o.a. GRIGRI, CROLL, MAESTRO, SPIN, ZIGZAG). Regel bevestigd door Jos (2026-09-18)."
13e69b2f-1fd0-4ec3-845d-3d05d338a211,Petzl,MINDER L2,,,,,,999,,,,,,,,,,,,,,,"Leeftijd: onbeperkt (999) voor use en mfr. Petzl's eigen Technical Notice zegt voor deze hardware-categorie (connector/pulley/descender/rope clamp/mobile fall arrester/line brake/swivel) expliciet ""Unlimited lifespan"" (icoon A), ook als het product kleine kunststof/nylon onderdelen bevat (bv. een sheave of handgreep) - geverifieerd o.a. bij WILLIAM TRIACT-LOCK. Zelfde categorie-conventie als de reeds bestaande 999-rijen in deze catalogus (o.a. GRIGRI, CROLL, MAESTRO, SPIN, ZIGZAG). Regel bevestigd door Jos (2026-09-18)."
5b1cefa5-cb3f-4277-9be9-4030d843e6c9,Petzl,MINDER S1,,,,,,999,,,,,,,,,,,,,,,"Leeftijd: onbeperkt (999) voor use en mfr. Petzl's eigen Technical Notice zegt voor deze hardware-categorie (connector/pulley/descender/rope clamp/mobile fall arrester/line brake/swivel) expliciet ""Unlimited lifespan"" (icoon A), ook als het product kleine kunststof/nylon onderdelen bevat (bv. een sheave of handgreep) - geverifieerd o.a. bij WILLIAM TRIACT-LOCK. Zelfde categorie-conventie als de reeds bestaande 999-rijen in deze catalogus (o.a. GRIGRI, CROLL, MAESTRO, SPIN, ZIGZAG). Regel bevestigd door Jos (2026-09-18)."
f663bfb2-9fa4-4df4-bb8a-4092a02a7970,Petzl,MINDER S2,,,,,,999,,,,,,,,,,,,,,,"Leeftijd: onbeperkt (999) voor use en mfr. Petzl's eigen Technical Notice zegt voor deze hardware-categorie (connector/pulley/descender/rope clamp/mobile fall arrester/line brake/swivel) expliciet ""Unlimited lifespan"" (icoon A), ook als het product kleine kunststof/nylon onderdelen bevat (bv. een sheave of handgreep) - geverifieerd o.a. bij WILLIAM TRIACT-LOCK. Zelfde categorie-conventie als de reeds bestaande 999-rijen in deze catalogus (o.a. GRIGRI, CROLL, MAESTRO, SPIN, ZIGZAG). Regel bevestigd door Jos (2026-09-18)."
cb3f02fb-b4d1-436f-9208-867e7d32be65,Petzl,MINI TRAXION,,,,,,999,,,,,,,,,,,,,,,"Leeftijd: onbeperkt (999) voor use en mfr. Petzl's eigen Technical Notice zegt voor deze hardware-categorie (connector/pulley/descender/rope clamp/mobile fall arrester/line brake/swivel) expliciet ""Unlimited lifespan"" (icoon A), ook als het product kleine kunststof/nylon onderdelen bevat (bv. een sheave of handgreep) - geverifieerd o.a. bij WILLIAM TRIACT-LOCK. Zelfde categorie-conventie als de reeds bestaande 999-rijen in deze catalogus (o.a. GRIGRI, CROLL, MAESTRO, SPIN, ZIGZAG). Regel bevestigd door Jos (2026-09-18)."
1035c64b-c906-403a-94e3-0a8f50143a4f,Petzl,MOBILE,,,,,,999,,,,,,,,,,,,,,,"Leeftijd: onbeperkt (999) voor use en mfr. Petzl's eigen Technical Notice zegt voor deze hardware-categorie (connector/pulley/descender/rope clamp/mobile fall arrester/line brake/swivel) expliciet ""Unlimited lifespan"" (icoon A), ook als het product kleine kunststof/nylon onderdelen bevat (bv. een sheave of handgreep) - geverifieerd o.a. bij WILLIAM TRIACT-LOCK. Zelfde categorie-conventie als de reeds bestaande 999-rijen in deze catalogus (o.a. GRIGRI, CROLL, MAESTRO, SPIN, ZIGZAG). Regel bevestigd door Jos (2026-09-18)."
16b75e6e-76e2-4719-837e-9a4c0b9af842,Petzl,NAJA,,,,,,999,,,,,,,,,,,,,,,"Petzl-melding (15-04-2025): het bandbevestigingsboutje kan los gaan zitten. Bout vervangen door TUFLOK-voorgelijmd exemplaar (gratis via dealer/Petzl) of zelf medium schroefborging (LOCTITE 243) aanbrengen en met 4 Nm (momentsleutel) aandraaien - was 3 Nm. Geldt voor alle exemplaren met een fabricagedatum vóór april 2025 (nieuwe vanaf serienummer 25Dxxxxxxxxxx komen al met de bijgewerkte bout af fabriek). Vóór elk gebruik controleren: rode O-ring niet zichtbaar. Leeftijd: onbeperkt (999) voor use en mfr. Petzl's eigen Technical Notice zegt voor deze hardware-categorie (connector/pulley/descender/rope clamp/mobile fall arrester/line brake/swivel) expliciet ""Unlimited lifespan"" (icoon A), ook als het product kleine kunststof/nylon onderdelen bevat (bv. een sheave of handgreep) - geverifieerd o.a. bij WILLIAM TRIACT-LOCK. Zelfde categorie-conventie als de reeds bestaande 999-rijen in deze catalogus (o.a. GRIGRI, CROLL, MAESTRO, SPIN, ZIGZAG). Regel bevestigd door Jos (2026-09-18)."
4f050c6c-f678-4a35-a629-eca744c1c343,Petzl,NEWTON EASYFIT European Version (Size 0),,,,,,,10,,,,,,,,,,,,,,"LET OP: Petzl heeft deze gordel op 04-03-2025 teruggeroepen (Europese uitvoeringen van NEWTON, NEWTON FAST en NEWTON EASYFIT) — controleer de recall-link vóór goedkeuring. Maat 0 van de NEWTON EASYFIT. Serienummer op het etiket in de heupgordel. Leeftijd mfr: 10 jaar. Petzl's eigen Technical Notice zegt voor deze textiel/kunststof-categorie (harnas/touw/sling/lanyard/helm/energy absorber) expliciet ""Lifespan: 10 years"" (icoon A) - geverifieerd in 3 verschillende Petzl-handleidingen (harnas ASTRO, helm STRATO, touw AXIS), dus universeel voor deze productgroep. Regel bevestigd door Jos (2026-09-18). max_age_use_years bewust leeg gelaten: Petzl noemt geen apart getal voor 'jaren vanaf eerste gebruik', alleen deze ene leeftijdsgrens vanaf fabricagedatum."
5a5625c6-cf9c-46e0-9bde-d9b09e4fb2dd,Petzl,NEWTON EASYFIT European Version (Size 1),,,,,,,10,,,,,,,,,,,,,,"LET OP: Petzl heeft deze gordel op 04-03-2025 teruggeroepen (Europese uitvoeringen van NEWTON, NEWTON FAST en NEWTON EASYFIT) — controleer de recall-link vóór goedkeuring. Maat 1 van de NEWTON EASYFIT. Serienummer op het etiket in de heupgordel. Leeftijd mfr: 10 jaar. Petzl's eigen Technical Notice zegt voor deze textiel/kunststof-categorie (harnas/touw/sling/lanyard/helm/energy absorber) expliciet ""Lifespan: 10 years"" (icoon A) - geverifieerd in 3 verschillende Petzl-handleidingen (harnas ASTRO, helm STRATO, touw AXIS), dus universeel voor deze productgroep. Regel bevestigd door Jos (2026-09-18). max_age_use_years bewust leeg gelaten: Petzl noemt geen apart getal voor 'jaren vanaf eerste gebruik', alleen deze ene leeftijdsgrens vanaf fabricagedatum."
11a5e7d5-a64b-4cec-ad4e-ccd79a276a83,Petzl,NEWTON EASYFIT European Version (Size 2),,,,,,,10,,,,,,,,,,,,,,"LET OP: Petzl heeft deze gordel op 04-03-2025 teruggeroepen (Europese uitvoeringen van NEWTON, NEWTON FAST en NEWTON EASYFIT) — controleer de recall-link vóór goedkeuring. Maat 2 van de NEWTON EASYFIT. Serienummer op het etiket in de heupgordel. Leeftijd mfr: 10 jaar. Petzl's eigen Technical Notice zegt voor deze textiel/kunststof-categorie (harnas/touw/sling/lanyard/helm/energy absorber) expliciet ""Lifespan: 10 years"" (icoon A) - geverifieerd in 3 verschillende Petzl-handleidingen (harnas ASTRO, helm STRATO, touw AXIS), dus universeel voor deze productgroep. Regel bevestigd door Jos (2026-09-18). max_age_use_years bewust leeg gelaten: Petzl noemt geen apart getal voor 'jaren vanaf eerste gebruik', alleen deze ene leeftijdsgrens vanaf fabricagedatum."
d7b81933-c493-4f8b-b964-e915c7018537,Petzl,NEWTON EASYFIT International Version (Size 0),,,,,,,10,,,,,,,,,,,,,,"Maat 0 van de NEWTON EASYFIT. Serienummer op het etiket in de heupgordel. Leeftijd mfr: 10 jaar. Petzl's eigen Technical Notice zegt voor deze textiel/kunststof-categorie (harnas/touw/sling/lanyard/helm/energy absorber) expliciet ""Lifespan: 10 years"" (icoon A) - geverifieerd in 3 verschillende Petzl-handleidingen (harnas ASTRO, helm STRATO, touw AXIS), dus universeel voor deze productgroep. Regel bevestigd door Jos (2026-09-18). max_age_use_years bewust leeg gelaten: Petzl noemt geen apart getal voor 'jaren vanaf eerste gebruik', alleen deze ene leeftijdsgrens vanaf fabricagedatum."
9b30b3c7-04c2-4b74-930a-1807d358ed9c,Petzl,NEWTON EASYFIT International Version (Size 1),,,,,,,10,,,,,,,,,,,,,,"Maat 1 van de NEWTON EASYFIT. Serienummer op het etiket in de heupgordel. Leeftijd mfr: 10 jaar. Petzl's eigen Technical Notice zegt voor deze textiel/kunststof-categorie (harnas/touw/sling/lanyard/helm/energy absorber) expliciet ""Lifespan: 10 years"" (icoon A) - geverifieerd in 3 verschillende Petzl-handleidingen (harnas ASTRO, helm STRATO, touw AXIS), dus universeel voor deze productgroep. Regel bevestigd door Jos (2026-09-18). max_age_use_years bewust leeg gelaten: Petzl noemt geen apart getal voor 'jaren vanaf eerste gebruik', alleen deze ene leeftijdsgrens vanaf fabricagedatum."
708d6c8b-a4b4-48fd-b651-a069f96872d2,Petzl,NEWTON EASYFIT International Version (Size 2),,,,,,,10,,,,,,,,,,,,,,"Maat 2 van de NEWTON EASYFIT. Serienummer op het etiket in de heupgordel. Leeftijd mfr: 10 jaar. Petzl's eigen Technical Notice zegt voor deze textiel/kunststof-categorie (harnas/touw/sling/lanyard/helm/energy absorber) expliciet ""Lifespan: 10 years"" (icoon A) - geverifieerd in 3 verschillende Petzl-handleidingen (harnas ASTRO, helm STRATO, touw AXIS), dus universeel voor deze productgroep. Regel bevestigd door Jos (2026-09-18). max_age_use_years bewust leeg gelaten: Petzl noemt geen apart getal voor 'jaren vanaf eerste gebruik', alleen deze ene leeftijdsgrens vanaf fabricagedatum."
586a838f-87df-4404-8490-ec0754fa8f40,Petzl,NEWTON European version (Size 1),,,,,,,10,,,,,,,,,,,,,,"LET OP: Petzl heeft deze gordel op 04-03-2025 teruggeroepen (Europese uitvoeringen van NEWTON, NEWTON FAST en NEWTON EASYFIT) — controleer de recall-link vóór goedkeuring. Maat 1, heupriem 70-93 cm, beenlussen 47-62 cm, lichaamslengte 165-185 cm. Leeftijd mfr: 10 jaar. Petzl's eigen Technical Notice zegt voor deze textiel/kunststof-categorie (harnas/touw/sling/lanyard/helm/energy absorber) expliciet ""Lifespan: 10 years"" (icoon A) - geverifieerd in 3 verschillende Petzl-handleidingen (harnas ASTRO, helm STRATO, touw AXIS), dus universeel voor deze productgroep. Regel bevestigd door Jos (2026-09-18). max_age_use_years bewust leeg gelaten: Petzl noemt geen apart getal voor 'jaren vanaf eerste gebruik', alleen deze ene leeftijdsgrens vanaf fabricagedatum."
175c1ed3-3076-49db-9626-0b2de493ed1e,Petzl,NEWTON European version (Size 2),,,,,,,10,,,,,,,,,,,,,,"LET OP: Petzl heeft deze gordel op 04-03-2025 teruggeroepen (Europese uitvoeringen van NEWTON, NEWTON FAST en NEWTON EASYFIT) — controleer de recall-link vóór goedkeuring. Maat 2, heupriem 83-120 cm, beenlussen 50-65 cm, lichaamslengte 175-200 cm. Leeftijd mfr: 10 jaar. Petzl's eigen Technical Notice zegt voor deze textiel/kunststof-categorie (harnas/touw/sling/lanyard/helm/energy absorber) expliciet ""Lifespan: 10 years"" (icoon A) - geverifieerd in 3 verschillende Petzl-handleidingen (harnas ASTRO, helm STRATO, touw AXIS), dus universeel voor deze productgroep. Regel bevestigd door Jos (2026-09-18). max_age_use_years bewust leeg gelaten: Petzl noemt geen apart getal voor 'jaren vanaf eerste gebruik', alleen deze ene leeftijdsgrens vanaf fabricagedatum."
328cdc86-6a87-4741-931c-ad559bcf2b02,Petzl,NEWTON FAST European Version (Size 1),,,,,,,10,,,,,,,,,,,,,,"LET OP: Petzl heeft deze gordel op 04-03-2025 teruggeroepen (Europese uitvoeringen van NEWTON, NEWTON FAST en NEWTON EASYFIT) — controleer de recall-link vóór goedkeuring. Maat 1, heupriem 70-93 cm, beenlussen 47-62 cm, lichaamslengte 165-185 cm. Leeftijd mfr: 10 jaar. Petzl's eigen Technical Notice zegt voor deze textiel/kunststof-categorie (harnas/touw/sling/lanyard/helm/energy absorber) expliciet ""Lifespan: 10 years"" (icoon A) - geverifieerd in 3 verschillende Petzl-handleidingen (harnas ASTRO, helm STRATO, touw AXIS), dus universeel voor deze productgroep. Regel bevestigd door Jos (2026-09-18). max_age_use_years bewust leeg gelaten: Petzl noemt geen apart getal voor 'jaren vanaf eerste gebruik', alleen deze ene leeftijdsgrens vanaf fabricagedatum."
0d3a5514-da20-4d30-9fdf-88783c1ccaf2,Petzl,NEWTON FAST European Version (Size 2),,,,,,,10,,,,,,,,,,,,,,"LET OP: Petzl heeft deze gordel op 04-03-2025 teruggeroepen (Europese uitvoeringen van NEWTON, NEWTON FAST en NEWTON EASYFIT) — controleer de recall-link vóór goedkeuring. Maat 2, heupriem 83-120 cm, beenlussen 50-65 cm, lichaamslengte 175-200 cm. Leeftijd mfr: 10 jaar. Petzl's eigen Technical Notice zegt voor deze textiel/kunststof-categorie (harnas/touw/sling/lanyard/helm/energy absorber) expliciet ""Lifespan: 10 years"" (icoon A) - geverifieerd in 3 verschillende Petzl-handleidingen (harnas ASTRO, helm STRATO, touw AXIS), dus universeel voor deze productgroep. Regel bevestigd door Jos (2026-09-18). max_age_use_years bewust leeg gelaten: Petzl noemt geen apart getal voor 'jaren vanaf eerste gebruik', alleen deze ene leeftijdsgrens vanaf fabricagedatum."
205d0a94-1848-4d62-94a2-ac34cb63e0a5,Petzl,NEWTON FAST International Version (Size 1),,,,,,,10,,,,,,,,,,,,,,"Maat 1, heupriem 70-93 cm, beenlussen 47-62 cm, lichaamslengte 165-185 cm. Zelfde gordel in een andere kleur: C073IA00. Leeftijd mfr: 10 jaar. Petzl's eigen Technical Notice zegt voor deze textiel/kunststof-categorie (harnas/touw/sling/lanyard/helm/energy absorber) expliciet ""Lifespan: 10 years"" (icoon A) - geverifieerd in 3 verschillende Petzl-handleidingen (harnas ASTRO, helm STRATO, touw AXIS), dus universeel voor deze productgroep. Regel bevestigd door Jos (2026-09-18). max_age_use_years bewust leeg gelaten: Petzl noemt geen apart getal voor 'jaren vanaf eerste gebruik', alleen deze ene leeftijdsgrens vanaf fabricagedatum."
9e257fc8-2794-4a92-8213-caa7b337e8a5,Petzl,NEWTON FAST International Version (Size 2),,,,,,,10,,,,,,,,,,,,,,"Maat 2, heupriem 83-120 cm, beenlussen 50-65 cm, lichaamslengte 175-200 cm. Zelfde gordel in een andere kleur: C073IA01. Leeftijd mfr: 10 jaar. Petzl's eigen Technical Notice zegt voor deze textiel/kunststof-categorie (harnas/touw/sling/lanyard/helm/energy absorber) expliciet ""Lifespan: 10 years"" (icoon A) - geverifieerd in 3 verschillende Petzl-handleidingen (harnas ASTRO, helm STRATO, touw AXIS), dus universeel voor deze productgroep. Regel bevestigd door Jos (2026-09-18). max_age_use_years bewust leeg gelaten: Petzl noemt geen apart getal voor 'jaren vanaf eerste gebruik', alleen deze ene leeftijdsgrens vanaf fabricagedatum."
a89cefa5-b249-46b9-b5ea-346f1b397da6,Petzl,NEWTON International version (Size 1),,,,,,,10,,,,,,,,,,,,,,"Maat 1, heupriem 70-93 cm, beenlussen 47-62 cm, lichaamslengte 165-185 cm. Leeftijd mfr: 10 jaar. Petzl's eigen Technical Notice zegt voor deze textiel/kunststof-categorie (harnas/touw/sling/lanyard/helm/energy absorber) expliciet ""Lifespan: 10 years"" (icoon A) - geverifieerd in 3 verschillende Petzl-handleidingen (harnas ASTRO, helm STRATO, touw AXIS), dus universeel voor deze productgroep. Regel bevestigd door Jos (2026-09-18). max_age_use_years bewust leeg gelaten: Petzl noemt geen apart getal voor 'jaren vanaf eerste gebruik', alleen deze ene leeftijdsgrens vanaf fabricagedatum."
5c158542-1bab-45b5-a5ef-1bd81c874a01,Petzl,NEWTON International version (Size 2),,,,,,,10,,,,,,,,,,,,,,"Maat 2, heupriem 83-120 cm, beenlussen 50-65 cm, lichaamslengte 175-200 cm. Leeftijd mfr: 10 jaar. Petzl's eigen Technical Notice zegt voor deze textiel/kunststof-categorie (harnas/touw/sling/lanyard/helm/energy absorber) expliciet ""Lifespan: 10 years"" (icoon A) - geverifieerd in 3 verschillende Petzl-handleidingen (harnas ASTRO, helm STRATO, touw AXIS), dus universeel voor deze productgroep. Regel bevestigd door Jos (2026-09-18). max_age_use_years bewust leeg gelaten: Petzl noemt geen apart getal voor 'jaren vanaf eerste gebruik', alleen deze ene leeftijdsgrens vanaf fabricagedatum."
c0ecfb9d-8049-494d-9d05-1b01a76070a3,Petzl,OK BALL-LOCK,,,,,,999,,,,,,,,,,,,,,,"Leeftijd: onbeperkt (999) voor use en mfr. Petzl's eigen Technical Notice zegt voor deze hardware-categorie (connector/pulley/descender/rope clamp/mobile fall arrester/line brake/swivel) expliciet ""Unlimited lifespan"" (icoon A), ook als het product kleine kunststof/nylon onderdelen bevat (bv. een sheave of handgreep) - geverifieerd o.a. bij WILLIAM TRIACT-LOCK. Zelfde categorie-conventie als de reeds bestaande 999-rijen in deze catalogus (o.a. GRIGRI, CROLL, MAESTRO, SPIN, ZIGZAG). Regel bevestigd door Jos (2026-09-18)."
b010459c-d7f3-4b77-9043-6fe2d2b02180,Petzl,OK SCREW-LOCK,,,,,,999,,,,,,,,,,,,,,,"Leeftijd: onbeperkt (999) voor use en mfr. Petzl's eigen Technical Notice zegt voor deze hardware-categorie (connector/pulley/descender/rope clamp/mobile fall arrester/line brake/swivel) expliciet ""Unlimited lifespan"" (icoon A), ook als het product kleine kunststof/nylon onderdelen bevat (bv. een sheave of handgreep) - geverifieerd o.a. bij WILLIAM TRIACT-LOCK. Zelfde categorie-conventie als de reeds bestaande 999-rijen in deze catalogus (o.a. GRIGRI, CROLL, MAESTRO, SPIN, ZIGZAG). Regel bevestigd door Jos (2026-09-18)."
b30dfa04-eb5c-40da-a63d-ddceba3f2100,Petzl,OK TRIACT-LOCK,,,,,,999,,,,,,,,,,,,,,,"Leeftijd: onbeperkt (999) voor use en mfr. Petzl's eigen Technical Notice zegt voor deze hardware-categorie (connector/pulley/descender/rope clamp/mobile fall arrester/line brake/swivel) expliciet ""Unlimited lifespan"" (icoon A), ook als het product kleine kunststof/nylon onderdelen bevat (bv. een sheave of handgreep) - geverifieerd o.a. bij WILLIAM TRIACT-LOCK. Zelfde categorie-conventie als de reeds bestaande 999-rijen in deze catalogus (o.a. GRIGRI, CROLL, MAESTRO, SPIN, ZIGZAG). Regel bevestigd door Jos (2026-09-18)."
889421d9-4ca1-4e87-89d3-663837c9c9b3,Petzl,OK TRIACT-LOCK Black,,,,,,999,,,,,,,,,,,,,,,"Leeftijd: onbeperkt (999) voor use en mfr. Petzl's eigen Technical Notice zegt voor deze hardware-categorie (connector/pulley/descender/rope clamp/mobile fall arrester/line brake/swivel) expliciet ""Unlimited lifespan"" (icoon A), ook als het product kleine kunststof/nylon onderdelen bevat (bv. een sheave of handgreep) - geverifieerd o.a. bij WILLIAM TRIACT-LOCK. Zelfde categorie-conventie als de reeds bestaande 999-rijen in deze catalogus (o.a. GRIGRI, CROLL, MAESTRO, SPIN, ZIGZAG). Regel bevestigd door Jos (2026-09-18)."
ab820959-b0ce-4260-8308-2cf435aa1505,Petzl,OMNI,,,,,,999,,,,,,,,,,,,,,,"Leeftijd: onbeperkt (999) voor use en mfr. Petzl's eigen Technical Notice zegt voor deze hardware-categorie (connector/pulley/descender/rope clamp/mobile fall arrester/line brake/swivel) expliciet ""Unlimited lifespan"" (icoon A), ook als het product kleine kunststof/nylon onderdelen bevat (bv. een sheave of handgreep) - geverifieerd o.a. bij WILLIAM TRIACT-LOCK. Zelfde categorie-conventie als de reeds bestaande 999-rijen in deze catalogus (o.a. GRIGRI, CROLL, MAESTRO, SPIN, ZIGZAG). Regel bevestigd door Jos (2026-09-18)."
ddb66430-9faf-4c96-a765-f2f2f1127e8b,Petzl,OXAN SCREW-LOCK,,,,,,999,,,,,,,,,,,,,,,"Leeftijd: onbeperkt (999) voor use en mfr. Petzl's eigen Technical Notice zegt voor deze hardware-categorie (connector/pulley/descender/rope clamp/mobile fall arrester/line brake/swivel) expliciet ""Unlimited lifespan"" (icoon A), ook als het product kleine kunststof/nylon onderdelen bevat (bv. een sheave of handgreep) - geverifieerd o.a. bij WILLIAM TRIACT-LOCK. Zelfde categorie-conventie als de reeds bestaande 999-rijen in deze catalogus (o.a. GRIGRI, CROLL, MAESTRO, SPIN, ZIGZAG). Regel bevestigd door Jos (2026-09-18)."
99d1a373-ce9d-4527-863d-59918219700c,Petzl,OXAN TRIACT-LOCK,,,,,,999,,,,,,,,,,,,,,,"Leeftijd: onbeperkt (999) voor use en mfr. Petzl's eigen Technical Notice zegt voor deze hardware-categorie (connector/pulley/descender/rope clamp/mobile fall arrester/line brake/swivel) expliciet ""Unlimited lifespan"" (icoon A), ook als het product kleine kunststof/nylon onderdelen bevat (bv. een sheave of handgreep) - geverifieerd o.a. bij WILLIAM TRIACT-LOCK. Zelfde categorie-conventie als de reeds bestaande 999-rijen in deze catalogus (o.a. GRIGRI, CROLL, MAESTRO, SPIN, ZIGZAG). Regel bevestigd door Jos (2026-09-18)."
5f9e6ec6-b70d-4266-8945-01432c6bcf4b,Petzl,PRO TRAXION,,,,,,999,,,,,,,,,,,,,,,"Leeftijd: onbeperkt (999) voor use en mfr. Petzl's eigen Technical Notice zegt voor deze hardware-categorie (connector/pulley/descender/rope clamp/mobile fall arrester/line brake/swivel) expliciet ""Unlimited lifespan"" (icoon A), ook als het product kleine kunststof/nylon onderdelen bevat (bv. een sheave of handgreep) - geverifieerd o.a. bij WILLIAM TRIACT-LOCK. Zelfde categorie-conventie als de reeds bestaande 999-rijen in deze catalogus (o.a. GRIGRI, CROLL, MAESTRO, SPIN, ZIGZAG). Regel bevestigd door Jos (2026-09-18)."
c515cb00-9086-4cf9-9d3e-13d177ee2fa7,Petzl,PROGRESS ADJUST-I 1m,,,,,,,10,,,,,,,,,,,,,,"Verstelbare positioneringslijn, ook te gebruiken als tijdelijke ankervoorziening (EN 795 type B, maximaal 18 kN op de constructie). Niet voor valopvang. Alleen bij de 1 m-versie mag de touwklem áán het anker zitten (met VERTIGO + TANGA); bij 2, 3 en 5 m is de lijn dan niet strak te houden. Touwklem alleen gebruiken met CAPTIV ADJUST, anders kan hij verkeerd staan en losschieten. Smeltpunt HMPE (140 °C) ligt lager dan dat van nylon en polyester. Leeftijd mfr: 10 jaar. Petzl's eigen Technical Notice zegt voor deze textiel/kunststof-categorie (harnas/touw/sling/lanyard/helm/energy absorber) expliciet ""Lifespan: 10 years"" (icoon A) - geverifieerd in 3 verschillende Petzl-handleidingen (harnas ASTRO, helm STRATO, touw AXIS), dus universeel voor deze productgroep. Regel bevestigd door Jos (2026-09-18). max_age_use_years bewust leeg gelaten: Petzl noemt geen apart getal voor 'jaren vanaf eerste gebruik', alleen deze ene leeftijdsgrens vanaf fabricagedatum."
d11ade00-fd0e-4b46-82b1-ca7c9974c92c,Petzl,PROGRESS ADJUST-I 2m,,,,,,,10,,,,,,,,,,,,,,"Verstelbare positioneringslijn, ook te gebruiken als tijdelijke ankervoorziening (EN 795 type B, maximaal 18 kN op de constructie). Niet voor valopvang. Heeft een beschermhoes over het touw (vanaf de 2 m-versie). De touwklem mag hier níét aan het anker zitten; dat mag alleen bij de 1 m-versie. Touwklem alleen gebruiken met CAPTIV ADJUST, anders kan hij verkeerd staan en losschieten. Smeltpunt HMPE (140 °C) ligt lager dan dat van nylon en polyester. Leeftijd mfr: 10 jaar. Petzl's eigen Technical Notice zegt voor deze textiel/kunststof-categorie (harnas/touw/sling/lanyard/helm/energy absorber) expliciet ""Lifespan: 10 years"" (icoon A) - geverifieerd in 3 verschillende Petzl-handleidingen (harnas ASTRO, helm STRATO, touw AXIS), dus universeel voor deze productgroep. Regel bevestigd door Jos (2026-09-18). max_age_use_years bewust leeg gelaten: Petzl noemt geen apart getal voor 'jaren vanaf eerste gebruik', alleen deze ene leeftijdsgrens vanaf fabricagedatum."
8a29048b-90bd-406d-b418-c9965919428e,Petzl,PROGRESS ADJUST-I 3m,,,,,,,10,,,,,,,,,,,,,,"Verstelbare positioneringslijn, ook te gebruiken als tijdelijke ankervoorziening (EN 795 type B, maximaal 18 kN op de constructie). Niet voor valopvang. Heeft een beschermhoes over het touw (vanaf de 2 m-versie). De touwklem mag hier níét aan het anker zitten; dat mag alleen bij de 1 m-versie. Touwklem alleen gebruiken met CAPTIV ADJUST, anders kan hij verkeerd staan en losschieten. CSA Z259.11-17 klasse F geldt alleen tot 2,5 m en dus niet voor deze lengte. Smeltpunt HMPE (140 °C) ligt lager dan dat van nylon en polyester. Leeftijd mfr: 10 jaar. Petzl's eigen Technical Notice zegt voor deze textiel/kunststof-categorie (harnas/touw/sling/lanyard/helm/energy absorber) expliciet ""Lifespan: 10 years"" (icoon A) - geverifieerd in 3 verschillende Petzl-handleidingen (harnas ASTRO, helm STRATO, touw AXIS), dus universeel voor deze productgroep. Regel bevestigd door Jos (2026-09-18). max_age_use_years bewust leeg gelaten: Petzl noemt geen apart getal voor 'jaren vanaf eerste gebruik', alleen deze ene leeftijdsgrens vanaf fabricagedatum."
2358e983-ff96-4f17-8b30-dffa0741e78c,Petzl,PROGRESS ADJUST-I 5m,,,,,,,10,,,,,,,,,,,,,,"Verstelbare positioneringslijn, ook te gebruiken als tijdelijke ankervoorziening (EN 795 type B, maximaal 18 kN op de constructie). Niet voor valopvang. Heeft een beschermhoes over het touw (vanaf de 2 m-versie). De touwklem mag hier níét aan het anker zitten; dat mag alleen bij de 1 m-versie. Touwklem alleen gebruiken met CAPTIV ADJUST, anders kan hij verkeerd staan en losschieten. CSA Z259.11-17 klasse F geldt alleen tot 2,5 m en dus niet voor deze lengte. Smeltpunt HMPE (140 °C) ligt lager dan dat van nylon en polyester. Leeftijd mfr: 10 jaar. Petzl's eigen Technical Notice zegt voor deze textiel/kunststof-categorie (harnas/touw/sling/lanyard/helm/energy absorber) expliciet ""Lifespan: 10 years"" (icoon A) - geverifieerd in 3 verschillende Petzl-handleidingen (harnas ASTRO, helm STRATO, touw AXIS), dus universeel voor deze productgroep. Regel bevestigd door Jos (2026-09-18). max_age_use_years bewust leeg gelaten: Petzl noemt geen apart getal voor 'jaren vanaf eerste gebruik', alleen deze ene leeftijdsgrens vanaf fabricagedatum."
034e77ae-f61c-4825-82f8-c69d35d43caa,Petzl,PROGRESS ADJUST-Y,,,,,,,10,,,,,,,,,,,,,,"Leeftijd mfr: 10 jaar. Petzl's eigen Technical Notice zegt voor deze textiel/kunststof-categorie (harnas/touw/sling/lanyard/helm/energy absorber) expliciet ""Lifespan: 10 years"" (icoon A) - geverifieerd in 3 verschillende Petzl-handleidingen (harnas ASTRO, helm STRATO, touw AXIS), dus universeel voor deze productgroep. Regel bevestigd door Jos (2026-09-18). max_age_use_years bewust leeg gelaten: Petzl noemt geen apart getal voor 'jaren vanaf eerste gebruik', alleen deze ene leeftijdsgrens vanaf fabricagedatum."
ab91a859-1164-4c06-8133-e69019aa3363,Petzl,RESCUCENDER,,,,,,999,,,,,,,,,,,,,,,"Leeftijd: onbeperkt (999) voor use en mfr. Petzl's eigen Technical Notice zegt voor deze hardware-categorie (connector/pulley/descender/rope clamp/mobile fall arrester/line brake/swivel) expliciet ""Unlimited lifespan"" (icoon A), ook als het product kleine kunststof/nylon onderdelen bevat (bv. een sheave of handgreep) - geverifieerd o.a. bij WILLIAM TRIACT-LOCK. Zelfde categorie-conventie als de reeds bestaande 999-rijen in deze catalogus (o.a. GRIGRI, CROLL, MAESTRO, SPIN, ZIGZAG). Regel bevestigd door Jos (2026-09-18)."
142d4ecf-4cb7-41f1-b325-09daedb117c3,Petzl,RESCUE M,,,,,,999,,,,,,,,,,,,,,,"Leeftijd: onbeperkt (999) voor use en mfr. Petzl's eigen Technical Notice zegt voor deze hardware-categorie (connector/pulley/descender/rope clamp/mobile fall arrester/line brake/swivel) expliciet ""Unlimited lifespan"" (icoon A), ook als het product kleine kunststof/nylon onderdelen bevat (bv. een sheave of handgreep) - geverifieerd o.a. bij WILLIAM TRIACT-LOCK. Zelfde categorie-conventie als de reeds bestaande 999-rijen in deze catalogus (o.a. GRIGRI, CROLL, MAESTRO, SPIN, ZIGZAG). Regel bevestigd door Jos (2026-09-18)."
126a54af-41ab-44a5-a298-30ce3f784e17,Petzl,RESCUE S,,,,,,999,,,,,,,,,,,,,,,"Leeftijd: onbeperkt (999) voor use en mfr. Petzl's eigen Technical Notice zegt voor deze hardware-categorie (connector/pulley/descender/rope clamp/mobile fall arrester/line brake/swivel) expliciet ""Unlimited lifespan"" (icoon A), ook als het product kleine kunststof/nylon onderdelen bevat (bv. een sheave of handgreep) - geverifieerd o.a. bij WILLIAM TRIACT-LOCK. Zelfde categorie-conventie als de reeds bestaande 999-rijen in deze catalogus (o.a. GRIGRI, CROLL, MAESTRO, SPIN, ZIGZAG). Regel bevestigd door Jos (2026-09-18)."
735d731a-9d42-4250-be37-e39d22ad4546,Petzl,RIG,,,,,,999,,,,,,,,,,,,,,,"Leeftijd: onbeperkt (999) voor use en mfr. Petzl's eigen Technical Notice zegt voor deze hardware-categorie (connector/pulley/descender/rope clamp/mobile fall arrester/line brake/swivel) expliciet ""Unlimited lifespan"" (icoon A), ook als het product kleine kunststof/nylon onderdelen bevat (bv. een sheave of handgreep) - geverifieerd o.a. bij WILLIAM TRIACT-LOCK. Zelfde categorie-conventie als de reeds bestaande 999-rijen in deze catalogus (o.a. GRIGRI, CROLL, MAESTRO, SPIN, ZIGZAG). Regel bevestigd door Jos (2026-09-18)."
73e78683-f9bb-4c97-9ca4-a4b4694ec96c,Petzl,RING OPEN,,,,,,999,,,,,,,,,,,,,,,"Leeftijd: onbeperkt (999) voor use en mfr. Petzl's eigen Technical Notice zegt voor deze hardware-categorie (connector/pulley/descender/rope clamp/mobile fall arrester/line brake/swivel) expliciet ""Unlimited lifespan"" (icoon A), ook als het product kleine kunststof/nylon onderdelen bevat (bv. een sheave of handgreep) - geverifieerd o.a. bij WILLIAM TRIACT-LOCK. Zelfde categorie-conventie als de reeds bestaande 999-rijen in deze catalogus (o.a. GRIGRI, CROLL, MAESTRO, SPIN, ZIGZAG). Regel bevestigd door Jos (2026-09-18)."
d6f462ff-0499-4f76-a48d-6d4bac95e694,Petzl,ROLLCLIP A (non-locking),,,,,,999,,,,,,,,,,,,,,,"Katrol-karabiner zonder vergrendeling; de snapper zit aan de katrolkant, zodat het touw erin kan terwijl de katrol aan het anker hangt. Draagt géén EN 362 — die norm geldt alleen voor de vergrendelende uitvoeringen (bevestigd op de markering in de handleiding). Te gebruiken met een CAPTIV-positioneringsbeugel. Touw 7 tot 13 mm. Leeftijd: onbeperkt (999) voor use en mfr. Petzl's eigen Technical Notice zegt voor deze hardware-categorie (connector/pulley/descender/rope clamp/mobile fall arrester/line brake/swivel) expliciet ""Unlimited lifespan"" (icoon A), ook als het product kleine kunststof/nylon onderdelen bevat (bv. een sheave of handgreep) - geverifieerd o.a. bij WILLIAM TRIACT-LOCK. Zelfde categorie-conventie als de reeds bestaande 999-rijen in deze catalogus (o.a. GRIGRI, CROLL, MAESTRO, SPIN, ZIGZAG). Regel bevestigd door Jos (2026-09-18)."
a1fe83b6-140e-4e19-b7ff-a93ad58a2510,Petzl,ROLLCLIP A TRIACT-LOCK,,,,,,999,,,,,,,,,,,,,,,"Katrol-karabiner; de snapper zit aan de katrolkant, zodat het touw erin kan terwijl de katrol aan het anker hangt. Sluiting staat voluit in de naam: TRIACT-LOCK, automatisch sluitend. Te gebruiken met een CAPTIV-positioneringsbeugel, zodat hij over de lange as belast blijft en niet kan kantelen. Leeftijd: onbeperkt (999) voor use en mfr. Petzl's eigen Technical Notice zegt voor deze hardware-categorie (connector/pulley/descender/rope clamp/mobile fall arrester/line brake/swivel) expliciet ""Unlimited lifespan"" (icoon A), ook als het product kleine kunststof/nylon onderdelen bevat (bv. een sheave of handgreep) - geverifieerd o.a. bij WILLIAM TRIACT-LOCK. Zelfde categorie-conventie als de reeds bestaande 999-rijen in deze catalogus (o.a. GRIGRI, CROLL, MAESTRO, SPIN, ZIGZAG). Regel bevestigd door Jos (2026-09-18)."
7da87d91-afe9-44ff-a5d3-fb2b897b6763,Petzl,ROLLCLIP Z SCREW-LOCK,,,,,,999,,,,,,,,,,,,,,,"Katrol-karabiner; de snapper zit aan de kant zonder katrolwiel, zodat hij aan een anker of apparaat te hangen is. Sluiting staat voluit in de naam: SCREW-LOCK, met de hand te schroeven. Leeftijd: onbeperkt (999) voor use en mfr. Petzl's eigen Technical Notice zegt voor deze hardware-categorie (connector/pulley/descender/rope clamp/mobile fall arrester/line brake/swivel) expliciet ""Unlimited lifespan"" (icoon A), ook als het product kleine kunststof/nylon onderdelen bevat (bv. een sheave of handgreep) - geverifieerd o.a. bij WILLIAM TRIACT-LOCK. Zelfde categorie-conventie als de reeds bestaande 999-rijen in deze catalogus (o.a. GRIGRI, CROLL, MAESTRO, SPIN, ZIGZAG). Regel bevestigd door Jos (2026-09-18)."
7d124612-cb8a-4f1b-8cb5-088c5da8d10b,Petzl,ROLLCLIP Z TRIACT-LOCK,,,,,,999,,,,,,,,,,,,,,,"Katrol-karabiner; de snapper zit aan de kant zonder katrolwiel, zodat hij aan een anker of apparaat te hangen is. Sluiting staat voluit in de naam: TRIACT-LOCK, automatisch sluitend. Leeftijd: onbeperkt (999) voor use en mfr. Petzl's eigen Technical Notice zegt voor deze hardware-categorie (connector/pulley/descender/rope clamp/mobile fall arrester/line brake/swivel) expliciet ""Unlimited lifespan"" (icoon A), ook als het product kleine kunststof/nylon onderdelen bevat (bv. een sheave of handgreep) - geverifieerd o.a. bij WILLIAM TRIACT-LOCK. Zelfde categorie-conventie als de reeds bestaande 999-rijen in deze catalogus (o.a. GRIGRI, CROLL, MAESTRO, SPIN, ZIGZAG). Regel bevestigd door Jos (2026-09-18)."
fcd460a7-1790-4e24-8ecb-a8a3a71b77f8,Petzl,SEQUOIA (Size 0),,,,,,,10,,,,,,,,,,,,,,"Petzl safety alert (09-12-2019, gearchiveerd): risico op verkeerd gemonteerde bevestigingspunten (de twee gated attachment points). Geen ongevallen gemeld; controleer de montage van beide bevestigingspunten. Alleen SEQUOIA (C069AA) en SEQUOIA SRT (C069BA) - niet SEQUOIA PLUS. Leeftijd mfr: 10 jaar. Petzl's eigen Technical Notice zegt voor deze textiel/kunststof-categorie (harnas/touw/sling/lanyard/helm/energy absorber) expliciet ""Lifespan: 10 years"" (icoon A) - geverifieerd in 3 verschillende Petzl-handleidingen (harnas ASTRO, helm STRATO, touw AXIS), dus universeel voor deze productgroep. Regel bevestigd door Jos (2026-09-18). max_age_use_years bewust leeg gelaten: Petzl noemt geen apart getal voor 'jaren vanaf eerste gebruik', alleen deze ene leeftijdsgrens vanaf fabricagedatum."
584eff94-4798-4e08-8130-2f41d5423a55,Petzl,SEQUOIA (Size 1),,,,,,,10,,,,,,,,,,,,,,"Petzl safety alert (09-12-2019, gearchiveerd): risico op verkeerd gemonteerde bevestigingspunten (de twee gated attachment points). Geen ongevallen gemeld; controleer de montage van beide bevestigingspunten. Alleen SEQUOIA (C069AA) en SEQUOIA SRT (C069BA) - niet SEQUOIA PLUS. Leeftijd mfr: 10 jaar. Petzl's eigen Technical Notice zegt voor deze textiel/kunststof-categorie (harnas/touw/sling/lanyard/helm/energy absorber) expliciet ""Lifespan: 10 years"" (icoon A) - geverifieerd in 3 verschillende Petzl-handleidingen (harnas ASTRO, helm STRATO, touw AXIS), dus universeel voor deze productgroep. Regel bevestigd door Jos (2026-09-18). max_age_use_years bewust leeg gelaten: Petzl noemt geen apart getal voor 'jaren vanaf eerste gebruik', alleen deze ene leeftijdsgrens vanaf fabricagedatum."
423a8280-0722-4c34-b932-e676f339ed4c,Petzl,SEQUOIA (Size 2),,,,,,,10,,,,,,,,,,,,,,"Petzl safety alert (09-12-2019, gearchiveerd): risico op verkeerd gemonteerde bevestigingspunten (de twee gated attachment points). Geen ongevallen gemeld; controleer de montage van beide bevestigingspunten. Alleen SEQUOIA (C069AA) en SEQUOIA SRT (C069BA) - niet SEQUOIA PLUS. Leeftijd mfr: 10 jaar. Petzl's eigen Technical Notice zegt voor deze textiel/kunststof-categorie (harnas/touw/sling/lanyard/helm/energy absorber) expliciet ""Lifespan: 10 years"" (icoon A) - geverifieerd in 3 verschillende Petzl-handleidingen (harnas ASTRO, helm STRATO, touw AXIS), dus universeel voor deze productgroep. Regel bevestigd door Jos (2026-09-18). max_age_use_years bewust leeg gelaten: Petzl noemt geen apart getal voor 'jaren vanaf eerste gebruik', alleen deze ene leeftijdsgrens vanaf fabricagedatum."
dd843e02-65ab-4a58-9dda-fcda3de3b0b1,Petzl,SEQUOIA PLUS (Size 0),,,,,,,10,,,,,,,,,,,,,,"Leeftijd mfr: 10 jaar. Petzl's eigen Technical Notice zegt voor deze textiel/kunststof-categorie (harnas/touw/sling/lanyard/helm/energy absorber) expliciet ""Lifespan: 10 years"" (icoon A) - geverifieerd in 3 verschillende Petzl-handleidingen (harnas ASTRO, helm STRATO, touw AXIS), dus universeel voor deze productgroep. Regel bevestigd door Jos (2026-09-18). max_age_use_years bewust leeg gelaten: Petzl noemt geen apart getal voor 'jaren vanaf eerste gebruik', alleen deze ene leeftijdsgrens vanaf fabricagedatum."
6f20b8fb-d4fc-4d06-b3ba-78dc3515d78b,Petzl,SEQUOIA PLUS (Size 1),,,,,,,10,,,,,,,,,,,,,,"Leeftijd mfr: 10 jaar. Petzl's eigen Technical Notice zegt voor deze textiel/kunststof-categorie (harnas/touw/sling/lanyard/helm/energy absorber) expliciet ""Lifespan: 10 years"" (icoon A) - geverifieerd in 3 verschillende Petzl-handleidingen (harnas ASTRO, helm STRATO, touw AXIS), dus universeel voor deze productgroep. Regel bevestigd door Jos (2026-09-18). max_age_use_years bewust leeg gelaten: Petzl noemt geen apart getal voor 'jaren vanaf eerste gebruik', alleen deze ene leeftijdsgrens vanaf fabricagedatum."
7292f701-4c76-43b3-bece-b43fb713a071,Petzl,SEQUOIA PLUS (Size 2),,,,,,,10,,,,,,,,,,,,,,"Leeftijd mfr: 10 jaar. Petzl's eigen Technical Notice zegt voor deze textiel/kunststof-categorie (harnas/touw/sling/lanyard/helm/energy absorber) expliciet ""Lifespan: 10 years"" (icoon A) - geverifieerd in 3 verschillende Petzl-handleidingen (harnas ASTRO, helm STRATO, touw AXIS), dus universeel voor deze productgroep. Regel bevestigd door Jos (2026-09-18). max_age_use_years bewust leeg gelaten: Petzl noemt geen apart getal voor 'jaren vanaf eerste gebruik', alleen deze ene leeftijdsgrens vanaf fabricagedatum."
5a3706bd-bd5a-4765-a594-b15df925ec37,Petzl,SEQUOIA SRT (Size 0),,,,,,,10,,,,,,,,,,,,,,"Petzl safety alert (09-12-2019, gearchiveerd): risico op verkeerd gemonteerde bevestigingspunten (de twee gated attachment points). Geen ongevallen gemeld; controleer de montage van beide bevestigingspunten. Alleen SEQUOIA (C069AA) en SEQUOIA SRT (C069BA) - niet SEQUOIA PLUS. Leeftijd mfr: 10 jaar. Petzl's eigen Technical Notice zegt voor deze textiel/kunststof-categorie (harnas/touw/sling/lanyard/helm/energy absorber) expliciet ""Lifespan: 10 years"" (icoon A) - geverifieerd in 3 verschillende Petzl-handleidingen (harnas ASTRO, helm STRATO, touw AXIS), dus universeel voor deze productgroep. Regel bevestigd door Jos (2026-09-18). max_age_use_years bewust leeg gelaten: Petzl noemt geen apart getal voor 'jaren vanaf eerste gebruik', alleen deze ene leeftijdsgrens vanaf fabricagedatum."
2fcb4878-4cc9-4853-abaa-952c54d389d9,Petzl,SEQUOIA SRT (Size 1),,,,,,,10,,,,,,,,,,,,,,"Petzl safety alert (09-12-2019, gearchiveerd): risico op verkeerd gemonteerde bevestigingspunten (de twee gated attachment points). Geen ongevallen gemeld; controleer de montage van beide bevestigingspunten. Alleen SEQUOIA (C069AA) en SEQUOIA SRT (C069BA) - niet SEQUOIA PLUS. Leeftijd mfr: 10 jaar. Petzl's eigen Technical Notice zegt voor deze textiel/kunststof-categorie (harnas/touw/sling/lanyard/helm/energy absorber) expliciet ""Lifespan: 10 years"" (icoon A) - geverifieerd in 3 verschillende Petzl-handleidingen (harnas ASTRO, helm STRATO, touw AXIS), dus universeel voor deze productgroep. Regel bevestigd door Jos (2026-09-18). max_age_use_years bewust leeg gelaten: Petzl noemt geen apart getal voor 'jaren vanaf eerste gebruik', alleen deze ene leeftijdsgrens vanaf fabricagedatum."
7d73b587-c6dc-4b3e-844c-99b0f8b973d8,Petzl,SEQUOIA SRT (Size 2),,,,,,,10,,,,,,,,,,,,,,"Petzl safety alert (09-12-2019, gearchiveerd): risico op verkeerd gemonteerde bevestigingspunten (de twee gated attachment points). Geen ongevallen gemeld; controleer de montage van beide bevestigingspunten. Alleen SEQUOIA (C069AA) en SEQUOIA SRT (C069BA) - niet SEQUOIA PLUS. Leeftijd mfr: 10 jaar. Petzl's eigen Technical Notice zegt voor deze textiel/kunststof-categorie (harnas/touw/sling/lanyard/helm/energy absorber) expliciet ""Lifespan: 10 years"" (icoon A) - geverifieerd in 3 verschillende Petzl-handleidingen (harnas ASTRO, helm STRATO, touw AXIS), dus universeel voor deze productgroep. Regel bevestigd door Jos (2026-09-18). max_age_use_years bewust leeg gelaten: Petzl noemt geen apart getal voor 'jaren vanaf eerste gebruik', alleen deze ene leeftijdsgrens vanaf fabricagedatum."
7b05449b-bf08-4c88-aff6-e95c4ba44864,Petzl,SPIN L1,,,,,,999,,,,,,,,,,,,,,,"Leeftijd: onbeperkt (999) voor use en mfr. Petzl's eigen Technical Notice zegt voor deze hardware-categorie (connector/pulley/descender/rope clamp/mobile fall arrester/line brake/swivel) expliciet ""Unlimited lifespan"" (icoon A), ook als het product kleine kunststof/nylon onderdelen bevat (bv. een sheave of handgreep) - geverifieerd o.a. bij WILLIAM TRIACT-LOCK. Zelfde categorie-conventie als de reeds bestaande 999-rijen in deze catalogus (o.a. GRIGRI, CROLL, MAESTRO, SPIN, ZIGZAG). Regel bevestigd door Jos (2026-09-18)."
055ef419-6c95-43b1-9f2c-1cd93f4c8fa4,Petzl,SPIN L1D,,,,,,999,,,,,,,,,,,,,,,"Leeftijd: onbeperkt (999) voor use en mfr. Petzl's eigen Technical Notice zegt voor deze hardware-categorie (connector/pulley/descender/rope clamp/mobile fall arrester/line brake/swivel) expliciet ""Unlimited lifespan"" (icoon A), ook als het product kleine kunststof/nylon onderdelen bevat (bv. een sheave of handgreep) - geverifieerd o.a. bij WILLIAM TRIACT-LOCK. Zelfde categorie-conventie als de reeds bestaande 999-rijen in deze catalogus (o.a. GRIGRI, CROLL, MAESTRO, SPIN, ZIGZAG). Regel bevestigd door Jos (2026-09-18)."
62f95f0f-e918-442a-b81d-ae8a223e73c4,Petzl,SPIN L2,,,,,,999,,,,,,,,,,,,,,,"Leeftijd: onbeperkt (999) voor use en mfr. Petzl's eigen Technical Notice zegt voor deze hardware-categorie (connector/pulley/descender/rope clamp/mobile fall arrester/line brake/swivel) expliciet ""Unlimited lifespan"" (icoon A), ook als het product kleine kunststof/nylon onderdelen bevat (bv. een sheave of handgreep) - geverifieerd o.a. bij WILLIAM TRIACT-LOCK. Zelfde categorie-conventie als de reeds bestaande 999-rijen in deze catalogus (o.a. GRIGRI, CROLL, MAESTRO, SPIN, ZIGZAG). Regel bevestigd door Jos (2026-09-18)."
2f1771df-84de-4d89-8575-c45a5914dfe1,Petzl,SPIN S1,,,,,,999,,,,,,,,,,,,,,,"Leeftijd: onbeperkt (999) voor use en mfr. Petzl's eigen Technical Notice zegt voor deze hardware-categorie (connector/pulley/descender/rope clamp/mobile fall arrester/line brake/swivel) expliciet ""Unlimited lifespan"" (icoon A), ook als het product kleine kunststof/nylon onderdelen bevat (bv. een sheave of handgreep) - geverifieerd o.a. bij WILLIAM TRIACT-LOCK. Zelfde categorie-conventie als de reeds bestaande 999-rijen in deze catalogus (o.a. GRIGRI, CROLL, MAESTRO, SPIN, ZIGZAG). Regel bevestigd door Jos (2026-09-18)."
fb14ecce-bd0d-4949-9c3d-3adc0e4d58d8,Petzl,SPIN S1 OPEN,,,,,,999,,,,,,,,,,,,,,,"Leeftijd: onbeperkt (999) voor use en mfr. Petzl's eigen Technical Notice zegt voor deze hardware-categorie (connector/pulley/descender/rope clamp/mobile fall arrester/line brake/swivel) expliciet ""Unlimited lifespan"" (icoon A), ook als het product kleine kunststof/nylon onderdelen bevat (bv. een sheave of handgreep) - geverifieerd o.a. bij WILLIAM TRIACT-LOCK. Zelfde categorie-conventie als de reeds bestaande 999-rijen in deze catalogus (o.a. GRIGRI, CROLL, MAESTRO, SPIN, ZIGZAG). Regel bevestigd door Jos (2026-09-18)."
afe7a19b-d4e6-4be8-bb22-ab76ddcbd93b,Petzl,ST'ANNEAU 24cm Green,,,,,,,10,,,,,,,,,,,,,,"Lichtgewicht gestikte bandlus als tijdelijke ankervoorziening. Lengte zonder connector 24 cm, green, 10 g. Let op: draagt alléén EN 795 type B, niet EN 566 zoals de gewone ANNEAU. De 3 jaar die Petzl noemt is garantie, geen afkeurtermijn. Leeftijd mfr: 10 jaar. Petzl's eigen Technical Notice zegt voor deze textiel/kunststof-categorie (harnas/touw/sling/lanyard/helm/energy absorber) expliciet ""Lifespan: 10 years"" (icoon A) - geverifieerd in 3 verschillende Petzl-handleidingen (harnas ASTRO, helm STRATO, touw AXIS), dus universeel voor deze productgroep. Regel bevestigd door Jos (2026-09-18). max_age_use_years bewust leeg gelaten: Petzl noemt geen apart getal voor 'jaren vanaf eerste gebruik', alleen deze ene leeftijdsgrens vanaf fabricagedatum."
4f0c5c21-60ec-47a0-83bb-2d61370fbef0,Petzl,ST'ANNEAU 60cm Yellow,,,,,,,10,,,,,,,,,,,,,,"Lichtgewicht gestikte bandlus als tijdelijke ankervoorziening. Lengte zonder connector 60 cm, yellow, 20 g. Let op: draagt alléén EN 795 type B, niet EN 566 zoals de gewone ANNEAU. De 3 jaar die Petzl noemt is garantie, geen afkeurtermijn. Leeftijd mfr: 10 jaar. Petzl's eigen Technical Notice zegt voor deze textiel/kunststof-categorie (harnas/touw/sling/lanyard/helm/energy absorber) expliciet ""Lifespan: 10 years"" (icoon A) - geverifieerd in 3 verschillende Petzl-handleidingen (harnas ASTRO, helm STRATO, touw AXIS), dus universeel voor deze productgroep. Regel bevestigd door Jos (2026-09-18). max_age_use_years bewust leeg gelaten: Petzl noemt geen apart getal voor 'jaren vanaf eerste gebruik', alleen deze ene leeftijdsgrens vanaf fabricagedatum."
cfcdc00a-ffef-4638-940a-3a1be08abd75,Petzl,ST'ANNEAU 120cm Red,,,,,,,10,,,,,,,,,,,,,,"Lichtgewicht gestikte bandlus als tijdelijke ankervoorziening. Lengte zonder connector 120 cm, red, 40 g. Let op: draagt alléén EN 795 type B, niet EN 566 zoals de gewone ANNEAU. De 3 jaar die Petzl noemt is garantie, geen afkeurtermijn. Leeftijd mfr: 10 jaar. Petzl's eigen Technical Notice zegt voor deze textiel/kunststof-categorie (harnas/touw/sling/lanyard/helm/energy absorber) expliciet ""Lifespan: 10 years"" (icoon A) - geverifieerd in 3 verschillende Petzl-handleidingen (harnas ASTRO, helm STRATO, touw AXIS), dus universeel voor deze productgroep. Regel bevestigd door Jos (2026-09-18). max_age_use_years bewust leeg gelaten: Petzl noemt geen apart getal voor 'jaren vanaf eerste gebruik', alleen deze ene leeftijdsgrens vanaf fabricagedatum."
ad78b94e-3821-4771-8871-0b895b3dc5c0,Petzl,STRATO,,,,,,,10,,,,,,,,,,,,,,"Leeftijd mfr: 10 jaar. Petzl's eigen Technical Notice zegt voor deze textiel/kunststof-categorie (harnas/touw/sling/lanyard/helm/energy absorber) expliciet ""Lifespan: 10 years"" (icoon A) - geverifieerd in 3 verschillende Petzl-handleidingen (harnas ASTRO, helm STRATO, touw AXIS), dus universeel voor deze productgroep. Regel bevestigd door Jos (2026-09-18). max_age_use_years bewust leeg gelaten: Petzl noemt geen apart getal voor 'jaren vanaf eerste gebruik', alleen deze ene leeftijdsgrens vanaf fabricagedatum."
3fedc581-d872-4f7e-8d2a-9d6034bc4e29,Petzl,STRATO CUSTOM,,,,,,,10,,,,,,,,,,,,,,"Leeftijd mfr: 10 jaar. Petzl's eigen Technical Notice zegt voor deze textiel/kunststof-categorie (harnas/touw/sling/lanyard/helm/energy absorber) expliciet ""Lifespan: 10 years"" (icoon A) - geverifieerd in 3 verschillende Petzl-handleidingen (harnas ASTRO, helm STRATO, touw AXIS), dus universeel voor deze productgroep. Regel bevestigd door Jos (2026-09-18). max_age_use_years bewust leeg gelaten: Petzl noemt geen apart getal voor 'jaren vanaf eerste gebruik', alleen deze ene leeftijdsgrens vanaf fabricagedatum."
94e84f8d-4164-453a-8721-4711ecb64241,Petzl,STRATO HI-VIZ,,,,,,,10,,,,,,,,,,,,,,"Leeftijd mfr: 10 jaar. Petzl's eigen Technical Notice zegt voor deze textiel/kunststof-categorie (harnas/touw/sling/lanyard/helm/energy absorber) expliciet ""Lifespan: 10 years"" (icoon A) - geverifieerd in 3 verschillende Petzl-handleidingen (harnas ASTRO, helm STRATO, touw AXIS), dus universeel voor deze productgroep. Regel bevestigd door Jos (2026-09-18). max_age_use_years bewust leeg gelaten: Petzl noemt geen apart getal voor 'jaren vanaf eerste gebruik', alleen deze ene leeftijdsgrens vanaf fabricagedatum."
104619cb-3088-46ef-9f77-68fe96bdb7c9,Petzl,STRATO VENT,,,,,,,10,,,,,,,,,,,,,,"Leeftijd mfr: 10 jaar. Petzl's eigen Technical Notice zegt voor deze textiel/kunststof-categorie (harnas/touw/sling/lanyard/helm/energy absorber) expliciet ""Lifespan: 10 years"" (icoon A) - geverifieerd in 3 verschillende Petzl-handleidingen (harnas ASTRO, helm STRATO, touw AXIS), dus universeel voor deze productgroep. Regel bevestigd door Jos (2026-09-18). max_age_use_years bewust leeg gelaten: Petzl noemt geen apart getal voor 'jaren vanaf eerste gebruik', alleen deze ene leeftijdsgrens vanaf fabricagedatum."
8c1c4ad5-0195-4aaa-90e4-8091ec7c8087,Petzl,STRATO VENT HI-VIZ,,,,,,,10,,,,,,,,,,,,,,"Leeftijd mfr: 10 jaar. Petzl's eigen Technical Notice zegt voor deze textiel/kunststof-categorie (harnas/touw/sling/lanyard/helm/energy absorber) expliciet ""Lifespan: 10 years"" (icoon A) - geverifieerd in 3 verschillende Petzl-handleidingen (harnas ASTRO, helm STRATO, touw AXIS), dus universeel voor deze productgroep. Regel bevestigd door Jos (2026-09-18). max_age_use_years bewust leeg gelaten: Petzl noemt geen apart getal voor 'jaren vanaf eerste gebruik', alleen deze ene leeftijdsgrens vanaf fabricagedatum."
7bfe527a-b0c7-4320-8943-35b2242aa70d,Petzl,SWIVEL OPEN,,,,,,999,,,,,,,,,,,,,,,"Leeftijd: onbeperkt (999) voor use en mfr. Petzl's eigen Technical Notice zegt voor deze hardware-categorie (connector/pulley/descender/rope clamp/mobile fall arrester/line brake/swivel) expliciet ""Unlimited lifespan"" (icoon A), ook als het product kleine kunststof/nylon onderdelen bevat (bv. een sheave of handgreep) - geverifieerd o.a. bij WILLIAM TRIACT-LOCK. Zelfde categorie-conventie als de reeds bestaande 999-rijen in deze catalogus (o.a. GRIGRI, CROLL, MAESTRO, SPIN, ZIGZAG). Regel bevestigd door Jos (2026-09-18)."
c40943ae-02bb-42b3-a7b4-14c09943da45,Petzl,TANDEM,,,,,,999,,,,,,,,,,,,,,,"Leeftijd: onbeperkt (999) voor use en mfr. Petzl's eigen Technical Notice zegt voor deze hardware-categorie (connector/pulley/descender/rope clamp/mobile fall arrester/line brake/swivel) expliciet ""Unlimited lifespan"" (icoon A), ook als het product kleine kunststof/nylon onderdelen bevat (bv. een sheave of handgreep) - geverifieerd o.a. bij WILLIAM TRIACT-LOCK. Zelfde categorie-conventie als de reeds bestaande 999-rijen in deze catalogus (o.a. GRIGRI, CROLL, MAESTRO, SPIN, ZIGZAG). Regel bevestigd door Jos (2026-09-18)."
7e2d079f-d930-45c3-804a-4f2d544dfe24,Petzl,TANDEM SPEED,,,,,,999,,,,,,,,,,,,,,,"Leeftijd: onbeperkt (999) voor use en mfr. Petzl's eigen Technical Notice zegt voor deze hardware-categorie (connector/pulley/descender/rope clamp/mobile fall arrester/line brake/swivel) expliciet ""Unlimited lifespan"" (icoon A), ook als het product kleine kunststof/nylon onderdelen bevat (bv. een sheave of handgreep) - geverifieerd o.a. bij WILLIAM TRIACT-LOCK. Zelfde categorie-conventie als de reeds bestaande 999-rijen in deze catalogus (o.a. GRIGRI, CROLL, MAESTRO, SPIN, ZIGZAG). Regel bevestigd door Jos (2026-09-18)."
6d4019b6-1a62-4d91-84ea-d5204abaff95,Petzl,TIBLOC,,,,,,999,,,,,,,,,,,,,,,"Leeftijd: onbeperkt (999) voor use en mfr. Petzl's eigen Technical Notice zegt voor deze hardware-categorie (connector/pulley/descender/rope clamp/mobile fall arrester/line brake/swivel) expliciet ""Unlimited lifespan"" (icoon A), ook als het product kleine kunststof/nylon onderdelen bevat (bv. een sheave of handgreep) - geverifieerd o.a. bij WILLIAM TRIACT-LOCK. Zelfde categorie-conventie als de reeds bestaande 999-rijen in deze catalogus (o.a. GRIGRI, CROLL, MAESTRO, SPIN, ZIGZAG). Regel bevestigd door Jos (2026-09-18)."
4dbca330-6c1e-4e31-b18d-f7a564cedef7,Petzl,TOP,,,,,,,10,,,,,,,,,,,,,,"Leeftijd mfr: 10 jaar. Petzl's eigen Technical Notice zegt voor deze textiel/kunststof-categorie (harnas/touw/sling/lanyard/helm/energy absorber) expliciet ""Lifespan: 10 years"" (icoon A) - geverifieerd in 3 verschillende Petzl-handleidingen (harnas ASTRO, helm STRATO, touw AXIS), dus universeel voor deze productgroep. Regel bevestigd door Jos (2026-09-18). max_age_use_years bewust leeg gelaten: Petzl noemt geen apart getal voor 'jaren vanaf eerste gebruik', alleen deze ene leeftijdsgrens vanaf fabricagedatum."
abfa232f-8e29-4ac8-aeae-97230f669305,Petzl,TWIN RELEASE,,,,,,999,,,,,,,,,,,,,,,"Leeftijd: onbeperkt (999) voor use en mfr. Petzl's eigen Technical Notice zegt voor deze hardware-categorie (connector/pulley/descender/rope clamp/mobile fall arrester/line brake/swivel) expliciet ""Unlimited lifespan"" (icoon A), ook als het product kleine kunststof/nylon onderdelen bevat (bv. een sheave of handgreep) - geverifieerd o.a. bij WILLIAM TRIACT-LOCK. Zelfde categorie-conventie als de reeds bestaande 999-rijen in deze catalogus (o.a. GRIGRI, CROLL, MAESTRO, SPIN, ZIGZAG). Regel bevestigd door Jos (2026-09-18)."
6d86bb9b-b2c9-4758-832b-e933fe617e6c,Petzl,VERTEX,,,,,,,10,,,,,,,,,,,,,,"Leeftijd mfr: 10 jaar. Petzl's eigen Technical Notice zegt voor deze textiel/kunststof-categorie (harnas/touw/sling/lanyard/helm/energy absorber) expliciet ""Lifespan: 10 years"" (icoon A) - geverifieerd in 3 verschillende Petzl-handleidingen (harnas ASTRO, helm STRATO, touw AXIS), dus universeel voor deze productgroep. Regel bevestigd door Jos (2026-09-18). max_age_use_years bewust leeg gelaten: Petzl noemt geen apart getal voor 'jaren vanaf eerste gebruik', alleen deze ene leeftijdsgrens vanaf fabricagedatum."
7a852af3-50d5-467c-98bf-2a6231258312,Petzl,VERTEX CUSTOM,,,,,,,10,,,,,,,,,,,,,,"Leeftijd mfr: 10 jaar. Petzl's eigen Technical Notice zegt voor deze textiel/kunststof-categorie (harnas/touw/sling/lanyard/helm/energy absorber) expliciet ""Lifespan: 10 years"" (icoon A) - geverifieerd in 3 verschillende Petzl-handleidingen (harnas ASTRO, helm STRATO, touw AXIS), dus universeel voor deze productgroep. Regel bevestigd door Jos (2026-09-18). max_age_use_years bewust leeg gelaten: Petzl noemt geen apart getal voor 'jaren vanaf eerste gebruik', alleen deze ene leeftijdsgrens vanaf fabricagedatum."
6abca6dc-0071-4c1b-b136-f242bad9962d,Petzl,VERTEX HI-VIZ,,,,,,,10,,,,,,,,,,,,,,"Leeftijd mfr: 10 jaar. Petzl's eigen Technical Notice zegt voor deze textiel/kunststof-categorie (harnas/touw/sling/lanyard/helm/energy absorber) expliciet ""Lifespan: 10 years"" (icoon A) - geverifieerd in 3 verschillende Petzl-handleidingen (harnas ASTRO, helm STRATO, touw AXIS), dus universeel voor deze productgroep. Regel bevestigd door Jos (2026-09-18). max_age_use_years bewust leeg gelaten: Petzl noemt geen apart getal voor 'jaren vanaf eerste gebruik', alleen deze ene leeftijdsgrens vanaf fabricagedatum."
ec1684e3-78b6-43bb-8640-40c494a7c8fb,Petzl,VERTEX VENT,,,,,,,10,,,,,,,,,,,,,,"Leeftijd mfr: 10 jaar. Petzl's eigen Technical Notice zegt voor deze textiel/kunststof-categorie (harnas/touw/sling/lanyard/helm/energy absorber) expliciet ""Lifespan: 10 years"" (icoon A) - geverifieerd in 3 verschillende Petzl-handleidingen (harnas ASTRO, helm STRATO, touw AXIS), dus universeel voor deze productgroep. Regel bevestigd door Jos (2026-09-18). max_age_use_years bewust leeg gelaten: Petzl noemt geen apart getal voor 'jaren vanaf eerste gebruik', alleen deze ene leeftijdsgrens vanaf fabricagedatum."
438a4ccc-1489-4ac9-a2c4-8bbe97b1275c,Petzl,VERTEX VENT HI-VIZ,,,,,,,10,,,,,,,,,,,,,,"Leeftijd mfr: 10 jaar. Petzl's eigen Technical Notice zegt voor deze textiel/kunststof-categorie (harnas/touw/sling/lanyard/helm/energy absorber) expliciet ""Lifespan: 10 years"" (icoon A) - geverifieerd in 3 verschillende Petzl-handleidingen (harnas ASTRO, helm STRATO, touw AXIS), dus universeel voor deze productgroep. Regel bevestigd door Jos (2026-09-18). max_age_use_years bewust leeg gelaten: Petzl noemt geen apart getal voor 'jaren vanaf eerste gebruik', alleen deze ene leeftijdsgrens vanaf fabricagedatum."
c5824483-c970-4ec7-8db6-b8859920ea65,Petzl,VERTIGO TWIST-LOCK,,,,,,999,,,,,,,,,,,,,,,"Leeftijd: onbeperkt (999) voor use en mfr. Petzl's eigen Technical Notice zegt voor deze hardware-categorie (connector/pulley/descender/rope clamp/mobile fall arrester/line brake/swivel) expliciet ""Unlimited lifespan"" (icoon A), ook als het product kleine kunststof/nylon onderdelen bevat (bv. een sheave of handgreep) - geverifieerd o.a. bij WILLIAM TRIACT-LOCK. Zelfde categorie-conventie als de reeds bestaande 999-rijen in deze catalogus (o.a. GRIGRI, CROLL, MAESTRO, SPIN, ZIGZAG). Regel bevestigd door Jos (2026-09-18)."
5b6a1d82-a9e3-4778-a43c-4d53712cc5cb,Petzl,VOLT European Version (Size 0),,,,,,,10,,,,,,,,,,,,,,"Maat 0, heupriem 65-80 cm, beenlussen 44-59 cm, lichaamslengte 160-180 cm. Leeftijd mfr: 10 jaar. Petzl's eigen Technical Notice zegt voor deze textiel/kunststof-categorie (harnas/touw/sling/lanyard/helm/energy absorber) expliciet ""Lifespan: 10 years"" (icoon A) - geverifieerd in 3 verschillende Petzl-handleidingen (harnas ASTRO, helm STRATO, touw AXIS), dus universeel voor deze productgroep. Regel bevestigd door Jos (2026-09-18). max_age_use_years bewust leeg gelaten: Petzl noemt geen apart getal voor 'jaren vanaf eerste gebruik', alleen deze ene leeftijdsgrens vanaf fabricagedatum."
4878f699-009e-4118-b141-80ea2c12dd9c,Petzl,VOLT European Version (Size 1),,,,,,,10,,,,,,,,,,,,,,"Maat 1, heupriem 70-93 cm, beenlussen 47-62 cm, lichaamslengte 165-185 cm. Leeftijd mfr: 10 jaar. Petzl's eigen Technical Notice zegt voor deze textiel/kunststof-categorie (harnas/touw/sling/lanyard/helm/energy absorber) expliciet ""Lifespan: 10 years"" (icoon A) - geverifieerd in 3 verschillende Petzl-handleidingen (harnas ASTRO, helm STRATO, touw AXIS), dus universeel voor deze productgroep. Regel bevestigd door Jos (2026-09-18). max_age_use_years bewust leeg gelaten: Petzl noemt geen apart getal voor 'jaren vanaf eerste gebruik', alleen deze ene leeftijdsgrens vanaf fabricagedatum."
c57788cf-4903-4877-9277-1479990dc1b6,Petzl,VOLT European Version (Size 2),,,,,,,10,,,,,,,,,,,,,,"Maat 2, heupriem 83-120 cm, beenlussen 50-65 cm, lichaamslengte 175-200 cm. Leeftijd mfr: 10 jaar. Petzl's eigen Technical Notice zegt voor deze textiel/kunststof-categorie (harnas/touw/sling/lanyard/helm/energy absorber) expliciet ""Lifespan: 10 years"" (icoon A) - geverifieerd in 3 verschillende Petzl-handleidingen (harnas ASTRO, helm STRATO, touw AXIS), dus universeel voor deze productgroep. Regel bevestigd door Jos (2026-09-18). max_age_use_years bewust leeg gelaten: Petzl noemt geen apart getal voor 'jaren vanaf eerste gebruik', alleen deze ene leeftijdsgrens vanaf fabricagedatum."
432bf9f8-ac1c-4f3f-8390-a886752fec17,Petzl,VOLT International Version (Size 0),,,,,,,10,,,,,,,,,,,,,,"Maat 0, heupriem 65-80 cm, beenlussen 44-59 cm, lichaamslengte 160-180 cm. Leeftijd mfr: 10 jaar. Petzl's eigen Technical Notice zegt voor deze textiel/kunststof-categorie (harnas/touw/sling/lanyard/helm/energy absorber) expliciet ""Lifespan: 10 years"" (icoon A) - geverifieerd in 3 verschillende Petzl-handleidingen (harnas ASTRO, helm STRATO, touw AXIS), dus universeel voor deze productgroep. Regel bevestigd door Jos (2026-09-18). max_age_use_years bewust leeg gelaten: Petzl noemt geen apart getal voor 'jaren vanaf eerste gebruik', alleen deze ene leeftijdsgrens vanaf fabricagedatum."
3d174def-d0cb-4a86-b87e-eb5907f50562,Petzl,VOLT International Version (Size 1),,,,,,,10,,,,,,,,,,,,,,"Maat 1, heupriem 70-93 cm, beenlussen 47-62 cm, lichaamslengte 165-185 cm. Leeftijd mfr: 10 jaar. Petzl's eigen Technical Notice zegt voor deze textiel/kunststof-categorie (harnas/touw/sling/lanyard/helm/energy absorber) expliciet ""Lifespan: 10 years"" (icoon A) - geverifieerd in 3 verschillende Petzl-handleidingen (harnas ASTRO, helm STRATO, touw AXIS), dus universeel voor deze productgroep. Regel bevestigd door Jos (2026-09-18). max_age_use_years bewust leeg gelaten: Petzl noemt geen apart getal voor 'jaren vanaf eerste gebruik', alleen deze ene leeftijdsgrens vanaf fabricagedatum."
35f9a092-84fe-4a04-b344-13c243027eda,Petzl,VOLT International Version (Size 2),,,,,,,10,,,,,,,,,,,,,,"Maat 2, heupriem 83-120 cm, beenlussen 50-65 cm, lichaamslengte 175-200 cm. Leeftijd mfr: 10 jaar. Petzl's eigen Technical Notice zegt voor deze textiel/kunststof-categorie (harnas/touw/sling/lanyard/helm/energy absorber) expliciet ""Lifespan: 10 years"" (icoon A) - geverifieerd in 3 verschillende Petzl-handleidingen (harnas ASTRO, helm STRATO, touw AXIS), dus universeel voor deze productgroep. Regel bevestigd door Jos (2026-09-18). max_age_use_years bewust leeg gelaten: Petzl noemt geen apart getal voor 'jaren vanaf eerste gebruik', alleen deze ene leeftijdsgrens vanaf fabricagedatum."
0de3b498-a2da-4df7-b606-0b31e40f06ad,Petzl,VOLT International Version Work Seat,,,,,,,10,,,,,,,,,,,,,,"Leeftijd mfr: 10 jaar. Petzl's eigen Technical Notice zegt voor deze textiel/kunststof-categorie (harnas/touw/sling/lanyard/helm/energy absorber) expliciet ""Lifespan: 10 years"" (icoon A) - geverifieerd in 3 verschillende Petzl-handleidingen (harnas ASTRO, helm STRATO, touw AXIS), dus universeel voor deze productgroep. Regel bevestigd door Jos (2026-09-18). max_age_use_years bewust leeg gelaten: Petzl noemt geen apart getal voor 'jaren vanaf eerste gebruik', alleen deze ene leeftijdsgrens vanaf fabricagedatum."
5124672f-80ed-43fb-bc1f-a99898640f34,Petzl,VOLT LIGHT European Version (Size 0),,,,,,,10,,,,,,,,,,,,,,"Maat 0, heupriem 65-80 cm, beenlussen 44-59 cm, lichaamslengte 160-180 cm. Leeftijd mfr: 10 jaar. Petzl's eigen Technical Notice zegt voor deze textiel/kunststof-categorie (harnas/touw/sling/lanyard/helm/energy absorber) expliciet ""Lifespan: 10 years"" (icoon A) - geverifieerd in 3 verschillende Petzl-handleidingen (harnas ASTRO, helm STRATO, touw AXIS), dus universeel voor deze productgroep. Regel bevestigd door Jos (2026-09-18). max_age_use_years bewust leeg gelaten: Petzl noemt geen apart getal voor 'jaren vanaf eerste gebruik', alleen deze ene leeftijdsgrens vanaf fabricagedatum."
97bf05b0-1594-4b05-b21d-1f6d4995a27c,Petzl,VOLT LIGHT European Version (Size 1),,,,,,,10,,,,,,,,,,,,,,"Maat 1, heupriem 70-93 cm, beenlussen 47-62 cm, lichaamslengte 165-185 cm. Leeftijd mfr: 10 jaar. Petzl's eigen Technical Notice zegt voor deze textiel/kunststof-categorie (harnas/touw/sling/lanyard/helm/energy absorber) expliciet ""Lifespan: 10 years"" (icoon A) - geverifieerd in 3 verschillende Petzl-handleidingen (harnas ASTRO, helm STRATO, touw AXIS), dus universeel voor deze productgroep. Regel bevestigd door Jos (2026-09-18). max_age_use_years bewust leeg gelaten: Petzl noemt geen apart getal voor 'jaren vanaf eerste gebruik', alleen deze ene leeftijdsgrens vanaf fabricagedatum."
2971889d-c375-4463-bade-4439f521fc23,Petzl,VOLT LIGHT European Version (Size 2),,,,,,,10,,,,,,,,,,,,,,"Maat 2, heupriem 83-120 cm, beenlussen 50-65 cm, lichaamslengte 175-200 cm. Leeftijd mfr: 10 jaar. Petzl's eigen Technical Notice zegt voor deze textiel/kunststof-categorie (harnas/touw/sling/lanyard/helm/energy absorber) expliciet ""Lifespan: 10 years"" (icoon A) - geverifieerd in 3 verschillende Petzl-handleidingen (harnas ASTRO, helm STRATO, touw AXIS), dus universeel voor deze productgroep. Regel bevestigd door Jos (2026-09-18). max_age_use_years bewust leeg gelaten: Petzl noemt geen apart getal voor 'jaren vanaf eerste gebruik', alleen deze ene leeftijdsgrens vanaf fabricagedatum."
95ddf765-b64c-4df7-8c09-7a9daae4d458,Petzl,VOLT LIGHT International Version (Size 0),,,,,,,10,,,,,,,,,,,,,,"Maat 0, heupriem 65-80 cm, beenlussen 44-59 cm, lichaamslengte 160-180 cm. Leeftijd mfr: 10 jaar. Petzl's eigen Technical Notice zegt voor deze textiel/kunststof-categorie (harnas/touw/sling/lanyard/helm/energy absorber) expliciet ""Lifespan: 10 years"" (icoon A) - geverifieerd in 3 verschillende Petzl-handleidingen (harnas ASTRO, helm STRATO, touw AXIS), dus universeel voor deze productgroep. Regel bevestigd door Jos (2026-09-18). max_age_use_years bewust leeg gelaten: Petzl noemt geen apart getal voor 'jaren vanaf eerste gebruik', alleen deze ene leeftijdsgrens vanaf fabricagedatum."
56d33be2-f611-49d7-a616-093b595f7c36,Petzl,VOLT LIGHT International Version (Size 1),,,,,,,10,,,,,,,,,,,,,,"Maat 1, heupriem 70-93 cm, beenlussen 47-62 cm, lichaamslengte 165-185 cm. Leeftijd mfr: 10 jaar. Petzl's eigen Technical Notice zegt voor deze textiel/kunststof-categorie (harnas/touw/sling/lanyard/helm/energy absorber) expliciet ""Lifespan: 10 years"" (icoon A) - geverifieerd in 3 verschillende Petzl-handleidingen (harnas ASTRO, helm STRATO, touw AXIS), dus universeel voor deze productgroep. Regel bevestigd door Jos (2026-09-18). max_age_use_years bewust leeg gelaten: Petzl noemt geen apart getal voor 'jaren vanaf eerste gebruik', alleen deze ene leeftijdsgrens vanaf fabricagedatum."
258326c2-1432-4b74-aadc-389356b937a7,Petzl,VOLT LIGHT International Version (Size 2),,,,,,,10,,,,,,,,,,,,,,"Maat 2, heupriem 83-120 cm, beenlussen 50-65 cm, lichaamslengte 175-200 cm. Leeftijd mfr: 10 jaar. Petzl's eigen Technical Notice zegt voor deze textiel/kunststof-categorie (harnas/touw/sling/lanyard/helm/energy absorber) expliciet ""Lifespan: 10 years"" (icoon A) - geverifieerd in 3 verschillende Petzl-handleidingen (harnas ASTRO, helm STRATO, touw AXIS), dus universeel voor deze productgroep. Regel bevestigd door Jos (2026-09-18). max_age_use_years bewust leeg gelaten: Petzl noemt geen apart getal voor 'jaren vanaf eerste gebruik', alleen deze ene leeftijdsgrens vanaf fabricagedatum."
872ab6bb-2813-4892-b442-cd196e7b154f,Petzl,VOLT size 1,,,,,,,10,,,,,,,,,,,,,,"Directe match, geen aannames nodig. VOLT International Version komt in maten 0/1/2 (codes C072CB00/01/02) - maat 1 en 2 uit de catalogus zijn hierin gewoon aanwezig. manual_url is de Technical Notice VOLT/VOLT WIND International Version, curl-geverifieerd: 200, content-type application/pdf, %PDF-magic-bytes OK. Let op: er bestaat ook een aparte 'VOLT European Version' met een ander document (EN-only, geen ANSI) en een 'VOLT WIND'-variant (offshore) - dit is de gewone VOLT, niet VOLT WIND. Leeftijd mfr: 10 jaar. Petzl's eigen Technical Notice zegt voor deze textiel/kunststof-categorie (harnas/touw/sling/lanyard/helm/energy absorber) expliciet ""Lifespan: 10 years"" (icoon A) - geverifieerd in 3 verschillende Petzl-handleidingen (harnas ASTRO, helm STRATO, touw AXIS), dus universeel voor deze productgroep. Regel bevestigd door Jos (2026-09-18). max_age_use_years bewust leeg gelaten: Petzl noemt geen apart getal voor 'jaren vanaf eerste gebruik', alleen deze ene leeftijdsgrens vanaf fabricagedatum."
04aa62d8-f71e-475a-8f46-d62afd6d7ef7,Petzl,VOLT size 2,,,,,,,10,,,,,,,,,,,,,,"Zie VOLT size 1 - zelfde document dekt beide maten. Leeftijd mfr: 10 jaar. Petzl's eigen Technical Notice zegt voor deze textiel/kunststof-categorie (harnas/touw/sling/lanyard/helm/energy absorber) expliciet ""Lifespan: 10 years"" (icoon A) - geverifieerd in 3 verschillende Petzl-handleidingen (harnas ASTRO, helm STRATO, touw AXIS), dus universeel voor deze productgroep. Regel bevestigd door Jos (2026-09-18). max_age_use_years bewust leeg gelaten: Petzl noemt geen apart getal voor 'jaren vanaf eerste gebruik', alleen deze ene leeftijdsgrens vanaf fabricagedatum."
09b2a1ec-52e6-43e6-a82c-614e053d0df5,Petzl,VOLT WIND European Version (Size 0),,,,,,,10,,,,,,,,,,,,,,"Maat 0, heupriem 65-80 cm, beenlussen 44-59 cm, lichaamslengte 160-180 cm. Leeftijd mfr: 10 jaar. Petzl's eigen Technical Notice zegt voor deze textiel/kunststof-categorie (harnas/touw/sling/lanyard/helm/energy absorber) expliciet ""Lifespan: 10 years"" (icoon A) - geverifieerd in 3 verschillende Petzl-handleidingen (harnas ASTRO, helm STRATO, touw AXIS), dus universeel voor deze productgroep. Regel bevestigd door Jos (2026-09-18). max_age_use_years bewust leeg gelaten: Petzl noemt geen apart getal voor 'jaren vanaf eerste gebruik', alleen deze ene leeftijdsgrens vanaf fabricagedatum."
b6c939cf-d96a-4623-9e3e-e2d7bbd05a19,Petzl,VOLT WIND European Version (Size 1),,,,,,,10,,,,,,,,,,,,,,"Maat 1, heupriem 70-93 cm, beenlussen 47-62 cm, lichaamslengte 165-185 cm. Leeftijd mfr: 10 jaar. Petzl's eigen Technical Notice zegt voor deze textiel/kunststof-categorie (harnas/touw/sling/lanyard/helm/energy absorber) expliciet ""Lifespan: 10 years"" (icoon A) - geverifieerd in 3 verschillende Petzl-handleidingen (harnas ASTRO, helm STRATO, touw AXIS), dus universeel voor deze productgroep. Regel bevestigd door Jos (2026-09-18). max_age_use_years bewust leeg gelaten: Petzl noemt geen apart getal voor 'jaren vanaf eerste gebruik', alleen deze ene leeftijdsgrens vanaf fabricagedatum."
647853bd-8538-4204-9813-3ff07e375ac5,Petzl,VOLT WIND European Version (Size 2),,,,,,,10,,,,,,,,,,,,,,"Maat 2, heupriem 83-120 cm, beenlussen 50-65 cm, lichaamslengte 175-200 cm. Leeftijd mfr: 10 jaar. Petzl's eigen Technical Notice zegt voor deze textiel/kunststof-categorie (harnas/touw/sling/lanyard/helm/energy absorber) expliciet ""Lifespan: 10 years"" (icoon A) - geverifieerd in 3 verschillende Petzl-handleidingen (harnas ASTRO, helm STRATO, touw AXIS), dus universeel voor deze productgroep. Regel bevestigd door Jos (2026-09-18). max_age_use_years bewust leeg gelaten: Petzl noemt geen apart getal voor 'jaren vanaf eerste gebruik', alleen deze ene leeftijdsgrens vanaf fabricagedatum."
bdc3c12a-a188-4113-bcbd-3a2e990c0e0b,Petzl,VOLT WIND International Version (Size 0),,,,,,,10,,,,,,,,,,,,,,"Maat 0, heupriem 65-80 cm, beenlussen 44-59 cm, lichaamslengte 160-180 cm. Leeftijd mfr: 10 jaar. Petzl's eigen Technical Notice zegt voor deze textiel/kunststof-categorie (harnas/touw/sling/lanyard/helm/energy absorber) expliciet ""Lifespan: 10 years"" (icoon A) - geverifieerd in 3 verschillende Petzl-handleidingen (harnas ASTRO, helm STRATO, touw AXIS), dus universeel voor deze productgroep. Regel bevestigd door Jos (2026-09-18). max_age_use_years bewust leeg gelaten: Petzl noemt geen apart getal voor 'jaren vanaf eerste gebruik', alleen deze ene leeftijdsgrens vanaf fabricagedatum."
2720ce19-4033-4392-8eaa-387dcf5f671e,Petzl,VOLT WIND International Version (Size 1),,,,,,,10,,,,,,,,,,,,,,"Maat 1, heupriem 70-93 cm, beenlussen 47-62 cm, lichaamslengte 165-185 cm. Leeftijd mfr: 10 jaar. Petzl's eigen Technical Notice zegt voor deze textiel/kunststof-categorie (harnas/touw/sling/lanyard/helm/energy absorber) expliciet ""Lifespan: 10 years"" (icoon A) - geverifieerd in 3 verschillende Petzl-handleidingen (harnas ASTRO, helm STRATO, touw AXIS), dus universeel voor deze productgroep. Regel bevestigd door Jos (2026-09-18). max_age_use_years bewust leeg gelaten: Petzl noemt geen apart getal voor 'jaren vanaf eerste gebruik', alleen deze ene leeftijdsgrens vanaf fabricagedatum."
61eaf630-0e34-42f6-af1e-ca931084b1d4,Petzl,VOLT WIND International Version (Size 2),,,,,,,10,,,,,,,,,,,,,,"Maat 2, heupriem 83-120 cm, beenlussen 50-65 cm, lichaamslengte 175-200 cm. Leeftijd mfr: 10 jaar. Petzl's eigen Technical Notice zegt voor deze textiel/kunststof-categorie (harnas/touw/sling/lanyard/helm/energy absorber) expliciet ""Lifespan: 10 years"" (icoon A) - geverifieerd in 3 verschillende Petzl-handleidingen (harnas ASTRO, helm STRATO, touw AXIS), dus universeel voor deze productgroep. Regel bevestigd door Jos (2026-09-18). max_age_use_years bewust leeg gelaten: Petzl noemt geen apart getal voor 'jaren vanaf eerste gebruik', alleen deze ene leeftijdsgrens vanaf fabricagedatum."
eb5c3e74-ab17-4c1f-bf78-e1d89ef000ff,Petzl,VOLT WIND OFFSHORE (Size 0),,,,,,,10,,,,,,,,,,,,,,"Maat 0, heupriem 65-80 cm, beenlussen 44-59 cm, lichaamslengte 160-180 cm. Leeftijd mfr: 10 jaar. Petzl's eigen Technical Notice zegt voor deze textiel/kunststof-categorie (harnas/touw/sling/lanyard/helm/energy absorber) expliciet ""Lifespan: 10 years"" (icoon A) - geverifieerd in 3 verschillende Petzl-handleidingen (harnas ASTRO, helm STRATO, touw AXIS), dus universeel voor deze productgroep. Regel bevestigd door Jos (2026-09-18). max_age_use_years bewust leeg gelaten: Petzl noemt geen apart getal voor 'jaren vanaf eerste gebruik', alleen deze ene leeftijdsgrens vanaf fabricagedatum."
dc72bec3-678b-4516-8267-813dee21d23a,Petzl,VOLT WIND OFFSHORE (Size 1),,,,,,,10,,,,,,,,,,,,,,"Maat 1, heupriem 70-93 cm, beenlussen 47-62 cm, lichaamslengte 165-185 cm. Leeftijd mfr: 10 jaar. Petzl's eigen Technical Notice zegt voor deze textiel/kunststof-categorie (harnas/touw/sling/lanyard/helm/energy absorber) expliciet ""Lifespan: 10 years"" (icoon A) - geverifieerd in 3 verschillende Petzl-handleidingen (harnas ASTRO, helm STRATO, touw AXIS), dus universeel voor deze productgroep. Regel bevestigd door Jos (2026-09-18). max_age_use_years bewust leeg gelaten: Petzl noemt geen apart getal voor 'jaren vanaf eerste gebruik', alleen deze ene leeftijdsgrens vanaf fabricagedatum."
26223405-a174-4f48-9412-f7a3164e338f,Petzl,VOLT WIND OFFSHORE (Size 2),,,,,,,10,,,,,,,,,,,,,,"Maat 2, heupriem 83-120 cm, beenlussen 50-65 cm, lichaamslengte 175-200 cm. Leeftijd mfr: 10 jaar. Petzl's eigen Technical Notice zegt voor deze textiel/kunststof-categorie (harnas/touw/sling/lanyard/helm/energy absorber) expliciet ""Lifespan: 10 years"" (icoon A) - geverifieerd in 3 verschillende Petzl-handleidingen (harnas ASTRO, helm STRATO, touw AXIS), dus universeel voor deze productgroep. Regel bevestigd door Jos (2026-09-18). max_age_use_years bewust leeg gelaten: Petzl noemt geen apart getal voor 'jaren vanaf eerste gebruik', alleen deze ene leeftijdsgrens vanaf fabricagedatum."
dec04e57-1d67-4547-a57a-7469873f64dd,Petzl,WILLIAM BALL-LOCK,,,,,,999,,,,,,,,,,,,,,,"Leeftijd: onbeperkt (999) voor use en mfr. Petzl's eigen Technical Notice zegt voor deze hardware-categorie (connector/pulley/descender/rope clamp/mobile fall arrester/line brake/swivel) expliciet ""Unlimited lifespan"" (icoon A), ook als het product kleine kunststof/nylon onderdelen bevat (bv. een sheave of handgreep) - geverifieerd o.a. bij WILLIAM TRIACT-LOCK. Zelfde categorie-conventie als de reeds bestaande 999-rijen in deze catalogus (o.a. GRIGRI, CROLL, MAESTRO, SPIN, ZIGZAG). Regel bevestigd door Jos (2026-09-18)."
a28de5d3-1277-42b5-9659-b11c89cbf5a1,Petzl,WILLIAM SCREW-LOCK,,,,,,999,,,,,,,,,,,,,,,"Leeftijd: onbeperkt (999) voor use en mfr. Petzl's eigen Technical Notice zegt voor deze hardware-categorie (connector/pulley/descender/rope clamp/mobile fall arrester/line brake/swivel) expliciet ""Unlimited lifespan"" (icoon A), ook als het product kleine kunststof/nylon onderdelen bevat (bv. een sheave of handgreep) - geverifieerd o.a. bij WILLIAM TRIACT-LOCK. Zelfde categorie-conventie als de reeds bestaande 999-rijen in deze catalogus (o.a. GRIGRI, CROLL, MAESTRO, SPIN, ZIGZAG). Regel bevestigd door Jos (2026-09-18)."
be7a17f0-7f2b-4344-9465-c90860ad21ac,Petzl,WILLIAM TRIACT-LOCK,,,,,,999,,,,,,,,,,,,,,,"Leeftijd: onbeperkt (999) voor use en mfr. Petzl's eigen Technical Notice zegt voor deze hardware-categorie (connector/pulley/descender/rope clamp/mobile fall arrester/line brake/swivel) expliciet ""Unlimited lifespan"" (icoon A), ook als het product kleine kunststof/nylon onderdelen bevat (bv. een sheave of handgreep) - geverifieerd o.a. bij WILLIAM TRIACT-LOCK. Zelfde categorie-conventie als de reeds bestaande 999-rijen in deze catalogus (o.a. GRIGRI, CROLL, MAESTRO, SPIN, ZIGZAG). Regel bevestigd door Jos (2026-09-18)."
d7b7bcbd-46dd-4545-a970-817566060b8d,Petzl,WILLIAM TRIACT-LOCK Black,,,,,,999,,,,,,,,,,,,,,,"Leeftijd: onbeperkt (999) voor use en mfr. Petzl's eigen Technical Notice zegt voor deze hardware-categorie (connector/pulley/descender/rope clamp/mobile fall arrester/line brake/swivel) expliciet ""Unlimited lifespan"" (icoon A), ook als het product kleine kunststof/nylon onderdelen bevat (bv. een sheave of handgreep) - geverifieerd o.a. bij WILLIAM TRIACT-LOCK. Zelfde categorie-conventie als de reeds bestaande 999-rijen in deze catalogus (o.a. GRIGRI, CROLL, MAESTRO, SPIN, ZIGZAG). Regel bevestigd door Jos (2026-09-18)."
c5b3b141-7594-4cbc-b09f-031fe148b491,Petzl,ZIGZAG,,,,,,999,,,,,,,,,,,,,,,"Leeftijd: onbeperkt (999) voor use en mfr. Petzl's eigen Technical Notice zegt voor deze hardware-categorie (connector/pulley/descender/rope clamp/mobile fall arrester/line brake/swivel) expliciet ""Unlimited lifespan"" (icoon A), ook als het product kleine kunststof/nylon onderdelen bevat (bv. een sheave of handgreep) - geverifieerd o.a. bij WILLIAM TRIACT-LOCK. Zelfde categorie-conventie als de reeds bestaande 999-rijen in deze catalogus (o.a. GRIGRI, CROLL, MAESTRO, SPIN, ZIGZAG). Regel bevestigd door Jos (2026-09-18)."
858b9fca-3cb7-48d4-9040-22720b4361ce,Petzl,ZIGZAG PLUS,,,,,,999,,,,,,,,,,,,,,,"Leeftijd: onbeperkt (999) voor use en mfr. Petzl's eigen Technical Notice zegt voor deze hardware-categorie (connector/pulley/descender/rope clamp/mobile fall arrester/line brake/swivel) expliciet ""Unlimited lifespan"" (icoon A), ook als het product kleine kunststof/nylon onderdelen bevat (bv. een sheave of handgreep) - geverifieerd o.a. bij WILLIAM TRIACT-LOCK. Zelfde categorie-conventie als de reeds bestaande 999-rijen in deze catalogus (o.a. GRIGRI, CROLL, MAESTRO, SPIN, ZIGZAG). Regel bevestigd door Jos (2026-09-18)."
