id,brand,name,product_type,category,material,standard,manufacturer_code,barcodes,max_age_use_years,max_age_mfr_years,breaking_strength,working_load_limit,max_user_weight_kg,rope_diameter_min_mm,rope_diameter_max_mm,serial_number_location,interval_override_months,manual_url,product_page_url,recall_url,recall_date,inspection_notice_url,inspection_notice_date,notes
5ab0c3c2-0573-4f45-a7e2-3d8714365cba,DMM,10mm Steel Equal D Kwiklock,,,,,,5031290102568,,,,,,,,,,,,,,,,"Streepjescode gevonden in de Shopify-productdata op de eigen productpagina (dmmwales.com, 'barcode'-veld), checksum gecontroleerd (klopt). Automatisch gematcht op de juiste variant (sluiting/kleur/maat/ANSI/Captive Bar) via de variantnaam op dezelfde pagina, steekproefsgewijs handmatig gecontroleerd."
d8f192df-9f88-453a-9242-8b4ccf05bca8,DMM,10mm Steel Equal D Kwiklock Captive Bar,,,,,,5031290222068,,,,,,,,,,,,,,,,"Streepjescode gevonden in de Shopify-productdata op de eigen productpagina (dmmwales.com, 'barcode'-veld), checksum gecontroleerd (klopt). Automatisch gematcht op de juiste variant (sluiting/kleur/maat/ANSI/Captive Bar) via de variantnaam op dezelfde pagina, steekproefsgewijs handmatig gecontroleerd."
eec345cb-61bb-4a9e-b7c7-ab9544296d1c,DMM,10mm Steel Equal D Locksafe,,,,,,5031290196659,,,,,,,,,,,,,,,,"Streepjescode gevonden in de Shopify-productdata op de eigen productpagina (dmmwales.com, 'barcode'-veld), checksum gecontroleerd (klopt). Automatisch gematcht op de juiste variant (sluiting/kleur/maat/ANSI/Captive Bar) via de variantnaam op dezelfde pagina, steekproefsgewijs handmatig gecontroleerd."
d281b4d4-10b4-4226-ae93-50396ea27ad8,DMM,10mm Steel Equal D Locksafe Captive Bar,,,,,,5031290201018,,,,,,,,,,,,,,,,"Streepjescode gevonden in de Shopify-productdata op de eigen productpagina (dmmwales.com, 'barcode'-veld), checksum gecontroleerd (klopt). Automatisch gematcht op de juiste variant (sluiting/kleur/maat/ANSI/Captive Bar) via de variantnaam op dezelfde pagina, steekproefsgewijs handmatig gecontroleerd."
bd4f6c7c-9eef-4f13-8ead-e763be336ec4,DMM,10mm Steel Equal D Screwgate,,,,,,5031290102544,,,,,,,,,,,,,,,,"Streepjescode gevonden in de Shopify-productdata op de eigen productpagina (dmmwales.com, 'barcode'-veld), checksum gecontroleerd (klopt). Automatisch gematcht op de juiste variant (sluiting/kleur/maat/ANSI/Captive Bar) via de variantnaam op dezelfde pagina, steekproefsgewijs handmatig gecontroleerd."
461c1a08-6b8c-4feb-9efc-81667028583e,DMM,10mm Steel Equal D Screwgate Captive Bar,,,,,,5031290225311,,,,,,,,,,,,,,,,"Streepjescode gevonden in de Shopify-productdata op de eigen productpagina (dmmwales.com, 'barcode'-veld), checksum gecontroleerd (klopt). Automatisch gematcht op de juiste variant (sluiting/kleur/maat/ANSI/Captive Bar) via de variantnaam op dezelfde pagina, steekproefsgewijs handmatig gecontroleerd."
5f8ff936-9d8c-428d-954a-0cea60e4a8ea,DMM,12mm Steel Boa Kwiklock,,,,,,5031290102797,,,,,,,,,,,,,,,,"Streepjescode gevonden in de Shopify-productdata op de eigen productpagina (dmmwales.com, 'barcode'-veld), checksum gecontroleerd (klopt). Automatisch gematcht op de juiste variant (sluiting/kleur/maat/ANSI/Captive Bar) via de variantnaam op dezelfde pagina, steekproefsgewijs handmatig gecontroleerd."
a8cead9e-b675-4ee7-be2e-bb2f3febe9b8,DMM,12mm Steel Boa Locksafe,,,,,,5031290102803,,,,,,,,,,,,,,,,"Streepjescode gevonden in de Shopify-productdata op de eigen productpagina (dmmwales.com, 'barcode'-veld), checksum gecontroleerd (klopt). Automatisch gematcht op de juiste variant (sluiting/kleur/maat/ANSI/Captive Bar) via de variantnaam op dezelfde pagina, steekproefsgewijs handmatig gecontroleerd."
787d7c58-4d78-4d20-b608-2e7596fa5fe0,DMM,12mm Steel Boa Screwgate,,,,,,5031290102780,,,,,,,,,,,,,,,,"Streepjescode gevonden in de Shopify-productdata op de eigen productpagina (dmmwales.com, 'barcode'-veld), checksum gecontroleerd (klopt). Automatisch gematcht op de juiste variant (sluiting/kleur/maat/ANSI/Captive Bar) via de variantnaam op dezelfde pagina, steekproefsgewijs handmatig gecontroleerd."
b8b72ebd-8b20-45fc-aec1-c5d2e48c02e1,DMM,12mm Steel Klettersteig Kwiklock,,,,,,5031290102742,,,,,,,,,,,,,,,,"Streepjescode gevonden in de Shopify-productdata op de eigen productpagina (dmmwales.com, 'barcode'-veld), checksum gecontroleerd (klopt). Automatisch gematcht op de juiste variant (sluiting/kleur/maat/ANSI/Captive Bar) via de variantnaam op dezelfde pagina, steekproefsgewijs handmatig gecontroleerd."
3c062727-fb61-4475-941f-333e1d0c89f8,DMM,12mm Steel Klettersteig Kwiklock ANSI,,,,,,5031290200028,,,,,,,,,,,,,,,,"Streepjescode gevonden in de Shopify-productdata op de eigen productpagina (dmmwales.com, 'barcode'-veld), checksum gecontroleerd (klopt). Automatisch gematcht op de juiste variant (sluiting/kleur/maat/ANSI/Captive Bar) via de variantnaam op dezelfde pagina, steekproefsgewijs handmatig gecontroleerd."
93e1d086-80e5-490d-bd6e-c02687a085e8,DMM,12mm Steel Klettersteig Locksafe,,,,,,5031290102773,,,,,,,,,,,,,,,,"Streepjescode gevonden in de Shopify-productdata op de eigen productpagina (dmmwales.com, 'barcode'-veld), checksum gecontroleerd (klopt). Automatisch gematcht op de juiste variant (sluiting/kleur/maat/ANSI/Captive Bar) via de variantnaam op dezelfde pagina, steekproefsgewijs handmatig gecontroleerd."
d42fba74-4831-47ef-8ffd-0616543e6210,DMM,12mm Steel Klettersteig Locksafe ANSI,,,,,,5031290200035,,,,,,,,,,,,,,,,"Streepjescode gevonden in de Shopify-productdata op de eigen productpagina (dmmwales.com, 'barcode'-veld), checksum gecontroleerd (klopt). Automatisch gematcht op de juiste variant (sluiting/kleur/maat/ANSI/Captive Bar) via de variantnaam op dezelfde pagina, steekproefsgewijs handmatig gecontroleerd."
a2aefc47-2d0e-4de1-8ad2-5702dd09e2ea,DMM,12mm Steel Klettersteig Locksafe ANSI Captive Bar,,,,,,5031290213103,,,,,,,,,,,,,,,,"Streepjescode gevonden in de Shopify-productdata op de eigen productpagina (dmmwales.com, 'barcode'-veld), checksum gecontroleerd (klopt). Automatisch gematcht op de juiste variant (sluiting/kleur/maat/ANSI/Captive Bar) via de variantnaam op dezelfde pagina, steekproefsgewijs handmatig gecontroleerd."
853d6949-525d-47dd-b856-1102b2b6ff0f,DMM,12mm Steel Klettersteig Locksafe Captive Bar,,,,,,5031290212144,,,,,,,,,,,,,,,,"Streepjescode gevonden in de Shopify-productdata op de eigen productpagina (dmmwales.com, 'barcode'-veld), checksum gecontroleerd (klopt). Automatisch gematcht op de juiste variant (sluiting/kleur/maat/ANSI/Captive Bar) via de variantnaam op dezelfde pagina, steekproefsgewijs handmatig gecontroleerd."
f2949f13-6ee0-4db8-8d9b-1b07b3e770d6,DMM,12mm Steel Klettersteig Screwgate,,,,,,5031290102735,,,,,,,,,,,,,,,,"Streepjescode gevonden in de Shopify-productdata op de eigen productpagina (dmmwales.com, 'barcode'-veld), checksum gecontroleerd (klopt). Automatisch gematcht op de juiste variant (sluiting/kleur/maat/ANSI/Captive Bar) via de variantnaam op dezelfde pagina, steekproefsgewijs handmatig gecontroleerd."
4a2f4bb4-b186-45b4-9c1a-70d2d7996c9b,DMM,12mm Steel Offset D Kwiklock,,,,,,5031290102650,,,,,,,,,,,,,,,,"Streepjescode gevonden in de Shopify-productdata op de eigen productpagina (dmmwales.com, 'barcode'-veld), checksum gecontroleerd (klopt). Automatisch gematcht op de juiste variant (sluiting/kleur/maat/ANSI/Captive Bar) via de variantnaam op dezelfde pagina, steekproefsgewijs handmatig gecontroleerd."
a8957139-63a6-4c99-913a-5e231854b77b,DMM,12mm Steel Offset D Kwiklock ANSI,,,,,,5031290200004,,,,,,,,,,,,,,,,"Streepjescode gevonden in de Shopify-productdata op de eigen productpagina (dmmwales.com, 'barcode'-veld), checksum gecontroleerd (klopt). Automatisch gematcht op de juiste variant (sluiting/kleur/maat/ANSI/Captive Bar) via de variantnaam op dezelfde pagina, steekproefsgewijs handmatig gecontroleerd."
df0c28bc-41d5-4a5d-9c52-11afb51cdb1a,DMM,12mm Steel Offset D Kwiklock Captive Bar,,,,,,5031290102674,,,,,,,,,,,,,,,,"Streepjescode gevonden in de Shopify-productdata op de eigen productpagina (dmmwales.com, 'barcode'-veld), checksum gecontroleerd (klopt). Automatisch gematcht op de juiste variant (sluiting/kleur/maat/ANSI/Captive Bar) via de variantnaam op dezelfde pagina, steekproefsgewijs handmatig gecontroleerd."
5eb59fb9-e505-443e-b34a-33b028d2debf,DMM,12mm Steel Offset D Locksafe,,,,,,5031290102698,,,,,,,,,,,,,,,,"Streepjescode gevonden in de Shopify-productdata op de eigen productpagina (dmmwales.com, 'barcode'-veld), checksum gecontroleerd (klopt). Automatisch gematcht op de juiste variant (sluiting/kleur/maat/ANSI/Captive Bar) via de variantnaam op dezelfde pagina, steekproefsgewijs handmatig gecontroleerd."
cf1436c6-9e5c-4416-8aad-3f1c549e0a6a,DMM,12mm Steel Offset D Locksafe ANSI,,,,,,5031290200011,,,,,,,,,,,,,,,,"Streepjescode gevonden in de Shopify-productdata op de eigen productpagina (dmmwales.com, 'barcode'-veld), checksum gecontroleerd (klopt). Automatisch gematcht op de juiste variant (sluiting/kleur/maat/ANSI/Captive Bar) via de variantnaam op dezelfde pagina, steekproefsgewijs handmatig gecontroleerd."
daec1ccb-3e74-456a-b085-38feeeaeef09,DMM,12mm Steel Offset D Locksafe Captive Bar,,,,,,5031290225304,,,,,,,,,,,,,,,,"Streepjescode gevonden in de Shopify-productdata op de eigen productpagina (dmmwales.com, 'barcode'-veld), checksum gecontroleerd (klopt). Automatisch gematcht op de juiste variant (sluiting/kleur/maat/ANSI/Captive Bar) via de variantnaam op dezelfde pagina, steekproefsgewijs handmatig gecontroleerd."
8885f060-4fb6-4c62-bac8-4bf910fd9247,DMM,12mm Steel Offset D Screwgate,,,,,,5031290102629,,,,,,,,,,,,,,,,"Streepjescode gevonden in de Shopify-productdata op de eigen productpagina (dmmwales.com, 'barcode'-veld), checksum gecontroleerd (klopt). Automatisch gematcht op de juiste variant (sluiting/kleur/maat/ANSI/Captive Bar) via de variantnaam op dezelfde pagina, steekproefsgewijs handmatig gecontroleerd."
cd41fcfa-0455-4b06-959b-7abe12e06cd1,DMM,12mm Steel Offset D Screwgate Captive Bar,,,,,,5031290102643,,,,,,,,,,,,,,,,"Streepjescode gevonden in de Shopify-productdata op de eigen productpagina (dmmwales.com, 'barcode'-veld), checksum gecontroleerd (klopt). Automatisch gematcht op de juiste variant (sluiting/kleur/maat/ANSI/Captive Bar) via de variantnaam op dezelfde pagina, steekproefsgewijs handmatig gecontroleerd."
fcea9bd3-7b3b-4974-836c-52bcef158f85,DMM,AmericanO Kwiklock ANSI,,,,,,5031290227087,,,,,,,,,,,,,,,,"Streepjescode gevonden in de Shopify-productdata op de eigen productpagina (dmmwales.com, 'barcode'-veld), checksum gecontroleerd (klopt). Automatisch gematcht op de juiste variant (sluiting/kleur/maat/ANSI/Captive Bar) via de variantnaam op dezelfde pagina, steekproefsgewijs handmatig gecontroleerd."
a963380d-39f2-404a-bfe0-d06779a689c5,DMM,AmericanO Kwiklock ANSI Captive Bar,,,,,,5031290228251,,,,,,,,,,,,,,,,"Streepjescode gevonden in de Shopify-productdata op de eigen productpagina (dmmwales.com, 'barcode'-veld), checksum gecontroleerd (klopt). Automatisch gematcht op de juiste variant (sluiting/kleur/maat/ANSI/Captive Bar) via de variantnaam op dezelfde pagina, steekproefsgewijs handmatig gecontroleerd."
dcac192b-4052-4c63-8198-4968daf97670,DMM,AmericanO Locksafe,,,,,,5031290227049,,,,,,,,,,,,,,,,"Streepjescode gevonden in de Shopify-productdata op de eigen productpagina (dmmwales.com, 'barcode'-veld), checksum gecontroleerd (klopt). Automatisch gematcht op de juiste variant (sluiting/kleur/maat/ANSI/Captive Bar) via de variantnaam op dezelfde pagina, steekproefsgewijs handmatig gecontroleerd."
d7cd7eca-cac5-4544-a17c-8523709e09c5,DMM,AmericanO Locksafe ANSI,,,,,,5031290227117,,,,,,,,,,,,,,,,"Streepjescode gevonden in de Shopify-productdata op de eigen productpagina (dmmwales.com, 'barcode'-veld), checksum gecontroleerd (klopt). Automatisch gematcht op de juiste variant (sluiting/kleur/maat/ANSI/Captive Bar) via de variantnaam op dezelfde pagina, steekproefsgewijs handmatig gecontroleerd."
bc0987ad-7ea5-40ae-92d6-fa54b08a6503,DMM,AmericanO Locksafe ANSI Captive Bar,,,,,,5031290228268,,,,,,,,,,,,,,,,"Streepjescode gevonden in de Shopify-productdata op de eigen productpagina (dmmwales.com, 'barcode'-veld), checksum gecontroleerd (klopt). Automatisch gematcht op de juiste variant (sluiting/kleur/maat/ANSI/Captive Bar) via de variantnaam op dezelfde pagina, steekproefsgewijs handmatig gecontroleerd."
d43a5988-d267-42f4-a264-bdf22d486d02,DMM,AmericanO Locksafe Captive Bar,,,,,,5031290227131,,,,,,,,,,,,,,,,"Streepjescode gevonden in de Shopify-productdata op de eigen productpagina (dmmwales.com, 'barcode'-veld), checksum gecontroleerd (klopt). Automatisch gematcht op de juiste variant (sluiting/kleur/maat/ANSI/Captive Bar) via de variantnaam op dezelfde pagina, steekproefsgewijs handmatig gecontroleerd."
126b49dd-9364-4710-af45-02a93bd2b4d9,DMM,Anchor Ring Green 26mm,,,,,,5031290200349,,,,,,,,,,,,,,,,"Streepjescode gevonden in de Shopify-productdata op de eigen productpagina (dmmwales.com, 'barcode'-veld), checksum gecontroleerd (klopt). Automatisch gematcht op de juiste variant (sluiting/kleur/maat/ANSI/Captive Bar) via de variantnaam op dezelfde pagina, steekproefsgewijs handmatig gecontroleerd."
f8e8e98c-ea55-444d-a421-10a2ae904d8c,DMM,Anchor Ring Green 28mm,,,,,,5031290200356,,,,,,,,,,,,,,,,"Streepjescode gevonden in de Shopify-productdata op de eigen productpagina (dmmwales.com, 'barcode'-veld), checksum gecontroleerd (klopt). Automatisch gematcht op de juiste variant (sluiting/kleur/maat/ANSI/Captive Bar) via de variantnaam op dezelfde pagina, steekproefsgewijs handmatig gecontroleerd."
7d08a727-9766-4973-b3ef-2b909f20a66b,DMM,Anchor Ring Green 34mm,,,,,,5031290200363,,,,,,,,,,,,,,,,"Streepjescode gevonden in de Shopify-productdata op de eigen productpagina (dmmwales.com, 'barcode'-veld), checksum gecontroleerd (klopt). Automatisch gematcht op de juiste variant (sluiting/kleur/maat/ANSI/Captive Bar) via de variantnaam op dezelfde pagina, steekproefsgewijs handmatig gecontroleerd."
115d8bf3-ccaa-4322-a2c2-3a07b58b54c5,DMM,Anchor Ring Green 40mm,,,,,,5031290200370,,,,,,,,,,,,,,,,"Streepjescode gevonden in de Shopify-productdata op de eigen productpagina (dmmwales.com, 'barcode'-veld), checksum gecontroleerd (klopt). Automatisch gematcht op de juiste variant (sluiting/kleur/maat/ANSI/Captive Bar) via de variantnaam op dezelfde pagina, steekproefsgewijs handmatig gecontroleerd."
957e7b66-1e10-40fc-b047-b756ad2a9b1b,DMM,Anchor Ring Matt Grey 26mm,,,,,,5031290211758,,,,,,,,,,,,,,,,"Streepjescode gevonden in de Shopify-productdata op de eigen productpagina (dmmwales.com, 'barcode'-veld), checksum gecontroleerd (klopt). Automatisch gematcht op de juiste variant (sluiting/kleur/maat/ANSI/Captive Bar) via de variantnaam op dezelfde pagina, steekproefsgewijs handmatig gecontroleerd."
6cb500a0-ddb2-495b-9ab5-051d1d9be75f,DMM,Anchor Ring Matt Grey 28mm,,,,,,5031290221016,,,,,,,,,,,,,,,,"Streepjescode gevonden in de Shopify-productdata op de eigen productpagina (dmmwales.com, 'barcode'-veld), checksum gecontroleerd (klopt). Automatisch gematcht op de juiste variant (sluiting/kleur/maat/ANSI/Captive Bar) via de variantnaam op dezelfde pagina, steekproefsgewijs handmatig gecontroleerd."
0fdeb977-8179-467d-9d3f-a7d9a7ea105c,DMM,Anchor Ring Matt Grey 34mm,,,,,,5031290221023,,,,,,,,,,,,,,,,"Streepjescode gevonden in de Shopify-productdata op de eigen productpagina (dmmwales.com, 'barcode'-veld), checksum gecontroleerd (klopt). Automatisch gematcht op de juiste variant (sluiting/kleur/maat/ANSI/Captive Bar) via de variantnaam op dezelfde pagina, steekproefsgewijs handmatig gecontroleerd."
31b9d51d-3d27-4952-a1af-7472a571fbc0,DMM,Anchor Ring Matt Grey 40mm,,,,,,5031290221030,,,,,,,,,,,,,,,,"Streepjescode gevonden in de Shopify-productdata op de eigen productpagina (dmmwales.com, 'barcode'-veld), checksum gecontroleerd (klopt). Automatisch gematcht op de juiste variant (sluiting/kleur/maat/ANSI/Captive Bar) via de variantnaam op dezelfde pagina, steekproefsgewijs handmatig gecontroleerd."
2161f66b-0db3-4045-9a8f-afb837c07454,DMM,Axis Swivel L Matt Grey,,,,,,5031290211642,,,,,,,,,,,,,,,,"Streepjescode gevonden in de Shopify-productdata op de eigen productpagina (dmmwales.com, 'barcode'-veld), checksum gecontroleerd (klopt). Automatisch gematcht op de juiste variant (sluiting/kleur/maat/ANSI/Captive Bar) via de variantnaam op dezelfde pagina, steekproefsgewijs handmatig gecontroleerd."
7d4320ee-12ac-4d89-85d3-de1b7c5c85b8,DMM,Axis Swivel L Titanium/Red,,,,,,5031290203975,,,,,,,,,,,,,,,,"Streepjescode gevonden in de Shopify-productdata op de eigen productpagina (dmmwales.com, 'barcode'-veld), checksum gecontroleerd (klopt). Automatisch gematcht op de juiste variant (sluiting/kleur/maat/ANSI/Captive Bar) via de variantnaam op dezelfde pagina, steekproefsgewijs handmatig gecontroleerd."
7e7811f7-b19b-4db1-9609-d5f07fee449e,DMM,Axis Swivel S Matt Grey,,,,,,5031290226288,,,,,,,,,,,,,,,,"Streepjescode gevonden in de Shopify-productdata op de eigen productpagina (dmmwales.com, 'barcode'-veld), checksum gecontroleerd (klopt). Automatisch gematcht op de juiste variant (sluiting/kleur/maat/ANSI/Captive Bar) via de variantnaam op dezelfde pagina, steekproefsgewijs handmatig gecontroleerd."
1624d5a8-3379-4732-bd97-118a0bbebfcf,DMM,Axis Swivel S Titanium/Blue,,,,,,5031290203968,,,,,,,,,,,,,,,,"Streepjescode gevonden in de Shopify-productdata op de eigen productpagina (dmmwales.com, 'barcode'-veld), checksum gecontroleerd (klopt). Automatisch gematcht op de juiste variant (sluiting/kleur/maat/ANSI/Captive Bar) via de variantnaam op dezelfde pagina, steekproefsgewijs handmatig gecontroleerd."
56fdf1d9-e81e-439a-bba9-603b3c5f815b,DMM,Bat Plates L Gold,,,,,,5031290202763,,,,,,,,,,,,,,,,"Streepjescode gevonden in de Shopify-productdata op de eigen productpagina (dmmwales.com, 'barcode'-veld), checksum gecontroleerd (klopt). Automatisch gematcht op de juiste variant (sluiting/kleur/maat/ANSI/Captive Bar) via de variantnaam op dezelfde pagina, steekproefsgewijs handmatig gecontroleerd."
bb07ca82-bd09-4da7-a5b6-86e346c6dcc4,DMM,Bat Plates L Matt Grey,,,,,,5031290211734,,,,,,,,,,,,,,,,"Streepjescode gevonden in de Shopify-productdata op de eigen productpagina (dmmwales.com, 'barcode'-veld), checksum gecontroleerd (klopt). Automatisch gematcht op de juiste variant (sluiting/kleur/maat/ANSI/Captive Bar) via de variantnaam op dezelfde pagina, steekproefsgewijs handmatig gecontroleerd."
43ede640-2791-4028-80eb-e557e17eccc2,DMM,Bat Plates M Blue,,,,,,5031290202756,,,,,,,,,,,,,,,,"Streepjescode gevonden in de Shopify-productdata op de eigen productpagina (dmmwales.com, 'barcode'-veld), checksum gecontroleerd (klopt). Automatisch gematcht op de juiste variant (sluiting/kleur/maat/ANSI/Captive Bar) via de variantnaam op dezelfde pagina, steekproefsgewijs handmatig gecontroleerd."
f229c64e-d766-4448-9419-5c6ea6bf8a0a,DMM,Bat Plates M Matt Grey,,,,,,5031290221207,,,,,,,,,,,,,,,,"Streepjescode gevonden in de Shopify-productdata op de eigen productpagina (dmmwales.com, 'barcode'-veld), checksum gecontroleerd (klopt). Automatisch gematcht op de juiste variant (sluiting/kleur/maat/ANSI/Captive Bar) via de variantnaam op dezelfde pagina, steekproefsgewijs handmatig gecontroleerd."
a61ce0bb-27d6-4460-8312-bff5888d9709,DMM,Bat Plates S Matt Grey,,,,,,5031290213431,,,,,,,,,,,,,,,,"Streepjescode gevonden in de Shopify-productdata op de eigen productpagina (dmmwales.com, 'barcode'-veld), checksum gecontroleerd (klopt). Automatisch gematcht op de juiste variant (sluiting/kleur/maat/ANSI/Captive Bar) via de variantnaam op dezelfde pagina, steekproefsgewijs handmatig gecontroleerd."
41674cb6-3f0e-496a-a5da-9bd3ca75997e,DMM,Bat Plates S Red,,,,,,5031290202749,,,,,,,,,,,,,,,,"Streepjescode gevonden in de Shopify-productdata op de eigen productpagina (dmmwales.com, 'barcode'-veld), checksum gecontroleerd (klopt). Automatisch gematcht op de juiste variant (sluiting/kleur/maat/ANSI/Captive Bar) via de variantnaam op dezelfde pagina, steekproefsgewijs handmatig gecontroleerd."
24fce5aa-cba4-4c29-867d-66a26a58bb63,DMM,Bat Plates XS Matt Grey,,,,,,5031290212243,,,,,,,,,,,,,,,,"Streepjescode gevonden in de Shopify-productdata op de eigen productpagina (dmmwales.com, 'barcode'-veld), checksum gecontroleerd (klopt). Automatisch gematcht op de juiste variant (sluiting/kleur/maat/ANSI/Captive Bar) via de variantnaam op dezelfde pagina, steekproefsgewijs handmatig gecontroleerd."
1ac83917-049c-4019-b512-3e3c71b440d7,DMM,Bat Plates XS Orange,,,,,,5031290202770,,,,,,,,,,,,,,,,"Streepjescode gevonden in de Shopify-productdata op de eigen productpagina (dmmwales.com, 'barcode'-veld), checksum gecontroleerd (klopt). Automatisch gematcht op de juiste variant (sluiting/kleur/maat/ANSI/Captive Bar) via de variantnaam op dezelfde pagina, steekproefsgewijs handmatig gecontroleerd."
37021fed-2cef-4936-8620-03bc72f7a92f,DMM,Belay Master,,,,,,5031290197328,,,,,,,,,,,,,,,,"Standaardkleur (DMM noemt dit zelf ""Titanium""; geen aparte titanium-legering, gewoon de kale/naturelle anodisatie). Op verzoek van Jos zonder kleuraanduiding in de naam, omdat vrijwel niemand deze DMM-term herkent. Streepjescode gevonden in de Shopify-productdata op de eigen productpagina (dmmwales.com, 'barcode'-veld), checksum gecontroleerd (klopt). Automatisch gematcht op de juiste variant (sluiting/kleur/maat/ANSI/Captive Bar) via de variantnaam op dezelfde pagina, steekproefsgewijs handmatig gecontroleerd."
ed65ede8-1428-4868-8e13-c7f0257f342c,DMM,Belay Master Lime,,,,,,5031290229104,,,,,,,,,,,,,,,,"Streepjescode gevonden in de Shopify-productdata op de eigen productpagina (dmmwales.com, 'barcode'-veld), checksum gecontroleerd (klopt). Automatisch gematcht op de juiste variant (sluiting/kleur/maat/ANSI/Captive Bar) via de variantnaam op dezelfde pagina, steekproefsgewijs handmatig gecontroleerd."
2ecaa6c3-743c-47b6-8ece-5dcd89167b50,DMM,Belay Master Matt Grey,,,,,,5031290211062,,,,,,,,,,,,,,,,"Streepjescode gevonden in de Shopify-productdata op de eigen productpagina (dmmwales.com, 'barcode'-veld), checksum gecontroleerd (klopt). Automatisch gematcht op de juiste variant (sluiting/kleur/maat/ANSI/Captive Bar) via de variantnaam op dezelfde pagina, steekproefsgewijs handmatig gecontroleerd."
8b4b739c-d884-42ac-b115-73d1438c1936,DMM,Belay Master Orange,,,,,,5031290229197,,,,,,,,,,,,,,,,"Streepjescode gevonden in de Shopify-productdata op de eigen productpagina (dmmwales.com, 'barcode'-veld), checksum gecontroleerd (klopt). Automatisch gematcht op de juiste variant (sluiting/kleur/maat/ANSI/Captive Bar) via de variantnaam op dezelfde pagina, steekproefsgewijs handmatig gecontroleerd."
9cc778f9-fcb8-4159-a222-bbc0f625bc91,DMM,Boa HMS Kwiklock,,,,,,5031290225281,,,,,,,,,,,,,,,,"Standaardkleur (DMM noemt dit zelf ""Titanium""; geen aparte titanium-legering, gewoon de kale/naturelle anodisatie). Op verzoek van Jos zonder kleuraanduiding in de naam, omdat vrijwel niemand deze DMM-term herkent. Streepjescode gevonden in de Shopify-productdata op de eigen productpagina (dmmwales.com, 'barcode'-veld), checksum gecontroleerd (klopt). Automatisch gematcht op de juiste variant (sluiting/kleur/maat/ANSI/Captive Bar) via de variantnaam op dezelfde pagina, steekproefsgewijs handmatig gecontroleerd."
bc47c3db-46bb-46a1-8ad6-4121fd7cda2f,DMM,Boa HMS Kwiklock ANSI,,,,,,5031290211017,,,,,,,,,,,,,,,,"Standaardkleur (DMM noemt dit zelf ""Titanium""; geen aparte titanium-legering, gewoon de kale/naturelle anodisatie). Op verzoek van Jos zonder kleuraanduiding in de naam, omdat vrijwel niemand deze DMM-term herkent. Streepjescode gevonden in de Shopify-productdata op de eigen productpagina (dmmwales.com, 'barcode'-veld), checksum gecontroleerd (klopt). Automatisch gematcht op de juiste variant (sluiting/kleur/maat/ANSI/Captive Bar) via de variantnaam op dezelfde pagina, steekproefsgewijs handmatig gecontroleerd."
2f214b92-98fc-4f7b-97bf-e570248f16ee,DMM,Boa HMS Locksafe,,,,,,5031290204064,,,,,,,,,,,,,,,,"Standaardkleur (DMM noemt dit zelf ""Titanium""; geen aparte titanium-legering, gewoon de kale/naturelle anodisatie). Op verzoek van Jos zonder kleuraanduiding in de naam, omdat vrijwel niemand deze DMM-term herkent. Streepjescode gevonden in de Shopify-productdata op de eigen productpagina (dmmwales.com, 'barcode'-veld), checksum gecontroleerd (klopt). Automatisch gematcht op de juiste variant (sluiting/kleur/maat/ANSI/Captive Bar) via de variantnaam op dezelfde pagina, steekproefsgewijs handmatig gecontroleerd."
be8f30f8-8694-41d2-94e6-73a44435b2e1,DMM,Boa HMS Locksafe 3 Pack Blue/Red/Green,,,,,,5031290220408,,,,,,,,,,,,,,,,"Streepjescode gevonden in de Shopify-productdata op de eigen productpagina (dmmwales.com, 'barcode'-veld), checksum gecontroleerd (klopt). Automatisch gematcht op de juiste variant (sluiting/kleur/maat/ANSI/Captive Bar) via de variantnaam op dezelfde pagina, steekproefsgewijs handmatig gecontroleerd."
4471ee8d-24d7-4351-aba8-9ef4cb56026c,DMM,Boa HMS Locksafe 3 Pack Lime/Grey/Orange,,,,,,5031290199803,,,,,,,,,,,,,,,,"Streepjescode gevonden in de Shopify-productdata op de eigen productpagina (dmmwales.com, 'barcode'-veld), checksum gecontroleerd (klopt). Automatisch gematcht op de juiste variant (sluiting/kleur/maat/ANSI/Captive Bar) via de variantnaam op dezelfde pagina, steekproefsgewijs handmatig gecontroleerd."
f14fb07e-9388-4e3f-b4f3-96c29bef5b65,DMM,Boa HMS Locksafe ANSI,,,,,,5031290204057,,,,,,,,,,,,,,,,"Standaardkleur (DMM noemt dit zelf ""Titanium""; geen aparte titanium-legering, gewoon de kale/naturelle anodisatie). Op verzoek van Jos zonder kleuraanduiding in de naam, omdat vrijwel niemand deze DMM-term herkent. Streepjescode gevonden in de Shopify-productdata op de eigen productpagina (dmmwales.com, 'barcode'-veld), checksum gecontroleerd (klopt). Automatisch gematcht op de juiste variant (sluiting/kleur/maat/ANSI/Captive Bar) via de variantnaam op dezelfde pagina, steekproefsgewijs handmatig gecontroleerd."
7b74abc8-4703-412c-b459-ed77c13ffc08,DMM,Boa HMS Locksafe ANSI Captive Bar,,,,,,5031290210478,,,,,,,,,,,,,,,,"Standaardkleur (DMM noemt dit zelf ""Titanium""; geen aparte titanium-legering, gewoon de kale/naturelle anodisatie). Op verzoek van Jos zonder kleuraanduiding in de naam, omdat vrijwel niemand deze DMM-term herkent. Streepjescode gevonden in de Shopify-productdata op de eigen productpagina (dmmwales.com, 'barcode'-veld), checksum gecontroleerd (klopt). Automatisch gematcht op de juiste variant (sluiting/kleur/maat/ANSI/Captive Bar) via de variantnaam op dezelfde pagina, steekproefsgewijs handmatig gecontroleerd."
23637db0-397e-4ad8-bb55-2c9ecb23a56c,DMM,Boa HMS Locksafe Captive Bar,,,,,,5031290222204,,,,,,,,,,,,,,,,"Standaardkleur (DMM noemt dit zelf ""Titanium""; geen aparte titanium-legering, gewoon de kale/naturelle anodisatie). Op verzoek van Jos zonder kleuraanduiding in de naam, omdat vrijwel niemand deze DMM-term herkent. Streepjescode gevonden in de Shopify-productdata op de eigen productpagina (dmmwales.com, 'barcode'-veld), checksum gecontroleerd (klopt). Automatisch gematcht op de juiste variant (sluiting/kleur/maat/ANSI/Captive Bar) via de variantnaam op dezelfde pagina, steekproefsgewijs handmatig gecontroleerd."
2c2c0e9d-f0b2-45e6-b8d5-e15bd7c976d7,DMM,Boa HMS Locksafe Lime,,,,,,5031290229685,,,,,,,,,,,,,,,,"Streepjescode gevonden in de Shopify-productdata op de eigen productpagina (dmmwales.com, 'barcode'-veld), checksum gecontroleerd (klopt). Automatisch gematcht op de juiste variant (sluiting/kleur/maat/ANSI/Captive Bar) via de variantnaam op dezelfde pagina, steekproefsgewijs handmatig gecontroleerd."
178f2eff-72b4-455a-80e9-4445fb47c52b,DMM,Boa HMS Locksafe Matt Grey,,,,,,5031290220422,,,,,,,,,,,,,,,,"Streepjescode gevonden in de Shopify-productdata op de eigen productpagina (dmmwales.com, 'barcode'-veld), checksum gecontroleerd (klopt). Automatisch gematcht op de juiste variant (sluiting/kleur/maat/ANSI/Captive Bar) via de variantnaam op dezelfde pagina, steekproefsgewijs handmatig gecontroleerd."
ae8c2d0b-bbe0-46cd-8343-66eaaa3f3b03,DMM,Boa HMS Locksafe Orange,,,,,,5031290229692,,,,,,,,,,,,,,,,"Streepjescode gevonden in de Shopify-productdata op de eigen productpagina (dmmwales.com, 'barcode'-veld), checksum gecontroleerd (klopt). Automatisch gematcht op de juiste variant (sluiting/kleur/maat/ANSI/Captive Bar) via de variantnaam op dezelfde pagina, steekproefsgewijs handmatig gecontroleerd."
d9019857-7f3d-45a5-92e2-a87df91cac36,DMM,Boa HMS Screwgate,,,,,,5031290206181,,,,,,,,,,,,,,,,"Standaardkleur (DMM noemt dit zelf ""Titanium""; geen aparte titanium-legering, gewoon de kale/naturelle anodisatie). Op verzoek van Jos zonder kleuraanduiding in de naam, omdat vrijwel niemand deze DMM-term herkent. Streepjescode gevonden in de Shopify-productdata op de eigen productpagina (dmmwales.com, 'barcode'-veld), checksum gecontroleerd (klopt). Automatisch gematcht op de juiste variant (sluiting/kleur/maat/ANSI/Captive Bar) via de variantnaam op dezelfde pagina, steekproefsgewijs handmatig gecontroleerd."
cbde487c-6753-448b-a3b8-9ff36d9b0da8,DMM,Boa HMS Screwgate Captive Bar,,,,,,5031290229715,,,,,,,,,,,,,,,,"Standaardkleur (DMM noemt dit zelf ""Titanium""; geen aparte titanium-legering, gewoon de kale/naturelle anodisatie). Op verzoek van Jos zonder kleuraanduiding in de naam, omdat vrijwel niemand deze DMM-term herkent. Streepjescode gevonden in de Shopify-productdata op de eigen productpagina (dmmwales.com, 'barcode'-veld), checksum gecontroleerd (klopt). Automatisch gematcht op de juiste variant (sluiting/kleur/maat/ANSI/Captive Bar) via de variantnaam op dezelfde pagina, steekproefsgewijs handmatig gecontroleerd."
d96d9f8e-12c2-46f0-8d55-0efaafb3d117,DMM,Boa HMS Screwgate Matt Grey,,,,,,5031290198929,,,,,,,,,,,,,,,,"Streepjescode gevonden in de Shopify-productdata op de eigen productpagina (dmmwales.com, 'barcode'-veld), checksum gecontroleerd (klopt). Automatisch gematcht op de juiste variant (sluiting/kleur/maat/ANSI/Captive Bar) via de variantnaam op dezelfde pagina, steekproefsgewijs handmatig gecontroleerd."
4192872b-473d-4445-994c-ec1232c78a36,DMM,Captain Kit Matt Grey,,,,,,5031290227018,,,,,,,,,,,,,,,,"Streepjescode gevonden in de Shopify-productdata op de eigen productpagina (dmmwales.com, 'barcode'-veld), checksum gecontroleerd (klopt). Automatisch gematcht op de juiste variant (sluiting/kleur/maat/ANSI/Captive Bar) via de variantnaam op dezelfde pagina, steekproefsgewijs handmatig gecontroleerd."
1d7a7967-062a-4726-bacf-b883c916b1c5,DMM,Captain Kit Red,,,,,,5031290227025,,,,,,,,,,,,,,,,"Streepjescode gevonden in de Shopify-productdata op de eigen productpagina (dmmwales.com, 'barcode'-veld), checksum gecontroleerd (klopt). Automatisch gematcht op de juiste variant (sluiting/kleur/maat/ANSI/Captive Bar) via de variantnaam op dezelfde pagina, steekproefsgewijs handmatig gecontroleerd."
ef4f3228-c1b5-412e-8863-2023ddb3ecb6,DMM,Captain Standard Matt Grey,,,,,,5031290227001,,,,,,,,,,,,,,,,"Streepjescode gevonden in de Shopify-productdata op de eigen productpagina (dmmwales.com, 'barcode'-veld), checksum gecontroleerd (klopt). Automatisch gematcht op de juiste variant (sluiting/kleur/maat/ANSI/Captive Bar) via de variantnaam op dezelfde pagina, steekproefsgewijs handmatig gecontroleerd."
c64d2fda-e034-4d81-aa1e-980e2994c142,DMM,Captain Standard Red,,,,,,5031290226998,,,,,,,,,,,,,,,,"Streepjescode gevonden in de Shopify-productdata op de eigen productpagina (dmmwales.com, 'barcode'-veld), checksum gecontroleerd (klopt). Automatisch gematcht op de juiste variant (sluiting/kleur/maat/ANSI/Captive Bar) via de variantnaam op dezelfde pagina, steekproefsgewijs handmatig gecontroleerd."
460ab313-84f9-41b2-b2f0-851609b8c2a5,DMM,Captive Eye Alloy Kwiklock,,,,,,5031290201612,,,,,,,,,,,,,,,,"Streepjescode gevonden in de Shopify-productdata op de eigen productpagina (dmmwales.com, 'barcode'-veld), checksum gecontroleerd (klopt). Automatisch gematcht op de juiste variant (sluiting/kleur/maat/ANSI/Captive Bar) via de variantnaam op dezelfde pagina, steekproefsgewijs handmatig gecontroleerd."
95a7c611-31fb-4771-9dca-f5d548024cd7,DMM,Captive Eye Alloy Kwiklock ANSI,,,,,,5031290206525,,,,,,,,,,,,,,,,"Streepjescode gevonden in de Shopify-productdata op de eigen productpagina (dmmwales.com, 'barcode'-veld), checksum gecontroleerd (klopt). Automatisch gematcht op de juiste variant (sluiting/kleur/maat/ANSI/Captive Bar) via de variantnaam op dezelfde pagina, steekproefsgewijs handmatig gecontroleerd."
8795b393-70c0-447d-b3a5-cba5fe86f9ed,DMM,Captive Eye Alloy Locksafe,,,,,,5031290201629,,,,,,,,,,,,,,,,"Streepjescode gevonden in de Shopify-productdata op de eigen productpagina (dmmwales.com, 'barcode'-veld), checksum gecontroleerd (klopt). Automatisch gematcht op de juiste variant (sluiting/kleur/maat/ANSI/Captive Bar) via de variantnaam op dezelfde pagina, steekproefsgewijs handmatig gecontroleerd."
4d51e2aa-5d67-40d3-897c-ba284594fdb2,DMM,Captive Eye Alloy Locksafe ANSI,,,,,,5031290206532,,,,,,,,,,,,,,,,"Streepjescode gevonden in de Shopify-productdata op de eigen productpagina (dmmwales.com, 'barcode'-veld), checksum gecontroleerd (klopt). Automatisch gematcht op de juiste variant (sluiting/kleur/maat/ANSI/Captive Bar) via de variantnaam op dezelfde pagina, steekproefsgewijs handmatig gecontroleerd."
a8a546fe-b991-4be5-b036-42f511f7401a,DMM,Captive Eye Alloy Screwgate,,,,,,5031290201605,,,,,,,,,,,,,,,,"Streepjescode gevonden in de Shopify-productdata op de eigen productpagina (dmmwales.com, 'barcode'-veld), checksum gecontroleerd (klopt). Automatisch gematcht op de juiste variant (sluiting/kleur/maat/ANSI/Captive Bar) via de variantnaam op dezelfde pagina, steekproefsgewijs handmatig gecontroleerd."
58d023d5-b5d0-434f-a726-95b49755e33a,DMM,Ceros Kwiklock,,,,,,5031290214827,,,,,,,,,,,,,,,,"Standaardkleur (DMM noemt dit zelf ""Titanium""; geen aparte titanium-legering, gewoon de kale/naturelle anodisatie). Op verzoek van Jos zonder kleuraanduiding in de naam, omdat vrijwel niemand deze DMM-term herkent. Streepjescode gevonden in de Shopify-productdata op de eigen productpagina (dmmwales.com, 'barcode'-veld), checksum gecontroleerd (klopt). Automatisch gematcht op de juiste variant (sluiting/kleur/maat/ANSI/Captive Bar) via de variantnaam op dezelfde pagina, steekproefsgewijs handmatig gecontroleerd."
d8dd39ae-4d58-48e5-a076-b5b3359dcf84,DMM,Ceros Kwiklock Captive Bar,,,,,,5031290214858,,,,,,,,,,,,,,,,"Standaardkleur (DMM noemt dit zelf ""Titanium""; geen aparte titanium-legering, gewoon de kale/naturelle anodisatie). Op verzoek van Jos zonder kleuraanduiding in de naam, omdat vrijwel niemand deze DMM-term herkent. Streepjescode gevonden in de Shopify-productdata op de eigen productpagina (dmmwales.com, 'barcode'-veld), checksum gecontroleerd (klopt). Automatisch gematcht op de juiste variant (sluiting/kleur/maat/ANSI/Captive Bar) via de variantnaam op dezelfde pagina, steekproefsgewijs handmatig gecontroleerd."
11a0c79d-1a49-4012-9ee2-1d04e2c1e174,DMM,Ceros Locksafe,,,,,,5031290214834,,,,,,,,,,,,,,,,"Standaardkleur (DMM noemt dit zelf ""Titanium""; geen aparte titanium-legering, gewoon de kale/naturelle anodisatie). Op verzoek van Jos zonder kleuraanduiding in de naam, omdat vrijwel niemand deze DMM-term herkent. Streepjescode gevonden in de Shopify-productdata op de eigen productpagina (dmmwales.com, 'barcode'-veld), checksum gecontroleerd (klopt). Automatisch gematcht op de juiste variant (sluiting/kleur/maat/ANSI/Captive Bar) via de variantnaam op dezelfde pagina, steekproefsgewijs handmatig gecontroleerd."
60193b30-7de8-44fd-8836-25ea15489839,DMM,Ceros Locksafe Captive Bar,,,,,,5031290214865,,,,,,,,,,,,,,,,"Standaardkleur (DMM noemt dit zelf ""Titanium""; geen aparte titanium-legering, gewoon de kale/naturelle anodisatie). Op verzoek van Jos zonder kleuraanduiding in de naam, omdat vrijwel niemand deze DMM-term herkent. Streepjescode gevonden in de Shopify-productdata op de eigen productpagina (dmmwales.com, 'barcode'-veld), checksum gecontroleerd (klopt). Automatisch gematcht op de juiste variant (sluiting/kleur/maat/ANSI/Captive Bar) via de variantnaam op dezelfde pagina, steekproefsgewijs handmatig gecontroleerd."
731f0de9-2350-4fac-b278-9cd37a7c35e4,DMM,Ceros Locksafe Captive Bar Matt Grey,,,,,,5031290228329,,,,,,,,,,,,,,,,"Streepjescode gevonden in de Shopify-productdata op de eigen productpagina (dmmwales.com, 'barcode'-veld), checksum gecontroleerd (klopt). Automatisch gematcht op de juiste variant (sluiting/kleur/maat/ANSI/Captive Bar) via de variantnaam op dezelfde pagina, steekproefsgewijs handmatig gecontroleerd."
a6f57025-5bf2-4fac-b498-476f18bdccbf,DMM,Ceros Locksafe Matt Grey,,,,,,5031290225755,,,,,,,,,,,,,,,,"Streepjescode gevonden in de Shopify-productdata op de eigen productpagina (dmmwales.com, 'barcode'-veld), checksum gecontroleerd (klopt). Automatisch gematcht op de juiste variant (sluiting/kleur/maat/ANSI/Captive Bar) via de variantnaam op dezelfde pagina, steekproefsgewijs handmatig gecontroleerd."
3af5fbc1-7a37-4819-bb80-fa2e03ab49e1,DMM,Ceros Screwgate,,,,,,5031290214803,,,,,,,,,,,,,,,,"Standaardkleur (DMM noemt dit zelf ""Titanium""; geen aparte titanium-legering, gewoon de kale/naturelle anodisatie). Op verzoek van Jos zonder kleuraanduiding in de naam, omdat vrijwel niemand deze DMM-term herkent. Streepjescode gevonden in de Shopify-productdata op de eigen productpagina (dmmwales.com, 'barcode'-veld), checksum gecontroleerd (klopt). Automatisch gematcht op de juiste variant (sluiting/kleur/maat/ANSI/Captive Bar) via de variantnaam op dezelfde pagina, steekproefsgewijs handmatig gecontroleerd."
9d742b8c-0678-48cc-9e32-2848fb4b1345,DMM,Ceros Screwgate Captive Bar,,,,,,5031290214841,,,,,,,,,,,,,,,,"Standaardkleur (DMM noemt dit zelf ""Titanium""; geen aparte titanium-legering, gewoon de kale/naturelle anodisatie). Op verzoek van Jos zonder kleuraanduiding in de naam, omdat vrijwel niemand deze DMM-term herkent. Streepjescode gevonden in de Shopify-productdata op de eigen productpagina (dmmwales.com, 'barcode'-veld), checksum gecontroleerd (klopt). Automatisch gematcht op de juiste variant (sluiting/kleur/maat/ANSI/Captive Bar) via de variantnaam op dezelfde pagina, steekproefsgewijs handmatig gecontroleerd."
c55dd0dc-13c1-44d1-bd7d-86f561cb656e,DMM,Ceros Screwgate Lime,,,,,,5031290228701,,,,,,,,,,,,,,,,"Streepjescode gevonden in de Shopify-productdata op de eigen productpagina (dmmwales.com, 'barcode'-veld), checksum gecontroleerd (klopt). Automatisch gematcht op de juiste variant (sluiting/kleur/maat/ANSI/Captive Bar) via de variantnaam op dezelfde pagina, steekproefsgewijs handmatig gecontroleerd."
7403ea33-1dce-4876-85bf-a773ef3b05e1,DMM,Ceros Screwgate Matt Grey,,,,,,5031290226806,,,,,,,,,,,,,,,,"Streepjescode gevonden in de Shopify-productdata op de eigen productpagina (dmmwales.com, 'barcode'-veld), checksum gecontroleerd (klopt). Automatisch gematcht op de juiste variant (sluiting/kleur/maat/ANSI/Captive Bar) via de variantnaam op dezelfde pagina, steekproefsgewijs handmatig gecontroleerd."
9ec695c4-2781-4765-9f7d-e9dab6f2e32d,DMM,Ceros Screwgate Orange,,,,,,5031290228718,,,,,,,,,,,,,,,,"Streepjescode gevonden in de Shopify-productdata op de eigen productpagina (dmmwales.com, 'barcode'-veld), checksum gecontroleerd (klopt). Automatisch gematcht op de juiste variant (sluiting/kleur/maat/ANSI/Captive Bar) via de variantnaam op dezelfde pagina, steekproefsgewijs handmatig gecontroleerd."
d989bea0-dd56-4b24-82d9-23d2d12b5472,DMM,Compact Shackle Bow,,,,,,5031290210379,,,,,,,,,,,,,,,,"Standaardkleur (DMM noemt dit zelf ""Titanium""; geen aparte titanium-legering, gewoon de kale/naturelle anodisatie). Op verzoek van Jos zonder kleuraanduiding in de naam, omdat vrijwel niemand deze DMM-term herkent. Streepjescode gevonden in de Shopify-productdata op de eigen productpagina (dmmwales.com, 'barcode'-veld), checksum gecontroleerd (klopt). Automatisch gematcht op de juiste variant (sluiting/kleur/maat/ANSI/Captive Bar) via de variantnaam op dezelfde pagina, steekproefsgewijs handmatig gecontroleerd."
0352aea3-456e-4ffe-838c-6a9f6a54acc2,DMM,Compact Shackle Bow Matt Grey,,,,,,5031290222723,,,,,,,,,,,,,,,,"Streepjescode gevonden in de Shopify-productdata op de eigen productpagina (dmmwales.com, 'barcode'-veld), checksum gecontroleerd (klopt). Automatisch gematcht op de juiste variant (sluiting/kleur/maat/ANSI/Captive Bar) via de variantnaam op dezelfde pagina, steekproefsgewijs handmatig gecontroleerd."
0d7d0caa-d52e-4996-a506-0461c154bb13,DMM,Compact Shackle D,,,,,,5031290210362,,,,,,,,,,,,,,,,"Standaardkleur (DMM noemt dit zelf ""Titanium""; geen aparte titanium-legering, gewoon de kale/naturelle anodisatie). Op verzoek van Jos zonder kleuraanduiding in de naam, omdat vrijwel niemand deze DMM-term herkent. Streepjescode gevonden in de Shopify-productdata op de eigen productpagina (dmmwales.com, 'barcode'-veld), checksum gecontroleerd (klopt). Automatisch gematcht op de juiste variant (sluiting/kleur/maat/ANSI/Captive Bar) via de variantnaam op dezelfde pagina, steekproefsgewijs handmatig gecontroleerd."
b08d883f-1f60-4766-928a-590d00e7c885,DMM,Compact Shackle D Matt Grey,,,,,,5031290222730,,,,,,,,,,,,,,,,"Streepjescode gevonden in de Shopify-productdata op de eigen productpagina (dmmwales.com, 'barcode'-veld), checksum gecontroleerd (klopt). Automatisch gematcht op de juiste variant (sluiting/kleur/maat/ANSI/Captive Bar) via de variantnaam op dezelfde pagina, steekproefsgewijs handmatig gecontroleerd."
6b750e72-da94-4050-a76e-acf5d50da7c7,DMM,Director Swivel Boss Kwiklock Bow,,,,,,5031290227469,,,,,,,,,,,,,,,,"Streepjescode gevonden in de Shopify-productdata op de eigen productpagina (dmmwales.com, 'barcode'-veld), checksum gecontroleerd (klopt). Automatisch gematcht op de juiste variant (sluiting/kleur/maat/ANSI/Captive Bar) via de variantnaam op dezelfde pagina, steekproefsgewijs handmatig gecontroleerd."
411f728c-d96b-4bb1-9f30-c8687192c446,DMM,Director Swivel Boss Kwiklock D,,,,,,5031290227483,,,,,,,,,,,,,,,,"Streepjescode gevonden in de Shopify-productdata op de eigen productpagina (dmmwales.com, 'barcode'-veld), checksum gecontroleerd (klopt). Automatisch gematcht op de juiste variant (sluiting/kleur/maat/ANSI/Captive Bar) via de variantnaam op dezelfde pagina, steekproefsgewijs handmatig gecontroleerd."
78b0e178-6749-4c91-b3e6-751516d9c47b,DMM,Director Swivel Boss Locksafe Bow,,,,,,5031290227476,,,,,,,,,,,,,,,,"Streepjescode gevonden in de Shopify-productdata op de eigen productpagina (dmmwales.com, 'barcode'-veld), checksum gecontroleerd (klopt). Automatisch gematcht op de juiste variant (sluiting/kleur/maat/ANSI/Captive Bar) via de variantnaam op dezelfde pagina, steekproefsgewijs handmatig gecontroleerd."
e6c26605-eb3b-4747-9cef-5e55746ad34d,DMM,Director Swivel Boss Locksafe D,,,,,,5031290227490,,,,,,,,,,,,,,,,"Streepjescode gevonden in de Shopify-productdata op de eigen productpagina (dmmwales.com, 'barcode'-veld), checksum gecontroleerd (klopt). Automatisch gematcht op de juiste variant (sluiting/kleur/maat/ANSI/Captive Bar) via de variantnaam op dezelfde pagina, steekproefsgewijs handmatig gecontroleerd."
80cce9e5-d59c-4ca1-b12d-4b06c53c9ac0,DMM,Director Swivel Boss Screwgate Bow,,,,,,5031290227452,,,,,,,,,,,,,,,,"Streepjescode gevonden in de Shopify-productdata op de eigen productpagina (dmmwales.com, 'barcode'-veld), checksum gecontroleerd (klopt). Automatisch gematcht op de juiste variant (sluiting/kleur/maat/ANSI/Captive Bar) via de variantnaam op dezelfde pagina, steekproefsgewijs handmatig gecontroleerd."
5793c8f8-32ee-4a4e-9736-a237cfa380f2,DMM,Director Swivel Boss Screwgate D,,,,,,5031290227520,,,,,,,,,,,,,,,,"Streepjescode gevonden in de Shopify-productdata op de eigen productpagina (dmmwales.com, 'barcode'-veld), checksum gecontroleerd (klopt). Automatisch gematcht op de juiste variant (sluiting/kleur/maat/ANSI/Captive Bar) via de variantnaam op dezelfde pagina, steekproefsgewijs handmatig gecontroleerd."
454b8698-4417-4d7e-bca1-d465632cb440,DMM,Director Swivel Eye Kwiklock,,,,,,5031290225441,,,,,,,,,,,,,,,,"Streepjescode gevonden in de Shopify-productdata op de eigen productpagina (dmmwales.com, 'barcode'-veld), checksum gecontroleerd (klopt). Automatisch gematcht op de juiste variant (sluiting/kleur/maat/ANSI/Captive Bar) via de variantnaam op dezelfde pagina, steekproefsgewijs handmatig gecontroleerd."
2a7032d9-3129-4b62-9804-a71ccfe2a4a2,DMM,Director Swivel Eye Locksafe,,,,,,5031290225458,,,,,,,,,,,,,,,,"Streepjescode gevonden in de Shopify-productdata op de eigen productpagina (dmmwales.com, 'barcode'-veld), checksum gecontroleerd (klopt). Automatisch gematcht op de juiste variant (sluiting/kleur/maat/ANSI/Captive Bar) via de variantnaam op dezelfde pagina, steekproefsgewijs handmatig gecontroleerd."
87c00d7a-ee82-48d0-a437-7800c9f6e93d,DMM,Director Swivel Eye Screwgate,,,,,,5031290225434,,,,,,,,,,,,,,,,"Streepjescode gevonden in de Shopify-productdata op de eigen productpagina (dmmwales.com, 'barcode'-veld), checksum gecontroleerd (klopt). Automatisch gematcht op de juiste variant (sluiting/kleur/maat/ANSI/Captive Bar) via de variantnaam op dezelfde pagina, steekproefsgewijs handmatig gecontroleerd."
6effeb4c-5fd9-4965-94f5-33cfcce1303c,DMM,Director Yoke Kwiklock Rope Spacer,,,,,,5031290227384,,,,,,,,,,,,,,,,"Streepjescode gevonden in de Shopify-productdata op de eigen productpagina (dmmwales.com, 'barcode'-veld), checksum gecontroleerd (klopt). Automatisch gematcht op de juiste variant (sluiting/kleur/maat/ANSI/Captive Bar) via de variantnaam op dezelfde pagina, steekproefsgewijs handmatig gecontroleerd."
2e8ae7cd-0673-411c-9e75-1ce428971a1a,DMM,Director Yoke Kwiklock Web Spacer,,,,,,5031290227391,,,,,,,,,,,,,,,,"Streepjescode gevonden in de Shopify-productdata op de eigen productpagina (dmmwales.com, 'barcode'-veld), checksum gecontroleerd (klopt). Automatisch gematcht op de juiste variant (sluiting/kleur/maat/ANSI/Captive Bar) via de variantnaam op dezelfde pagina, steekproefsgewijs handmatig gecontroleerd."
a0539331-4bd2-4f4d-b02d-e7e7e46fec07,DMM,Director Yoke Locksafe Rope Spacer,,,,,,5031290227414,,,,,,,,,,,,,,,,"Streepjescode gevonden in de Shopify-productdata op de eigen productpagina (dmmwales.com, 'barcode'-veld), checksum gecontroleerd (klopt). Automatisch gematcht op de juiste variant (sluiting/kleur/maat/ANSI/Captive Bar) via de variantnaam op dezelfde pagina, steekproefsgewijs handmatig gecontroleerd."
df19253f-bc60-4672-a912-4843f5c39e7e,DMM,Director Yoke Locksafe Web Spacer,,,,,,5031290227421,,,,,,,,,,,,,,,,"Streepjescode gevonden in de Shopify-productdata op de eigen productpagina (dmmwales.com, 'barcode'-veld), checksum gecontroleerd (klopt). Automatisch gematcht op de juiste variant (sluiting/kleur/maat/ANSI/Captive Bar) via de variantnaam op dezelfde pagina, steekproefsgewijs handmatig gecontroleerd."
1eea56dd-1acd-4fe7-a212-ce651ceb6984,DMM,Director Yoke Screwgate Rope Spacer,,,,,,5031290227360,,,,,,,,,,,,,,,,"Streepjescode gevonden in de Shopify-productdata op de eigen productpagina (dmmwales.com, 'barcode'-veld), checksum gecontroleerd (klopt). Automatisch gematcht op de juiste variant (sluiting/kleur/maat/ANSI/Captive Bar) via de variantnaam op dezelfde pagina, steekproefsgewijs handmatig gecontroleerd."
0059b7ac-d053-48f6-84ee-7a31e71a04b2,DMM,Director Yoke Screwgate Web Spacer,,,,,,5031290227377,,,,,,,,,,,,,,,,"Streepjescode gevonden in de Shopify-productdata op de eigen productpagina (dmmwales.com, 'barcode'-veld), checksum gecontroleerd (klopt). Automatisch gematcht op de juiste variant (sluiting/kleur/maat/ANSI/Captive Bar) via de variantnaam op dezelfde pagina, steekproefsgewijs handmatig gecontroleerd."
04c1bb4b-1154-4fbf-8864-652396c54678,DMM,Dynatec 8mm Sling Blue 240cm,,,,,,5031290215534,,,,,,,,,,,,,,,,"Streepjescode gevonden in de Shopify-productdata op de eigen productpagina (dmmwales.com, 'barcode'-veld), checksum gecontroleerd (klopt). Automatisch gematcht op de juiste variant (sluiting/kleur/maat/ANSI/Captive Bar) via de variantnaam op dezelfde pagina, steekproefsgewijs handmatig gecontroleerd."
a4c2da44-f2be-4b9d-b2da-13522ab3a5f0,DMM,Dynatec 8mm Sling Blue 400cm,,,,,,5031290215572,,,,,,,,,,,,,,,,"Streepjescode gevonden in de Shopify-productdata op de eigen productpagina (dmmwales.com, 'barcode'-veld), checksum gecontroleerd (klopt). Automatisch gematcht op de juiste variant (sluiting/kleur/maat/ANSI/Captive Bar) via de variantnaam op dezelfde pagina, steekproefsgewijs handmatig gecontroleerd."
fb8aed04-f9fa-4bea-b321-7cbc6b2757fd,DMM,Dynatec 8mm Sling Gold 60cm,,,,,,5031290215510,,,,,,,,,,,,,,,,"Streepjescode gevonden in de Shopify-productdata op de eigen productpagina (dmmwales.com, 'barcode'-veld), checksum gecontroleerd (klopt). Automatisch gematcht op de juiste variant (sluiting/kleur/maat/ANSI/Captive Bar) via de variantnaam op dezelfde pagina, steekproefsgewijs handmatig gecontroleerd."
48f615b6-321e-459d-a67c-6d3769bb05b0,DMM,Dynatec 8mm Sling Green 30cm,,,,,,5031290215503,,,,,,,,,,,,,,,,"Streepjescode gevonden in de Shopify-productdata op de eigen productpagina (dmmwales.com, 'barcode'-veld), checksum gecontroleerd (klopt). Automatisch gematcht op de juiste variant (sluiting/kleur/maat/ANSI/Captive Bar) via de variantnaam op dezelfde pagina, steekproefsgewijs handmatig gecontroleerd."
8fd47780-7cfb-4d6a-9291-60b7aa328e33,DMM,Dynatec 8mm Sling Green 240cm,,,,,,5031290215381,,,,,,,,,,,,,,,,"Streepjescode gevonden in de Shopify-productdata op de eigen productpagina (dmmwales.com, 'barcode'-veld), checksum gecontroleerd (klopt). Automatisch gematcht op de juiste variant (sluiting/kleur/maat/ANSI/Captive Bar) via de variantnaam op dezelfde pagina, steekproefsgewijs handmatig gecontroleerd."
5ee969df-1e98-46bf-8dda-dda4bf2695a2,DMM,Dynatec 8mm Sling Grey 30cm,,,,,,5031290215350,,,,,,,,,,,,,,,,"Streepjescode gevonden in de Shopify-productdata op de eigen productpagina (dmmwales.com, 'barcode'-veld), checksum gecontroleerd (klopt). Automatisch gematcht op de juiste variant (sluiting/kleur/maat/ANSI/Captive Bar) via de variantnaam op dezelfde pagina, steekproefsgewijs handmatig gecontroleerd."
a368b28d-1785-440e-949b-1bb40ac3bbe8,DMM,Dynatec 8mm Sling Grey 120cm,,,,,,5031290215374,,,,,,,,,,,,,,,,"Streepjescode gevonden in de Shopify-productdata op de eigen productpagina (dmmwales.com, 'barcode'-veld), checksum gecontroleerd (klopt). Automatisch gematcht op de juiste variant (sluiting/kleur/maat/ANSI/Captive Bar) via de variantnaam op dezelfde pagina, steekproefsgewijs handmatig gecontroleerd."
ebd90ae5-6caa-460c-ab45-4225e4776e0e,DMM,Dynatec 8mm Sling Purple 60cm,,,,,,5031290215367,,,,,,,,,,,,,,,,"Streepjescode gevonden in de Shopify-productdata op de eigen productpagina (dmmwales.com, 'barcode'-veld), checksum gecontroleerd (klopt). Automatisch gematcht op de juiste variant (sluiting/kleur/maat/ANSI/Captive Bar) via de variantnaam op dezelfde pagina, steekproefsgewijs handmatig gecontroleerd."
e459065b-4fb5-4ece-99b5-a39fd454a558,DMM,Dynatec 8mm Sling Red 120cm,,,,,,5031290215527,,,,,,,,,,,,,,,,"Streepjescode gevonden in de Shopify-productdata op de eigen productpagina (dmmwales.com, 'barcode'-veld), checksum gecontroleerd (klopt). Automatisch gematcht op de juiste variant (sluiting/kleur/maat/ANSI/Captive Bar) via de variantnaam op dezelfde pagina, steekproefsgewijs handmatig gecontroleerd."
7bb280e4-3bf7-4b7c-96e1-b3863281e2b5,DMM,Dynatec 11mm Sling Blue 240cm,,,,,,5031290215565,,,,,,,,,,,,,,,,"Streepjescode gevonden in de Shopify-productdata op de eigen productpagina (dmmwales.com, 'barcode'-veld), checksum gecontroleerd (klopt). Automatisch gematcht op de juiste variant (sluiting/kleur/maat/ANSI/Captive Bar) via de variantnaam op dezelfde pagina, steekproefsgewijs handmatig gecontroleerd."
65909691-4788-4e42-8594-95075c671bde,DMM,Dynatec 11mm Sling Gold 60cm,,,,,,5031290215541,,,,,,,,,,,,,,,,"Streepjescode gevonden in de Shopify-productdata op de eigen productpagina (dmmwales.com, 'barcode'-veld), checksum gecontroleerd (klopt). Automatisch gematcht op de juiste variant (sluiting/kleur/maat/ANSI/Captive Bar) via de variantnaam op dezelfde pagina, steekproefsgewijs handmatig gecontroleerd."
aa0dc423-e243-4091-97cc-4e3dce8e26ed,DMM,Dynatec 11mm Sling Green 30cm,,,,,,5031290216074,,,,,,,,,,,,,,,,"Streepjescode gevonden in de Shopify-productdata op de eigen productpagina (dmmwales.com, 'barcode'-veld), checksum gecontroleerd (klopt). Automatisch gematcht op de juiste variant (sluiting/kleur/maat/ANSI/Captive Bar) via de variantnaam op dezelfde pagina, steekproefsgewijs handmatig gecontroleerd."
8dcf0c42-3e7c-4cbd-a02b-9a408105b95d,DMM,Dynatec 11mm Sling Green 240cm,,,,,,5031290215411,,,,,,,,,,,,,,,,"Streepjescode gevonden in de Shopify-productdata op de eigen productpagina (dmmwales.com, 'barcode'-veld), checksum gecontroleerd (klopt). Automatisch gematcht op de juiste variant (sluiting/kleur/maat/ANSI/Captive Bar) via de variantnaam op dezelfde pagina, steekproefsgewijs handmatig gecontroleerd."
6bef090a-02b6-4f3f-a853-25f8a7b1fee9,DMM,Dynatec 11mm Sling Grey 120cm,,,,,,5031290215404,,,,,,,,,,,,,,,,"Streepjescode gevonden in de Shopify-productdata op de eigen productpagina (dmmwales.com, 'barcode'-veld), checksum gecontroleerd (klopt). Automatisch gematcht op de juiste variant (sluiting/kleur/maat/ANSI/Captive Bar) via de variantnaam op dezelfde pagina, steekproefsgewijs handmatig gecontroleerd."
ba0699bb-985b-4b4f-aa8d-85295146a097,DMM,Dynatec 11mm Sling Lime 120cm,,,,,,5031290224055,,,,,,,,,,,,,,,,"Streepjescode gevonden in de Shopify-productdata op de eigen productpagina (dmmwales.com, 'barcode'-veld), checksum gecontroleerd (klopt). Automatisch gematcht op de juiste variant (sluiting/kleur/maat/ANSI/Captive Bar) via de variantnaam op dezelfde pagina, steekproefsgewijs handmatig gecontroleerd."
d9427d07-ca4f-4b9c-9d9a-e41cea3ecefd,DMM,Dynatec 11mm Sling Orange 60cm,,,,,,5031290223126,,,,,,,,,,,,,,,,"Streepjescode gevonden in de Shopify-productdata op de eigen productpagina (dmmwales.com, 'barcode'-veld), checksum gecontroleerd (klopt). Automatisch gematcht op de juiste variant (sluiting/kleur/maat/ANSI/Captive Bar) via de variantnaam op dezelfde pagina, steekproefsgewijs handmatig gecontroleerd."
b86964a8-0d3c-4fe9-9b48-b21dd5f2a9de,DMM,Dynatec 11mm Sling Purple 60cm,,,,,,5031290215497,,,,,,,,,,,,,,,,"Streepjescode gevonden in de Shopify-productdata op de eigen productpagina (dmmwales.com, 'barcode'-veld), checksum gecontroleerd (klopt). Automatisch gematcht op de juiste variant (sluiting/kleur/maat/ANSI/Captive Bar) via de variantnaam op dezelfde pagina, steekproefsgewijs handmatig gecontroleerd."
c771a509-b8f1-41f4-ae0b-2fd1d2b4e163,DMM,Dynatec 11mm Sling Red 120cm,,,,,,5031290215558,,,,,,,,,,,,,,,,"Streepjescode gevonden in de Shopify-productdata op de eigen productpagina (dmmwales.com, 'barcode'-veld), checksum gecontroleerd (klopt). Automatisch gematcht op de juiste variant (sluiting/kleur/maat/ANSI/Captive Bar) via de variantnaam op dezelfde pagina, steekproefsgewijs handmatig gecontroleerd."
f7eff01b-8dbb-4fa9-919f-ff5d8a2ca8fe,DMM,Focus Bow Matt Grey,,,,,,5031290211659,,,,,,,,,,,,,,,,"Streepjescode gevonden in de Shopify-productdata op de eigen productpagina (dmmwales.com, 'barcode'-veld), checksum gecontroleerd (klopt). Automatisch gematcht op de juiste variant (sluiting/kleur/maat/ANSI/Captive Bar) via de variantnaam op dezelfde pagina, steekproefsgewijs handmatig gecontroleerd."
576d3358-c093-4cb1-bec7-49cad00fa3a4,DMM,Focus Bow Silver/Green,,,,,,5031290210324,,,,,,,,,,,,,,,,"Streepjescode gevonden in de Shopify-productdata op de eigen productpagina (dmmwales.com, 'barcode'-veld), checksum gecontroleerd (klopt). Automatisch gematcht op de juiste variant (sluiting/kleur/maat/ANSI/Captive Bar) via de variantnaam op dezelfde pagina, steekproefsgewijs handmatig gecontroleerd."
6c23e0eb-62e9-4e7f-9a28-7e6907f1edac,DMM,Focus D Matt Grey,,,,,,5031290213257,,,,,,,,,,,,,,,,"Streepjescode gevonden in de Shopify-productdata op de eigen productpagina (dmmwales.com, 'barcode'-veld), checksum gecontroleerd (klopt). Automatisch gematcht op de juiste variant (sluiting/kleur/maat/ANSI/Captive Bar) via de variantnaam op dezelfde pagina, steekproefsgewijs handmatig gecontroleerd."
e5cb6cbd-1d8f-41a1-a1d1-e46566f39271,DMM,Focus D Silver/Green,,,,,,5031290210317,,,,,,,,,,,,,,,,"Streepjescode gevonden in de Shopify-productdata op de eigen productpagina (dmmwales.com, 'barcode'-veld), checksum gecontroleerd (klopt). Automatisch gematcht op de juiste variant (sluiting/kleur/maat/ANSI/Captive Bar) via de variantnaam op dezelfde pagina, steekproefsgewijs handmatig gecontroleerd."
5dba9f6e-3080-4d62-a942-c79818f31654,DMM,Gyros PM,,,,,,5031290211697,,,,,,,,,,,,,,,,"Streepjescode gevonden in de Shopify-productdata op de eigen productpagina (dmmwales.com, 'barcode'-veld), checksum gecontroleerd (klopt). Automatisch gematcht op de juiste variant (sluiting/kleur/maat/ANSI/Captive Bar) via de variantnaam op dezelfde pagina, steekproefsgewijs handmatig gecontroleerd."
0b38343b-00ca-4f0d-aeee-2549d0c157aa,DMM,Gyros Standard,,,,,,5031290229722,,,,,,,,,,,,,,,,"Streepjescode gevonden in de Shopify-productdata op de eigen productpagina (dmmwales.com, 'barcode'-veld), checksum gecontroleerd (klopt). Automatisch gematcht op de juiste variant (sluiting/kleur/maat/ANSI/Captive Bar) via de variantnaam op dezelfde pagina, steekproefsgewijs handmatig gecontroleerd."
61ffae5b-f1c9-47a0-bbc8-0696a3798b83,DMM,Gyros Twin,,,,,,5031290229739,,,,,,,,,,,,,,,,"Streepjescode gevonden in de Shopify-productdata op de eigen productpagina (dmmwales.com, 'barcode'-veld), checksum gecontroleerd (klopt). Automatisch gematcht op de juiste variant (sluiting/kleur/maat/ANSI/Captive Bar) via de variantnaam op dezelfde pagina, steekproefsgewijs handmatig gecontroleerd."
3abc50c2-81a8-47d2-9638-4562dac4ba8a,DMM,Hitch Climber Eccentric Gold,,,,,,5031290225526,,,,,,,,,,,,,,,,"Streepjescode gevonden in de Shopify-productdata op de eigen productpagina (dmmwales.com, 'barcode'-veld), checksum gecontroleerd (klopt). Automatisch gematcht op de juiste variant (sluiting/kleur/maat/ANSI/Captive Bar) via de variantnaam op dezelfde pagina, steekproefsgewijs handmatig gecontroleerd."
bbca8376-7e4d-4ccd-b60a-34b673c0c80f,DMM,Hitch Climber Eccentric Green,,,,,,5031290225533,,,,,,,,,,,,,,,,"Streepjescode gevonden in de Shopify-productdata op de eigen productpagina (dmmwales.com, 'barcode'-veld), checksum gecontroleerd (klopt). Automatisch gematcht op de juiste variant (sluiting/kleur/maat/ANSI/Captive Bar) via de variantnaam op dezelfde pagina, steekproefsgewijs handmatig gecontroleerd."
2373aa01-0ad8-41ae-a808-74d0adb72b7b,DMM,Hitch Climber Eccentric Matt Grey,,,,,,5031290225359,,,,,,,,,,,,,,,,"Streepjescode gevonden in de Shopify-productdata op de eigen productpagina (dmmwales.com, 'barcode'-veld), checksum gecontroleerd (klopt). Automatisch gematcht op de juiste variant (sluiting/kleur/maat/ANSI/Captive Bar) via de variantnaam op dezelfde pagina, steekproefsgewijs handmatig gecontroleerd."
4aefbf61-c7f2-4113-91ac-3650c2ea03c2,DMM,Hitch Climber Eccentric Red,,,,,,5031290217194,,,,,,,,,,,,,,,,"Streepjescode gevonden in de Shopify-productdata op de eigen productpagina (dmmwales.com, 'barcode'-veld), checksum gecontroleerd (klopt). Automatisch gematcht op de juiste variant (sluiting/kleur/maat/ANSI/Captive Bar) via de variantnaam op dezelfde pagina, steekproefsgewijs handmatig gecontroleerd."
5ccba853-7210-40f2-ba39-5808b6717632,DMM,Impact Blocks L Bronze/Lime,,,,,,5031290201063,,,,,,,,,,,,,,,,"Streepjescode gevonden in de Shopify-productdata op de eigen productpagina (dmmwales.com, 'barcode'-veld), checksum gecontroleerd (klopt). Automatisch gematcht op de juiste variant (sluiting/kleur/maat/ANSI/Captive Bar) via de variantnaam op dezelfde pagina, steekproefsgewijs handmatig gecontroleerd."
2b97f343-3a59-4dd4-9762-24a48c7daf7b,DMM,Impact Blocks S Titanium/Green,,,,,,5031290201056,,,,,,,,,,,,,,,,"Streepjescode gevonden in de Shopify-productdata op de eigen productpagina (dmmwales.com, 'barcode'-veld), checksum gecontroleerd (klopt). Automatisch gematcht op de juiste variant (sluiting/kleur/maat/ANSI/Captive Bar) via de variantnaam op dezelfde pagina, steekproefsgewijs handmatig gecontroleerd."
eab76a43-7961-4426-9502-f9015c90865b,DMM,Keanu Matt Grey,,,,,,5031290227063,,,,,,,,,,,,,,,,"Streepjescode gevonden in de Shopify-productdata op de eigen productpagina (dmmwales.com, 'barcode'-veld), checksum gecontroleerd (klopt). Automatisch gematcht op de juiste variant (sluiting/kleur/maat/ANSI/Captive Bar) via de variantnaam op dezelfde pagina, steekproefsgewijs handmatig gecontroleerd."
f33baf6b-189b-4de2-9ac4-1a84023fcad8,DMM,Keanu Matt Grey/Purple,,,,,,5031290225540,,,,,,,,,,,,,,,,"Streepjescode gevonden in de Shopify-productdata op de eigen productpagina (dmmwales.com, 'barcode'-veld), checksum gecontroleerd (klopt). Automatisch gematcht op de juiste variant (sluiting/kleur/maat/ANSI/Captive Bar) via de variantnaam op dezelfde pagina, steekproefsgewijs handmatig gecontroleerd."
8f0e9b8a-06f4-4e65-acaa-90d2a6adbbf4,DMM,Klettersteig Kwiklock ANSI,,,,,,5031290206419,,,,,,,,,,,,,,,,"Streepjescode gevonden in de Shopify-productdata op de eigen productpagina (dmmwales.com, 'barcode'-veld), checksum gecontroleerd (klopt). Automatisch gematcht op de juiste variant (sluiting/kleur/maat/ANSI/Captive Bar) via de variantnaam op dezelfde pagina, steekproefsgewijs handmatig gecontroleerd."
9306b6ee-c3b5-4545-9483-32051d7bbf2b,DMM,Klettersteig Locksafe ANSI,,,,,,5031290204071,,,,,,,,,,,,,,,,"Streepjescode gevonden in de Shopify-productdata op de eigen productpagina (dmmwales.com, 'barcode'-veld), checksum gecontroleerd (klopt). Automatisch gematcht op de juiste variant (sluiting/kleur/maat/ANSI/Captive Bar) via de variantnaam op dezelfde pagina, steekproefsgewijs handmatig gecontroleerd."
aae36982-a4fe-4915-8b82-a94108e27651,DMM,Klettersteig Locksafe ANSI Captive Bar,,,,,,5031290223119,,,,,,,,,,,,,,,,"Streepjescode gevonden in de Shopify-productdata op de eigen productpagina (dmmwales.com, 'barcode'-veld), checksum gecontroleerd (klopt). Automatisch gematcht op de juiste variant (sluiting/kleur/maat/ANSI/Captive Bar) via de variantnaam op dezelfde pagina, steekproefsgewijs handmatig gecontroleerd."
81c30de1-60b6-4674-bc01-458437c11ffb,DMM,Linkit B2,,,,,,5031290217132,,,,,,,,,,,,,,,,"Streepjescode gevonden in de Shopify-productdata op de eigen productpagina (dmmwales.com, 'barcode'-veld), checksum gecontroleerd (klopt). Automatisch gematcht op de juiste variant (sluiting/kleur/maat/ANSI/Captive Bar) via de variantnaam op dezelfde pagina, steekproefsgewijs handmatig gecontroleerd."
f657cf8b-a21f-4076-9389-c595b2d5d27f,DMM,Linkit B2T,,,,,,5031290217125,,,,,,,,,,,,,,,,"Streepjescode gevonden in de Shopify-productdata op de eigen productpagina (dmmwales.com, 'barcode'-veld), checksum gecontroleerd (klopt). Automatisch gematcht op de juiste variant (sluiting/kleur/maat/ANSI/Captive Bar) via de variantnaam op dezelfde pagina, steekproefsgewijs handmatig gecontroleerd."
b509f4ac-5b0f-4ca9-8adf-cdbcee8a9c80,DMM,Linkit B3,,,,,,5031290217149,,,,,,,,,,,,,,,,"Streepjescode gevonden in de Shopify-productdata op de eigen productpagina (dmmwales.com, 'barcode'-veld), checksum gecontroleerd (klopt). Automatisch gematcht op de juiste variant (sluiting/kleur/maat/ANSI/Captive Bar) via de variantnaam op dezelfde pagina, steekproefsgewijs handmatig gecontroleerd."
31bcff37-a39d-43a0-bfa6-81361face90a,DMM,Linkit Y3,,,,,,5031290217156,,,,,,,,,,,,,,,,"Streepjescode gevonden in de Shopify-productdata op de eigen productpagina (dmmwales.com, 'barcode'-veld), checksum gecontroleerd (klopt). Automatisch gematcht op de juiste variant (sluiting/kleur/maat/ANSI/Captive Bar) via de variantnaam op dezelfde pagina, steekproefsgewijs handmatig gecontroleerd."
d6f60a5d-370e-4c4e-96f2-aa732941acb8,DMM,Low Stretch Rope Lanyard 11.8mm Blueberry 3m,,,,,,5031290237079,,,,,,,,,,,,,,,,"Handleiding: DMM-boekje ""Slings and Lanyards"", hetzelfde dat bij de overige DMM-lussen en -lijnen staat. Streepjescode gevonden in de Shopify-productdata op de eigen productpagina (dmmwales.com, 'barcode'-veld), checksum gecontroleerd (klopt). Automatisch gematcht op de juiste variant (sluiting/kleur/maat/ANSI/Captive Bar) via de variantnaam op dezelfde pagina, steekproefsgewijs handmatig gecontroleerd."
d70a383a-0902-4c25-b085-37a1e1fe38b6,DMM,Low Stretch Rope Lanyard 11.8mm Blueberry 4m,,,,,,5031290237086,,,,,,,,,,,,,,,,"Handleiding: DMM-boekje ""Slings and Lanyards"", hetzelfde dat bij de overige DMM-lussen en -lijnen staat. Streepjescode gevonden in de Shopify-productdata op de eigen productpagina (dmmwales.com, 'barcode'-veld), checksum gecontroleerd (klopt). Automatisch gematcht op de juiste variant (sluiting/kleur/maat/ANSI/Captive Bar) via de variantnaam op dezelfde pagina, steekproefsgewijs handmatig gecontroleerd."
9f29e745-55a2-4a03-a193-a4a1277f8941,DMM,Low Stretch Rope Lanyard 11.8mm Blueberry 5m,,,,,,5031290237093,,,,,,,,,,,,,,,,"Handleiding: DMM-boekje ""Slings and Lanyards"", hetzelfde dat bij de overige DMM-lussen en -lijnen staat. Streepjescode gevonden in de Shopify-productdata op de eigen productpagina (dmmwales.com, 'barcode'-veld), checksum gecontroleerd (klopt). Automatisch gematcht op de juiste variant (sluiting/kleur/maat/ANSI/Captive Bar) via de variantnaam op dezelfde pagina, steekproefsgewijs handmatig gecontroleerd."
661beb3d-d014-48a8-988a-bfceeb51e540,DMM,Low Stretch Rope Lanyard 11.8mm Blueberry 7m,,,,,,5031290237109,,,,,,,,,,,,,,,,"Handleiding: DMM-boekje ""Slings and Lanyards"", hetzelfde dat bij de overige DMM-lussen en -lijnen staat. Streepjescode gevonden in de Shopify-productdata op de eigen productpagina (dmmwales.com, 'barcode'-veld), checksum gecontroleerd (klopt). Automatisch gematcht op de juiste variant (sluiting/kleur/maat/ANSI/Captive Bar) via de variantnaam op dezelfde pagina, steekproefsgewijs handmatig gecontroleerd."
a0bb85a6-44fb-4c2a-8fa1-001ebeadf128,DMM,Low Stretch Rope Lanyard 11.8mm Blueberry 10m,,,,,,5031290237116,,,,,,,,,,,,,,,,"Handleiding: DMM-boekje ""Slings and Lanyards"", hetzelfde dat bij de overige DMM-lussen en -lijnen staat. Streepjescode gevonden in de Shopify-productdata op de eigen productpagina (dmmwales.com, 'barcode'-veld), checksum gecontroleerd (klopt). Automatisch gematcht op de juiste variant (sluiting/kleur/maat/ANSI/Captive Bar) via de variantnaam op dezelfde pagina, steekproefsgewijs handmatig gecontroleerd."
1e6f207a-d505-44ea-9c52-0fe795a618b4,DMM,Low Stretch Rope Lanyard 11.8mm Blueberry 15m,,,,,,5031290237123,,,,,,,,,,,,,,,,"Handleiding: DMM-boekje ""Slings and Lanyards"", hetzelfde dat bij de overige DMM-lussen en -lijnen staat. Streepjescode gevonden in de Shopify-productdata op de eigen productpagina (dmmwales.com, 'barcode'-veld), checksum gecontroleerd (klopt). Automatisch gematcht op de juiste variant (sluiting/kleur/maat/ANSI/Captive Bar) via de variantnaam op dezelfde pagina, steekproefsgewijs handmatig gecontroleerd."
36af1ded-aa3f-4cf2-916a-5b5c3c400d71,DMM,Low Stretch Rope Lanyard 11.8mm Blueberry 20m,,,,,,5031290237130,,,,,,,,,,,,,,,,"Handleiding: DMM-boekje ""Slings and Lanyards"", hetzelfde dat bij de overige DMM-lussen en -lijnen staat. Streepjescode gevonden in de Shopify-productdata op de eigen productpagina (dmmwales.com, 'barcode'-veld), checksum gecontroleerd (klopt). Automatisch gematcht op de juiste variant (sluiting/kleur/maat/ANSI/Captive Bar) via de variantnaam op dezelfde pagina, steekproefsgewijs handmatig gecontroleerd."
75d5659f-5ab7-4fd0-a6e0-3eeda086d2b2,DMM,Low Stretch Rope Lanyard 11.8mm Mango 3m,,,,,,5031290237147,,,,,,,,,,,,,,,,"Handleiding: DMM-boekje ""Slings and Lanyards"", hetzelfde dat bij de overige DMM-lussen en -lijnen staat. Streepjescode gevonden in de Shopify-productdata op de eigen productpagina (dmmwales.com, 'barcode'-veld), checksum gecontroleerd (klopt). Automatisch gematcht op de juiste variant (sluiting/kleur/maat/ANSI/Captive Bar) via de variantnaam op dezelfde pagina, steekproefsgewijs handmatig gecontroleerd."
f308bc01-6370-4283-878e-0948d35d5f34,DMM,Low Stretch Rope Lanyard 11.8mm Mango 4m,,,,,,5031290237154,,,,,,,,,,,,,,,,"Handleiding: DMM-boekje ""Slings and Lanyards"", hetzelfde dat bij de overige DMM-lussen en -lijnen staat. Streepjescode gevonden in de Shopify-productdata op de eigen productpagina (dmmwales.com, 'barcode'-veld), checksum gecontroleerd (klopt). Automatisch gematcht op de juiste variant (sluiting/kleur/maat/ANSI/Captive Bar) via de variantnaam op dezelfde pagina, steekproefsgewijs handmatig gecontroleerd."
d08f54b0-4121-4ac9-ae7b-249af6c1cc9a,DMM,Low Stretch Rope Lanyard 11.8mm Mango 5m,,,,,,5031290237161,,,,,,,,,,,,,,,,"Handleiding: DMM-boekje ""Slings and Lanyards"", hetzelfde dat bij de overige DMM-lussen en -lijnen staat. Streepjescode gevonden in de Shopify-productdata op de eigen productpagina (dmmwales.com, 'barcode'-veld), checksum gecontroleerd (klopt). Automatisch gematcht op de juiste variant (sluiting/kleur/maat/ANSI/Captive Bar) via de variantnaam op dezelfde pagina, steekproefsgewijs handmatig gecontroleerd."
35dc6064-95ac-41c3-ad9f-dcd7d56f5710,DMM,Low Stretch Rope Lanyard 11.8mm Mango 7m,,,,,,5031290237178,,,,,,,,,,,,,,,,"Handleiding: DMM-boekje ""Slings and Lanyards"", hetzelfde dat bij de overige DMM-lussen en -lijnen staat. Streepjescode gevonden in de Shopify-productdata op de eigen productpagina (dmmwales.com, 'barcode'-veld), checksum gecontroleerd (klopt). Automatisch gematcht op de juiste variant (sluiting/kleur/maat/ANSI/Captive Bar) via de variantnaam op dezelfde pagina, steekproefsgewijs handmatig gecontroleerd."
ef75204f-52c0-4444-a8f1-e73cda0e72eb,DMM,Low Stretch Rope Lanyard 11.8mm Mango 10m,,,,,,5031290237185,,,,,,,,,,,,,,,,"Handleiding: DMM-boekje ""Slings and Lanyards"", hetzelfde dat bij de overige DMM-lussen en -lijnen staat. Streepjescode gevonden in de Shopify-productdata op de eigen productpagina (dmmwales.com, 'barcode'-veld), checksum gecontroleerd (klopt). Automatisch gematcht op de juiste variant (sluiting/kleur/maat/ANSI/Captive Bar) via de variantnaam op dezelfde pagina, steekproefsgewijs handmatig gecontroleerd."
fb967dc9-97f0-476d-bf3c-0939f4bee533,DMM,Low Stretch Rope Lanyard 11.8mm Mango 15m,,,,,,5031290237192,,,,,,,,,,,,,,,,"Handleiding: DMM-boekje ""Slings and Lanyards"", hetzelfde dat bij de overige DMM-lussen en -lijnen staat. Streepjescode gevonden in de Shopify-productdata op de eigen productpagina (dmmwales.com, 'barcode'-veld), checksum gecontroleerd (klopt). Automatisch gematcht op de juiste variant (sluiting/kleur/maat/ANSI/Captive Bar) via de variantnaam op dezelfde pagina, steekproefsgewijs handmatig gecontroleerd."
be836b94-f1da-4e87-b631-06aee157cfbf,DMM,Low Stretch Rope Lanyard 11.8mm Mango 20m,,,,,,5031290237208,,,,,,,,,,,,,,,,"Handleiding: DMM-boekje ""Slings and Lanyards"", hetzelfde dat bij de overige DMM-lussen en -lijnen staat. Streepjescode gevonden in de Shopify-productdata op de eigen productpagina (dmmwales.com, 'barcode'-veld), checksum gecontroleerd (klopt). Automatisch gematcht op de juiste variant (sluiting/kleur/maat/ANSI/Captive Bar) via de variantnaam op dezelfde pagina, steekproefsgewijs handmatig gecontroleerd."
2087360a-1629-4404-a5d1-c35ef2cdd14b,DMM,Low Stretch Rope Lanyard 12.8mm Lemon 3m,,,,,,5031290237215,,,,,,,,,,,,,,,,"Handleiding: DMM-boekje ""Slings and Lanyards"", hetzelfde dat bij de overige DMM-lussen en -lijnen staat. Streepjescode gevonden in de Shopify-productdata op de eigen productpagina (dmmwales.com, 'barcode'-veld), checksum gecontroleerd (klopt). Automatisch gematcht op de juiste variant (sluiting/kleur/maat/ANSI/Captive Bar) via de variantnaam op dezelfde pagina, steekproefsgewijs handmatig gecontroleerd."
4375353a-d05b-4fdf-893b-10a399018095,DMM,Low Stretch Rope Lanyard 12.8mm Lemon 4m,,,,,,5031290237222,,,,,,,,,,,,,,,,"Handleiding: DMM-boekje ""Slings and Lanyards"", hetzelfde dat bij de overige DMM-lussen en -lijnen staat. Streepjescode gevonden in de Shopify-productdata op de eigen productpagina (dmmwales.com, 'barcode'-veld), checksum gecontroleerd (klopt). Automatisch gematcht op de juiste variant (sluiting/kleur/maat/ANSI/Captive Bar) via de variantnaam op dezelfde pagina, steekproefsgewijs handmatig gecontroleerd."
dfd00895-9d2e-4dac-a546-e39f99cf5ade,DMM,Low Stretch Rope Lanyard 12.8mm Lemon 5m,,,,,,5031290237239,,,,,,,,,,,,,,,,"Handleiding: DMM-boekje ""Slings and Lanyards"", hetzelfde dat bij de overige DMM-lussen en -lijnen staat. Streepjescode gevonden in de Shopify-productdata op de eigen productpagina (dmmwales.com, 'barcode'-veld), checksum gecontroleerd (klopt). Automatisch gematcht op de juiste variant (sluiting/kleur/maat/ANSI/Captive Bar) via de variantnaam op dezelfde pagina, steekproefsgewijs handmatig gecontroleerd."
f6395a30-9efe-46cf-907c-0dab83bd9fdb,DMM,Low Stretch Rope Lanyard 12.8mm Lemon 7m,,,,,,5031290237246,,,,,,,,,,,,,,,,"Handleiding: DMM-boekje ""Slings and Lanyards"", hetzelfde dat bij de overige DMM-lussen en -lijnen staat. Streepjescode gevonden in de Shopify-productdata op de eigen productpagina (dmmwales.com, 'barcode'-veld), checksum gecontroleerd (klopt). Automatisch gematcht op de juiste variant (sluiting/kleur/maat/ANSI/Captive Bar) via de variantnaam op dezelfde pagina, steekproefsgewijs handmatig gecontroleerd."
80e03ff5-7880-46cd-bede-0164137f04b9,DMM,Low Stretch Rope Lanyard 12.8mm Lemon 10m,,,,,,5031290237253,,,,,,,,,,,,,,,,"Handleiding: DMM-boekje ""Slings and Lanyards"", hetzelfde dat bij de overige DMM-lussen en -lijnen staat. Streepjescode gevonden in de Shopify-productdata op de eigen productpagina (dmmwales.com, 'barcode'-veld), checksum gecontroleerd (klopt). Automatisch gematcht op de juiste variant (sluiting/kleur/maat/ANSI/Captive Bar) via de variantnaam op dezelfde pagina, steekproefsgewijs handmatig gecontroleerd."
8bdf4582-1b4b-48ed-987a-78dc713fa500,DMM,Low Stretch Rope Lanyard 12.8mm Lemon 15m,,,,,,5031290237260,,,,,,,,,,,,,,,,"Handleiding: DMM-boekje ""Slings and Lanyards"", hetzelfde dat bij de overige DMM-lussen en -lijnen staat. Streepjescode gevonden in de Shopify-productdata op de eigen productpagina (dmmwales.com, 'barcode'-veld), checksum gecontroleerd (klopt). Automatisch gematcht op de juiste variant (sluiting/kleur/maat/ANSI/Captive Bar) via de variantnaam op dezelfde pagina, steekproefsgewijs handmatig gecontroleerd."
7ae4c294-d84a-45ad-9a27-71042a7eaecc,DMM,Low Stretch Rope Lanyard 12.8mm Lemon 20m,,,,,,5031290237277,,,,,,,,,,,,,,,,"Handleiding: DMM-boekje ""Slings and Lanyards"", hetzelfde dat bij de overige DMM-lussen en -lijnen staat. Streepjescode gevonden in de Shopify-productdata op de eigen productpagina (dmmwales.com, 'barcode'-veld), checksum gecontroleerd (klopt). Automatisch gematcht op de juiste variant (sluiting/kleur/maat/ANSI/Captive Bar) via de variantnaam op dezelfde pagina, steekproefsgewijs handmatig gecontroleerd."
568d65e6-fa9b-4ed4-8163-c890eea7065d,DMM,Low Stretch Rope Lanyard 12.8mm Lime 3m,,,,,,5031290237284,,,,,,,,,,,,,,,,"Handleiding: DMM-boekje ""Slings and Lanyards"", hetzelfde dat bij de overige DMM-lussen en -lijnen staat. Streepjescode gevonden in de Shopify-productdata op de eigen productpagina (dmmwales.com, 'barcode'-veld), checksum gecontroleerd (klopt). Automatisch gematcht op de juiste variant (sluiting/kleur/maat/ANSI/Captive Bar) via de variantnaam op dezelfde pagina, steekproefsgewijs handmatig gecontroleerd."
ba2918f4-5d9a-4e82-998f-2cbb525337d5,DMM,Low Stretch Rope Lanyard 12.8mm Lime 4m,,,,,,5031290237291,,,,,,,,,,,,,,,,"Handleiding: DMM-boekje ""Slings and Lanyards"", hetzelfde dat bij de overige DMM-lussen en -lijnen staat. Streepjescode gevonden in de Shopify-productdata op de eigen productpagina (dmmwales.com, 'barcode'-veld), checksum gecontroleerd (klopt). Automatisch gematcht op de juiste variant (sluiting/kleur/maat/ANSI/Captive Bar) via de variantnaam op dezelfde pagina, steekproefsgewijs handmatig gecontroleerd."
e1663d2f-e030-489a-8480-7dfbefad3ffb,DMM,Low Stretch Rope Lanyard 12.8mm Lime 5m,,,,,,5031290237307,,,,,,,,,,,,,,,,"Handleiding: DMM-boekje ""Slings and Lanyards"", hetzelfde dat bij de overige DMM-lussen en -lijnen staat. Streepjescode gevonden in de Shopify-productdata op de eigen productpagina (dmmwales.com, 'barcode'-veld), checksum gecontroleerd (klopt). Automatisch gematcht op de juiste variant (sluiting/kleur/maat/ANSI/Captive Bar) via de variantnaam op dezelfde pagina, steekproefsgewijs handmatig gecontroleerd."
f6684ceb-8d1a-40e3-a48a-50169500975d,DMM,Low Stretch Rope Lanyard 12.8mm Lime 7m,,,,,,5031290237314,,,,,,,,,,,,,,,,"Handleiding: DMM-boekje ""Slings and Lanyards"", hetzelfde dat bij de overige DMM-lussen en -lijnen staat. Streepjescode gevonden in de Shopify-productdata op de eigen productpagina (dmmwales.com, 'barcode'-veld), checksum gecontroleerd (klopt). Automatisch gematcht op de juiste variant (sluiting/kleur/maat/ANSI/Captive Bar) via de variantnaam op dezelfde pagina, steekproefsgewijs handmatig gecontroleerd."
bb300bb4-a5d8-4151-b779-0c14e668ac93,DMM,Low Stretch Rope Lanyard 12.8mm Lime 10m,,,,,,5031290237321,,,,,,,,,,,,,,,,"Handleiding: DMM-boekje ""Slings and Lanyards"", hetzelfde dat bij de overige DMM-lussen en -lijnen staat. Streepjescode gevonden in de Shopify-productdata op de eigen productpagina (dmmwales.com, 'barcode'-veld), checksum gecontroleerd (klopt). Automatisch gematcht op de juiste variant (sluiting/kleur/maat/ANSI/Captive Bar) via de variantnaam op dezelfde pagina, steekproefsgewijs handmatig gecontroleerd."
5dd016ac-c73d-48a0-b944-92e68fb90536,DMM,Low Stretch Rope Lanyard 12.8mm Lime 15m,,,,,,5031290237338,,,,,,,,,,,,,,,,"Handleiding: DMM-boekje ""Slings and Lanyards"", hetzelfde dat bij de overige DMM-lussen en -lijnen staat. Streepjescode gevonden in de Shopify-productdata op de eigen productpagina (dmmwales.com, 'barcode'-veld), checksum gecontroleerd (klopt). Automatisch gematcht op de juiste variant (sluiting/kleur/maat/ANSI/Captive Bar) via de variantnaam op dezelfde pagina, steekproefsgewijs handmatig gecontroleerd."
6a82e0ab-20ff-48fa-92e3-c737cd92ea57,DMM,Low Stretch Rope Lanyard 12.8mm Lime 20m,,,,,,5031290237345,,,,,,,,,,,,,,,,"Handleiding: DMM-boekje ""Slings and Lanyards"", hetzelfde dat bij de overige DMM-lussen en -lijnen staat. Streepjescode gevonden in de Shopify-productdata op de eigen productpagina (dmmwales.com, 'barcode'-veld), checksum gecontroleerd (klopt). Automatisch gematcht op de juiste variant (sluiting/kleur/maat/ANSI/Captive Bar) via de variantnaam op dezelfde pagina, steekproefsgewijs handmatig gecontroleerd."
e4cc9864-06ff-445a-a816-c72c1850cdbf,DMM,Mini Swivel Matt Grey,,,,,,5031290213240,,,,,,,,,,,,,,,,"Streepjescode gevonden in de Shopify-productdata op de eigen productpagina (dmmwales.com, 'barcode'-veld), checksum gecontroleerd (klopt). Automatisch gematcht op de juiste variant (sluiting/kleur/maat/ANSI/Captive Bar) via de variantnaam op dezelfde pagina, steekproefsgewijs handmatig gecontroleerd."
4a3fd1fe-f1eb-4513-91fa-7d284ac88a92,DMM,Mini Swivel Silver/Green,,,,,,5031290210300,,,,,,,,,,,,,,,,"Streepjescode gevonden in de Shopify-productdata op de eigen productpagina (dmmwales.com, 'barcode'-veld), checksum gecontroleerd (klopt). Automatisch gematcht op de juiste variant (sluiting/kleur/maat/ANSI/Captive Bar) via de variantnaam op dezelfde pagina, steekproefsgewijs handmatig gecontroleerd."
7aa410a8-a437-4165-8ce1-bf761aabb5b8,DMM,Nexus Bow to Bow Matt Grey,,,,,,5031290211673,,,,,,,,,,,,,,,,"Streepjescode gevonden in de Shopify-productdata op de eigen productpagina (dmmwales.com, 'barcode'-veld), checksum gecontroleerd (klopt). Automatisch gematcht op de juiste variant (sluiting/kleur/maat/ANSI/Captive Bar) via de variantnaam op dezelfde pagina, steekproefsgewijs handmatig gecontroleerd."
1d11277b-0ef2-427e-b16f-aa3905d5a5d1,DMM,Nexus Bow to Bow Silver/Green,,,,,,5031290210355,,,,,,,,,,,,,,,,"Streepjescode gevonden in de Shopify-productdata op de eigen productpagina (dmmwales.com, 'barcode'-veld), checksum gecontroleerd (klopt). Automatisch gematcht op de juiste variant (sluiting/kleur/maat/ANSI/Captive Bar) via de variantnaam op dezelfde pagina, steekproefsgewijs handmatig gecontroleerd."
60a7ca64-a8dd-41e8-a118-483772ac030f,DMM,Nexus Bow to D Matt Grey,,,,,,5031290211666,,,,,,,,,,,,,,,,"Streepjescode gevonden in de Shopify-productdata op de eigen productpagina (dmmwales.com, 'barcode'-veld), checksum gecontroleerd (klopt). Automatisch gematcht op de juiste variant (sluiting/kleur/maat/ANSI/Captive Bar) via de variantnaam op dezelfde pagina, steekproefsgewijs handmatig gecontroleerd."
4338b863-a31c-4121-8afc-0a5ddafd3beb,DMM,Nexus Bow to D Silver/Green,,,,,,5031290210331,,,,,,,,,,,,,,,,"Streepjescode gevonden in de Shopify-productdata op de eigen productpagina (dmmwales.com, 'barcode'-veld), checksum gecontroleerd (klopt). Automatisch gematcht op de juiste variant (sluiting/kleur/maat/ANSI/Captive Bar) via de variantnaam op dezelfde pagina, steekproefsgewijs handmatig gecontroleerd."
40ff9ff1-7771-4549-8f5a-f1d159ea75ec,DMM,Nexus D to D Matt Grey,,,,,,5031290221306,,,,,,,,,,,,,,,,"Streepjescode gevonden in de Shopify-productdata op de eigen productpagina (dmmwales.com, 'barcode'-veld), checksum gecontroleerd (klopt). Automatisch gematcht op de juiste variant (sluiting/kleur/maat/ANSI/Captive Bar) via de variantnaam op dezelfde pagina, steekproefsgewijs handmatig gecontroleerd."
1d2f00c9-085c-4aea-84ed-104bb089c945,DMM,Nexus D to D Silver/Green,,,,,,5031290210348,,,,,,,,,,,,,,,,"Streepjescode gevonden in de Shopify-productdata op de eigen productpagina (dmmwales.com, 'barcode'-veld), checksum gecontroleerd (klopt). Automatisch gematcht op de juiste variant (sluiting/kleur/maat/ANSI/Captive Bar) via de variantnaam op dezelfde pagina, steekproefsgewijs handmatig gecontroleerd."
c8395136-74ba-4e35-9a75-1bd7868a696c,DMM,Nomad 11.8mm Blueberry Blue 3m,,,,,,5031290237420,,,,,,,,,,,,,,,,"Streepjescode gevonden in de Shopify-productdata op de eigen productpagina (dmmwales.com, 'barcode'-veld), checksum gecontroleerd (klopt). Automatisch gematcht op de juiste variant (sluiting/kleur/maat/ANSI/Captive Bar) via de variantnaam op dezelfde pagina, steekproefsgewijs handmatig gecontroleerd."
39d15401-bfa0-4f6f-9445-e0b9a7aa001f,DMM,Nomad 11.8mm Blueberry Blue 4m,,,,,,5031290237437,,,,,,,,,,,,,,,,"Streepjescode gevonden in de Shopify-productdata op de eigen productpagina (dmmwales.com, 'barcode'-veld), checksum gecontroleerd (klopt). Automatisch gematcht op de juiste variant (sluiting/kleur/maat/ANSI/Captive Bar) via de variantnaam op dezelfde pagina, steekproefsgewijs handmatig gecontroleerd."
eac324a5-3c19-4bae-9acd-d82a2bde16a7,DMM,Nomad 11.8mm Blueberry Blue 5m,,,,,,5031290237444,,,,,,,,,,,,,,,,"Streepjescode gevonden in de Shopify-productdata op de eigen productpagina (dmmwales.com, 'barcode'-veld), checksum gecontroleerd (klopt). Automatisch gematcht op de juiste variant (sluiting/kleur/maat/ANSI/Captive Bar) via de variantnaam op dezelfde pagina, steekproefsgewijs handmatig gecontroleerd."
16e01c60-8bfb-4f3b-b19c-3dec606cbf1e,DMM,Nomad 11.8mm Blueberry Blue 7m,,,,,,5031290237451,,,,,,,,,,,,,,,,"Streepjescode gevonden in de Shopify-productdata op de eigen productpagina (dmmwales.com, 'barcode'-veld), checksum gecontroleerd (klopt). Automatisch gematcht op de juiste variant (sluiting/kleur/maat/ANSI/Captive Bar) via de variantnaam op dezelfde pagina, steekproefsgewijs handmatig gecontroleerd."
90adc46d-6ac2-47fa-a506-f6f61aee4b9b,DMM,Nomad 11.8mm Blueberry Blue 10m,,,,,,5031290237468,,,,,,,,,,,,,,,,"Streepjescode gevonden in de Shopify-productdata op de eigen productpagina (dmmwales.com, 'barcode'-veld), checksum gecontroleerd (klopt). Automatisch gematcht op de juiste variant (sluiting/kleur/maat/ANSI/Captive Bar) via de variantnaam op dezelfde pagina, steekproefsgewijs handmatig gecontroleerd."
a422c833-d720-4cc1-9138-43f2bb36302c,DMM,Nomad 11.8mm Blueberry Blue 15m,,,,,,5031290237475,,,,,,,,,,,,,,,,"Streepjescode gevonden in de Shopify-productdata op de eigen productpagina (dmmwales.com, 'barcode'-veld), checksum gecontroleerd (klopt). Automatisch gematcht op de juiste variant (sluiting/kleur/maat/ANSI/Captive Bar) via de variantnaam op dezelfde pagina, steekproefsgewijs handmatig gecontroleerd."
756b02e2-0e81-4b06-9a69-5b4f98db26bc,DMM,Nomad 11.8mm Blueberry Blue 20m,,,,,,5031290237482,,,,,,,,,,,,,,,,"Streepjescode gevonden in de Shopify-productdata op de eigen productpagina (dmmwales.com, 'barcode'-veld), checksum gecontroleerd (klopt). Automatisch gematcht op de juiste variant (sluiting/kleur/maat/ANSI/Captive Bar) via de variantnaam op dezelfde pagina, steekproefsgewijs handmatig gecontroleerd."
17fbe621-e363-47a1-81e0-4ac5014c9545,DMM,Nomad 11.8mm Mango Orange 3m,,,,,,5031290237567,,,,,,,,,,,,,,,,"Streepjescode gevonden in de Shopify-productdata op de eigen productpagina (dmmwales.com, 'barcode'-veld), checksum gecontroleerd (klopt). Automatisch gematcht op de juiste variant (sluiting/kleur/maat/ANSI/Captive Bar) via de variantnaam op dezelfde pagina, steekproefsgewijs handmatig gecontroleerd."
e15c2e4b-a37d-4889-a544-495f534fcc26,DMM,Nomad 11.8mm Mango Orange 4m,,,,,,5031290237574,,,,,,,,,,,,,,,,"Streepjescode gevonden in de Shopify-productdata op de eigen productpagina (dmmwales.com, 'barcode'-veld), checksum gecontroleerd (klopt). Automatisch gematcht op de juiste variant (sluiting/kleur/maat/ANSI/Captive Bar) via de variantnaam op dezelfde pagina, steekproefsgewijs handmatig gecontroleerd."
646e8d3e-a807-4fed-8270-997f79e6c49b,DMM,Nomad 11.8mm Mango Orange 5m,,,,,,5031290237581,,,,,,,,,,,,,,,,"Streepjescode gevonden in de Shopify-productdata op de eigen productpagina (dmmwales.com, 'barcode'-veld), checksum gecontroleerd (klopt). Automatisch gematcht op de juiste variant (sluiting/kleur/maat/ANSI/Captive Bar) via de variantnaam op dezelfde pagina, steekproefsgewijs handmatig gecontroleerd."
6baf0e7b-7856-442d-ab17-a3974eca6b08,DMM,Nomad 11.8mm Mango Orange 7m,,,,,,5031290237598,,,,,,,,,,,,,,,,"Streepjescode gevonden in de Shopify-productdata op de eigen productpagina (dmmwales.com, 'barcode'-veld), checksum gecontroleerd (klopt). Automatisch gematcht op de juiste variant (sluiting/kleur/maat/ANSI/Captive Bar) via de variantnaam op dezelfde pagina, steekproefsgewijs handmatig gecontroleerd."
c694d0e8-920b-47a7-af5b-c0fd7f0a5a37,DMM,Nomad 11.8mm Mango Orange 10m,,,,,,5031290237604,,,,,,,,,,,,,,,,"Streepjescode gevonden in de Shopify-productdata op de eigen productpagina (dmmwales.com, 'barcode'-veld), checksum gecontroleerd (klopt). Automatisch gematcht op de juiste variant (sluiting/kleur/maat/ANSI/Captive Bar) via de variantnaam op dezelfde pagina, steekproefsgewijs handmatig gecontroleerd."
a24c713e-0911-4edf-961e-54fafc5cb8c2,DMM,Nomad 11.8mm Mango Orange 15m,,,,,,5031290237611,,,,,,,,,,,,,,,,"Streepjescode gevonden in de Shopify-productdata op de eigen productpagina (dmmwales.com, 'barcode'-veld), checksum gecontroleerd (klopt). Automatisch gematcht op de juiste variant (sluiting/kleur/maat/ANSI/Captive Bar) via de variantnaam op dezelfde pagina, steekproefsgewijs handmatig gecontroleerd."
175f0e99-9540-4a27-a226-50062fb793a9,DMM,Nomad 11.8mm Mango Orange 20m,,,,,,5031290237628,,,,,,,,,,,,,,,,"Streepjescode gevonden in de Shopify-productdata op de eigen productpagina (dmmwales.com, 'barcode'-veld), checksum gecontroleerd (klopt). Automatisch gematcht op de juiste variant (sluiting/kleur/maat/ANSI/Captive Bar) via de variantnaam op dezelfde pagina, steekproefsgewijs handmatig gecontroleerd."
b67a145b-f975-4e6a-8d9b-8f0a8293f0c4,DMM,Nomad 12.8mm Lemon Yellow 3m,,,,,,5031290237703,,,,,,,,,,,,,,,,"Streepjescode gevonden in de Shopify-productdata op de eigen productpagina (dmmwales.com, 'barcode'-veld), checksum gecontroleerd (klopt). Automatisch gematcht op de juiste variant (sluiting/kleur/maat/ANSI/Captive Bar) via de variantnaam op dezelfde pagina, steekproefsgewijs handmatig gecontroleerd."
82e488e7-022d-4b78-b9e6-afc1a202ee15,DMM,Nomad 12.8mm Lemon Yellow 4m,,,,,,5031290237710,,,,,,,,,,,,,,,,"Streepjescode gevonden in de Shopify-productdata op de eigen productpagina (dmmwales.com, 'barcode'-veld), checksum gecontroleerd (klopt). Automatisch gematcht op de juiste variant (sluiting/kleur/maat/ANSI/Captive Bar) via de variantnaam op dezelfde pagina, steekproefsgewijs handmatig gecontroleerd."
706f5d1b-3565-4828-9b96-0945ea2e3f42,DMM,Nomad 12.8mm Lemon Yellow 5m,,,,,,5031290237727,,,,,,,,,,,,,,,,"Streepjescode gevonden in de Shopify-productdata op de eigen productpagina (dmmwales.com, 'barcode'-veld), checksum gecontroleerd (klopt). Automatisch gematcht op de juiste variant (sluiting/kleur/maat/ANSI/Captive Bar) via de variantnaam op dezelfde pagina, steekproefsgewijs handmatig gecontroleerd."
55aeeeb9-7153-4cc2-bef6-15d993326bd0,DMM,Nomad 12.8mm Lemon Yellow 7m,,,,,,5031290237734,,,,,,,,,,,,,,,,"Streepjescode gevonden in de Shopify-productdata op de eigen productpagina (dmmwales.com, 'barcode'-veld), checksum gecontroleerd (klopt). Automatisch gematcht op de juiste variant (sluiting/kleur/maat/ANSI/Captive Bar) via de variantnaam op dezelfde pagina, steekproefsgewijs handmatig gecontroleerd."
f1317c38-333f-4fc0-a319-4caf0c99bf9f,DMM,Nomad 12.8mm Lemon Yellow 10m,,,,,,5031290237741,,,,,,,,,,,,,,,,"Streepjescode gevonden in de Shopify-productdata op de eigen productpagina (dmmwales.com, 'barcode'-veld), checksum gecontroleerd (klopt). Automatisch gematcht op de juiste variant (sluiting/kleur/maat/ANSI/Captive Bar) via de variantnaam op dezelfde pagina, steekproefsgewijs handmatig gecontroleerd."
7fa6b11d-b646-4305-8141-a9004d53483b,DMM,Nomad 12.8mm Lemon Yellow 15m,,,,,,5031290237758,,,,,,,,,,,,,,,,"Streepjescode gevonden in de Shopify-productdata op de eigen productpagina (dmmwales.com, 'barcode'-veld), checksum gecontroleerd (klopt). Automatisch gematcht op de juiste variant (sluiting/kleur/maat/ANSI/Captive Bar) via de variantnaam op dezelfde pagina, steekproefsgewijs handmatig gecontroleerd."
392ab201-210c-49b3-acb1-0250ad00152c,DMM,Nomad 12.8mm Lemon Yellow 20m,,,,,,5031290237765,,,,,,,,,,,,,,,,"Streepjescode gevonden in de Shopify-productdata op de eigen productpagina (dmmwales.com, 'barcode'-veld), checksum gecontroleerd (klopt). Automatisch gematcht op de juiste variant (sluiting/kleur/maat/ANSI/Captive Bar) via de variantnaam op dezelfde pagina, steekproefsgewijs handmatig gecontroleerd."
3a038e3a-2d02-4f50-b7b5-6ed3aa249faf,DMM,Nomad 12.8mm Lime Green 3m,,,,,,5031290237840,,,,,,,,,,,,,,,,"Streepjescode gevonden in de Shopify-productdata op de eigen productpagina (dmmwales.com, 'barcode'-veld), checksum gecontroleerd (klopt). Automatisch gematcht op de juiste variant (sluiting/kleur/maat/ANSI/Captive Bar) via de variantnaam op dezelfde pagina, steekproefsgewijs handmatig gecontroleerd."
85c4354e-c8e3-43be-9604-cf6f72057532,DMM,Nomad 12.8mm Lime Green 4m,,,,,,5031290237857,,,,,,,,,,,,,,,,"Streepjescode gevonden in de Shopify-productdata op de eigen productpagina (dmmwales.com, 'barcode'-veld), checksum gecontroleerd (klopt). Automatisch gematcht op de juiste variant (sluiting/kleur/maat/ANSI/Captive Bar) via de variantnaam op dezelfde pagina, steekproefsgewijs handmatig gecontroleerd."
6aedf6d9-769c-4262-99d9-4106efbe0c15,DMM,Nomad 12.8mm Lime Green 5m,,,,,,5031290237864,,,,,,,,,,,,,,,,"Streepjescode gevonden in de Shopify-productdata op de eigen productpagina (dmmwales.com, 'barcode'-veld), checksum gecontroleerd (klopt). Automatisch gematcht op de juiste variant (sluiting/kleur/maat/ANSI/Captive Bar) via de variantnaam op dezelfde pagina, steekproefsgewijs handmatig gecontroleerd."
446b2d03-8245-483f-b40f-9b06beac308b,DMM,Nomad 12.8mm Lime Green 7m,,,,,,5031290237871,,,,,,,,,,,,,,,,"Streepjescode gevonden in de Shopify-productdata op de eigen productpagina (dmmwales.com, 'barcode'-veld), checksum gecontroleerd (klopt). Automatisch gematcht op de juiste variant (sluiting/kleur/maat/ANSI/Captive Bar) via de variantnaam op dezelfde pagina, steekproefsgewijs handmatig gecontroleerd."
da1dfc95-c024-4647-9b17-4307024914a0,DMM,Nomad 12.8mm Lime Green 10m,,,,,,5031290237888,,,,,,,,,,,,,,,,"Streepjescode gevonden in de Shopify-productdata op de eigen productpagina (dmmwales.com, 'barcode'-veld), checksum gecontroleerd (klopt). Automatisch gematcht op de juiste variant (sluiting/kleur/maat/ANSI/Captive Bar) via de variantnaam op dezelfde pagina, steekproefsgewijs handmatig gecontroleerd."
ad152c9e-bd0e-4187-8a50-5fd661e06cd2,DMM,Nomad 12.8mm Lime Green 15m,,,,,,5031290237895,,,,,,,,,,,,,,,,"Streepjescode gevonden in de Shopify-productdata op de eigen productpagina (dmmwales.com, 'barcode'-veld), checksum gecontroleerd (klopt). Automatisch gematcht op de juiste variant (sluiting/kleur/maat/ANSI/Captive Bar) via de variantnaam op dezelfde pagina, steekproefsgewijs handmatig gecontroleerd."
e74faccd-b183-467f-8b58-4392129ae1a8,DMM,Nomad 12.8mm Lime Green 20m,,,,,,5031290237901,,,,,,,,,,,,,,,,"Streepjescode gevonden in de Shopify-productdata op de eigen productpagina (dmmwales.com, 'barcode'-veld), checksum gecontroleerd (klopt). Automatisch gematcht op de juiste variant (sluiting/kleur/maat/ANSI/Captive Bar) via de variantnaam op dezelfde pagina, steekproefsgewijs handmatig gecontroleerd."
745d5b28-d73b-403d-893e-684edfa0d145,DMM,Nomad+ 11.8mm Blueberry Blue 3m,,,,,,5031290237352,,,,,,,,,,,,,,,,"Streepjescode gevonden in de Shopify-productdata op de eigen productpagina (dmmwales.com, 'barcode'-veld), checksum gecontroleerd (klopt). Automatisch gematcht op de juiste variant (sluiting/kleur/maat/ANSI/Captive Bar) via de variantnaam op dezelfde pagina, steekproefsgewijs handmatig gecontroleerd."
6b7ee32c-2b5f-4ffa-8c03-52cdac4ec05c,DMM,Nomad+ 11.8mm Blueberry Blue 4m,,,,,,5031290237369,,,,,,,,,,,,,,,,"Streepjescode gevonden in de Shopify-productdata op de eigen productpagina (dmmwales.com, 'barcode'-veld), checksum gecontroleerd (klopt). Automatisch gematcht op de juiste variant (sluiting/kleur/maat/ANSI/Captive Bar) via de variantnaam op dezelfde pagina, steekproefsgewijs handmatig gecontroleerd."
41b4f64e-21ce-41d4-b8f3-28f8bce2fd9a,DMM,Nomad+ 11.8mm Blueberry Blue 5m,,,,,,5031290237376,,,,,,,,,,,,,,,,"Streepjescode gevonden in de Shopify-productdata op de eigen productpagina (dmmwales.com, 'barcode'-veld), checksum gecontroleerd (klopt). Automatisch gematcht op de juiste variant (sluiting/kleur/maat/ANSI/Captive Bar) via de variantnaam op dezelfde pagina, steekproefsgewijs handmatig gecontroleerd."
4d88915e-9803-4f5f-9231-fbfdc17626d4,DMM,Nomad+ 11.8mm Blueberry Blue 7m,,,,,,5031290237383,,,,,,,,,,,,,,,,"Streepjescode gevonden in de Shopify-productdata op de eigen productpagina (dmmwales.com, 'barcode'-veld), checksum gecontroleerd (klopt). Automatisch gematcht op de juiste variant (sluiting/kleur/maat/ANSI/Captive Bar) via de variantnaam op dezelfde pagina, steekproefsgewijs handmatig gecontroleerd."
35680f62-d01e-4225-b0d5-c53df5bd2c17,DMM,Nomad+ 11.8mm Blueberry Blue 10m,,,,,,5031290237390,,,,,,,,,,,,,,,,"Streepjescode gevonden in de Shopify-productdata op de eigen productpagina (dmmwales.com, 'barcode'-veld), checksum gecontroleerd (klopt). Automatisch gematcht op de juiste variant (sluiting/kleur/maat/ANSI/Captive Bar) via de variantnaam op dezelfde pagina, steekproefsgewijs handmatig gecontroleerd."
1826009d-7b67-4407-9baf-a47a998230e4,DMM,Nomad+ 11.8mm Blueberry Blue 15m,,,,,,5031290237406,,,,,,,,,,,,,,,,"Streepjescode gevonden in de Shopify-productdata op de eigen productpagina (dmmwales.com, 'barcode'-veld), checksum gecontroleerd (klopt). Automatisch gematcht op de juiste variant (sluiting/kleur/maat/ANSI/Captive Bar) via de variantnaam op dezelfde pagina, steekproefsgewijs handmatig gecontroleerd."
135ac0e7-884c-4206-8790-e10e4f295eab,DMM,Nomad+ 11.8mm Blueberry Blue 20m,,,,,,5031290237413,,,,,,,,,,,,,,,,"Streepjescode gevonden in de Shopify-productdata op de eigen productpagina (dmmwales.com, 'barcode'-veld), checksum gecontroleerd (klopt). Automatisch gematcht op de juiste variant (sluiting/kleur/maat/ANSI/Captive Bar) via de variantnaam op dezelfde pagina, steekproefsgewijs handmatig gecontroleerd."
40318744-7924-44cf-b8c7-30d02773f07e,DMM,Nomad+ 11.8mm Mango Orange 3m,,,,,,5031290237499,,,,,,,,,,,,,,,,"Streepjescode gevonden in de Shopify-productdata op de eigen productpagina (dmmwales.com, 'barcode'-veld), checksum gecontroleerd (klopt). Automatisch gematcht op de juiste variant (sluiting/kleur/maat/ANSI/Captive Bar) via de variantnaam op dezelfde pagina, steekproefsgewijs handmatig gecontroleerd."
5e751725-bfc1-4466-b89e-ae2a952c18e9,DMM,Nomad+ 11.8mm Mango Orange 4m,,,,,,5031290237505,,,,,,,,,,,,,,,,"Streepjescode gevonden in de Shopify-productdata op de eigen productpagina (dmmwales.com, 'barcode'-veld), checksum gecontroleerd (klopt). Automatisch gematcht op de juiste variant (sluiting/kleur/maat/ANSI/Captive Bar) via de variantnaam op dezelfde pagina, steekproefsgewijs handmatig gecontroleerd."
0fd8b8dc-8927-4760-a8ef-ed18ca8d7f99,DMM,Nomad+ 11.8mm Mango Orange 5m,,,,,,5031290237512,,,,,,,,,,,,,,,,"Streepjescode gevonden in de Shopify-productdata op de eigen productpagina (dmmwales.com, 'barcode'-veld), checksum gecontroleerd (klopt). Automatisch gematcht op de juiste variant (sluiting/kleur/maat/ANSI/Captive Bar) via de variantnaam op dezelfde pagina, steekproefsgewijs handmatig gecontroleerd."
3b9df379-3d55-49c4-b690-abbe22abcc16,DMM,Nomad+ 11.8mm Mango Orange 7m,,,,,,5031290237529,,,,,,,,,,,,,,,,"Streepjescode gevonden in de Shopify-productdata op de eigen productpagina (dmmwales.com, 'barcode'-veld), checksum gecontroleerd (klopt). Automatisch gematcht op de juiste variant (sluiting/kleur/maat/ANSI/Captive Bar) via de variantnaam op dezelfde pagina, steekproefsgewijs handmatig gecontroleerd."
d01b8d00-4084-4b96-b81e-497398c21743,DMM,Nomad+ 11.8mm Mango Orange 10m,,,,,,5031290237536,,,,,,,,,,,,,,,,"Streepjescode gevonden in de Shopify-productdata op de eigen productpagina (dmmwales.com, 'barcode'-veld), checksum gecontroleerd (klopt). Automatisch gematcht op de juiste variant (sluiting/kleur/maat/ANSI/Captive Bar) via de variantnaam op dezelfde pagina, steekproefsgewijs handmatig gecontroleerd."
b4dd3b69-a580-4262-bc1d-df51b4f982e0,DMM,Nomad+ 11.8mm Mango Orange 15m,,,,,,5031290237543,,,,,,,,,,,,,,,,"Streepjescode gevonden in de Shopify-productdata op de eigen productpagina (dmmwales.com, 'barcode'-veld), checksum gecontroleerd (klopt). Automatisch gematcht op de juiste variant (sluiting/kleur/maat/ANSI/Captive Bar) via de variantnaam op dezelfde pagina, steekproefsgewijs handmatig gecontroleerd."
e192d46d-6980-4e26-b808-c11bbf2bd30c,DMM,Nomad+ 11.8mm Mango Orange 20m,,,,,,5031290237550,,,,,,,,,,,,,,,,"Streepjescode gevonden in de Shopify-productdata op de eigen productpagina (dmmwales.com, 'barcode'-veld), checksum gecontroleerd (klopt). Automatisch gematcht op de juiste variant (sluiting/kleur/maat/ANSI/Captive Bar) via de variantnaam op dezelfde pagina, steekproefsgewijs handmatig gecontroleerd."
8df33885-f0f7-493a-83b3-cde5e90f6496,DMM,Nomad+ 12.8mm Lemon Yellow 3m,,,,,,5031290237635,,,,,,,,,,,,,,,,"Streepjescode gevonden in de Shopify-productdata op de eigen productpagina (dmmwales.com, 'barcode'-veld), checksum gecontroleerd (klopt). Automatisch gematcht op de juiste variant (sluiting/kleur/maat/ANSI/Captive Bar) via de variantnaam op dezelfde pagina, steekproefsgewijs handmatig gecontroleerd."
f3267e50-1781-4080-947d-48bccf6b8051,DMM,Nomad+ 12.8mm Lemon Yellow 4m,,,,,,5031290237642,,,,,,,,,,,,,,,,"Streepjescode gevonden in de Shopify-productdata op de eigen productpagina (dmmwales.com, 'barcode'-veld), checksum gecontroleerd (klopt). Automatisch gematcht op de juiste variant (sluiting/kleur/maat/ANSI/Captive Bar) via de variantnaam op dezelfde pagina, steekproefsgewijs handmatig gecontroleerd."
99a32afb-0aea-4910-9856-d0320e5fb110,DMM,Nomad+ 12.8mm Lemon Yellow 5m,,,,,,5031290237659,,,,,,,,,,,,,,,,"Streepjescode gevonden in de Shopify-productdata op de eigen productpagina (dmmwales.com, 'barcode'-veld), checksum gecontroleerd (klopt). Automatisch gematcht op de juiste variant (sluiting/kleur/maat/ANSI/Captive Bar) via de variantnaam op dezelfde pagina, steekproefsgewijs handmatig gecontroleerd."
57d63bba-7b68-462b-a3fd-4de466034d31,DMM,Nomad+ 12.8mm Lemon Yellow 7m,,,,,,5031290237666,,,,,,,,,,,,,,,,"Streepjescode gevonden in de Shopify-productdata op de eigen productpagina (dmmwales.com, 'barcode'-veld), checksum gecontroleerd (klopt). Automatisch gematcht op de juiste variant (sluiting/kleur/maat/ANSI/Captive Bar) via de variantnaam op dezelfde pagina, steekproefsgewijs handmatig gecontroleerd."
cd4d0888-eed5-4a8c-b66f-ed501c234b92,DMM,Nomad+ 12.8mm Lemon Yellow 10m,,,,,,5031290237673,,,,,,,,,,,,,,,,"Streepjescode gevonden in de Shopify-productdata op de eigen productpagina (dmmwales.com, 'barcode'-veld), checksum gecontroleerd (klopt). Automatisch gematcht op de juiste variant (sluiting/kleur/maat/ANSI/Captive Bar) via de variantnaam op dezelfde pagina, steekproefsgewijs handmatig gecontroleerd."
e091c80f-caec-4824-9dba-8a1d57c7f005,DMM,Nomad+ 12.8mm Lemon Yellow 15m,,,,,,5031290237680,,,,,,,,,,,,,,,,"Streepjescode gevonden in de Shopify-productdata op de eigen productpagina (dmmwales.com, 'barcode'-veld), checksum gecontroleerd (klopt). Automatisch gematcht op de juiste variant (sluiting/kleur/maat/ANSI/Captive Bar) via de variantnaam op dezelfde pagina, steekproefsgewijs handmatig gecontroleerd."
6b786e82-7cf3-4242-9c0e-396dfca23dca,DMM,Nomad+ 12.8mm Lemon Yellow 20m,,,,,,5031290237697,,,,,,,,,,,,,,,,"Streepjescode gevonden in de Shopify-productdata op de eigen productpagina (dmmwales.com, 'barcode'-veld), checksum gecontroleerd (klopt). Automatisch gematcht op de juiste variant (sluiting/kleur/maat/ANSI/Captive Bar) via de variantnaam op dezelfde pagina, steekproefsgewijs handmatig gecontroleerd."
7ae3d5b4-283f-4bd4-b51a-e44a2f5e40db,DMM,Nomad+ 12.8mm Lime Green 3m,,,,,,5031290237772,,,,,,,,,,,,,,,,"Streepjescode gevonden in de Shopify-productdata op de eigen productpagina (dmmwales.com, 'barcode'-veld), checksum gecontroleerd (klopt). Automatisch gematcht op de juiste variant (sluiting/kleur/maat/ANSI/Captive Bar) via de variantnaam op dezelfde pagina, steekproefsgewijs handmatig gecontroleerd."
9f711606-27b8-4347-bde9-a4a3f3d5d923,DMM,Nomad+ 12.8mm Lime Green 4m,,,,,,5031290237789,,,,,,,,,,,,,,,,"Streepjescode gevonden in de Shopify-productdata op de eigen productpagina (dmmwales.com, 'barcode'-veld), checksum gecontroleerd (klopt). Automatisch gematcht op de juiste variant (sluiting/kleur/maat/ANSI/Captive Bar) via de variantnaam op dezelfde pagina, steekproefsgewijs handmatig gecontroleerd."
74c03b1d-cdd7-43fa-995b-cdafb2755b97,DMM,Nomad+ 12.8mm Lime Green 5m,,,,,,5031290237796,,,,,,,,,,,,,,,,"Streepjescode gevonden in de Shopify-productdata op de eigen productpagina (dmmwales.com, 'barcode'-veld), checksum gecontroleerd (klopt). Automatisch gematcht op de juiste variant (sluiting/kleur/maat/ANSI/Captive Bar) via de variantnaam op dezelfde pagina, steekproefsgewijs handmatig gecontroleerd."
92ad90d7-ee73-4ffe-8f46-1b2fc8b0915f,DMM,Nomad+ 12.8mm Lime Green 7m,,,,,,5031290237802,,,,,,,,,,,,,,,,"Streepjescode gevonden in de Shopify-productdata op de eigen productpagina (dmmwales.com, 'barcode'-veld), checksum gecontroleerd (klopt). Automatisch gematcht op de juiste variant (sluiting/kleur/maat/ANSI/Captive Bar) via de variantnaam op dezelfde pagina, steekproefsgewijs handmatig gecontroleerd."
13fd1548-b350-4b76-b967-6a97d9f4607f,DMM,Nomad+ 12.8mm Lime Green 10m,,,,,,5031290237819,,,,,,,,,,,,,,,,"Streepjescode gevonden in de Shopify-productdata op de eigen productpagina (dmmwales.com, 'barcode'-veld), checksum gecontroleerd (klopt). Automatisch gematcht op de juiste variant (sluiting/kleur/maat/ANSI/Captive Bar) via de variantnaam op dezelfde pagina, steekproefsgewijs handmatig gecontroleerd."
031185f0-3b58-489e-936a-7d54a875431e,DMM,Nomad+ 12.8mm Lime Green 15m,,,,,,5031290237826,,,,,,,,,,,,,,,,"Streepjescode gevonden in de Shopify-productdata op de eigen productpagina (dmmwales.com, 'barcode'-veld), checksum gecontroleerd (klopt). Automatisch gematcht op de juiste variant (sluiting/kleur/maat/ANSI/Captive Bar) via de variantnaam op dezelfde pagina, steekproefsgewijs handmatig gecontroleerd."
8d482a7d-e3a1-4ace-be9a-6819996a848d,DMM,Nomad+ 12.8mm Lime Green 20m,,,,,,5031290237833,,,,,,,,,,,,,,,,"Streepjescode gevonden in de Shopify-productdata op de eigen productpagina (dmmwales.com, 'barcode'-veld), checksum gecontroleerd (klopt). Automatisch gematcht op de juiste variant (sluiting/kleur/maat/ANSI/Captive Bar) via de variantnaam op dezelfde pagina, steekproefsgewijs handmatig gecontroleerd."
1d755f2e-3c94-4f01-b6b4-823000c3dec0,DMM,Nylon 16mm Sling Black 60cm,,,,,,5031290193283,,,,,,,,,,,,,,,,"Streepjescode gevonden in de Shopify-productdata op de eigen productpagina (dmmwales.com, 'barcode'-veld), checksum gecontroleerd (klopt). Automatisch gematcht op de juiste variant (sluiting/kleur/maat/ANSI/Captive Bar) via de variantnaam op dezelfde pagina, steekproefsgewijs handmatig gecontroleerd."
e918253a-fe2f-4a5d-b6f1-d3d2f5e8b24a,DMM,Nylon 16mm Sling Black 120cm,,,,,,5031290193290,,,,,,,,,,,,,,,,"Streepjescode gevonden in de Shopify-productdata op de eigen productpagina (dmmwales.com, 'barcode'-veld), checksum gecontroleerd (klopt). Automatisch gematcht op de juiste variant (sluiting/kleur/maat/ANSI/Captive Bar) via de variantnaam op dezelfde pagina, steekproefsgewijs handmatig gecontroleerd."
1b6deb6e-94bf-48cc-8509-733a3e666d7f,DMM,Nylon 16mm Sling Black 240cm,,,,,,5031290193306,,,,,,,,,,,,,,,,"Streepjescode gevonden in de Shopify-productdata op de eigen productpagina (dmmwales.com, 'barcode'-veld), checksum gecontroleerd (klopt). Automatisch gematcht op de juiste variant (sluiting/kleur/maat/ANSI/Captive Bar) via de variantnaam op dezelfde pagina, steekproefsgewijs handmatig gecontroleerd."
3ae48a5c-054e-442e-8de0-b46771ceccea,DMM,Nylon 16mm Sling Blue 120cm,,,,,,5031290215459,,,,,,,,,,,,,,,,"Streepjescode gevonden in de Shopify-productdata op de eigen productpagina (dmmwales.com, 'barcode'-veld), checksum gecontroleerd (klopt). Automatisch gematcht op de juiste variant (sluiting/kleur/maat/ANSI/Captive Bar) via de variantnaam op dezelfde pagina, steekproefsgewijs handmatig gecontroleerd."
34df2f06-d6ee-401d-a8df-98ff407e8454,DMM,Nylon 16mm Sling Red 60cm,,,,,,5031290215442,,,,,,,,,,,,,,,,"Streepjescode gevonden in de Shopify-productdata op de eigen productpagina (dmmwales.com, 'barcode'-veld), checksum gecontroleerd (klopt). Automatisch gematcht op de juiste variant (sluiting/kleur/maat/ANSI/Captive Bar) via de variantnaam op dezelfde pagina, steekproefsgewijs handmatig gecontroleerd."
62e3e616-aef1-4dd1-a6e1-1b64e3e8541c,DMM,Nylon 16mm Sling Red 240cm,,,,,,5031290215466,,,,,,,,,,,,,,,,"Streepjescode gevonden in de Shopify-productdata op de eigen productpagina (dmmwales.com, 'barcode'-veld), checksum gecontroleerd (klopt). Automatisch gematcht op de juiste variant (sluiting/kleur/maat/ANSI/Captive Bar) via de variantnaam op dezelfde pagina, steekproefsgewijs handmatig gecontroleerd."
52715a89-9962-415c-bffb-0e1d97136b70,DMM,Nylon 26mm Sling 60cm,,,,,,5031290222075,,,,,,,,,,,,,,,,"Streepjescode gevonden in de Shopify-productdata op de eigen productpagina (dmmwales.com, 'barcode'-veld), checksum gecontroleerd (klopt). Automatisch gematcht op de juiste variant (sluiting/kleur/maat/ANSI/Captive Bar) via de variantnaam op dezelfde pagina, steekproefsgewijs handmatig gecontroleerd."
8142b9d4-cd41-4d96-b46f-5437b1de797c,DMM,Nylon 26mm Sling 120cm,,,,,,5031290222259,,,,,,,,,,,,,,,,"Streepjescode gevonden in de Shopify-productdata op de eigen productpagina (dmmwales.com, 'barcode'-veld), checksum gecontroleerd (klopt). Automatisch gematcht op de juiste variant (sluiting/kleur/maat/ANSI/Captive Bar) via de variantnaam op dezelfde pagina, steekproefsgewijs handmatig gecontroleerd."
3e434e44-30b6-4de6-bc91-7c7ff0911e5c,DMM,Nylon 26mm Sling 240cm,,,,,,5031290222082,,,,,,,,,,,,,,,,"Streepjescode gevonden in de Shopify-productdata op de eigen productpagina (dmmwales.com, 'barcode'-veld), checksum gecontroleerd (klopt). Automatisch gematcht op de juiste variant (sluiting/kleur/maat/ANSI/Captive Bar) via de variantnaam op dezelfde pagina, steekproefsgewijs handmatig gecontroleerd."
bbc63661-3330-41e1-8a7b-05e90c9b8a54,DMM,Nylon Vari-width QD Sling 12cm,,,,,,5031290204224,,,,,,,,,,,,,,,,"Streepjescode gevonden in de Shopify-productdata op de eigen productpagina (dmmwales.com, 'barcode'-veld), checksum gecontroleerd (klopt). Automatisch gematcht op de juiste variant (sluiting/kleur/maat/ANSI/Captive Bar) via de variantnaam op dezelfde pagina, steekproefsgewijs handmatig gecontroleerd."
86ce74bc-e514-48ab-b834-90bea46ac0d8,DMM,Nylon Vari-width QD Sling 18cm,,,,,,5031290204231,,,,,,,,,,,,,,,,"Streepjescode gevonden in de Shopify-productdata op de eigen productpagina (dmmwales.com, 'barcode'-veld), checksum gecontroleerd (klopt). Automatisch gematcht op de juiste variant (sluiting/kleur/maat/ANSI/Captive Bar) via de variantnaam op dezelfde pagina, steekproefsgewijs handmatig gecontroleerd."
521f9efa-6408-4d21-a003-1a3065711ea2,DMM,Nylon Vari-width QD Sling 25cm,,,,,,5031290204248,,,,,,,,,,,,,,,,"Streepjescode gevonden in de Shopify-productdata op de eigen productpagina (dmmwales.com, 'barcode'-veld), checksum gecontroleerd (klopt). Automatisch gematcht op de juiste variant (sluiting/kleur/maat/ANSI/Captive Bar) via de variantnaam op dezelfde pagina, steekproefsgewijs handmatig gecontroleerd."
5c71d3db-4b45-4c2e-a70d-eb4792920b0c,DMM,PerfectO Locking Kwiklock,,,,,,5031290217101,,,,,,,,,,,,,,,,"Standaardkleur (DMM noemt dit zelf ""Titanium""; geen aparte titanium-legering, gewoon de kale/naturelle anodisatie). Op verzoek van Jos zonder kleuraanduiding in de naam, omdat vrijwel niemand deze DMM-term herkent. Streepjescode gevonden in de Shopify-productdata op de eigen productpagina (dmmwales.com, 'barcode'-veld), checksum gecontroleerd (klopt). Automatisch gematcht op de juiste variant (sluiting/kleur/maat/ANSI/Captive Bar) via de variantnaam op dezelfde pagina, steekproefsgewijs handmatig gecontroleerd."
d7d6c051-145b-4caa-9a0d-d6c504e9bdaa,DMM,PerfectO Locking Kwiklock Captive Bar,,,,,,5031290216630,,,,,,,,,,,,,,,,"Standaardkleur (DMM noemt dit zelf ""Titanium""; geen aparte titanium-legering, gewoon de kale/naturelle anodisatie). Op verzoek van Jos zonder kleuraanduiding in de naam, omdat vrijwel niemand deze DMM-term herkent. Streepjescode gevonden in de Shopify-productdata op de eigen productpagina (dmmwales.com, 'barcode'-veld), checksum gecontroleerd (klopt). Automatisch gematcht op de juiste variant (sluiting/kleur/maat/ANSI/Captive Bar) via de variantnaam op dezelfde pagina, steekproefsgewijs handmatig gecontroleerd."
0fd16b2b-948d-4094-bba1-79991158e772,DMM,PerfectO Locking Locksafe,,,,,,5031290217118,,,,,,,,,,,,,,,,"Standaardkleur (DMM noemt dit zelf ""Titanium""; geen aparte titanium-legering, gewoon de kale/naturelle anodisatie). Op verzoek van Jos zonder kleuraanduiding in de naam, omdat vrijwel niemand deze DMM-term herkent. Streepjescode gevonden in de Shopify-productdata op de eigen productpagina (dmmwales.com, 'barcode'-veld), checksum gecontroleerd (klopt). Automatisch gematcht op de juiste variant (sluiting/kleur/maat/ANSI/Captive Bar) via de variantnaam op dezelfde pagina, steekproefsgewijs handmatig gecontroleerd."
8b51cd01-43b3-4b6b-af0a-498848683e97,DMM,PerfectO Locking Locksafe Captive Bar,,,,,,5031290216647,,,,,,,,,,,,,,,,"Standaardkleur (DMM noemt dit zelf ""Titanium""; geen aparte titanium-legering, gewoon de kale/naturelle anodisatie). Op verzoek van Jos zonder kleuraanduiding in de naam, omdat vrijwel niemand deze DMM-term herkent. Streepjescode gevonden in de Shopify-productdata op de eigen productpagina (dmmwales.com, 'barcode'-veld), checksum gecontroleerd (klopt). Automatisch gematcht op de juiste variant (sluiting/kleur/maat/ANSI/Captive Bar) via de variantnaam op dezelfde pagina, steekproefsgewijs handmatig gecontroleerd."
74567dbd-30f4-43ec-a731-1d13df3c8df2,DMM,PerfectO Locking Locksafe Lime,,,,,,5031290229654,,,,,,,,,,,,,,,,"Streepjescode gevonden in de Shopify-productdata op de eigen productpagina (dmmwales.com, 'barcode'-veld), checksum gecontroleerd (klopt). Automatisch gematcht op de juiste variant (sluiting/kleur/maat/ANSI/Captive Bar) via de variantnaam op dezelfde pagina, steekproefsgewijs handmatig gecontroleerd."
0becfdb2-403e-44d1-ac7d-1fb08748590e,DMM,PerfectO Locking Locksafe Matt Grey,,,,,,5031290227193,,,,,,,,,,,,,,,,"Streepjescode gevonden in de Shopify-productdata op de eigen productpagina (dmmwales.com, 'barcode'-veld), checksum gecontroleerd (klopt). Automatisch gematcht op de juiste variant (sluiting/kleur/maat/ANSI/Captive Bar) via de variantnaam op dezelfde pagina, steekproefsgewijs handmatig gecontroleerd."
14841d5b-af09-41d9-adf4-ddfad907b64b,DMM,PerfectO Locking Locksafe Orange,,,,,,5031290229661,,,,,,,,,,,,,,,,"Streepjescode gevonden in de Shopify-productdata op de eigen productpagina (dmmwales.com, 'barcode'-veld), checksum gecontroleerd (klopt). Automatisch gematcht op de juiste variant (sluiting/kleur/maat/ANSI/Captive Bar) via de variantnaam op dezelfde pagina, steekproefsgewijs handmatig gecontroleerd."
4fb8b0cc-07bb-4ad7-87ca-4978c1f3e15a,DMM,PerfectO Locking Screwgate,,,,,,5031290217095,,,,,,,,,,,,,,,,"Standaardkleur (DMM noemt dit zelf ""Titanium""; geen aparte titanium-legering, gewoon de kale/naturelle anodisatie). Op verzoek van Jos zonder kleuraanduiding in de naam, omdat vrijwel niemand deze DMM-term herkent. Streepjescode gevonden in de Shopify-productdata op de eigen productpagina (dmmwales.com, 'barcode'-veld), checksum gecontroleerd (klopt). Automatisch gematcht op de juiste variant (sluiting/kleur/maat/ANSI/Captive Bar) via de variantnaam op dezelfde pagina, steekproefsgewijs handmatig gecontroleerd."
eb38a231-4c6e-4cfa-88fc-1dcc2495eee5,DMM,PerfectO Locking Screwgate Captive Bar,,,,,,5031290216623,,,,,,,,,,,,,,,,"Standaardkleur (DMM noemt dit zelf ""Titanium""; geen aparte titanium-legering, gewoon de kale/naturelle anodisatie). Op verzoek van Jos zonder kleuraanduiding in de naam, omdat vrijwel niemand deze DMM-term herkent. Streepjescode gevonden in de Shopify-productdata op de eigen productpagina (dmmwales.com, 'barcode'-veld), checksum gecontroleerd (klopt). Automatisch gematcht op de juiste variant (sluiting/kleur/maat/ANSI/Captive Bar) via de variantnaam op dezelfde pagina, steekproefsgewijs handmatig gecontroleerd."
944e9ef6-8863-49c5-9db8-84730562a5fb,DMM,PerfectO Locking Screwgate Lime,,,,,,5031290228831,,,,,,,,,,,,,,,,"Streepjescode gevonden in de Shopify-productdata op de eigen productpagina (dmmwales.com, 'barcode'-veld), checksum gecontroleerd (klopt). Automatisch gematcht op de juiste variant (sluiting/kleur/maat/ANSI/Captive Bar) via de variantnaam op dezelfde pagina, steekproefsgewijs handmatig gecontroleerd."
6b390ede-7496-450d-bbd2-43692c669a69,DMM,PerfectO Locking Screwgate Matt Grey,,,,,,5031290228466,,,,,,,,,,,,,,,,"Streepjescode gevonden in de Shopify-productdata op de eigen productpagina (dmmwales.com, 'barcode'-veld), checksum gecontroleerd (klopt). Automatisch gematcht op de juiste variant (sluiting/kleur/maat/ANSI/Captive Bar) via de variantnaam op dezelfde pagina, steekproefsgewijs handmatig gecontroleerd."
12c93b10-36aa-45d8-8fa1-85b8f97ba777,DMM,PerfectO Locking Screwgate Orange,,,,,,5031290228848,,,,,,,,,,,,,,,,"Streepjescode gevonden in de Shopify-productdata op de eigen productpagina (dmmwales.com, 'barcode'-veld), checksum gecontroleerd (klopt). Automatisch gematcht op de juiste variant (sluiting/kleur/maat/ANSI/Captive Bar) via de variantnaam op dezelfde pagina, steekproefsgewijs handmatig gecontroleerd."
f0bfff50-55d2-4cc4-b86c-e0e78eda12c4,DMM,Phantom HMS Kwiklock,,,,,,5031290217309,,,,,,,,,,,,,,,,"Standaardkleur (DMM noemt dit zelf ""Titanium""; geen aparte titanium-legering, gewoon de kale/naturelle anodisatie). Op verzoek van Jos zonder kleuraanduiding in de naam, omdat vrijwel niemand deze DMM-term herkent. Streepjescode gevonden in de Shopify-productdata op de eigen productpagina (dmmwales.com, 'barcode'-veld), checksum gecontroleerd (klopt). Automatisch gematcht op de juiste variant (sluiting/kleur/maat/ANSI/Captive Bar) via de variantnaam op dezelfde pagina, steekproefsgewijs handmatig gecontroleerd."
0a022778-8a88-4be6-a107-0701114ee1f5,DMM,Phantom HMS Locksafe,,,,,,5031290217316,,,,,,,,,,,,,,,,"Standaardkleur (DMM noemt dit zelf ""Titanium""; geen aparte titanium-legering, gewoon de kale/naturelle anodisatie). Op verzoek van Jos zonder kleuraanduiding in de naam, omdat vrijwel niemand deze DMM-term herkent. Streepjescode gevonden in de Shopify-productdata op de eigen productpagina (dmmwales.com, 'barcode'-veld), checksum gecontroleerd (klopt). Automatisch gematcht op de juiste variant (sluiting/kleur/maat/ANSI/Captive Bar) via de variantnaam op dezelfde pagina, steekproefsgewijs handmatig gecontroleerd."
bab99e41-e230-4ab5-a6f8-be25b77bc6ef,DMM,Phantom HMS Locksafe Matt Grey,,,,,,5031290227339,,,,,,,,,,,,,,,,"Streepjescode gevonden in de Shopify-productdata op de eigen productpagina (dmmwales.com, 'barcode'-veld), checksum gecontroleerd (klopt). Automatisch gematcht op de juiste variant (sluiting/kleur/maat/ANSI/Captive Bar) via de variantnaam op dezelfde pagina, steekproefsgewijs handmatig gecontroleerd."
b5463193-fe2a-4822-9852-b9d378d7cee4,DMM,Phantom HMS Screwgate,,,,,,5031290217262,,,,,,,,,,,,,,,,"Standaardkleur (DMM noemt dit zelf ""Titanium""; geen aparte titanium-legering, gewoon de kale/naturelle anodisatie). Op verzoek van Jos zonder kleuraanduiding in de naam, omdat vrijwel niemand deze DMM-term herkent. Streepjescode gevonden in de Shopify-productdata op de eigen productpagina (dmmwales.com, 'barcode'-veld), checksum gecontroleerd (klopt). Automatisch gematcht op de juiste variant (sluiting/kleur/maat/ANSI/Captive Bar) via de variantnaam op dezelfde pagina, steekproefsgewijs handmatig gecontroleerd."
c92c5953-4c8b-4106-970b-bd78c7b06f34,DMM,Phantom HMS Screwgate Lime,,,,,,5031290228657,,,,,,,,,,,,,,,,"Streepjescode gevonden in de Shopify-productdata op de eigen productpagina (dmmwales.com, 'barcode'-veld), checksum gecontroleerd (klopt). Automatisch gematcht op de juiste variant (sluiting/kleur/maat/ANSI/Captive Bar) via de variantnaam op dezelfde pagina, steekproefsgewijs handmatig gecontroleerd."
f88ad6eb-1a3f-4790-992e-f9bf8b6588db,DMM,Phantom HMS Screwgate Matt Grey,,,,,,5031290226868,,,,,,,,,,,,,,,,"Streepjescode gevonden in de Shopify-productdata op de eigen productpagina (dmmwales.com, 'barcode'-veld), checksum gecontroleerd (klopt). Automatisch gematcht op de juiste variant (sluiting/kleur/maat/ANSI/Captive Bar) via de variantnaam op dezelfde pagina, steekproefsgewijs handmatig gecontroleerd."
1d4171cb-5c5d-42dd-a2e2-307b76b02676,DMM,Phantom HMS Screwgate Orange,,,,,,5031290228664,,,,,,,,,,,,,,,,"Streepjescode gevonden in de Shopify-productdata op de eigen productpagina (dmmwales.com, 'barcode'-veld), checksum gecontroleerd (klopt). Automatisch gematcht op de juiste variant (sluiting/kleur/maat/ANSI/Captive Bar) via de variantnaam op dezelfde pagina, steekproefsgewijs handmatig gecontroleerd."
1266abf3-d375-44fd-b63c-34827ebc189d,DMM,Phantom Locking,,,,,,5031290197809,,,,,,,,,,,,,,,,"Standaardkleur (DMM noemt dit zelf ""Titanium""; geen aparte titanium-legering, gewoon de kale/naturelle anodisatie). Op verzoek van Jos zonder kleuraanduiding in de naam, omdat vrijwel niemand deze DMM-term herkent. Streepjescode gevonden in de Shopify-productdata op de eigen productpagina (dmmwales.com, 'barcode'-veld), checksum gecontroleerd (klopt). Automatisch gematcht op de juiste variant (sluiting/kleur/maat/ANSI/Captive Bar) via de variantnaam op dezelfde pagina, steekproefsgewijs handmatig gecontroleerd."
379a5f54-b76a-4a97-aa44-27e2932f1045,DMM,Phantom Locking Lime,,,,,,5031290228787,,,,,,,,,,,,,,,,"Streepjescode gevonden in de Shopify-productdata op de eigen productpagina (dmmwales.com, 'barcode'-veld), checksum gecontroleerd (klopt). Automatisch gematcht op de juiste variant (sluiting/kleur/maat/ANSI/Captive Bar) via de variantnaam op dezelfde pagina, steekproefsgewijs handmatig gecontroleerd."
4d4e52d9-0ad4-4cfc-b3ce-87e131ba40ba,DMM,Phantom Locking Matt Grey,,,,,,5031290212236,,,,,,,,,,,,,,,,"Streepjescode gevonden in de Shopify-productdata op de eigen productpagina (dmmwales.com, 'barcode'-veld), checksum gecontroleerd (klopt). Automatisch gematcht op de juiste variant (sluiting/kleur/maat/ANSI/Captive Bar) via de variantnaam op dezelfde pagina, steekproefsgewijs handmatig gecontroleerd."
1ce5809b-7195-46ba-8619-17c9c70f6b4b,DMM,Phantom Locking Orange,,,,,,5031290229173,,,,,,,,,,,,,,,,"Streepjescode gevonden in de Shopify-productdata op de eigen productpagina (dmmwales.com, 'barcode'-veld), checksum gecontroleerd (klopt). Automatisch gematcht op de juiste variant (sluiting/kleur/maat/ANSI/Captive Bar) via de variantnaam op dezelfde pagina, steekproefsgewijs handmatig gecontroleerd."
54b2a885-9bb6-41ff-b47c-b92c8c4eda3b,DMM,Pinto Matt Grey,,,,,,5031290221009,,,,,,,,,,,,,,,,"Streepjescode gevonden in de Shopify-productdata op de eigen productpagina (dmmwales.com, 'barcode'-veld), checksum gecontroleerd (klopt). Automatisch gematcht op de juiste variant (sluiting/kleur/maat/ANSI/Captive Bar) via de variantnaam op dezelfde pagina, steekproefsgewijs handmatig gecontroleerd."
89e420ad-79b9-4dd1-b17e-48c206773b00,DMM,Pinto Red,,,,,,5031290200967,,,,,,,,,,,,,,,,"Streepjescode gevonden in de Shopify-productdata op de eigen productpagina (dmmwales.com, 'barcode'-veld), checksum gecontroleerd (klopt). Automatisch gematcht op de juiste variant (sluiting/kleur/maat/ANSI/Captive Bar) via de variantnaam op dezelfde pagina, steekproefsgewijs handmatig gecontroleerd."
03b8b195-72f8-4316-ba99-dd2cb89b5902,DMM,Pinto Rig Matt Grey,,,,,,5031290215657,,,,,,,,,,,,,,,,"Streepjescode gevonden in de Shopify-productdata op de eigen productpagina (dmmwales.com, 'barcode'-veld), checksum gecontroleerd (klopt). Automatisch gematcht op de juiste variant (sluiting/kleur/maat/ANSI/Captive Bar) via de variantnaam op dezelfde pagina, steekproefsgewijs handmatig gecontroleerd."
fda75ad6-a83d-439f-80eb-41ed29cc88e9,DMM,Pinto Rig Purple,,,,,,5031290200974,,,,,,,,,,,,,,,,"Streepjescode gevonden in de Shopify-productdata op de eigen productpagina (dmmwales.com, 'barcode'-veld), checksum gecontroleerd (klopt). Automatisch gematcht op de juiste variant (sluiting/kleur/maat/ANSI/Captive Bar) via de variantnaam op dezelfde pagina, steekproefsgewijs handmatig gecontroleerd."
decd6874-6719-47c7-b073-d3a982ff252e,DMM,Revolver Kwiklock,,,,,,5031290191425,,,,,,,,,,,,,,,,"Standaardkleur (DMM noemt dit zelf ""Titanium""; geen aparte titanium-legering, gewoon de kale/naturelle anodisatie). Op verzoek van Jos zonder kleuraanduiding in de naam, omdat vrijwel niemand deze DMM-term herkent. Streepjescode gevonden in de Shopify-productdata op de eigen productpagina (dmmwales.com, 'barcode'-veld), checksum gecontroleerd (klopt). Automatisch gematcht op de juiste variant (sluiting/kleur/maat/ANSI/Captive Bar) via de variantnaam op dezelfde pagina, steekproefsgewijs handmatig gecontroleerd."
02d6a8bf-b696-48fe-85d9-116083dd7733,DMM,Revolver Lime Screwgate,,,,,,5031290228862,,,,,,,,,,,,,,,,"Streepjescode gevonden in de Shopify-productdata op de eigen productpagina (dmmwales.com, 'barcode'-veld), checksum gecontroleerd (klopt). Automatisch gematcht op de juiste variant (sluiting/kleur/maat/ANSI/Captive Bar) via de variantnaam op dezelfde pagina, steekproefsgewijs handmatig gecontroleerd."
03bc8aac-5323-4ab3-8edb-097761fb4fb9,DMM,Revolver Locksafe,,,,,,5031290191432,,,,,,,,,,,,,,,,"Standaardkleur (DMM noemt dit zelf ""Titanium""; geen aparte titanium-legering, gewoon de kale/naturelle anodisatie). Op verzoek van Jos zonder kleuraanduiding in de naam, omdat vrijwel niemand deze DMM-term herkent. Streepjescode gevonden in de Shopify-productdata op de eigen productpagina (dmmwales.com, 'barcode'-veld), checksum gecontroleerd (klopt). Automatisch gematcht op de juiste variant (sluiting/kleur/maat/ANSI/Captive Bar) via de variantnaam op dezelfde pagina, steekproefsgewijs handmatig gecontroleerd."
4d315ea3-85e1-4022-bec3-82ffa79b198f,DMM,Revolver Matt Grey Locksafe,,,,,,5031290226226,,,,,,,,,,,,,,,,"Streepjescode gevonden in de Shopify-productdata op de eigen productpagina (dmmwales.com, 'barcode'-veld), checksum gecontroleerd (klopt). Automatisch gematcht op de juiste variant (sluiting/kleur/maat/ANSI/Captive Bar) via de variantnaam op dezelfde pagina, steekproefsgewijs handmatig gecontroleerd."
79c130c7-cacb-43b6-9753-34b0d83a4d32,DMM,Revolver Matt Grey Screwgate,,,,,,5031290211086,,,,,,,,,,,,,,,,"Streepjescode gevonden in de Shopify-productdata op de eigen productpagina (dmmwales.com, 'barcode'-veld), checksum gecontroleerd (klopt). Automatisch gematcht op de juiste variant (sluiting/kleur/maat/ANSI/Captive Bar) via de variantnaam op dezelfde pagina, steekproefsgewijs handmatig gecontroleerd."
4a847fb8-e138-40b3-9693-394539434453,DMM,Revolver Rig Durolock,,,,,,5031290215923,,,,,,,,,,,,,,,,"Streepjescode gevonden in de Shopify-productdata op de eigen productpagina (dmmwales.com, 'barcode'-veld), checksum gecontroleerd (klopt). Automatisch gematcht op de juiste variant (sluiting/kleur/maat/ANSI/Captive Bar) via de variantnaam op dezelfde pagina, steekproefsgewijs handmatig gecontroleerd."
5b500680-bef1-4380-82d8-4b03d38c6d07,DMM,Revolver Rig Durolock Twin,,,,,,5031290215930,,,,,,,,,,,,,,,,"Streepjescode gevonden in de Shopify-productdata op de eigen productpagina (dmmwales.com, 'barcode'-veld), checksum gecontroleerd (klopt). Automatisch gematcht op de juiste variant (sluiting/kleur/maat/ANSI/Captive Bar) via de variantnaam op dezelfde pagina, steekproefsgewijs handmatig gecontroleerd."
f0594ca2-6b2f-47bc-bf09-75615b848d1b,DMM,Revolver Rig Locksafe,,,,,,5031290215947,,,,,,,,,,,,,,,,"Streepjescode gevonden in de Shopify-productdata op de eigen productpagina (dmmwales.com, 'barcode'-veld), checksum gecontroleerd (klopt). Automatisch gematcht op de juiste variant (sluiting/kleur/maat/ANSI/Captive Bar) via de variantnaam op dezelfde pagina, steekproefsgewijs handmatig gecontroleerd."
1e52e380-7916-44ff-a0e0-b1065825ac98,DMM,Revolver Rig Locksafe Twin,,,,,,5031290215954,,,,,,,,,,,,,,,,"Streepjescode gevonden in de Shopify-productdata op de eigen productpagina (dmmwales.com, 'barcode'-veld), checksum gecontroleerd (klopt). Automatisch gematcht op de juiste variant (sluiting/kleur/maat/ANSI/Captive Bar) via de variantnaam op dezelfde pagina, steekproefsgewijs handmatig gecontroleerd."
b495f89f-a802-488f-91b0-94355b72bf61,DMM,Revolver Rig Screwgate,,,,,,5031290215886,,,,,,,,,,,,,,,,"Streepjescode gevonden in de Shopify-productdata op de eigen productpagina (dmmwales.com, 'barcode'-veld), checksum gecontroleerd (klopt). Automatisch gematcht op de juiste variant (sluiting/kleur/maat/ANSI/Captive Bar) via de variantnaam op dezelfde pagina, steekproefsgewijs handmatig gecontroleerd."
23de6d16-5a64-4c8d-bd15-e2398844fd88,DMM,Revolver Rig Screwgate Twin,,,,,,5031290215992,,,,,,,,,,,,,,,,"Streepjescode gevonden in de Shopify-productdata op de eigen productpagina (dmmwales.com, 'barcode'-veld), checksum gecontroleerd (klopt). Automatisch gematcht op de juiste variant (sluiting/kleur/maat/ANSI/Captive Bar) via de variantnaam op dezelfde pagina, steekproefsgewijs handmatig gecontroleerd."
51ff99c1-b14e-4e15-9dc7-ce9af1a71a92,DMM,Revolver Screwgate,,,,,,5031290191418,,,,,,,,,,,,,,,,"Standaardkleur (DMM noemt dit zelf ""Titanium""; geen aparte titanium-legering, gewoon de kale/naturelle anodisatie). Op verzoek van Jos zonder kleuraanduiding in de naam, omdat vrijwel niemand deze DMM-term herkent. Streepjescode gevonden in de Shopify-productdata op de eigen productpagina (dmmwales.com, 'barcode'-veld), checksum gecontroleerd (klopt). Automatisch gematcht op de juiste variant (sluiting/kleur/maat/ANSI/Captive Bar) via de variantnaam op dezelfde pagina, steekproefsgewijs handmatig gecontroleerd."
ae00f360-dd2b-4a61-bc4e-a069283d4fd2,DMM,Revolver Wiregate,,,,,,5031290190480,,,,,,,,,,,,,,,,"Standaardkleur (DMM noemt dit zelf ""Titanium""; geen aparte titanium-legering, gewoon de kale/naturelle anodisatie). Op verzoek van Jos zonder kleuraanduiding in de naam, omdat vrijwel niemand deze DMM-term herkent. Streepjescode gevonden in de Shopify-productdata op de eigen productpagina (dmmwales.com, 'barcode'-veld), checksum gecontroleerd (klopt). Automatisch gematcht op de juiste variant (sluiting/kleur/maat/ANSI/Captive Bar) via de variantnaam op dezelfde pagina, steekproefsgewijs handmatig gecontroleerd."
bad27d97-ff94-41e0-90f9-9f98454c1bc3,DMM,Revolver Wiregate Lime,,,,,,5031290226677,,,,,,,,,,,,,,,,"Streepjescode gevonden in de Shopify-productdata op de eigen productpagina (dmmwales.com, 'barcode'-veld), checksum gecontroleerd (klopt). Automatisch gematcht op de juiste variant (sluiting/kleur/maat/ANSI/Captive Bar) via de variantnaam op dezelfde pagina, steekproefsgewijs handmatig gecontroleerd."
2d500bde-3329-44d2-8385-ca45a5f6f8fd,DMM,Revolver Wiregate Matt Grey,,,,,,5031290210621,,,,,,,,,,,,,,,,"Streepjescode gevonden in de Shopify-productdata op de eigen productpagina (dmmwales.com, 'barcode'-veld), checksum gecontroleerd (klopt). Automatisch gematcht op de juiste variant (sluiting/kleur/maat/ANSI/Captive Bar) via de variantnaam op dezelfde pagina, steekproefsgewijs handmatig gecontroleerd."
1d767dd3-4763-43e9-8a61-389ba3a2e5b3,DMM,Rhino Kwiklock,,,,,,5031290205856,,,,,,,,,,,,,,,,"Standaardkleur (DMM noemt dit zelf ""Titanium""; geen aparte titanium-legering, gewoon de kale/naturelle anodisatie). Op verzoek van Jos zonder kleuraanduiding in de naam, omdat vrijwel niemand deze DMM-term herkent. Streepjescode gevonden in de Shopify-productdata op de eigen productpagina (dmmwales.com, 'barcode'-veld), checksum gecontroleerd (klopt). Automatisch gematcht op de juiste variant (sluiting/kleur/maat/ANSI/Captive Bar) via de variantnaam op dezelfde pagina, steekproefsgewijs handmatig gecontroleerd."
59cb8f32-3b33-4fd0-b748-a6de54b9fa59,DMM,Rhino Locksafe,,,,,,5031290205863,,,,,,,,,,,,,,,,"Standaardkleur (DMM noemt dit zelf ""Titanium""; geen aparte titanium-legering, gewoon de kale/naturelle anodisatie). Op verzoek van Jos zonder kleuraanduiding in de naam, omdat vrijwel niemand deze DMM-term herkent. Streepjescode gevonden in de Shopify-productdata op de eigen productpagina (dmmwales.com, 'barcode'-veld), checksum gecontroleerd (klopt). Automatisch gematcht op de juiste variant (sluiting/kleur/maat/ANSI/Captive Bar) via de variantnaam op dezelfde pagina, steekproefsgewijs handmatig gecontroleerd."
5f353396-a50f-40ce-af64-0b2b494c438c,DMM,Rhino Locksafe Matt Grey,,,,,,5031290227322,,,,,,,,,,,,,,,,"Streepjescode gevonden in de Shopify-productdata op de eigen productpagina (dmmwales.com, 'barcode'-veld), checksum gecontroleerd (klopt). Automatisch gematcht op de juiste variant (sluiting/kleur/maat/ANSI/Captive Bar) via de variantnaam op dezelfde pagina, steekproefsgewijs handmatig gecontroleerd."
0c463d81-a932-4f23-858b-65a7b460550d,DMM,Rhino Screwgate,,,,,,5031290205849,,,,,,,,,,,,,,,,"Standaardkleur (DMM noemt dit zelf ""Titanium""; geen aparte titanium-legering, gewoon de kale/naturelle anodisatie). Op verzoek van Jos zonder kleuraanduiding in de naam, omdat vrijwel niemand deze DMM-term herkent. Streepjescode gevonden in de Shopify-productdata op de eigen productpagina (dmmwales.com, 'barcode'-veld), checksum gecontroleerd (klopt). Automatisch gematcht op de juiste variant (sluiting/kleur/maat/ANSI/Captive Bar) via de variantnaam op dezelfde pagina, steekproefsgewijs handmatig gecontroleerd."
8cbbfbc3-b192-4639-8307-72608c62d482,DMM,Rhino Screwgate Matt Grey,,,,,,5031290210980,,,,,,,,,,,,,,,,"Streepjescode gevonden in de Shopify-productdata op de eigen productpagina (dmmwales.com, 'barcode'-veld), checksum gecontroleerd (klopt). Automatisch gematcht op de juiste variant (sluiting/kleur/maat/ANSI/Captive Bar) via de variantnaam op dezelfde pagina, steekproefsgewijs handmatig gecontroleerd."
9e9914e9-2efa-4544-a19e-af09cb2572a8,DMM,Rigger Becket Matt Grey,,,,,,5031290227216,,,,,,,,,,,,,,,,"Streepjescode gevonden in de Shopify-productdata op de eigen productpagina (dmmwales.com, 'barcode'-veld), checksum gecontroleerd (klopt). Automatisch gematcht op de juiste variant (sluiting/kleur/maat/ANSI/Captive Bar) via de variantnaam op dezelfde pagina, steekproefsgewijs handmatig gecontroleerd."
8bd1546f-396a-4b62-b45e-7fc536e7350f,DMM,Rigger Standard Matt Grey,,,,,,5031290227278,,,,,,,,,,,,,,,,"Streepjescode gevonden in de Shopify-productdata op de eigen productpagina (dmmwales.com, 'barcode'-veld), checksum gecontroleerd (klopt). Automatisch gematcht op de juiste variant (sluiting/kleur/maat/ANSI/Captive Bar) via de variantnaam op dezelfde pagina, steekproefsgewijs handmatig gecontroleerd."
6614c577-7d6d-479c-8203-901aa04cc8c6,DMM,Rigging Hub Matt Grey L,,,,,,5031290220590,,,,,,,,,,,,,,,,"Streepjescode gevonden in de Shopify-productdata op de eigen productpagina (dmmwales.com, 'barcode'-veld), checksum gecontroleerd (klopt). Automatisch gematcht op de juiste variant (sluiting/kleur/maat/ANSI/Captive Bar) via de variantnaam op dezelfde pagina, steekproefsgewijs handmatig gecontroleerd."
546e3ecd-d54e-48a2-ae96-9b04cb08c711,DMM,Rigging Hub Matt Grey S,,,,,,5031290220583,,,,,,,,,,,,,,,,"Streepjescode gevonden in de Shopify-productdata op de eigen productpagina (dmmwales.com, 'barcode'-veld), checksum gecontroleerd (klopt). Automatisch gematcht op de juiste variant (sluiting/kleur/maat/ANSI/Captive Bar) via de variantnaam op dezelfde pagina, steekproefsgewijs handmatig gecontroleerd."
c0aaea84-f847-4b6d-8a0a-4aa58c149390,DMM,Rigging Hub Purple L,,,,,,5031290200332,,,,,,,,,,,,,,,,"Streepjescode gevonden in de Shopify-productdata op de eigen productpagina (dmmwales.com, 'barcode'-veld), checksum gecontroleerd (klopt). Automatisch gematcht op de juiste variant (sluiting/kleur/maat/ANSI/Captive Bar) via de variantnaam op dezelfde pagina, steekproefsgewijs handmatig gecontroleerd."
54dbc1f2-4f8c-48ca-9a5e-c41da3afd6f8,DMM,Rigging Hub Purple S,,,,,,5031290200325,,,,,,,,,,,,,,,,"Streepjescode gevonden in de Shopify-productdata op de eigen productpagina (dmmwales.com, 'barcode'-veld), checksum gecontroleerd (klopt). Automatisch gematcht op de juiste variant (sluiting/kleur/maat/ANSI/Captive Bar) via de variantnaam op dezelfde pagina, steekproefsgewijs handmatig gecontroleerd."
59fa1683-0129-4a6d-b137-7f47284e18a9,DMM,Shadow HMS Kwiklock,,,,,,5031290224581,,,,,,,,,,,,,,,,"Standaardkleur (DMM noemt dit zelf ""Titanium""; geen aparte titanium-legering, gewoon de kale/naturelle anodisatie). Op verzoek van Jos zonder kleuraanduiding in de naam, omdat vrijwel niemand deze DMM-term herkent. Streepjescode gevonden in de Shopify-productdata op de eigen productpagina (dmmwales.com, 'barcode'-veld), checksum gecontroleerd (klopt). Automatisch gematcht op de juiste variant (sluiting/kleur/maat/ANSI/Captive Bar) via de variantnaam op dezelfde pagina, steekproefsgewijs handmatig gecontroleerd."
895f8f86-002d-469f-bcab-5a6f44fa0281,DMM,Shadow HMS Locksafe,,,,,,5031290224574,,,,,,,,,,,,,,,,"Standaardkleur (DMM noemt dit zelf ""Titanium""; geen aparte titanium-legering, gewoon de kale/naturelle anodisatie). Op verzoek van Jos zonder kleuraanduiding in de naam, omdat vrijwel niemand deze DMM-term herkent. Streepjescode gevonden in de Shopify-productdata op de eigen productpagina (dmmwales.com, 'barcode'-veld), checksum gecontroleerd (klopt). Automatisch gematcht op de juiste variant (sluiting/kleur/maat/ANSI/Captive Bar) via de variantnaam op dezelfde pagina, steekproefsgewijs handmatig gecontroleerd."
aa265423-6577-435d-984e-061e4e042682,DMM,Shadow HMS Locksafe Matt Grey,,,,,,5031290224864,,,,,,,,,,,,,,,,"Streepjescode gevonden in de Shopify-productdata op de eigen productpagina (dmmwales.com, 'barcode'-veld), checksum gecontroleerd (klopt). Automatisch gematcht op de juiste variant (sluiting/kleur/maat/ANSI/Captive Bar) via de variantnaam op dezelfde pagina, steekproefsgewijs handmatig gecontroleerd."
562587ce-77d8-4f89-9807-f55bc7680574,DMM,Shadow HMS Screwgate,,,,,,5031290224628,,,,,,,,,,,,,,,,"Standaardkleur (DMM noemt dit zelf ""Titanium""; geen aparte titanium-legering, gewoon de kale/naturelle anodisatie). Op verzoek van Jos zonder kleuraanduiding in de naam, omdat vrijwel niemand deze DMM-term herkent. Streepjescode gevonden in de Shopify-productdata op de eigen productpagina (dmmwales.com, 'barcode'-veld), checksum gecontroleerd (klopt). Automatisch gematcht op de juiste variant (sluiting/kleur/maat/ANSI/Captive Bar) via de variantnaam op dezelfde pagina, steekproefsgewijs handmatig gecontroleerd."
a5dabf6c-3649-4c5e-9527-f2ade26556ad,DMM,Shadow HMS Screwgate Green,,,,,,5031290224604,,,,,,,,,,,,,,,,"Streepjescode gevonden in de Shopify-productdata op de eigen productpagina (dmmwales.com, 'barcode'-veld), checksum gecontroleerd (klopt). Automatisch gematcht op de juiste variant (sluiting/kleur/maat/ANSI/Captive Bar) via de variantnaam op dezelfde pagina, steekproefsgewijs handmatig gecontroleerd."
f1cd6e5d-25b9-49ea-8ff6-7471ddd3e307,DMM,Shadow HMS Screwgate Lime,,,,,,5031290228671,,,,,,,,,,,,,,,,"Streepjescode gevonden in de Shopify-productdata op de eigen productpagina (dmmwales.com, 'barcode'-veld), checksum gecontroleerd (klopt). Automatisch gematcht op de juiste variant (sluiting/kleur/maat/ANSI/Captive Bar) via de variantnaam op dezelfde pagina, steekproefsgewijs handmatig gecontroleerd."
cfca76c2-48af-431c-b75a-725f6f34d08b,DMM,Shadow HMS Screwgate Matt Grey,,,,,,5031290224840,,,,,,,,,,,,,,,,"Streepjescode gevonden in de Shopify-productdata op de eigen productpagina (dmmwales.com, 'barcode'-veld), checksum gecontroleerd (klopt). Automatisch gematcht op de juiste variant (sluiting/kleur/maat/ANSI/Captive Bar) via de variantnaam op dezelfde pagina, steekproefsgewijs handmatig gecontroleerd."
2cafed06-f662-454f-8c1e-de94595d1290,DMM,Shadow HMS Screwgate Orange,,,,,,5031290228688,,,,,,,,,,,,,,,,"Streepjescode gevonden in de Shopify-productdata op de eigen productpagina (dmmwales.com, 'barcode'-veld), checksum gecontroleerd (klopt). Automatisch gematcht op de juiste variant (sluiting/kleur/maat/ANSI/Captive Bar) via de variantnaam op dezelfde pagina, steekproefsgewijs handmatig gecontroleerd."
b7aae534-da14-4290-9769-8fd90ec73647,DMM,Shadow Locking Kwiklock Single,,,,,,5031290194273,,,,,,,,,,,,,,,,"Standaardkleur (DMM noemt dit zelf ""Titanium""; geen aparte titanium-legering, gewoon de kale/naturelle anodisatie). Op verzoek van Jos zonder kleuraanduiding in de naam, omdat vrijwel niemand deze DMM-term herkent. Streepjescode gevonden in de Shopify-productdata op de eigen productpagina (dmmwales.com, 'barcode'-veld), checksum gecontroleerd (klopt). Automatisch gematcht op de juiste variant (sluiting/kleur/maat/ANSI/Captive Bar) via de variantnaam op dezelfde pagina, steekproefsgewijs handmatig gecontroleerd."
3f1dae7d-4ba6-4e40-9e33-370e0109843c,DMM,Shadow Locking Locksafe 3 Pack Blue/Red/Green,,,,,,5031290209779,,,,,,,,,,,,,,,,"Streepjescode gevonden in de Shopify-productdata op de eigen productpagina (dmmwales.com, 'barcode'-veld), checksum gecontroleerd (klopt). Automatisch gematcht op de juiste variant (sluiting/kleur/maat/ANSI/Captive Bar) via de variantnaam op dezelfde pagina, steekproefsgewijs handmatig gecontroleerd."
e8e6c64e-cbe2-41a6-8549-948066c01800,DMM,Shadow Locking Locksafe 3 Pack Lime/Grey/Orange,,,,,,5031290229593,,,,,,,,,,,,,,,,"Streepjescode gevonden in de Shopify-productdata op de eigen productpagina (dmmwales.com, 'barcode'-veld), checksum gecontroleerd (klopt). Automatisch gematcht op de juiste variant (sluiting/kleur/maat/ANSI/Captive Bar) via de variantnaam op dezelfde pagina, steekproefsgewijs handmatig gecontroleerd."
896a9296-5cc1-46b3-91cb-89550e14be0a,DMM,Shadow Locking Locksafe Single,,,,,,5031290194242,,,,,,,,,,,,,,,,"Standaardkleur (DMM noemt dit zelf ""Titanium""; geen aparte titanium-legering, gewoon de kale/naturelle anodisatie). Op verzoek van Jos zonder kleuraanduiding in de naam, omdat vrijwel niemand deze DMM-term herkent. Streepjescode gevonden in de Shopify-productdata op de eigen productpagina (dmmwales.com, 'barcode'-veld), checksum gecontroleerd (klopt). Automatisch gematcht op de juiste variant (sluiting/kleur/maat/ANSI/Captive Bar) via de variantnaam op dezelfde pagina, steekproefsgewijs handmatig gecontroleerd."
7b613180-968b-45cf-90e0-26f1516e423c,DMM,Shadow Locking Locksafe Single Lime,,,,,,5031290229579,,,,,,,,,,,,,,,,"Streepjescode gevonden in de Shopify-productdata op de eigen productpagina (dmmwales.com, 'barcode'-veld), checksum gecontroleerd (klopt). Automatisch gematcht op de juiste variant (sluiting/kleur/maat/ANSI/Captive Bar) via de variantnaam op dezelfde pagina, steekproefsgewijs handmatig gecontroleerd."
da379e74-46ff-46ee-9f31-4c1e45ac3200,DMM,Shadow Locking Locksafe Single Matt Grey,,,,,,5031290229180,,,,,,,,,,,,,,,,"Streepjescode gevonden in de Shopify-productdata op de eigen productpagina (dmmwales.com, 'barcode'-veld), checksum gecontroleerd (klopt). Automatisch gematcht op de juiste variant (sluiting/kleur/maat/ANSI/Captive Bar) via de variantnaam op dezelfde pagina, steekproefsgewijs handmatig gecontroleerd."
fb2792ca-98c8-43b5-98f3-2c76b742dc05,DMM,Shadow Locking Locksafe Single Orange,,,,,,5031290229586,,,,,,,,,,,,,,,,"Streepjescode gevonden in de Shopify-productdata op de eigen productpagina (dmmwales.com, 'barcode'-veld), checksum gecontroleerd (klopt). Automatisch gematcht op de juiste variant (sluiting/kleur/maat/ANSI/Captive Bar) via de variantnaam op dezelfde pagina, steekproefsgewijs handmatig gecontroleerd."
76eaa528-c390-4388-b584-f3d236a1a6e2,DMM,Shadow Locking Screwgate 3 Pack Blue/Red/Green,,,,,,5031290202350,,,,,,,,,,,,,,,,"Streepjescode gevonden in de Shopify-productdata op de eigen productpagina (dmmwales.com, 'barcode'-veld), checksum gecontroleerd (klopt). Automatisch gematcht op de juiste variant (sluiting/kleur/maat/ANSI/Captive Bar) via de variantnaam op dezelfde pagina, steekproefsgewijs handmatig gecontroleerd."
2fdb7304-56e9-49b7-bb1d-db30dbbf2688,DMM,Shadow Locking Screwgate 3 Pack Lime/Grey/Orange,,,,,,5031290229128,,,,,,,,,,,,,,,,"Streepjescode gevonden in de Shopify-productdata op de eigen productpagina (dmmwales.com, 'barcode'-veld), checksum gecontroleerd (klopt). Automatisch gematcht op de juiste variant (sluiting/kleur/maat/ANSI/Captive Bar) via de variantnaam op dezelfde pagina, steekproefsgewijs handmatig gecontroleerd."
723e489a-9051-446c-8b36-d556ed7142f0,DMM,Shadow Locking Screwgate Single,,,,,,5031290194280,,,,,,,,,,,,,,,,"Standaardkleur (DMM noemt dit zelf ""Titanium""; geen aparte titanium-legering, gewoon de kale/naturelle anodisatie). Op verzoek van Jos zonder kleuraanduiding in de naam, omdat vrijwel niemand deze DMM-term herkent. Streepjescode gevonden in de Shopify-productdata op de eigen productpagina (dmmwales.com, 'barcode'-veld), checksum gecontroleerd (klopt). Automatisch gematcht op de juiste variant (sluiting/kleur/maat/ANSI/Captive Bar) via de variantnaam op dezelfde pagina, steekproefsgewijs handmatig gecontroleerd."
4a6bf0b1-8fe0-416c-849b-9bec31eb4e17,DMM,Shadow Locking Screwgate Single Lime,,,,,,5031290228756,,,,,,,,,,,,,,,,"Streepjescode gevonden in de Shopify-productdata op de eigen productpagina (dmmwales.com, 'barcode'-veld), checksum gecontroleerd (klopt). Automatisch gematcht op de juiste variant (sluiting/kleur/maat/ANSI/Captive Bar) via de variantnaam op dezelfde pagina, steekproefsgewijs handmatig gecontroleerd."
4be43e39-b50d-456a-b8bc-8fceffae694f,DMM,Shadow Locking Screwgate Single Matt Grey,,,,,,5031290211161,,,,,,,,,,,,,,,,"Streepjescode gevonden in de Shopify-productdata op de eigen productpagina (dmmwales.com, 'barcode'-veld), checksum gecontroleerd (klopt). Automatisch gematcht op de juiste variant (sluiting/kleur/maat/ANSI/Captive Bar) via de variantnaam op dezelfde pagina, steekproefsgewijs handmatig gecontroleerd."
999567e2-8c54-4921-a27e-580ba03167ac,DMM,Shadow Locking Screwgate Single Orange,,,,,,5031290228763,,,,,,,,,,,,,,,,"Streepjescode gevonden in de Shopify-productdata op de eigen productpagina (dmmwales.com, 'barcode'-veld), checksum gecontroleerd (klopt). Automatisch gematcht op de juiste variant (sluiting/kleur/maat/ANSI/Captive Bar) via de variantnaam op dezelfde pagina, steekproefsgewijs handmatig gecontroleerd."
4d3e274e-c1cb-48c9-a5d8-6363a9baa3a9,DMM,Sidewinder Locksafe,,,,,,5031290201650,,,,,,,,,,,,,,,,"Streepjescode gevonden in de Shopify-productdata op de eigen productpagina (dmmwales.com, 'barcode'-veld), checksum gecontroleerd (klopt). Automatisch gematcht op de juiste variant (sluiting/kleur/maat/ANSI/Captive Bar) via de variantnaam op dezelfde pagina, steekproefsgewijs handmatig gecontroleerd."
bd5680f9-d201-428c-9352-7afa08502eb4,DMM,Sidewinder Locksafe ANSI,,,,,,5031290206556,,,,,,,,,,,,,,,,"Streepjescode gevonden in de Shopify-productdata op de eigen productpagina (dmmwales.com, 'barcode'-veld), checksum gecontroleerd (klopt). Automatisch gematcht op de juiste variant (sluiting/kleur/maat/ANSI/Captive Bar) via de variantnaam op dezelfde pagina, steekproefsgewijs handmatig gecontroleerd."
67d61f60-ea4c-4df7-94bc-f78ed7ce4022,DMM,Thimble Standard 6mm,,,,,,5031290203982,,,,,,,,,,,,,,,,"Handleiding: DMM-boekje ""Slings and Lanyards"", hetzelfde dat bij de overige DMM-lussen en -lijnen staat. Streepjescode gevonden in de Shopify-productdata op de eigen productpagina (dmmwales.com, 'barcode'-veld), checksum gecontroleerd (klopt). Automatisch gematcht op de juiste variant (sluiting/kleur/maat/ANSI/Captive Bar) via de variantnaam op dezelfde pagina, steekproefsgewijs handmatig gecontroleerd."
ceced3cd-d998-49cb-bcc1-64a344a84db0,DMM,Thimble Standard 8mm,,,,,,5031290202046,,,,,,,,,,,,,,,,"Handleiding: DMM-boekje ""Slings and Lanyards"", hetzelfde dat bij de overige DMM-lussen en -lijnen staat. Streepjescode gevonden in de Shopify-productdata op de eigen productpagina (dmmwales.com, 'barcode'-veld), checksum gecontroleerd (klopt). Automatisch gematcht op de juiste variant (sluiting/kleur/maat/ANSI/Captive Bar) via de variantnaam op dezelfde pagina, steekproefsgewijs handmatig gecontroleerd."
1fd74dff-f778-4d29-8ff6-f8d08dfc26f0,DMM,Thimble Standard 10mm,,,,,,5031290206600,,,,,,,,,,,,,,,,"Handleiding: DMM-boekje ""Slings and Lanyards"", hetzelfde dat bij de overige DMM-lussen en -lijnen staat. Streepjescode gevonden in de Shopify-productdata op de eigen productpagina (dmmwales.com, 'barcode'-veld), checksum gecontroleerd (klopt). Automatisch gematcht op de juiste variant (sluiting/kleur/maat/ANSI/Captive Bar) via de variantnaam op dezelfde pagina, steekproefsgewijs handmatig gecontroleerd."
b3a5f8ce-8a38-4cb0-8c74-e99bf8c949f4,DMM,Thimble Standard 12mm,,,,,,5031290225366,,,,,,,,,,,,,,,,"Handleiding: DMM-boekje ""Slings and Lanyards"", hetzelfde dat bij de overige DMM-lussen en -lijnen staat. Streepjescode gevonden in de Shopify-productdata op de eigen productpagina (dmmwales.com, 'barcode'-veld), checksum gecontroleerd (klopt). Automatisch gematcht op de juiste variant (sluiting/kleur/maat/ANSI/Captive Bar) via de variantnaam op dezelfde pagina, steekproefsgewijs handmatig gecontroleerd."
7062fd6f-8c79-49c9-a6a6-e9833096d2b9,DMM,Thimble With Tab 8mm,,,,,,5031290206594,,,,,,,,,,,,,,,,"Handleiding: DMM-boekje ""Slings and Lanyards"", hetzelfde dat bij de overige DMM-lussen en -lijnen staat. Streepjescode gevonden in de Shopify-productdata op de eigen productpagina (dmmwales.com, 'barcode'-veld), checksum gecontroleerd (klopt). Automatisch gematcht op de juiste variant (sluiting/kleur/maat/ANSI/Captive Bar) via de variantnaam op dezelfde pagina, steekproefsgewijs handmatig gecontroleerd."
6ee0d0c6-e44a-4962-a16e-9138de028fe1,DMM,Wire Lanyard 1.5m,,,,,,5031290200394,,,,,,,,,,,,,,,,"Streepjescode gevonden in de Shopify-productdata op de eigen productpagina (dmmwales.com, 'barcode'-veld), checksum gecontroleerd (klopt). Automatisch gematcht op de juiste variant (sluiting/kleur/maat/ANSI/Captive Bar) via de variantnaam op dezelfde pagina, steekproefsgewijs handmatig gecontroleerd."
c9397391-f1e7-46eb-a7fc-6816593d3f51,DMM,Wire Lanyard 1m,,,,,,5031290200387,,,,,,,,,,,,,,,,"Streepjescode gevonden in de Shopify-productdata op de eigen productpagina (dmmwales.com, 'barcode'-veld), checksum gecontroleerd (klopt). Automatisch gematcht op de juiste variant (sluiting/kleur/maat/ANSI/Captive Bar) via de variantnaam op dezelfde pagina, steekproefsgewijs handmatig gecontroleerd."
7185bb1a-dd0c-40c0-8be3-c4ac2d36a81e,DMM,Wire Lanyard 2m,,,,,,5031290200400,,,,,,,,,,,,,,,,"Streepjescode gevonden in de Shopify-productdata op de eigen productpagina (dmmwales.com, 'barcode'-veld), checksum gecontroleerd (klopt). Automatisch gematcht op de juiste variant (sluiting/kleur/maat/ANSI/Captive Bar) via de variantnaam op dezelfde pagina, steekproefsgewijs handmatig gecontroleerd."
2244e991-ab29-4d8d-971b-55d94d6de8c9,DMM,Wire Lanyard 35cm,,,,,,5031290207287,,,,,,,,,,,,,,,,"Streepjescode gevonden in de Shopify-productdata op de eigen productpagina (dmmwales.com, 'barcode'-veld), checksum gecontroleerd (klopt). Automatisch gematcht op de juiste variant (sluiting/kleur/maat/ANSI/Captive Bar) via de variantnaam op dezelfde pagina, steekproefsgewijs handmatig gecontroleerd."
8d3dc465-1e75-49f6-9440-a2ae7ffe291a,DMM,Wire Lanyard 50cm,,,,,,5031290207294,,,,,,,,,,,,,,,,"Streepjescode gevonden in de Shopify-productdata op de eigen productpagina (dmmwales.com, 'barcode'-veld), checksum gecontroleerd (klopt). Automatisch gematcht op de juiste variant (sluiting/kleur/maat/ANSI/Captive Bar) via de variantnaam op dezelfde pagina, steekproefsgewijs handmatig gecontroleerd."
8b03167b-9f09-404c-bba6-a062649feec7,DMM,Zodiac Captive Bar Kwiklock,,,,,,5031290205603,,,,,,,,,,,,,,,,"Standaardkleur (DMM noemt dit zelf ""Titanium""; geen aparte titanium-legering, gewoon de kale/naturelle anodisatie). Op verzoek van Jos zonder kleuraanduiding in de naam, omdat vrijwel niemand deze DMM-term herkent. Streepjescode gevonden in de Shopify-productdata op de eigen productpagina (dmmwales.com, 'barcode'-veld), checksum gecontroleerd (klopt). Automatisch gematcht op de juiste variant (sluiting/kleur/maat/ANSI/Captive Bar) via de variantnaam op dezelfde pagina, steekproefsgewijs handmatig gecontroleerd."
e2278367-43ac-41fb-96c6-508f7c1a04cb,DMM,Zodiac Captive Bar Locksafe,,,,,,5031290209571,,,,,,,,,,,,,,,,"Standaardkleur (DMM noemt dit zelf ""Titanium""; geen aparte titanium-legering, gewoon de kale/naturelle anodisatie). Op verzoek van Jos zonder kleuraanduiding in de naam, omdat vrijwel niemand deze DMM-term herkent. Streepjescode gevonden in de Shopify-productdata op de eigen productpagina (dmmwales.com, 'barcode'-veld), checksum gecontroleerd (klopt). Automatisch gematcht op de juiste variant (sluiting/kleur/maat/ANSI/Captive Bar) via de variantnaam op dezelfde pagina, steekproefsgewijs handmatig gecontroleerd."
c594f1aa-51e5-4892-b182-e5d8e67743bc,DMM,Zodiac Kwiklock,,,,,,5031290197632,,,,,,,,,,,,,,,,"Standaardkleur (DMM noemt dit zelf ""Titanium""; geen aparte titanium-legering, gewoon de kale/naturelle anodisatie). Op verzoek van Jos zonder kleuraanduiding in de naam, omdat vrijwel niemand deze DMM-term herkent. Streepjescode gevonden in de Shopify-productdata op de eigen productpagina (dmmwales.com, 'barcode'-veld), checksum gecontroleerd (klopt). Automatisch gematcht op de juiste variant (sluiting/kleur/maat/ANSI/Captive Bar) via de variantnaam op dezelfde pagina, steekproefsgewijs handmatig gecontroleerd."
ab423782-ef08-4f86-aaff-b5d942b39d27,DMM,Zodiac Locksafe,,,,,,5031290197625,,,,,,,,,,,,,,,,"Standaardkleur (DMM noemt dit zelf ""Titanium""; geen aparte titanium-legering, gewoon de kale/naturelle anodisatie). Op verzoek van Jos zonder kleuraanduiding in de naam, omdat vrijwel niemand deze DMM-term herkent. Streepjescode gevonden in de Shopify-productdata op de eigen productpagina (dmmwales.com, 'barcode'-veld), checksum gecontroleerd (klopt). Automatisch gematcht op de juiste variant (sluiting/kleur/maat/ANSI/Captive Bar) via de variantnaam op dezelfde pagina, steekproefsgewijs handmatig gecontroleerd."
65c73b08-b81e-4f76-b4a8-71b6b38a6cf4,DMM,Zodiac Matt Grey Locksafe,,,,,,5031290216968,,,,,,,,,,,,,,,,"Streepjescode gevonden in de Shopify-productdata op de eigen productpagina (dmmwales.com, 'barcode'-veld), checksum gecontroleerd (klopt). Automatisch gematcht op de juiste variant (sluiting/kleur/maat/ANSI/Captive Bar) via de variantnaam op dezelfde pagina, steekproefsgewijs handmatig gecontroleerd."
2110a885-90f8-4c46-a80b-6df4465433a5,DMM,Zodiac Matt Grey Screwgate,,,,,,5031290211109,,,,,,,,,,,,,,,,"Streepjescode gevonden in de Shopify-productdata op de eigen productpagina (dmmwales.com, 'barcode'-veld), checksum gecontroleerd (klopt). Automatisch gematcht op de juiste variant (sluiting/kleur/maat/ANSI/Captive Bar) via de variantnaam op dezelfde pagina, steekproefsgewijs handmatig gecontroleerd."
746e047f-ad96-4c63-abd3-a4d017c2e6b5,DMM,Zodiac Screwgate,,,,,,5031290197649,,,,,,,,,,,,,,,,"Standaardkleur (DMM noemt dit zelf ""Titanium""; geen aparte titanium-legering, gewoon de kale/naturelle anodisatie). Op verzoek van Jos zonder kleuraanduiding in de naam, omdat vrijwel niemand deze DMM-term herkent. Streepjescode gevonden in de Shopify-productdata op de eigen productpagina (dmmwales.com, 'barcode'-veld), checksum gecontroleerd (klopt). Automatisch gematcht op de juiste variant (sluiting/kleur/maat/ANSI/Captive Bar) via de variantnaam op dezelfde pagina, steekproefsgewijs handmatig gecontroleerd."
