id,brand,name,product_type,category,material,standard,manufacturer_code,max_age_use_years,max_age_mfr_years,breaking_strength,working_load_limit,max_user_weight_kg,rope_diameter_min_mm,rope_diameter_max_mm,serial_number_location,interval_override_months,manual_url,product_page_url,recall_url,recall_date,inspection_notice_url,inspection_notice_date,notes
82ff3b27-8274-4915-bc62-89bf267de931,Miller,"H500 CC1 Full-Body Harness, Tongue Leg & Mating Chest Buckles, Back, Side D-Ring(s), Steel Hardware - Size S/M",,,,,,,,,,,,,,,https://prod-edam.honeywell.com/content/dam/honeywell-edam/sps/his/en-gb/products/fall-protection/documents/sps-ppe-Harnesses-and-Body-Belts-User-Manual.pdf,,,,,,"Bestaande manual_url is een ""Technical Data""-specificatiebladen zonder gebruiksinstructies of leeftijdsvermelding (zelf gedownload en doorzocht op life/year/expir/retire/discard: geen enkele treffer). Gevonden en geverifieerd (curl 200, application/pdf): Honeywell's officiele ""Harnesses and Body Belts User Instruction Manual"" (I119 Rev. G, MFP9720029; ANSI Z359.11/OSHA 1926.502/CSA Z259.10 - dekt volgens de ""Applicable Families""-bijlage expliciet ""H500"" en ""H700""). Dit document noemt GEEN vast aantal jaren voor levensduur. Letterlijk: ""Basic care of equipment will prolong its service life and will contribute toward the performance of its vital safety function."" en over keuring: ""equipment must be inspected by a competent person, other than the user, on a regular basis, at least annually. Any product exhibiting deformities, unusual wear, or deterioration must be immediately discarded in such a manner as to prevent inadvertent further use."" Dus: ANSI/OSHA/CSA-uitvoering van dit harnas heeft geen kalender-leeftijdsgrens vanuit de fabrikant, alleen een jaarlijkse keuringsplicht en afkeur bij schade. Geen getal ingevuld (geen gok); manual_url wel bijgewerkt naar deze echte IFU, want de oude link bevatte geen instructies of veiligheidsinformatie."
c09af972-85c3-4567-868a-60d5ff9488e5,Miller,"H500 CC1 Full-Body Harness, Tongue Leg & Mating Chest Buckles, Back, Side D-Ring(s), Steel Hardware - Size UNIV",,,,,,,,,,,,,,,https://prod-edam.honeywell.com/content/dam/honeywell-edam/sps/his/en-gb/products/fall-protection/documents/sps-ppe-Harnesses-and-Body-Belts-User-Manual.pdf,,,,,,"Bestaande manual_url is een ""Technical Data""-specificatiebladen zonder gebruiksinstructies of leeftijdsvermelding (zelf gedownload en doorzocht op life/year/expir/retire/discard: geen enkele treffer). Gevonden en geverifieerd (curl 200, application/pdf): Honeywell's officiele ""Harnesses and Body Belts User Instruction Manual"" (I119 Rev. G, MFP9720029; ANSI Z359.11/OSHA 1926.502/CSA Z259.10 - dekt volgens de ""Applicable Families""-bijlage expliciet ""H500"" en ""H700""). Dit document noemt GEEN vast aantal jaren voor levensduur. Letterlijk: ""Basic care of equipment will prolong its service life and will contribute toward the performance of its vital safety function."" en over keuring: ""equipment must be inspected by a competent person, other than the user, on a regular basis, at least annually. Any product exhibiting deformities, unusual wear, or deterioration must be immediately discarded in such a manner as to prevent inadvertent further use."" Dus: ANSI/OSHA/CSA-uitvoering van dit harnas heeft geen kalender-leeftijdsgrens vanuit de fabrikant, alleen een jaarlijkse keuringsplicht en afkeur bij schade. Geen getal ingevuld (geen gok); manual_url wel bijgewerkt naar deze echte IFU, want de oude link bevatte geen instructies of veiligheidsinformatie."
781c0865-eb40-4804-88a4-9d2648c4e4f2,Miller,"H500 CC1 Full-Body Harness, Tongue Leg & Mating Chest Buckles, Back, Side D-Ring(s), Steel Hardware - Size XXL",,,,,,,,,,,,,,,https://prod-edam.honeywell.com/content/dam/honeywell-edam/sps/his/en-gb/products/fall-protection/documents/sps-ppe-Harnesses-and-Body-Belts-User-Manual.pdf,,,,,,"Bestaande manual_url is een ""Technical Data""-specificatiebladen zonder gebruiksinstructies of leeftijdsvermelding (zelf gedownload en doorzocht op life/year/expir/retire/discard: geen enkele treffer). Gevonden en geverifieerd (curl 200, application/pdf): Honeywell's officiele ""Harnesses and Body Belts User Instruction Manual"" (I119 Rev. G, MFP9720029; ANSI Z359.11/OSHA 1926.502/CSA Z259.10 - dekt volgens de ""Applicable Families""-bijlage expliciet ""H500"" en ""H700""). Dit document noemt GEEN vast aantal jaren voor levensduur. Letterlijk: ""Basic care of equipment will prolong its service life and will contribute toward the performance of its vital safety function."" en over keuring: ""equipment must be inspected by a competent person, other than the user, on a regular basis, at least annually. Any product exhibiting deformities, unusual wear, or deterioration must be immediately discarded in such a manner as to prevent inadvertent further use."" Dus: ANSI/OSHA/CSA-uitvoering van dit harnas heeft geen kalender-leeftijdsgrens vanuit de fabrikant, alleen een jaarlijkse keuringsplicht en afkeur bij schade. Geen getal ingevuld (geen gok); manual_url wel bijgewerkt naar deze echte IFU, want de oude link bevatte geen instructies of veiligheidsinformatie."
48ff5a67-6847-40c2-932d-5e11691545f9,Miller,"H500 CC2 Full-Body Harness, Tongue Leg & Mating Chest Buckles, Back, Front, Side D-Ring(s), Steel Hardware - Size S/M",,,,,,,,,,,,,,,https://prod-edam.honeywell.com/content/dam/honeywell-edam/sps/his/en-gb/products/fall-protection/documents/sps-ppe-Harnesses-and-Body-Belts-User-Manual.pdf,,,,,,"Bestaande manual_url is een ""Technical Data""-specificatiebladen zonder gebruiksinstructies of leeftijdsvermelding (zelf gedownload en doorzocht op life/year/expir/retire/discard: geen enkele treffer). Gevonden en geverifieerd (curl 200, application/pdf): Honeywell's officiele ""Harnesses and Body Belts User Instruction Manual"" (I119 Rev. G, MFP9720029; ANSI Z359.11/OSHA 1926.502/CSA Z259.10 - dekt volgens de ""Applicable Families""-bijlage expliciet ""H500"" en ""H700""). Dit document noemt GEEN vast aantal jaren voor levensduur. Letterlijk: ""Basic care of equipment will prolong its service life and will contribute toward the performance of its vital safety function."" en over keuring: ""equipment must be inspected by a competent person, other than the user, on a regular basis, at least annually. Any product exhibiting deformities, unusual wear, or deterioration must be immediately discarded in such a manner as to prevent inadvertent further use."" Dus: ANSI/OSHA/CSA-uitvoering van dit harnas heeft geen kalender-leeftijdsgrens vanuit de fabrikant, alleen een jaarlijkse keuringsplicht en afkeur bij schade. Geen getal ingevuld (geen gok); manual_url wel bijgewerkt naar deze echte IFU, want de oude link bevatte geen instructies of veiligheidsinformatie."
86369cf1-8efb-49a1-ab63-fa3414e3f61c,Miller,"H500 CC2 Full-Body Harness, Tongue Leg & Mating Chest Buckles, Back, Front, Side D-Ring(s), Steel Hardware - Size UNIV",,,,,,,,,,,,,,,https://prod-edam.honeywell.com/content/dam/honeywell-edam/sps/his/en-gb/products/fall-protection/documents/sps-ppe-Harnesses-and-Body-Belts-User-Manual.pdf,,,,,,"Bestaande manual_url is een ""Technical Data""-specificatiebladen zonder gebruiksinstructies of leeftijdsvermelding (zelf gedownload en doorzocht op life/year/expir/retire/discard: geen enkele treffer). Gevonden en geverifieerd (curl 200, application/pdf): Honeywell's officiele ""Harnesses and Body Belts User Instruction Manual"" (I119 Rev. G, MFP9720029; ANSI Z359.11/OSHA 1926.502/CSA Z259.10 - dekt volgens de ""Applicable Families""-bijlage expliciet ""H500"" en ""H700""). Dit document noemt GEEN vast aantal jaren voor levensduur. Letterlijk: ""Basic care of equipment will prolong its service life and will contribute toward the performance of its vital safety function."" en over keuring: ""equipment must be inspected by a competent person, other than the user, on a regular basis, at least annually. Any product exhibiting deformities, unusual wear, or deterioration must be immediately discarded in such a manner as to prevent inadvertent further use."" Dus: ANSI/OSHA/CSA-uitvoering van dit harnas heeft geen kalender-leeftijdsgrens vanuit de fabrikant, alleen een jaarlijkse keuringsplicht en afkeur bij schade. Geen getal ingevuld (geen gok); manual_url wel bijgewerkt naar deze echte IFU, want de oude link bevatte geen instructies of veiligheidsinformatie."
b0682bc8-4dc4-4a46-9e68-8e42fd0c74db,Miller,"H500 CC2 Full-Body Harness, Tongue Leg & Mating Chest Buckles, Back, Front, Side D-Ring(s), Steel Hardware - Size XXL",,,,,,,,,,,,,,,https://prod-edam.honeywell.com/content/dam/honeywell-edam/sps/his/en-gb/products/fall-protection/documents/sps-ppe-Harnesses-and-Body-Belts-User-Manual.pdf,,,,,,"Bestaande manual_url is een ""Technical Data""-specificatiebladen zonder gebruiksinstructies of leeftijdsvermelding (zelf gedownload en doorzocht op life/year/expir/retire/discard: geen enkele treffer). Gevonden en geverifieerd (curl 200, application/pdf): Honeywell's officiele ""Harnesses and Body Belts User Instruction Manual"" (I119 Rev. G, MFP9720029; ANSI Z359.11/OSHA 1926.502/CSA Z259.10 - dekt volgens de ""Applicable Families""-bijlage expliciet ""H500"" en ""H700""). Dit document noemt GEEN vast aantal jaren voor levensduur. Letterlijk: ""Basic care of equipment will prolong its service life and will contribute toward the performance of its vital safety function."" en over keuring: ""equipment must be inspected by a competent person, other than the user, on a regular basis, at least annually. Any product exhibiting deformities, unusual wear, or deterioration must be immediately discarded in such a manner as to prevent inadvertent further use."" Dus: ANSI/OSHA/CSA-uitvoering van dit harnas heeft geen kalender-leeftijdsgrens vanuit de fabrikant, alleen een jaarlijkse keuringsplicht en afkeur bij schade. Geen getal ingevuld (geen gok); manual_url wel bijgewerkt naar deze echte IFU, want de oude link bevatte geen instructies of veiligheidsinformatie."
25cfe5ec-c0af-4996-8d5e-a0a1c464b3f4,Miller,"H500 CC3 Full-Body Harness, Tongue Leg & Mating Chest Buckles, Back, Front, Side D-Ring(s), Aluminum Hardware - Size S/M",,,,,,,,,,,,,,,https://prod-edam.honeywell.com/content/dam/honeywell-edam/sps/his/en-gb/products/fall-protection/documents/sps-ppe-Harnesses-and-Body-Belts-User-Manual.pdf,,,,,,"Bestaande manual_url is een ""Technical Data""-specificatiebladen zonder gebruiksinstructies of leeftijdsvermelding (zelf gedownload en doorzocht op life/year/expir/retire/discard: geen enkele treffer). Gevonden en geverifieerd (curl 200, application/pdf): Honeywell's officiele ""Harnesses and Body Belts User Instruction Manual"" (I119 Rev. G, MFP9720029; ANSI Z359.11/OSHA 1926.502/CSA Z259.10 - dekt volgens de ""Applicable Families""-bijlage expliciet ""H500"" en ""H700""). Dit document noemt GEEN vast aantal jaren voor levensduur. Letterlijk: ""Basic care of equipment will prolong its service life and will contribute toward the performance of its vital safety function."" en over keuring: ""equipment must be inspected by a competent person, other than the user, on a regular basis, at least annually. Any product exhibiting deformities, unusual wear, or deterioration must be immediately discarded in such a manner as to prevent inadvertent further use."" Dus: ANSI/OSHA/CSA-uitvoering van dit harnas heeft geen kalender-leeftijdsgrens vanuit de fabrikant, alleen een jaarlijkse keuringsplicht en afkeur bij schade. Geen getal ingevuld (geen gok); manual_url wel bijgewerkt naar deze echte IFU, want de oude link bevatte geen instructies of veiligheidsinformatie."
9cca6089-87d0-4a08-84b2-760eadf82653,Miller,"H500 CC3 Full-Body Harness, Tongue Leg & Mating Chest Buckles, Back, Front, Side D-Ring(s), Aluminum Hardware - Size UNIV",,,,,,,,,,,,,,,https://prod-edam.honeywell.com/content/dam/honeywell-edam/sps/his/en-gb/products/fall-protection/documents/sps-ppe-Harnesses-and-Body-Belts-User-Manual.pdf,,,,,,"Bestaande manual_url is een ""Technical Data""-specificatiebladen zonder gebruiksinstructies of leeftijdsvermelding (zelf gedownload en doorzocht op life/year/expir/retire/discard: geen enkele treffer). Gevonden en geverifieerd (curl 200, application/pdf): Honeywell's officiele ""Harnesses and Body Belts User Instruction Manual"" (I119 Rev. G, MFP9720029; ANSI Z359.11/OSHA 1926.502/CSA Z259.10 - dekt volgens de ""Applicable Families""-bijlage expliciet ""H500"" en ""H700""). Dit document noemt GEEN vast aantal jaren voor levensduur. Letterlijk: ""Basic care of equipment will prolong its service life and will contribute toward the performance of its vital safety function."" en over keuring: ""equipment must be inspected by a competent person, other than the user, on a regular basis, at least annually. Any product exhibiting deformities, unusual wear, or deterioration must be immediately discarded in such a manner as to prevent inadvertent further use."" Dus: ANSI/OSHA/CSA-uitvoering van dit harnas heeft geen kalender-leeftijdsgrens vanuit de fabrikant, alleen een jaarlijkse keuringsplicht en afkeur bij schade. Geen getal ingevuld (geen gok); manual_url wel bijgewerkt naar deze echte IFU, want de oude link bevatte geen instructies of veiligheidsinformatie."
017f5bef-b7b0-48ad-877b-c199903cb884,Miller,"H500 CC3 Full-Body Harness, Tongue Leg & Mating Chest Buckles, Back, Front, Side D-Ring(s), Aluminum Hardware - Size XXL",,,,,,,,,,,,,,,https://prod-edam.honeywell.com/content/dam/honeywell-edam/sps/his/en-gb/products/fall-protection/documents/sps-ppe-Harnesses-and-Body-Belts-User-Manual.pdf,,,,,,"Bestaande manual_url is een ""Technical Data""-specificatiebladen zonder gebruiksinstructies of leeftijdsvermelding (zelf gedownload en doorzocht op life/year/expir/retire/discard: geen enkele treffer). Gevonden en geverifieerd (curl 200, application/pdf): Honeywell's officiele ""Harnesses and Body Belts User Instruction Manual"" (I119 Rev. G, MFP9720029; ANSI Z359.11/OSHA 1926.502/CSA Z259.10 - dekt volgens de ""Applicable Families""-bijlage expliciet ""H500"" en ""H700""). Dit document noemt GEEN vast aantal jaren voor levensduur. Letterlijk: ""Basic care of equipment will prolong its service life and will contribute toward the performance of its vital safety function."" en over keuring: ""equipment must be inspected by a competent person, other than the user, on a regular basis, at least annually. Any product exhibiting deformities, unusual wear, or deterioration must be immediately discarded in such a manner as to prevent inadvertent further use."" Dus: ANSI/OSHA/CSA-uitvoering van dit harnas heeft geen kalender-leeftijdsgrens vanuit de fabrikant, alleen een jaarlijkse keuringsplicht en afkeur bij schade. Geen getal ingevuld (geen gok); manual_url wel bijgewerkt naar deze echte IFU, want de oude link bevatte geen instructies of veiligheidsinformatie."
fae01a65-9311-400b-9a82-8b906ef19e6e,Miller,"H500 CC4 Full-Body Harness, Quick-Connect Leg & Quick-Connect Chest Buckles, Back, Front, Side D-Ring(s), Aluminum Hardware - Size S/M",,,,,,,,,,,,,,,https://prod-edam.honeywell.com/content/dam/honeywell-edam/sps/his/en-gb/products/fall-protection/documents/sps-ppe-Harnesses-and-Body-Belts-User-Manual.pdf,,,,,,"Bestaande manual_url is een ""Technical Data""-specificatiebladen zonder gebruiksinstructies of leeftijdsvermelding (zelf gedownload en doorzocht op life/year/expir/retire/discard: geen enkele treffer). Gevonden en geverifieerd (curl 200, application/pdf): Honeywell's officiele ""Harnesses and Body Belts User Instruction Manual"" (I119 Rev. G, MFP9720029; ANSI Z359.11/OSHA 1926.502/CSA Z259.10 - dekt volgens de ""Applicable Families""-bijlage expliciet ""H500"" en ""H700""). Dit document noemt GEEN vast aantal jaren voor levensduur. Letterlijk: ""Basic care of equipment will prolong its service life and will contribute toward the performance of its vital safety function."" en over keuring: ""equipment must be inspected by a competent person, other than the user, on a regular basis, at least annually. Any product exhibiting deformities, unusual wear, or deterioration must be immediately discarded in such a manner as to prevent inadvertent further use."" Dus: ANSI/OSHA/CSA-uitvoering van dit harnas heeft geen kalender-leeftijdsgrens vanuit de fabrikant, alleen een jaarlijkse keuringsplicht en afkeur bij schade. Geen getal ingevuld (geen gok); manual_url wel bijgewerkt naar deze echte IFU, want de oude link bevatte geen instructies of veiligheidsinformatie."
2874e626-3f1f-4cd9-acd9-19a6832f61db,Miller,"H500 CC4 Full-Body Harness, Quick-Connect Leg & Quick-Connect Chest Buckles, Back, Front, Side D-Ring(s), Aluminum Hardware - Size UNIV",,,,,,,,,,,,,,,https://prod-edam.honeywell.com/content/dam/honeywell-edam/sps/his/en-gb/products/fall-protection/documents/sps-ppe-Harnesses-and-Body-Belts-User-Manual.pdf,,,,,,"Bestaande manual_url is een ""Technical Data""-specificatiebladen zonder gebruiksinstructies of leeftijdsvermelding (zelf gedownload en doorzocht op life/year/expir/retire/discard: geen enkele treffer). Gevonden en geverifieerd (curl 200, application/pdf): Honeywell's officiele ""Harnesses and Body Belts User Instruction Manual"" (I119 Rev. G, MFP9720029; ANSI Z359.11/OSHA 1926.502/CSA Z259.10 - dekt volgens de ""Applicable Families""-bijlage expliciet ""H500"" en ""H700""). Dit document noemt GEEN vast aantal jaren voor levensduur. Letterlijk: ""Basic care of equipment will prolong its service life and will contribute toward the performance of its vital safety function."" en over keuring: ""equipment must be inspected by a competent person, other than the user, on a regular basis, at least annually. Any product exhibiting deformities, unusual wear, or deterioration must be immediately discarded in such a manner as to prevent inadvertent further use."" Dus: ANSI/OSHA/CSA-uitvoering van dit harnas heeft geen kalender-leeftijdsgrens vanuit de fabrikant, alleen een jaarlijkse keuringsplicht en afkeur bij schade. Geen getal ingevuld (geen gok); manual_url wel bijgewerkt naar deze echte IFU, want de oude link bevatte geen instructies of veiligheidsinformatie."
929349bc-d334-483e-934b-d32776150ce7,Miller,"H500 CC4 Full-Body Harness, Quick-Connect Leg & Quick-Connect Chest Buckles, Back, Front, Side D-Ring(s), Aluminum Hardware - Size XXL",,,,,,,,,,,,,,,https://prod-edam.honeywell.com/content/dam/honeywell-edam/sps/his/en-gb/products/fall-protection/documents/sps-ppe-Harnesses-and-Body-Belts-User-Manual.pdf,,,,,,"Bestaande manual_url is een ""Technical Data""-specificatiebladen zonder gebruiksinstructies of leeftijdsvermelding (zelf gedownload en doorzocht op life/year/expir/retire/discard: geen enkele treffer). Gevonden en geverifieerd (curl 200, application/pdf): Honeywell's officiele ""Harnesses and Body Belts User Instruction Manual"" (I119 Rev. G, MFP9720029; ANSI Z359.11/OSHA 1926.502/CSA Z259.10 - dekt volgens de ""Applicable Families""-bijlage expliciet ""H500"" en ""H700""). Dit document noemt GEEN vast aantal jaren voor levensduur. Letterlijk: ""Basic care of equipment will prolong its service life and will contribute toward the performance of its vital safety function."" en over keuring: ""equipment must be inspected by a competent person, other than the user, on a regular basis, at least annually. Any product exhibiting deformities, unusual wear, or deterioration must be immediately discarded in such a manner as to prevent inadvertent further use."" Dus: ANSI/OSHA/CSA-uitvoering van dit harnas heeft geen kalender-leeftijdsgrens vanuit de fabrikant, alleen een jaarlijkse keuringsplicht en afkeur bij schade. Geen getal ingevuld (geen gok); manual_url wel bijgewerkt naar deze echte IFU, want de oude link bevatte geen instructies of veiligheidsinformatie."
b0f8e4c0-c7d2-4d35-9bac-31a222959618,Miller,"H500 CC5 Full-Body Harness, Quick-Connect Leg & Quick-Connect Chest Buckles, Back, Side D-Ring(s), Aluminum Hardware - Size S/M",,,,,,,,,,,,,,,https://prod-edam.honeywell.com/content/dam/honeywell-edam/sps/his/en-gb/products/fall-protection/documents/sps-ppe-Harnesses-and-Body-Belts-User-Manual.pdf,,,,,,"Bestaande manual_url is een ""Technical Data""-specificatiebladen zonder gebruiksinstructies of leeftijdsvermelding (zelf gedownload en doorzocht op life/year/expir/retire/discard: geen enkele treffer). Gevonden en geverifieerd (curl 200, application/pdf): Honeywell's officiele ""Harnesses and Body Belts User Instruction Manual"" (I119 Rev. G, MFP9720029; ANSI Z359.11/OSHA 1926.502/CSA Z259.10 - dekt volgens de ""Applicable Families""-bijlage expliciet ""H500"" en ""H700""). Dit document noemt GEEN vast aantal jaren voor levensduur. Letterlijk: ""Basic care of equipment will prolong its service life and will contribute toward the performance of its vital safety function."" en over keuring: ""equipment must be inspected by a competent person, other than the user, on a regular basis, at least annually. Any product exhibiting deformities, unusual wear, or deterioration must be immediately discarded in such a manner as to prevent inadvertent further use."" Dus: ANSI/OSHA/CSA-uitvoering van dit harnas heeft geen kalender-leeftijdsgrens vanuit de fabrikant, alleen een jaarlijkse keuringsplicht en afkeur bij schade. Geen getal ingevuld (geen gok); manual_url wel bijgewerkt naar deze echte IFU, want de oude link bevatte geen instructies of veiligheidsinformatie."
d081a03e-e476-4629-9dc1-1d894cbf122d,Miller,"H500 CC5 Full-Body Harness, Quick-Connect Leg & Quick-Connect Chest Buckles, Back, Side D-Ring(s), Aluminum Hardware - Size UNIV",,,,,,,,,,,,,,,https://prod-edam.honeywell.com/content/dam/honeywell-edam/sps/his/en-gb/products/fall-protection/documents/sps-ppe-Harnesses-and-Body-Belts-User-Manual.pdf,,,,,,"Bestaande manual_url is een ""Technical Data""-specificatiebladen zonder gebruiksinstructies of leeftijdsvermelding (zelf gedownload en doorzocht op life/year/expir/retire/discard: geen enkele treffer). Gevonden en geverifieerd (curl 200, application/pdf): Honeywell's officiele ""Harnesses and Body Belts User Instruction Manual"" (I119 Rev. G, MFP9720029; ANSI Z359.11/OSHA 1926.502/CSA Z259.10 - dekt volgens de ""Applicable Families""-bijlage expliciet ""H500"" en ""H700""). Dit document noemt GEEN vast aantal jaren voor levensduur. Letterlijk: ""Basic care of equipment will prolong its service life and will contribute toward the performance of its vital safety function."" en over keuring: ""equipment must be inspected by a competent person, other than the user, on a regular basis, at least annually. Any product exhibiting deformities, unusual wear, or deterioration must be immediately discarded in such a manner as to prevent inadvertent further use."" Dus: ANSI/OSHA/CSA-uitvoering van dit harnas heeft geen kalender-leeftijdsgrens vanuit de fabrikant, alleen een jaarlijkse keuringsplicht en afkeur bij schade. Geen getal ingevuld (geen gok); manual_url wel bijgewerkt naar deze echte IFU, want de oude link bevatte geen instructies of veiligheidsinformatie."
5061a675-24d1-47dc-a4b1-23fdf6183375,Miller,"H500 CC5 Full-Body Harness, Quick-Connect Leg & Quick-Connect Chest Buckles, Back, Side D-Ring(s), Aluminum Hardware - Size XXL",,,,,,,,,,,,,,,https://prod-edam.honeywell.com/content/dam/honeywell-edam/sps/his/en-gb/products/fall-protection/documents/sps-ppe-Harnesses-and-Body-Belts-User-Manual.pdf,,,,,,"Bestaande manual_url is een ""Technical Data""-specificatiebladen zonder gebruiksinstructies of leeftijdsvermelding (zelf gedownload en doorzocht op life/year/expir/retire/discard: geen enkele treffer). Gevonden en geverifieerd (curl 200, application/pdf): Honeywell's officiele ""Harnesses and Body Belts User Instruction Manual"" (I119 Rev. G, MFP9720029; ANSI Z359.11/OSHA 1926.502/CSA Z259.10 - dekt volgens de ""Applicable Families""-bijlage expliciet ""H500"" en ""H700""). Dit document noemt GEEN vast aantal jaren voor levensduur. Letterlijk: ""Basic care of equipment will prolong its service life and will contribute toward the performance of its vital safety function."" en over keuring: ""equipment must be inspected by a competent person, other than the user, on a regular basis, at least annually. Any product exhibiting deformities, unusual wear, or deterioration must be immediately discarded in such a manner as to prevent inadvertent further use."" Dus: ANSI/OSHA/CSA-uitvoering van dit harnas heeft geen kalender-leeftijdsgrens vanuit de fabrikant, alleen een jaarlijkse keuringsplicht en afkeur bij schade. Geen getal ingevuld (geen gok); manual_url wel bijgewerkt naar deze echte IFU, want de oude link bevatte geen instructies of veiligheidsinformatie."
cd651f82-34c8-401d-9cd3-d99f09ba785c,Miller,"H500 CC6 Full-Body Harness, Quick-Connect Leg & Quick-Connect Chest Buckles, Back, Front, Side D-Ring(s), Steel Hardware - Size S/M",,,,,,,,,,,,,,,https://prod-edam.honeywell.com/content/dam/honeywell-edam/sps/his/en-gb/products/fall-protection/documents/sps-ppe-Harnesses-and-Body-Belts-User-Manual.pdf,,,,,,"Bestaande manual_url is een ""Technical Data""-specificatiebladen zonder gebruiksinstructies of leeftijdsvermelding (zelf gedownload en doorzocht op life/year/expir/retire/discard: geen enkele treffer). Gevonden en geverifieerd (curl 200, application/pdf): Honeywell's officiele ""Harnesses and Body Belts User Instruction Manual"" (I119 Rev. G, MFP9720029; ANSI Z359.11/OSHA 1926.502/CSA Z259.10 - dekt volgens de ""Applicable Families""-bijlage expliciet ""H500"" en ""H700""). Dit document noemt GEEN vast aantal jaren voor levensduur. Letterlijk: ""Basic care of equipment will prolong its service life and will contribute toward the performance of its vital safety function."" en over keuring: ""equipment must be inspected by a competent person, other than the user, on a regular basis, at least annually. Any product exhibiting deformities, unusual wear, or deterioration must be immediately discarded in such a manner as to prevent inadvertent further use."" Dus: ANSI/OSHA/CSA-uitvoering van dit harnas heeft geen kalender-leeftijdsgrens vanuit de fabrikant, alleen een jaarlijkse keuringsplicht en afkeur bij schade. Geen getal ingevuld (geen gok); manual_url wel bijgewerkt naar deze echte IFU, want de oude link bevatte geen instructies of veiligheidsinformatie."
0f3355f5-e02d-48f3-8c0a-c1f0d1012c96,Miller,"H500 CC6 Full-Body Harness, Quick-Connect Leg & Quick-Connect Chest Buckles, Back, Front, Side D-Ring(s), Steel Hardware - Size UNIV",,,,,,,,,,,,,,,https://prod-edam.honeywell.com/content/dam/honeywell-edam/sps/his/en-gb/products/fall-protection/documents/sps-ppe-Harnesses-and-Body-Belts-User-Manual.pdf,,,,,,"Bestaande manual_url is een ""Technical Data""-specificatiebladen zonder gebruiksinstructies of leeftijdsvermelding (zelf gedownload en doorzocht op life/year/expir/retire/discard: geen enkele treffer). Gevonden en geverifieerd (curl 200, application/pdf): Honeywell's officiele ""Harnesses and Body Belts User Instruction Manual"" (I119 Rev. G, MFP9720029; ANSI Z359.11/OSHA 1926.502/CSA Z259.10 - dekt volgens de ""Applicable Families""-bijlage expliciet ""H500"" en ""H700""). Dit document noemt GEEN vast aantal jaren voor levensduur. Letterlijk: ""Basic care of equipment will prolong its service life and will contribute toward the performance of its vital safety function."" en over keuring: ""equipment must be inspected by a competent person, other than the user, on a regular basis, at least annually. Any product exhibiting deformities, unusual wear, or deterioration must be immediately discarded in such a manner as to prevent inadvertent further use."" Dus: ANSI/OSHA/CSA-uitvoering van dit harnas heeft geen kalender-leeftijdsgrens vanuit de fabrikant, alleen een jaarlijkse keuringsplicht en afkeur bij schade. Geen getal ingevuld (geen gok); manual_url wel bijgewerkt naar deze echte IFU, want de oude link bevatte geen instructies of veiligheidsinformatie."
b40a2202-5188-43fe-816a-398aa2069628,Miller,"H500 CC6 Full-Body Harness, Quick-Connect Leg & Quick-Connect Chest Buckles, Back, Front, Side D-Ring(s), Steel Hardware - Size XXL",,,,,,,,,,,,,,,https://prod-edam.honeywell.com/content/dam/honeywell-edam/sps/his/en-gb/products/fall-protection/documents/sps-ppe-Harnesses-and-Body-Belts-User-Manual.pdf,,,,,,"Bestaande manual_url is een ""Technical Data""-specificatiebladen zonder gebruiksinstructies of leeftijdsvermelding (zelf gedownload en doorzocht op life/year/expir/retire/discard: geen enkele treffer). Gevonden en geverifieerd (curl 200, application/pdf): Honeywell's officiele ""Harnesses and Body Belts User Instruction Manual"" (I119 Rev. G, MFP9720029; ANSI Z359.11/OSHA 1926.502/CSA Z259.10 - dekt volgens de ""Applicable Families""-bijlage expliciet ""H500"" en ""H700""). Dit document noemt GEEN vast aantal jaren voor levensduur. Letterlijk: ""Basic care of equipment will prolong its service life and will contribute toward the performance of its vital safety function."" en over keuring: ""equipment must be inspected by a competent person, other than the user, on a regular basis, at least annually. Any product exhibiting deformities, unusual wear, or deterioration must be immediately discarded in such a manner as to prevent inadvertent further use."" Dus: ANSI/OSHA/CSA-uitvoering van dit harnas heeft geen kalender-leeftijdsgrens vanuit de fabrikant, alleen een jaarlijkse keuringsplicht en afkeur bij schade. Geen getal ingevuld (geen gok); manual_url wel bijgewerkt naar deze echte IFU, want de oude link bevatte geen instructies of veiligheidsinformatie."
637e6a73-0220-4490-a2ac-1490b84b5405,Miller,"H500 CC7 Full-Body Harness, Tongue Leg & Mating Chest Buckles, Back D-Ring(s), Steel Hardware - Size S/M",,,,,,,,,,,,,,,https://prod-edam.honeywell.com/content/dam/honeywell-edam/sps/his/en-gb/products/fall-protection/documents/sps-ppe-Harnesses-and-Body-Belts-User-Manual.pdf,,,,,,"Bestaande manual_url is een ""Technical Data""-specificatiebladen zonder gebruiksinstructies of leeftijdsvermelding (zelf gedownload en doorzocht op life/year/expir/retire/discard: geen enkele treffer). Gevonden en geverifieerd (curl 200, application/pdf): Honeywell's officiele ""Harnesses and Body Belts User Instruction Manual"" (I119 Rev. G, MFP9720029; ANSI Z359.11/OSHA 1926.502/CSA Z259.10 - dekt volgens de ""Applicable Families""-bijlage expliciet ""H500"" en ""H700""). Dit document noemt GEEN vast aantal jaren voor levensduur. Letterlijk: ""Basic care of equipment will prolong its service life and will contribute toward the performance of its vital safety function."" en over keuring: ""equipment must be inspected by a competent person, other than the user, on a regular basis, at least annually. Any product exhibiting deformities, unusual wear, or deterioration must be immediately discarded in such a manner as to prevent inadvertent further use."" Dus: ANSI/OSHA/CSA-uitvoering van dit harnas heeft geen kalender-leeftijdsgrens vanuit de fabrikant, alleen een jaarlijkse keuringsplicht en afkeur bij schade. Geen getal ingevuld (geen gok); manual_url wel bijgewerkt naar deze echte IFU, want de oude link bevatte geen instructies of veiligheidsinformatie."
660e4904-a1f9-4234-9251-0a79ec6abc11,Miller,"H500 CC7 Full-Body Harness, Tongue Leg & Mating Chest Buckles, Back D-Ring(s), Steel Hardware - Size UNIV",,,,,,,,,,,,,,,https://prod-edam.honeywell.com/content/dam/honeywell-edam/sps/his/en-gb/products/fall-protection/documents/sps-ppe-Harnesses-and-Body-Belts-User-Manual.pdf,,,,,,"Bestaande manual_url is een ""Technical Data""-specificatiebladen zonder gebruiksinstructies of leeftijdsvermelding (zelf gedownload en doorzocht op life/year/expir/retire/discard: geen enkele treffer). Gevonden en geverifieerd (curl 200, application/pdf): Honeywell's officiele ""Harnesses and Body Belts User Instruction Manual"" (I119 Rev. G, MFP9720029; ANSI Z359.11/OSHA 1926.502/CSA Z259.10 - dekt volgens de ""Applicable Families""-bijlage expliciet ""H500"" en ""H700""). Dit document noemt GEEN vast aantal jaren voor levensduur. Letterlijk: ""Basic care of equipment will prolong its service life and will contribute toward the performance of its vital safety function."" en over keuring: ""equipment must be inspected by a competent person, other than the user, on a regular basis, at least annually. Any product exhibiting deformities, unusual wear, or deterioration must be immediately discarded in such a manner as to prevent inadvertent further use."" Dus: ANSI/OSHA/CSA-uitvoering van dit harnas heeft geen kalender-leeftijdsgrens vanuit de fabrikant, alleen een jaarlijkse keuringsplicht en afkeur bij schade. Geen getal ingevuld (geen gok); manual_url wel bijgewerkt naar deze echte IFU, want de oude link bevatte geen instructies of veiligheidsinformatie."
c1d8e8b7-1b73-4f88-a08e-e686e9edc985,Miller,"H500 CC7 Full-Body Harness, Tongue Leg & Mating Chest Buckles, Back D-Ring(s), Steel Hardware - Size XXL",,,,,,,,,,,,,,,https://prod-edam.honeywell.com/content/dam/honeywell-edam/sps/his/en-gb/products/fall-protection/documents/sps-ppe-Harnesses-and-Body-Belts-User-Manual.pdf,,,,,,"Bestaande manual_url is een ""Technical Data""-specificatiebladen zonder gebruiksinstructies of leeftijdsvermelding (zelf gedownload en doorzocht op life/year/expir/retire/discard: geen enkele treffer). Gevonden en geverifieerd (curl 200, application/pdf): Honeywell's officiele ""Harnesses and Body Belts User Instruction Manual"" (I119 Rev. G, MFP9720029; ANSI Z359.11/OSHA 1926.502/CSA Z259.10 - dekt volgens de ""Applicable Families""-bijlage expliciet ""H500"" en ""H700""). Dit document noemt GEEN vast aantal jaren voor levensduur. Letterlijk: ""Basic care of equipment will prolong its service life and will contribute toward the performance of its vital safety function."" en over keuring: ""equipment must be inspected by a competent person, other than the user, on a regular basis, at least annually. Any product exhibiting deformities, unusual wear, or deterioration must be immediately discarded in such a manner as to prevent inadvertent further use."" Dus: ANSI/OSHA/CSA-uitvoering van dit harnas heeft geen kalender-leeftijdsgrens vanuit de fabrikant, alleen een jaarlijkse keuringsplicht en afkeur bij schade. Geen getal ingevuld (geen gok); manual_url wel bijgewerkt naar deze echte IFU, want de oude link bevatte geen instructies of veiligheidsinformatie."
f9dcad3f-28fc-4616-8922-7e92adb331c7,Miller,"H500 CS1 Full-Body Harness, Tongue Leg & Mating Chest Buckles, Back, Side D-Ring(s), Steel Hardware - Size S/M",,,,,,,,,,,,,,,https://prod-edam.honeywell.com/content/dam/honeywell-edam/sps/his/en-gb/products/fall-protection/documents/sps-ppe-Harnesses-and-Body-Belts-User-Manual.pdf,,,,,,"Bestaande manual_url is een ""Technical Data""-specificatiebladen zonder gebruiksinstructies of leeftijdsvermelding (zelf gedownload en doorzocht op life/year/expir/retire/discard: geen enkele treffer). Gevonden en geverifieerd (curl 200, application/pdf): Honeywell's officiele ""Harnesses and Body Belts User Instruction Manual"" (I119 Rev. G, MFP9720029; ANSI Z359.11/OSHA 1926.502/CSA Z259.10 - dekt volgens de ""Applicable Families""-bijlage expliciet ""H500"" en ""H700""). Dit document noemt GEEN vast aantal jaren voor levensduur. Letterlijk: ""Basic care of equipment will prolong its service life and will contribute toward the performance of its vital safety function."" en over keuring: ""equipment must be inspected by a competent person, other than the user, on a regular basis, at least annually. Any product exhibiting deformities, unusual wear, or deterioration must be immediately discarded in such a manner as to prevent inadvertent further use."" Dus: ANSI/OSHA/CSA-uitvoering van dit harnas heeft geen kalender-leeftijdsgrens vanuit de fabrikant, alleen een jaarlijkse keuringsplicht en afkeur bij schade. Geen getal ingevuld (geen gok); manual_url wel bijgewerkt naar deze echte IFU, want de oude link bevatte geen instructies of veiligheidsinformatie."
ec2aa612-6628-4fa9-91d3-0749176bd6d3,Miller,"H500 CS1 Full-Body Harness, Tongue Leg & Mating Chest Buckles, Back, Side D-Ring(s), Steel Hardware - Size UNIV",,,,,,,,,,,,,,,https://prod-edam.honeywell.com/content/dam/honeywell-edam/sps/his/en-gb/products/fall-protection/documents/sps-ppe-Harnesses-and-Body-Belts-User-Manual.pdf,,,,,,"Bestaande manual_url is een ""Technical Data""-specificatiebladen zonder gebruiksinstructies of leeftijdsvermelding (zelf gedownload en doorzocht op life/year/expir/retire/discard: geen enkele treffer). Gevonden en geverifieerd (curl 200, application/pdf): Honeywell's officiele ""Harnesses and Body Belts User Instruction Manual"" (I119 Rev. G, MFP9720029; ANSI Z359.11/OSHA 1926.502/CSA Z259.10 - dekt volgens de ""Applicable Families""-bijlage expliciet ""H500"" en ""H700""). Dit document noemt GEEN vast aantal jaren voor levensduur. Letterlijk: ""Basic care of equipment will prolong its service life and will contribute toward the performance of its vital safety function."" en over keuring: ""equipment must be inspected by a competent person, other than the user, on a regular basis, at least annually. Any product exhibiting deformities, unusual wear, or deterioration must be immediately discarded in such a manner as to prevent inadvertent further use."" Dus: ANSI/OSHA/CSA-uitvoering van dit harnas heeft geen kalender-leeftijdsgrens vanuit de fabrikant, alleen een jaarlijkse keuringsplicht en afkeur bij schade. Geen getal ingevuld (geen gok); manual_url wel bijgewerkt naar deze echte IFU, want de oude link bevatte geen instructies of veiligheidsinformatie."
c3e1580c-5def-453b-bf7f-79cf444bae13,Miller,"H500 CS1 Full-Body Harness, Tongue Leg & Mating Chest Buckles, Back, Side D-Ring(s), Steel Hardware - Size XXL",,,,,,,,,,,,,,,https://prod-edam.honeywell.com/content/dam/honeywell-edam/sps/his/en-gb/products/fall-protection/documents/sps-ppe-Harnesses-and-Body-Belts-User-Manual.pdf,,,,,,"Bestaande manual_url is een ""Technical Data""-specificatiebladen zonder gebruiksinstructies of leeftijdsvermelding (zelf gedownload en doorzocht op life/year/expir/retire/discard: geen enkele treffer). Gevonden en geverifieerd (curl 200, application/pdf): Honeywell's officiele ""Harnesses and Body Belts User Instruction Manual"" (I119 Rev. G, MFP9720029; ANSI Z359.11/OSHA 1926.502/CSA Z259.10 - dekt volgens de ""Applicable Families""-bijlage expliciet ""H500"" en ""H700""). Dit document noemt GEEN vast aantal jaren voor levensduur. Letterlijk: ""Basic care of equipment will prolong its service life and will contribute toward the performance of its vital safety function."" en over keuring: ""equipment must be inspected by a competent person, other than the user, on a regular basis, at least annually. Any product exhibiting deformities, unusual wear, or deterioration must be immediately discarded in such a manner as to prevent inadvertent further use."" Dus: ANSI/OSHA/CSA-uitvoering van dit harnas heeft geen kalender-leeftijdsgrens vanuit de fabrikant, alleen een jaarlijkse keuringsplicht en afkeur bij schade. Geen getal ingevuld (geen gok); manual_url wel bijgewerkt naar deze echte IFU, want de oude link bevatte geen instructies of veiligheidsinformatie."
9a50772c-1f72-446f-b3b3-3eac43f1c7b6,Miller,"H500 CS1S Full-Body Harness, Tongue Leg & Mating Chest Buckles, Back, Side, Shoulder D-Ring(s), Steel Hardware - Size S/M",,,,,,,,,,,,,,,https://prod-edam.honeywell.com/content/dam/honeywell-edam/sps/his/en-gb/products/fall-protection/documents/sps-ppe-Harnesses-and-Body-Belts-User-Manual.pdf,,,,,,"Bestaande manual_url is een ""Technical Data""-specificatiebladen zonder gebruiksinstructies of leeftijdsvermelding (zelf gedownload en doorzocht op life/year/expir/retire/discard: geen enkele treffer). Gevonden en geverifieerd (curl 200, application/pdf): Honeywell's officiele ""Harnesses and Body Belts User Instruction Manual"" (I119 Rev. G, MFP9720029; ANSI Z359.11/OSHA 1926.502/CSA Z259.10 - dekt volgens de ""Applicable Families""-bijlage expliciet ""H500"" en ""H700""). Dit document noemt GEEN vast aantal jaren voor levensduur. Letterlijk: ""Basic care of equipment will prolong its service life and will contribute toward the performance of its vital safety function."" en over keuring: ""equipment must be inspected by a competent person, other than the user, on a regular basis, at least annually. Any product exhibiting deformities, unusual wear, or deterioration must be immediately discarded in such a manner as to prevent inadvertent further use."" Dus: ANSI/OSHA/CSA-uitvoering van dit harnas heeft geen kalender-leeftijdsgrens vanuit de fabrikant, alleen een jaarlijkse keuringsplicht en afkeur bij schade. Geen getal ingevuld (geen gok); manual_url wel bijgewerkt naar deze echte IFU, want de oude link bevatte geen instructies of veiligheidsinformatie."
c1e9e933-3cba-4331-a368-98dc0dd4a90e,Miller,"H500 CS1S Full-Body Harness, Tongue Leg & Mating Chest Buckles, Back, Side, Shoulder D-Ring(s), Steel Hardware - Size UNIV",,,,,,,,,,,,,,,https://prod-edam.honeywell.com/content/dam/honeywell-edam/sps/his/en-gb/products/fall-protection/documents/sps-ppe-Harnesses-and-Body-Belts-User-Manual.pdf,,,,,,"Bestaande manual_url is een ""Technical Data""-specificatiebladen zonder gebruiksinstructies of leeftijdsvermelding (zelf gedownload en doorzocht op life/year/expir/retire/discard: geen enkele treffer). Gevonden en geverifieerd (curl 200, application/pdf): Honeywell's officiele ""Harnesses and Body Belts User Instruction Manual"" (I119 Rev. G, MFP9720029; ANSI Z359.11/OSHA 1926.502/CSA Z259.10 - dekt volgens de ""Applicable Families""-bijlage expliciet ""H500"" en ""H700""). Dit document noemt GEEN vast aantal jaren voor levensduur. Letterlijk: ""Basic care of equipment will prolong its service life and will contribute toward the performance of its vital safety function."" en over keuring: ""equipment must be inspected by a competent person, other than the user, on a regular basis, at least annually. Any product exhibiting deformities, unusual wear, or deterioration must be immediately discarded in such a manner as to prevent inadvertent further use."" Dus: ANSI/OSHA/CSA-uitvoering van dit harnas heeft geen kalender-leeftijdsgrens vanuit de fabrikant, alleen een jaarlijkse keuringsplicht en afkeur bij schade. Geen getal ingevuld (geen gok); manual_url wel bijgewerkt naar deze echte IFU, want de oude link bevatte geen instructies of veiligheidsinformatie."
b95f54d1-a0d4-448a-96c9-712c69dbde7d,Miller,"H500 CS1S Full-Body Harness, Tongue Leg & Mating Chest Buckles, Back, Side, Shoulder D-Ring(s), Steel Hardware - Size XXL",,,,,,,,,,,,,,,https://prod-edam.honeywell.com/content/dam/honeywell-edam/sps/his/en-gb/products/fall-protection/documents/sps-ppe-Harnesses-and-Body-Belts-User-Manual.pdf,,,,,,"Bestaande manual_url is een ""Technical Data""-specificatiebladen zonder gebruiksinstructies of leeftijdsvermelding (zelf gedownload en doorzocht op life/year/expir/retire/discard: geen enkele treffer). Gevonden en geverifieerd (curl 200, application/pdf): Honeywell's officiele ""Harnesses and Body Belts User Instruction Manual"" (I119 Rev. G, MFP9720029; ANSI Z359.11/OSHA 1926.502/CSA Z259.10 - dekt volgens de ""Applicable Families""-bijlage expliciet ""H500"" en ""H700""). Dit document noemt GEEN vast aantal jaren voor levensduur. Letterlijk: ""Basic care of equipment will prolong its service life and will contribute toward the performance of its vital safety function."" en over keuring: ""equipment must be inspected by a competent person, other than the user, on a regular basis, at least annually. Any product exhibiting deformities, unusual wear, or deterioration must be immediately discarded in such a manner as to prevent inadvertent further use."" Dus: ANSI/OSHA/CSA-uitvoering van dit harnas heeft geen kalender-leeftijdsgrens vanuit de fabrikant, alleen een jaarlijkse keuringsplicht en afkeur bij schade. Geen getal ingevuld (geen gok); manual_url wel bijgewerkt naar deze echte IFU, want de oude link bevatte geen instructies of veiligheidsinformatie."
74a3a95c-79b2-46e1-a031-f1bd36edc8ff,Miller,"H500 CS2 Full-Body Harness, Tongue Leg & Mating Chest Buckles, Back, Front, Side D-Ring(s), Steel Hardware - Size S/M",,,,,,,,,,,,,,,https://prod-edam.honeywell.com/content/dam/honeywell-edam/sps/his/en-gb/products/fall-protection/documents/sps-ppe-Harnesses-and-Body-Belts-User-Manual.pdf,,,,,,"Bestaande manual_url is een ""Technical Data""-specificatiebladen zonder gebruiksinstructies of leeftijdsvermelding (zelf gedownload en doorzocht op life/year/expir/retire/discard: geen enkele treffer). Gevonden en geverifieerd (curl 200, application/pdf): Honeywell's officiele ""Harnesses and Body Belts User Instruction Manual"" (I119 Rev. G, MFP9720029; ANSI Z359.11/OSHA 1926.502/CSA Z259.10 - dekt volgens de ""Applicable Families""-bijlage expliciet ""H500"" en ""H700""). Dit document noemt GEEN vast aantal jaren voor levensduur. Letterlijk: ""Basic care of equipment will prolong its service life and will contribute toward the performance of its vital safety function."" en over keuring: ""equipment must be inspected by a competent person, other than the user, on a regular basis, at least annually. Any product exhibiting deformities, unusual wear, or deterioration must be immediately discarded in such a manner as to prevent inadvertent further use."" Dus: ANSI/OSHA/CSA-uitvoering van dit harnas heeft geen kalender-leeftijdsgrens vanuit de fabrikant, alleen een jaarlijkse keuringsplicht en afkeur bij schade. Geen getal ingevuld (geen gok); manual_url wel bijgewerkt naar deze echte IFU, want de oude link bevatte geen instructies of veiligheidsinformatie."
db05881b-b47f-4a9b-8ba8-df4bfa47b262,Miller,"H500 CS2 Full-Body Harness, Tongue Leg & Mating Chest Buckles, Back, Front, Side D-Ring(s), Steel Hardware - Size UNIV",,,,,,,,,,,,,,,https://prod-edam.honeywell.com/content/dam/honeywell-edam/sps/his/en-gb/products/fall-protection/documents/sps-ppe-Harnesses-and-Body-Belts-User-Manual.pdf,,,,,,"Bestaande manual_url is een ""Technical Data""-specificatiebladen zonder gebruiksinstructies of leeftijdsvermelding (zelf gedownload en doorzocht op life/year/expir/retire/discard: geen enkele treffer). Gevonden en geverifieerd (curl 200, application/pdf): Honeywell's officiele ""Harnesses and Body Belts User Instruction Manual"" (I119 Rev. G, MFP9720029; ANSI Z359.11/OSHA 1926.502/CSA Z259.10 - dekt volgens de ""Applicable Families""-bijlage expliciet ""H500"" en ""H700""). Dit document noemt GEEN vast aantal jaren voor levensduur. Letterlijk: ""Basic care of equipment will prolong its service life and will contribute toward the performance of its vital safety function."" en over keuring: ""equipment must be inspected by a competent person, other than the user, on a regular basis, at least annually. Any product exhibiting deformities, unusual wear, or deterioration must be immediately discarded in such a manner as to prevent inadvertent further use."" Dus: ANSI/OSHA/CSA-uitvoering van dit harnas heeft geen kalender-leeftijdsgrens vanuit de fabrikant, alleen een jaarlijkse keuringsplicht en afkeur bij schade. Geen getal ingevuld (geen gok); manual_url wel bijgewerkt naar deze echte IFU, want de oude link bevatte geen instructies of veiligheidsinformatie."
bcdb60ae-f802-444c-bc12-49f8d8828b76,Miller,"H500 CS2 Full-Body Harness, Tongue Leg & Mating Chest Buckles, Back, Front, Side D-Ring(s), Steel Hardware - Size XXL",,,,,,,,,,,,,,,https://prod-edam.honeywell.com/content/dam/honeywell-edam/sps/his/en-gb/products/fall-protection/documents/sps-ppe-Harnesses-and-Body-Belts-User-Manual.pdf,,,,,,"Bestaande manual_url is een ""Technical Data""-specificatiebladen zonder gebruiksinstructies of leeftijdsvermelding (zelf gedownload en doorzocht op life/year/expir/retire/discard: geen enkele treffer). Gevonden en geverifieerd (curl 200, application/pdf): Honeywell's officiele ""Harnesses and Body Belts User Instruction Manual"" (I119 Rev. G, MFP9720029; ANSI Z359.11/OSHA 1926.502/CSA Z259.10 - dekt volgens de ""Applicable Families""-bijlage expliciet ""H500"" en ""H700""). Dit document noemt GEEN vast aantal jaren voor levensduur. Letterlijk: ""Basic care of equipment will prolong its service life and will contribute toward the performance of its vital safety function."" en over keuring: ""equipment must be inspected by a competent person, other than the user, on a regular basis, at least annually. Any product exhibiting deformities, unusual wear, or deterioration must be immediately discarded in such a manner as to prevent inadvertent further use."" Dus: ANSI/OSHA/CSA-uitvoering van dit harnas heeft geen kalender-leeftijdsgrens vanuit de fabrikant, alleen een jaarlijkse keuringsplicht en afkeur bij schade. Geen getal ingevuld (geen gok); manual_url wel bijgewerkt naar deze echte IFU, want de oude link bevatte geen instructies of veiligheidsinformatie."
9f9eb996-81e5-4b99-8b45-d2bca100ed83,Miller,"H500 CS3 Full-Body Harness, Quick-Connect Leg & Quick-Connect Chest Buckles, Back, Side D-Ring(s), Steel Hardware - Size S/M",,,,,,,,,,,,,,,https://prod-edam.honeywell.com/content/dam/honeywell-edam/sps/his/en-gb/products/fall-protection/documents/sps-ppe-Harnesses-and-Body-Belts-User-Manual.pdf,,,,,,"Bestaande manual_url is een ""Technical Data""-specificatiebladen zonder gebruiksinstructies of leeftijdsvermelding (zelf gedownload en doorzocht op life/year/expir/retire/discard: geen enkele treffer). Gevonden en geverifieerd (curl 200, application/pdf): Honeywell's officiele ""Harnesses and Body Belts User Instruction Manual"" (I119 Rev. G, MFP9720029; ANSI Z359.11/OSHA 1926.502/CSA Z259.10 - dekt volgens de ""Applicable Families""-bijlage expliciet ""H500"" en ""H700""). Dit document noemt GEEN vast aantal jaren voor levensduur. Letterlijk: ""Basic care of equipment will prolong its service life and will contribute toward the performance of its vital safety function."" en over keuring: ""equipment must be inspected by a competent person, other than the user, on a regular basis, at least annually. Any product exhibiting deformities, unusual wear, or deterioration must be immediately discarded in such a manner as to prevent inadvertent further use."" Dus: ANSI/OSHA/CSA-uitvoering van dit harnas heeft geen kalender-leeftijdsgrens vanuit de fabrikant, alleen een jaarlijkse keuringsplicht en afkeur bij schade. Geen getal ingevuld (geen gok); manual_url wel bijgewerkt naar deze echte IFU, want de oude link bevatte geen instructies of veiligheidsinformatie."
71e49a04-4109-4501-a54d-2115475ae71a,Miller,"H500 CS3 Full-Body Harness, Quick-Connect Leg & Quick-Connect Chest Buckles, Back, Side D-Ring(s), Steel Hardware - Size UNIV",,,,,,,,,,,,,,,https://prod-edam.honeywell.com/content/dam/honeywell-edam/sps/his/en-gb/products/fall-protection/documents/sps-ppe-Harnesses-and-Body-Belts-User-Manual.pdf,,,,,,"Bestaande manual_url is een ""Technical Data""-specificatiebladen zonder gebruiksinstructies of leeftijdsvermelding (zelf gedownload en doorzocht op life/year/expir/retire/discard: geen enkele treffer). Gevonden en geverifieerd (curl 200, application/pdf): Honeywell's officiele ""Harnesses and Body Belts User Instruction Manual"" (I119 Rev. G, MFP9720029; ANSI Z359.11/OSHA 1926.502/CSA Z259.10 - dekt volgens de ""Applicable Families""-bijlage expliciet ""H500"" en ""H700""). Dit document noemt GEEN vast aantal jaren voor levensduur. Letterlijk: ""Basic care of equipment will prolong its service life and will contribute toward the performance of its vital safety function."" en over keuring: ""equipment must be inspected by a competent person, other than the user, on a regular basis, at least annually. Any product exhibiting deformities, unusual wear, or deterioration must be immediately discarded in such a manner as to prevent inadvertent further use."" Dus: ANSI/OSHA/CSA-uitvoering van dit harnas heeft geen kalender-leeftijdsgrens vanuit de fabrikant, alleen een jaarlijkse keuringsplicht en afkeur bij schade. Geen getal ingevuld (geen gok); manual_url wel bijgewerkt naar deze echte IFU, want de oude link bevatte geen instructies of veiligheidsinformatie."
153bb465-8536-4d48-afba-cea026fbb49c,Miller,"H500 CS3 Full-Body Harness, Quick-Connect Leg & Quick-Connect Chest Buckles, Back, Side D-Ring(s), Steel Hardware - Size XXL",,,,,,,,,,,,,,,https://prod-edam.honeywell.com/content/dam/honeywell-edam/sps/his/en-gb/products/fall-protection/documents/sps-ppe-Harnesses-and-Body-Belts-User-Manual.pdf,,,,,,"Bestaande manual_url is een ""Technical Data""-specificatiebladen zonder gebruiksinstructies of leeftijdsvermelding (zelf gedownload en doorzocht op life/year/expir/retire/discard: geen enkele treffer). Gevonden en geverifieerd (curl 200, application/pdf): Honeywell's officiele ""Harnesses and Body Belts User Instruction Manual"" (I119 Rev. G, MFP9720029; ANSI Z359.11/OSHA 1926.502/CSA Z259.10 - dekt volgens de ""Applicable Families""-bijlage expliciet ""H500"" en ""H700""). Dit document noemt GEEN vast aantal jaren voor levensduur. Letterlijk: ""Basic care of equipment will prolong its service life and will contribute toward the performance of its vital safety function."" en over keuring: ""equipment must be inspected by a competent person, other than the user, on a regular basis, at least annually. Any product exhibiting deformities, unusual wear, or deterioration must be immediately discarded in such a manner as to prevent inadvertent further use."" Dus: ANSI/OSHA/CSA-uitvoering van dit harnas heeft geen kalender-leeftijdsgrens vanuit de fabrikant, alleen een jaarlijkse keuringsplicht en afkeur bij schade. Geen getal ingevuld (geen gok); manual_url wel bijgewerkt naar deze echte IFU, want de oude link bevatte geen instructies of veiligheidsinformatie."
00997acf-9b5f-4e44-9c78-7634d51f5e2d,Miller,"H500 IC1 Full-Body Harness, Tongue Leg & Mating Chest Buckles, Back D-Ring(s), Steel Hardware - Size S/M",,,,,,,,,,,,,,,https://prod-edam.honeywell.com/content/dam/honeywell-edam/sps/his/en-gb/products/fall-protection/documents/sps-ppe-Harnesses-and-Body-Belts-User-Manual.pdf,,,,,,"Bestaande manual_url is een ""Technical Data""-specificatiebladen zonder gebruiksinstructies of leeftijdsvermelding (zelf gedownload en doorzocht op life/year/expir/retire/discard: geen enkele treffer). Gevonden en geverifieerd (curl 200, application/pdf): Honeywell's officiele ""Harnesses and Body Belts User Instruction Manual"" (I119 Rev. G, MFP9720029; ANSI Z359.11/OSHA 1926.502/CSA Z259.10 - dekt volgens de ""Applicable Families""-bijlage expliciet ""H500"" en ""H700""). Dit document noemt GEEN vast aantal jaren voor levensduur. Letterlijk: ""Basic care of equipment will prolong its service life and will contribute toward the performance of its vital safety function."" en over keuring: ""equipment must be inspected by a competent person, other than the user, on a regular basis, at least annually. Any product exhibiting deformities, unusual wear, or deterioration must be immediately discarded in such a manner as to prevent inadvertent further use."" Dus: ANSI/OSHA/CSA-uitvoering van dit harnas heeft geen kalender-leeftijdsgrens vanuit de fabrikant, alleen een jaarlijkse keuringsplicht en afkeur bij schade. Geen getal ingevuld (geen gok); manual_url wel bijgewerkt naar deze echte IFU, want de oude link bevatte geen instructies of veiligheidsinformatie."
c6a1b6e2-9002-422c-a6fb-b24e4ae52049,Miller,"H500 IC1 Full-Body Harness, Tongue Leg & Mating Chest Buckles, Back D-Ring(s), Steel Hardware - Size UNIV",,,,,,,,,,,,,,,https://prod-edam.honeywell.com/content/dam/honeywell-edam/sps/his/en-gb/products/fall-protection/documents/sps-ppe-Harnesses-and-Body-Belts-User-Manual.pdf,,,,,,"Bestaande manual_url is een ""Technical Data""-specificatiebladen zonder gebruiksinstructies of leeftijdsvermelding (zelf gedownload en doorzocht op life/year/expir/retire/discard: geen enkele treffer). Gevonden en geverifieerd (curl 200, application/pdf): Honeywell's officiele ""Harnesses and Body Belts User Instruction Manual"" (I119 Rev. G, MFP9720029; ANSI Z359.11/OSHA 1926.502/CSA Z259.10 - dekt volgens de ""Applicable Families""-bijlage expliciet ""H500"" en ""H700""). Dit document noemt GEEN vast aantal jaren voor levensduur. Letterlijk: ""Basic care of equipment will prolong its service life and will contribute toward the performance of its vital safety function."" en over keuring: ""equipment must be inspected by a competent person, other than the user, on a regular basis, at least annually. Any product exhibiting deformities, unusual wear, or deterioration must be immediately discarded in such a manner as to prevent inadvertent further use."" Dus: ANSI/OSHA/CSA-uitvoering van dit harnas heeft geen kalender-leeftijdsgrens vanuit de fabrikant, alleen een jaarlijkse keuringsplicht en afkeur bij schade. Geen getal ingevuld (geen gok); manual_url wel bijgewerkt naar deze echte IFU, want de oude link bevatte geen instructies of veiligheidsinformatie."
e575e8eb-9b78-4da8-8ef7-9de2b459ee50,Miller,"H500 IC1 Full-Body Harness, Tongue Leg & Mating Chest Buckles, Back D-Ring(s), Steel Hardware - Size XXL",,,,,,,,,,,,,,,https://prod-edam.honeywell.com/content/dam/honeywell-edam/sps/his/en-gb/products/fall-protection/documents/sps-ppe-Harnesses-and-Body-Belts-User-Manual.pdf,,,,,,"Bestaande manual_url is een ""Technical Data""-specificatiebladen zonder gebruiksinstructies of leeftijdsvermelding (zelf gedownload en doorzocht op life/year/expir/retire/discard: geen enkele treffer). Gevonden en geverifieerd (curl 200, application/pdf): Honeywell's officiele ""Harnesses and Body Belts User Instruction Manual"" (I119 Rev. G, MFP9720029; ANSI Z359.11/OSHA 1926.502/CSA Z259.10 - dekt volgens de ""Applicable Families""-bijlage expliciet ""H500"" en ""H700""). Dit document noemt GEEN vast aantal jaren voor levensduur. Letterlijk: ""Basic care of equipment will prolong its service life and will contribute toward the performance of its vital safety function."" en over keuring: ""equipment must be inspected by a competent person, other than the user, on a regular basis, at least annually. Any product exhibiting deformities, unusual wear, or deterioration must be immediately discarded in such a manner as to prevent inadvertent further use."" Dus: ANSI/OSHA/CSA-uitvoering van dit harnas heeft geen kalender-leeftijdsgrens vanuit de fabrikant, alleen een jaarlijkse keuringsplicht en afkeur bij schade. Geen getal ingevuld (geen gok); manual_url wel bijgewerkt naar deze echte IFU, want de oude link bevatte geen instructies of veiligheidsinformatie."
0b4f6c74-03a9-4e6a-95b3-6e7f78d0990f,Miller,"H500 IC2 Full-Body Harness, Quick-Connect Leg & Quick-Connect Chest Buckles, Back D-Ring(s), Steel Hardware - Size S/M",,,,,,,,,,,,,,,https://prod-edam.honeywell.com/content/dam/honeywell-edam/sps/his/en-gb/products/fall-protection/documents/sps-ppe-Harnesses-and-Body-Belts-User-Manual.pdf,,,,,,"Bestaande manual_url is een ""Technical Data""-specificatiebladen zonder gebruiksinstructies of leeftijdsvermelding (zelf gedownload en doorzocht op life/year/expir/retire/discard: geen enkele treffer). Gevonden en geverifieerd (curl 200, application/pdf): Honeywell's officiele ""Harnesses and Body Belts User Instruction Manual"" (I119 Rev. G, MFP9720029; ANSI Z359.11/OSHA 1926.502/CSA Z259.10 - dekt volgens de ""Applicable Families""-bijlage expliciet ""H500"" en ""H700""). Dit document noemt GEEN vast aantal jaren voor levensduur. Letterlijk: ""Basic care of equipment will prolong its service life and will contribute toward the performance of its vital safety function."" en over keuring: ""equipment must be inspected by a competent person, other than the user, on a regular basis, at least annually. Any product exhibiting deformities, unusual wear, or deterioration must be immediately discarded in such a manner as to prevent inadvertent further use."" Dus: ANSI/OSHA/CSA-uitvoering van dit harnas heeft geen kalender-leeftijdsgrens vanuit de fabrikant, alleen een jaarlijkse keuringsplicht en afkeur bij schade. Geen getal ingevuld (geen gok); manual_url wel bijgewerkt naar deze echte IFU, want de oude link bevatte geen instructies of veiligheidsinformatie."
c0f1ddf1-e7cd-4c43-aeeb-11a5eded48fe,Miller,"H500 IC2 Full-Body Harness, Quick-Connect Leg & Quick-Connect Chest Buckles, Back D-Ring(s), Steel Hardware - Size UNIV",,,,,,,,,,,,,,,https://prod-edam.honeywell.com/content/dam/honeywell-edam/sps/his/en-gb/products/fall-protection/documents/sps-ppe-Harnesses-and-Body-Belts-User-Manual.pdf,,,,,,"Bestaande manual_url is een ""Technical Data""-specificatiebladen zonder gebruiksinstructies of leeftijdsvermelding (zelf gedownload en doorzocht op life/year/expir/retire/discard: geen enkele treffer). Gevonden en geverifieerd (curl 200, application/pdf): Honeywell's officiele ""Harnesses and Body Belts User Instruction Manual"" (I119 Rev. G, MFP9720029; ANSI Z359.11/OSHA 1926.502/CSA Z259.10 - dekt volgens de ""Applicable Families""-bijlage expliciet ""H500"" en ""H700""). Dit document noemt GEEN vast aantal jaren voor levensduur. Letterlijk: ""Basic care of equipment will prolong its service life and will contribute toward the performance of its vital safety function."" en over keuring: ""equipment must be inspected by a competent person, other than the user, on a regular basis, at least annually. Any product exhibiting deformities, unusual wear, or deterioration must be immediately discarded in such a manner as to prevent inadvertent further use."" Dus: ANSI/OSHA/CSA-uitvoering van dit harnas heeft geen kalender-leeftijdsgrens vanuit de fabrikant, alleen een jaarlijkse keuringsplicht en afkeur bij schade. Geen getal ingevuld (geen gok); manual_url wel bijgewerkt naar deze echte IFU, want de oude link bevatte geen instructies of veiligheidsinformatie."
663d9b4d-566f-43b9-bf53-3ac9eb42dc7c,Miller,"H500 IC2 Full-Body Harness, Quick-Connect Leg & Quick-Connect Chest Buckles, Back D-Ring(s), Steel Hardware - Size XXL",,,,,,,,,,,,,,,https://prod-edam.honeywell.com/content/dam/honeywell-edam/sps/his/en-gb/products/fall-protection/documents/sps-ppe-Harnesses-and-Body-Belts-User-Manual.pdf,,,,,,"Bestaande manual_url is een ""Technical Data""-specificatiebladen zonder gebruiksinstructies of leeftijdsvermelding (zelf gedownload en doorzocht op life/year/expir/retire/discard: geen enkele treffer). Gevonden en geverifieerd (curl 200, application/pdf): Honeywell's officiele ""Harnesses and Body Belts User Instruction Manual"" (I119 Rev. G, MFP9720029; ANSI Z359.11/OSHA 1926.502/CSA Z259.10 - dekt volgens de ""Applicable Families""-bijlage expliciet ""H500"" en ""H700""). Dit document noemt GEEN vast aantal jaren voor levensduur. Letterlijk: ""Basic care of equipment will prolong its service life and will contribute toward the performance of its vital safety function."" en over keuring: ""equipment must be inspected by a competent person, other than the user, on a regular basis, at least annually. Any product exhibiting deformities, unusual wear, or deterioration must be immediately discarded in such a manner as to prevent inadvertent further use."" Dus: ANSI/OSHA/CSA-uitvoering van dit harnas heeft geen kalender-leeftijdsgrens vanuit de fabrikant, alleen een jaarlijkse keuringsplicht en afkeur bij schade. Geen getal ingevuld (geen gok); manual_url wel bijgewerkt naar deze echte IFU, want de oude link bevatte geen instructies of veiligheidsinformatie."
bf8efe79-69ab-426b-9cba-5b627b61e307,Miller,"H500 IC3 Full-Body Harness, Quick-Connect Leg & Quick-Connect Chest Buckles, Back, Side D-Ring(s), Aluminum Hardware - Size S/M",,,,,,,,,,,,,,,https://prod-edam.honeywell.com/content/dam/honeywell-edam/sps/his/en-gb/products/fall-protection/documents/sps-ppe-Harnesses-and-Body-Belts-User-Manual.pdf,,,,,,"Bestaande manual_url is een ""Technical Data""-specificatiebladen zonder gebruiksinstructies of leeftijdsvermelding (zelf gedownload en doorzocht op life/year/expir/retire/discard: geen enkele treffer). Gevonden en geverifieerd (curl 200, application/pdf): Honeywell's officiele ""Harnesses and Body Belts User Instruction Manual"" (I119 Rev. G, MFP9720029; ANSI Z359.11/OSHA 1926.502/CSA Z259.10 - dekt volgens de ""Applicable Families""-bijlage expliciet ""H500"" en ""H700""). Dit document noemt GEEN vast aantal jaren voor levensduur. Letterlijk: ""Basic care of equipment will prolong its service life and will contribute toward the performance of its vital safety function."" en over keuring: ""equipment must be inspected by a competent person, other than the user, on a regular basis, at least annually. Any product exhibiting deformities, unusual wear, or deterioration must be immediately discarded in such a manner as to prevent inadvertent further use."" Dus: ANSI/OSHA/CSA-uitvoering van dit harnas heeft geen kalender-leeftijdsgrens vanuit de fabrikant, alleen een jaarlijkse keuringsplicht en afkeur bij schade. Geen getal ingevuld (geen gok); manual_url wel bijgewerkt naar deze echte IFU, want de oude link bevatte geen instructies of veiligheidsinformatie."
abf95af3-84c0-4aa7-9c5b-ab2d5d80727c,Miller,"H500 IC3 Full-Body Harness, Quick-Connect Leg & Quick-Connect Chest Buckles, Back, Side D-Ring(s), Aluminum Hardware - Size UNIV",,,,,,,,,,,,,,,https://prod-edam.honeywell.com/content/dam/honeywell-edam/sps/his/en-gb/products/fall-protection/documents/sps-ppe-Harnesses-and-Body-Belts-User-Manual.pdf,,,,,,"Bestaande manual_url is een ""Technical Data""-specificatiebladen zonder gebruiksinstructies of leeftijdsvermelding (zelf gedownload en doorzocht op life/year/expir/retire/discard: geen enkele treffer). Gevonden en geverifieerd (curl 200, application/pdf): Honeywell's officiele ""Harnesses and Body Belts User Instruction Manual"" (I119 Rev. G, MFP9720029; ANSI Z359.11/OSHA 1926.502/CSA Z259.10 - dekt volgens de ""Applicable Families""-bijlage expliciet ""H500"" en ""H700""). Dit document noemt GEEN vast aantal jaren voor levensduur. Letterlijk: ""Basic care of equipment will prolong its service life and will contribute toward the performance of its vital safety function."" en over keuring: ""equipment must be inspected by a competent person, other than the user, on a regular basis, at least annually. Any product exhibiting deformities, unusual wear, or deterioration must be immediately discarded in such a manner as to prevent inadvertent further use."" Dus: ANSI/OSHA/CSA-uitvoering van dit harnas heeft geen kalender-leeftijdsgrens vanuit de fabrikant, alleen een jaarlijkse keuringsplicht en afkeur bij schade. Geen getal ingevuld (geen gok); manual_url wel bijgewerkt naar deze echte IFU, want de oude link bevatte geen instructies of veiligheidsinformatie."
a57c6876-e4c8-4c55-a3b3-a3d89871a0ba,Miller,"H500 IC3 Full-Body Harness, Quick-Connect Leg & Quick-Connect Chest Buckles, Back, Side D-Ring(s), Aluminum Hardware - Size XXL",,,,,,,,,,,,,,,https://prod-edam.honeywell.com/content/dam/honeywell-edam/sps/his/en-gb/products/fall-protection/documents/sps-ppe-Harnesses-and-Body-Belts-User-Manual.pdf,,,,,,"Bestaande manual_url is een ""Technical Data""-specificatiebladen zonder gebruiksinstructies of leeftijdsvermelding (zelf gedownload en doorzocht op life/year/expir/retire/discard: geen enkele treffer). Gevonden en geverifieerd (curl 200, application/pdf): Honeywell's officiele ""Harnesses and Body Belts User Instruction Manual"" (I119 Rev. G, MFP9720029; ANSI Z359.11/OSHA 1926.502/CSA Z259.10 - dekt volgens de ""Applicable Families""-bijlage expliciet ""H500"" en ""H700""). Dit document noemt GEEN vast aantal jaren voor levensduur. Letterlijk: ""Basic care of equipment will prolong its service life and will contribute toward the performance of its vital safety function."" en over keuring: ""equipment must be inspected by a competent person, other than the user, on a regular basis, at least annually. Any product exhibiting deformities, unusual wear, or deterioration must be immediately discarded in such a manner as to prevent inadvertent further use."" Dus: ANSI/OSHA/CSA-uitvoering van dit harnas heeft geen kalender-leeftijdsgrens vanuit de fabrikant, alleen een jaarlijkse keuringsplicht en afkeur bij schade. Geen getal ingevuld (geen gok); manual_url wel bijgewerkt naar deze echte IFU, want de oude link bevatte geen instructies of veiligheidsinformatie."
f478ee46-f018-4bc4-9ec5-daf09d09c803,Miller,"H500 IC4 Full-Body Harness, Quick-Connect Leg & Quick-Connect Chest Buckles, Back, Side D-Ring(s), Steel Hardware - Size S/M",,,,,,,,,,,,,,,https://prod-edam.honeywell.com/content/dam/honeywell-edam/sps/his/en-gb/products/fall-protection/documents/sps-ppe-Harnesses-and-Body-Belts-User-Manual.pdf,,,,,,"Bestaande manual_url is een ""Technical Data""-specificatiebladen zonder gebruiksinstructies of leeftijdsvermelding (zelf gedownload en doorzocht op life/year/expir/retire/discard: geen enkele treffer). Gevonden en geverifieerd (curl 200, application/pdf): Honeywell's officiele ""Harnesses and Body Belts User Instruction Manual"" (I119 Rev. G, MFP9720029; ANSI Z359.11/OSHA 1926.502/CSA Z259.10 - dekt volgens de ""Applicable Families""-bijlage expliciet ""H500"" en ""H700""). Dit document noemt GEEN vast aantal jaren voor levensduur. Letterlijk: ""Basic care of equipment will prolong its service life and will contribute toward the performance of its vital safety function."" en over keuring: ""equipment must be inspected by a competent person, other than the user, on a regular basis, at least annually. Any product exhibiting deformities, unusual wear, or deterioration must be immediately discarded in such a manner as to prevent inadvertent further use."" Dus: ANSI/OSHA/CSA-uitvoering van dit harnas heeft geen kalender-leeftijdsgrens vanuit de fabrikant, alleen een jaarlijkse keuringsplicht en afkeur bij schade. Geen getal ingevuld (geen gok); manual_url wel bijgewerkt naar deze echte IFU, want de oude link bevatte geen instructies of veiligheidsinformatie."
d9a78f05-1314-4562-a779-db3daca5b0b6,Miller,"H500 IC4 Full-Body Harness, Quick-Connect Leg & Quick-Connect Chest Buckles, Back, Side D-Ring(s), Steel Hardware - Size UNIV",,,,,,,,,,,,,,,https://prod-edam.honeywell.com/content/dam/honeywell-edam/sps/his/en-gb/products/fall-protection/documents/sps-ppe-Harnesses-and-Body-Belts-User-Manual.pdf,,,,,,"Bestaande manual_url is een ""Technical Data""-specificatiebladen zonder gebruiksinstructies of leeftijdsvermelding (zelf gedownload en doorzocht op life/year/expir/retire/discard: geen enkele treffer). Gevonden en geverifieerd (curl 200, application/pdf): Honeywell's officiele ""Harnesses and Body Belts User Instruction Manual"" (I119 Rev. G, MFP9720029; ANSI Z359.11/OSHA 1926.502/CSA Z259.10 - dekt volgens de ""Applicable Families""-bijlage expliciet ""H500"" en ""H700""). Dit document noemt GEEN vast aantal jaren voor levensduur. Letterlijk: ""Basic care of equipment will prolong its service life and will contribute toward the performance of its vital safety function."" en over keuring: ""equipment must be inspected by a competent person, other than the user, on a regular basis, at least annually. Any product exhibiting deformities, unusual wear, or deterioration must be immediately discarded in such a manner as to prevent inadvertent further use."" Dus: ANSI/OSHA/CSA-uitvoering van dit harnas heeft geen kalender-leeftijdsgrens vanuit de fabrikant, alleen een jaarlijkse keuringsplicht en afkeur bij schade. Geen getal ingevuld (geen gok); manual_url wel bijgewerkt naar deze echte IFU, want de oude link bevatte geen instructies of veiligheidsinformatie."
727c9bf0-326f-4b76-9cf1-81bb6f994959,Miller,"H500 IC4 Full-Body Harness, Quick-Connect Leg & Quick-Connect Chest Buckles, Back, Side D-Ring(s), Steel Hardware - Size XXL",,,,,,,,,,,,,,,https://prod-edam.honeywell.com/content/dam/honeywell-edam/sps/his/en-gb/products/fall-protection/documents/sps-ppe-Harnesses-and-Body-Belts-User-Manual.pdf,,,,,,"Bestaande manual_url is een ""Technical Data""-specificatiebladen zonder gebruiksinstructies of leeftijdsvermelding (zelf gedownload en doorzocht op life/year/expir/retire/discard: geen enkele treffer). Gevonden en geverifieerd (curl 200, application/pdf): Honeywell's officiele ""Harnesses and Body Belts User Instruction Manual"" (I119 Rev. G, MFP9720029; ANSI Z359.11/OSHA 1926.502/CSA Z259.10 - dekt volgens de ""Applicable Families""-bijlage expliciet ""H500"" en ""H700""). Dit document noemt GEEN vast aantal jaren voor levensduur. Letterlijk: ""Basic care of equipment will prolong its service life and will contribute toward the performance of its vital safety function."" en over keuring: ""equipment must be inspected by a competent person, other than the user, on a regular basis, at least annually. Any product exhibiting deformities, unusual wear, or deterioration must be immediately discarded in such a manner as to prevent inadvertent further use."" Dus: ANSI/OSHA/CSA-uitvoering van dit harnas heeft geen kalender-leeftijdsgrens vanuit de fabrikant, alleen een jaarlijkse keuringsplicht en afkeur bij schade. Geen getal ingevuld (geen gok); manual_url wel bijgewerkt naar deze echte IFU, want de oude link bevatte geen instructies of veiligheidsinformatie."
7b82a0a3-9fb7-42d5-b7a9-0962cd3fbedb,Miller,"H500 IC5 Full-Body Harness, Tongue Leg & Mating Chest Buckles, Back, Front, Side D-Ring(s), Steel Hardware - Size S/M",,,,,,,,,,,,,,,https://prod-edam.honeywell.com/content/dam/honeywell-edam/sps/his/en-gb/products/fall-protection/documents/sps-ppe-Harnesses-and-Body-Belts-User-Manual.pdf,,,,,,"Bestaande manual_url is een ""Technical Data""-specificatiebladen zonder gebruiksinstructies of leeftijdsvermelding (zelf gedownload en doorzocht op life/year/expir/retire/discard: geen enkele treffer). Gevonden en geverifieerd (curl 200, application/pdf): Honeywell's officiele ""Harnesses and Body Belts User Instruction Manual"" (I119 Rev. G, MFP9720029; ANSI Z359.11/OSHA 1926.502/CSA Z259.10 - dekt volgens de ""Applicable Families""-bijlage expliciet ""H500"" en ""H700""). Dit document noemt GEEN vast aantal jaren voor levensduur. Letterlijk: ""Basic care of equipment will prolong its service life and will contribute toward the performance of its vital safety function."" en over keuring: ""equipment must be inspected by a competent person, other than the user, on a regular basis, at least annually. Any product exhibiting deformities, unusual wear, or deterioration must be immediately discarded in such a manner as to prevent inadvertent further use."" Dus: ANSI/OSHA/CSA-uitvoering van dit harnas heeft geen kalender-leeftijdsgrens vanuit de fabrikant, alleen een jaarlijkse keuringsplicht en afkeur bij schade. Geen getal ingevuld (geen gok); manual_url wel bijgewerkt naar deze echte IFU, want de oude link bevatte geen instructies of veiligheidsinformatie."
5a97b4c3-3646-4fea-8be5-087f1f892fcb,Miller,"H500 IC5 Full-Body Harness, Tongue Leg & Mating Chest Buckles, Back, Front, Side D-Ring(s), Steel Hardware - Size UNIV",,,,,,,,,,,,,,,https://prod-edam.honeywell.com/content/dam/honeywell-edam/sps/his/en-gb/products/fall-protection/documents/sps-ppe-Harnesses-and-Body-Belts-User-Manual.pdf,,,,,,"Bestaande manual_url is een ""Technical Data""-specificatiebladen zonder gebruiksinstructies of leeftijdsvermelding (zelf gedownload en doorzocht op life/year/expir/retire/discard: geen enkele treffer). Gevonden en geverifieerd (curl 200, application/pdf): Honeywell's officiele ""Harnesses and Body Belts User Instruction Manual"" (I119 Rev. G, MFP9720029; ANSI Z359.11/OSHA 1926.502/CSA Z259.10 - dekt volgens de ""Applicable Families""-bijlage expliciet ""H500"" en ""H700""). Dit document noemt GEEN vast aantal jaren voor levensduur. Letterlijk: ""Basic care of equipment will prolong its service life and will contribute toward the performance of its vital safety function."" en over keuring: ""equipment must be inspected by a competent person, other than the user, on a regular basis, at least annually. Any product exhibiting deformities, unusual wear, or deterioration must be immediately discarded in such a manner as to prevent inadvertent further use."" Dus: ANSI/OSHA/CSA-uitvoering van dit harnas heeft geen kalender-leeftijdsgrens vanuit de fabrikant, alleen een jaarlijkse keuringsplicht en afkeur bij schade. Geen getal ingevuld (geen gok); manual_url wel bijgewerkt naar deze echte IFU, want de oude link bevatte geen instructies of veiligheidsinformatie."
81764814-01ca-4c35-b44d-bf9b533cc072,Miller,"H500 IC5 Full-Body Harness, Tongue Leg & Mating Chest Buckles, Back, Front, Side D-Ring(s), Steel Hardware - Size XXL",,,,,,,,,,,,,,,https://prod-edam.honeywell.com/content/dam/honeywell-edam/sps/his/en-gb/products/fall-protection/documents/sps-ppe-Harnesses-and-Body-Belts-User-Manual.pdf,,,,,,"Bestaande manual_url is een ""Technical Data""-specificatiebladen zonder gebruiksinstructies of leeftijdsvermelding (zelf gedownload en doorzocht op life/year/expir/retire/discard: geen enkele treffer). Gevonden en geverifieerd (curl 200, application/pdf): Honeywell's officiele ""Harnesses and Body Belts User Instruction Manual"" (I119 Rev. G, MFP9720029; ANSI Z359.11/OSHA 1926.502/CSA Z259.10 - dekt volgens de ""Applicable Families""-bijlage expliciet ""H500"" en ""H700""). Dit document noemt GEEN vast aantal jaren voor levensduur. Letterlijk: ""Basic care of equipment will prolong its service life and will contribute toward the performance of its vital safety function."" en over keuring: ""equipment must be inspected by a competent person, other than the user, on a regular basis, at least annually. Any product exhibiting deformities, unusual wear, or deterioration must be immediately discarded in such a manner as to prevent inadvertent further use."" Dus: ANSI/OSHA/CSA-uitvoering van dit harnas heeft geen kalender-leeftijdsgrens vanuit de fabrikant, alleen een jaarlijkse keuringsplicht en afkeur bij schade. Geen getal ingevuld (geen gok); manual_url wel bijgewerkt naar deze echte IFU, want de oude link bevatte geen instructies of veiligheidsinformatie."
221be14d-dd2f-4533-9a1a-088c0aaf2932,Miller,"H500 IC6 Full-Body Harness, Quick-Connect Leg & Quick-Connect Chest Buckles, Back, Front D-Ring(s), Steel Hardware - Size S/M",,,,,,,,,,,,,,,https://prod-edam.honeywell.com/content/dam/honeywell-edam/sps/his/en-gb/products/fall-protection/documents/sps-ppe-Harnesses-and-Body-Belts-User-Manual.pdf,,,,,,"Bestaande manual_url is een ""Technical Data""-specificatiebladen zonder gebruiksinstructies of leeftijdsvermelding (zelf gedownload en doorzocht op life/year/expir/retire/discard: geen enkele treffer). Gevonden en geverifieerd (curl 200, application/pdf): Honeywell's officiele ""Harnesses and Body Belts User Instruction Manual"" (I119 Rev. G, MFP9720029; ANSI Z359.11/OSHA 1926.502/CSA Z259.10 - dekt volgens de ""Applicable Families""-bijlage expliciet ""H500"" en ""H700""). Dit document noemt GEEN vast aantal jaren voor levensduur. Letterlijk: ""Basic care of equipment will prolong its service life and will contribute toward the performance of its vital safety function."" en over keuring: ""equipment must be inspected by a competent person, other than the user, on a regular basis, at least annually. Any product exhibiting deformities, unusual wear, or deterioration must be immediately discarded in such a manner as to prevent inadvertent further use."" Dus: ANSI/OSHA/CSA-uitvoering van dit harnas heeft geen kalender-leeftijdsgrens vanuit de fabrikant, alleen een jaarlijkse keuringsplicht en afkeur bij schade. Geen getal ingevuld (geen gok); manual_url wel bijgewerkt naar deze echte IFU, want de oude link bevatte geen instructies of veiligheidsinformatie."
e806c06b-e55e-40d1-ac44-e37c95af0505,Miller,"H500 IC6 Full-Body Harness, Quick-Connect Leg & Quick-Connect Chest Buckles, Back, Front D-Ring(s), Steel Hardware - Size UNIV",,,,,,,,,,,,,,,https://prod-edam.honeywell.com/content/dam/honeywell-edam/sps/his/en-gb/products/fall-protection/documents/sps-ppe-Harnesses-and-Body-Belts-User-Manual.pdf,,,,,,"Bestaande manual_url is een ""Technical Data""-specificatiebladen zonder gebruiksinstructies of leeftijdsvermelding (zelf gedownload en doorzocht op life/year/expir/retire/discard: geen enkele treffer). Gevonden en geverifieerd (curl 200, application/pdf): Honeywell's officiele ""Harnesses and Body Belts User Instruction Manual"" (I119 Rev. G, MFP9720029; ANSI Z359.11/OSHA 1926.502/CSA Z259.10 - dekt volgens de ""Applicable Families""-bijlage expliciet ""H500"" en ""H700""). Dit document noemt GEEN vast aantal jaren voor levensduur. Letterlijk: ""Basic care of equipment will prolong its service life and will contribute toward the performance of its vital safety function."" en over keuring: ""equipment must be inspected by a competent person, other than the user, on a regular basis, at least annually. Any product exhibiting deformities, unusual wear, or deterioration must be immediately discarded in such a manner as to prevent inadvertent further use."" Dus: ANSI/OSHA/CSA-uitvoering van dit harnas heeft geen kalender-leeftijdsgrens vanuit de fabrikant, alleen een jaarlijkse keuringsplicht en afkeur bij schade. Geen getal ingevuld (geen gok); manual_url wel bijgewerkt naar deze echte IFU, want de oude link bevatte geen instructies of veiligheidsinformatie."
b3255a55-eac8-403e-89ff-4225af608641,Miller,"H500 IC6 Full-Body Harness, Quick-Connect Leg & Quick-Connect Chest Buckles, Back, Front D-Ring(s), Steel Hardware - Size XXL",,,,,,,,,,,,,,,https://prod-edam.honeywell.com/content/dam/honeywell-edam/sps/his/en-gb/products/fall-protection/documents/sps-ppe-Harnesses-and-Body-Belts-User-Manual.pdf,,,,,,"Bestaande manual_url is een ""Technical Data""-specificatiebladen zonder gebruiksinstructies of leeftijdsvermelding (zelf gedownload en doorzocht op life/year/expir/retire/discard: geen enkele treffer). Gevonden en geverifieerd (curl 200, application/pdf): Honeywell's officiele ""Harnesses and Body Belts User Instruction Manual"" (I119 Rev. G, MFP9720029; ANSI Z359.11/OSHA 1926.502/CSA Z259.10 - dekt volgens de ""Applicable Families""-bijlage expliciet ""H500"" en ""H700""). Dit document noemt GEEN vast aantal jaren voor levensduur. Letterlijk: ""Basic care of equipment will prolong its service life and will contribute toward the performance of its vital safety function."" en over keuring: ""equipment must be inspected by a competent person, other than the user, on a regular basis, at least annually. Any product exhibiting deformities, unusual wear, or deterioration must be immediately discarded in such a manner as to prevent inadvertent further use."" Dus: ANSI/OSHA/CSA-uitvoering van dit harnas heeft geen kalender-leeftijdsgrens vanuit de fabrikant, alleen een jaarlijkse keuringsplicht en afkeur bij schade. Geen getal ingevuld (geen gok); manual_url wel bijgewerkt naar deze echte IFU, want de oude link bevatte geen instructies of veiligheidsinformatie."
a9ced52d-c4d2-4afb-a92a-0ba4fcd79ef7,Miller,"H500 IS1P Full-Body Harness, Tongue Leg & Mating Chest Buckles, Back D-Ring(s), Steel Hardware - Size S/M",,,,,,,,,,,,,,,https://prod-edam.honeywell.com/content/dam/honeywell-edam/sps/his/en-gb/products/fall-protection/documents/sps-ppe-Harnesses-and-Body-Belts-User-Manual.pdf,,,,,,"Bestaande manual_url is een ""Technical Data""-specificatiebladen zonder gebruiksinstructies of leeftijdsvermelding (zelf gedownload en doorzocht op life/year/expir/retire/discard: geen enkele treffer). Gevonden en geverifieerd (curl 200, application/pdf): Honeywell's officiele ""Harnesses and Body Belts User Instruction Manual"" (I119 Rev. G, MFP9720029; ANSI Z359.11/OSHA 1926.502/CSA Z259.10 - dekt volgens de ""Applicable Families""-bijlage expliciet ""H500"" en ""H700""). Dit document noemt GEEN vast aantal jaren voor levensduur. Letterlijk: ""Basic care of equipment will prolong its service life and will contribute toward the performance of its vital safety function."" en over keuring: ""equipment must be inspected by a competent person, other than the user, on a regular basis, at least annually. Any product exhibiting deformities, unusual wear, or deterioration must be immediately discarded in such a manner as to prevent inadvertent further use."" Dus: ANSI/OSHA/CSA-uitvoering van dit harnas heeft geen kalender-leeftijdsgrens vanuit de fabrikant, alleen een jaarlijkse keuringsplicht en afkeur bij schade. Geen getal ingevuld (geen gok); manual_url wel bijgewerkt naar deze echte IFU, want de oude link bevatte geen instructies of veiligheidsinformatie."
b9080349-181b-4406-81b0-2b9e87dd49ba,Miller,"H500 IS1P Full-Body Harness, Tongue Leg & Mating Chest Buckles, Back D-Ring(s), Steel Hardware - Size UNIV",,,,,,,,,,,,,,,https://prod-edam.honeywell.com/content/dam/honeywell-edam/sps/his/en-gb/products/fall-protection/documents/sps-ppe-Harnesses-and-Body-Belts-User-Manual.pdf,,,,,,"Bestaande manual_url is een ""Technical Data""-specificatiebladen zonder gebruiksinstructies of leeftijdsvermelding (zelf gedownload en doorzocht op life/year/expir/retire/discard: geen enkele treffer). Gevonden en geverifieerd (curl 200, application/pdf): Honeywell's officiele ""Harnesses and Body Belts User Instruction Manual"" (I119 Rev. G, MFP9720029; ANSI Z359.11/OSHA 1926.502/CSA Z259.10 - dekt volgens de ""Applicable Families""-bijlage expliciet ""H500"" en ""H700""). Dit document noemt GEEN vast aantal jaren voor levensduur. Letterlijk: ""Basic care of equipment will prolong its service life and will contribute toward the performance of its vital safety function."" en over keuring: ""equipment must be inspected by a competent person, other than the user, on a regular basis, at least annually. Any product exhibiting deformities, unusual wear, or deterioration must be immediately discarded in such a manner as to prevent inadvertent further use."" Dus: ANSI/OSHA/CSA-uitvoering van dit harnas heeft geen kalender-leeftijdsgrens vanuit de fabrikant, alleen een jaarlijkse keuringsplicht en afkeur bij schade. Geen getal ingevuld (geen gok); manual_url wel bijgewerkt naar deze echte IFU, want de oude link bevatte geen instructies of veiligheidsinformatie."
66ebf4f5-97f3-4139-9592-a28e3ece3b00,Miller,"H500 IS1P Full-Body Harness, Tongue Leg & Mating Chest Buckles, Back D-Ring(s), Steel Hardware - Size XXL",,,,,,,,,,,,,,,https://prod-edam.honeywell.com/content/dam/honeywell-edam/sps/his/en-gb/products/fall-protection/documents/sps-ppe-Harnesses-and-Body-Belts-User-Manual.pdf,,,,,,"Bestaande manual_url is een ""Technical Data""-specificatiebladen zonder gebruiksinstructies of leeftijdsvermelding (zelf gedownload en doorzocht op life/year/expir/retire/discard: geen enkele treffer). Gevonden en geverifieerd (curl 200, application/pdf): Honeywell's officiele ""Harnesses and Body Belts User Instruction Manual"" (I119 Rev. G, MFP9720029; ANSI Z359.11/OSHA 1926.502/CSA Z259.10 - dekt volgens de ""Applicable Families""-bijlage expliciet ""H500"" en ""H700""). Dit document noemt GEEN vast aantal jaren voor levensduur. Letterlijk: ""Basic care of equipment will prolong its service life and will contribute toward the performance of its vital safety function."" en over keuring: ""equipment must be inspected by a competent person, other than the user, on a regular basis, at least annually. Any product exhibiting deformities, unusual wear, or deterioration must be immediately discarded in such a manner as to prevent inadvertent further use."" Dus: ANSI/OSHA/CSA-uitvoering van dit harnas heeft geen kalender-leeftijdsgrens vanuit de fabrikant, alleen een jaarlijkse keuringsplicht en afkeur bij schade. Geen getal ingevuld (geen gok); manual_url wel bijgewerkt naar deze echte IFU, want de oude link bevatte geen instructies of veiligheidsinformatie."
36c7f11b-8257-4104-9758-c19d4ffb538c,Miller,"H500 IS2P Full-Body Harness, Tongue Leg & Mating Chest Buckles, Back, Side D-Ring(s), Steel Hardware - Size S/M",,,,,,,,,,,,,,,https://prod-edam.honeywell.com/content/dam/honeywell-edam/sps/his/en-gb/products/fall-protection/documents/sps-ppe-Harnesses-and-Body-Belts-User-Manual.pdf,,,,,,"Bestaande manual_url is een ""Technical Data""-specificatiebladen zonder gebruiksinstructies of leeftijdsvermelding (zelf gedownload en doorzocht op life/year/expir/retire/discard: geen enkele treffer). Gevonden en geverifieerd (curl 200, application/pdf): Honeywell's officiele ""Harnesses and Body Belts User Instruction Manual"" (I119 Rev. G, MFP9720029; ANSI Z359.11/OSHA 1926.502/CSA Z259.10 - dekt volgens de ""Applicable Families""-bijlage expliciet ""H500"" en ""H700""). Dit document noemt GEEN vast aantal jaren voor levensduur. Letterlijk: ""Basic care of equipment will prolong its service life and will contribute toward the performance of its vital safety function."" en over keuring: ""equipment must be inspected by a competent person, other than the user, on a regular basis, at least annually. Any product exhibiting deformities, unusual wear, or deterioration must be immediately discarded in such a manner as to prevent inadvertent further use."" Dus: ANSI/OSHA/CSA-uitvoering van dit harnas heeft geen kalender-leeftijdsgrens vanuit de fabrikant, alleen een jaarlijkse keuringsplicht en afkeur bij schade. Geen getal ingevuld (geen gok); manual_url wel bijgewerkt naar deze echte IFU, want de oude link bevatte geen instructies of veiligheidsinformatie."
a97e061f-233c-450d-b183-5986b5615df5,Miller,"H500 IS2P Full-Body Harness, Tongue Leg & Mating Chest Buckles, Back, Side D-Ring(s), Steel Hardware - Size UNIV",,,,,,,,,,,,,,,https://prod-edam.honeywell.com/content/dam/honeywell-edam/sps/his/en-gb/products/fall-protection/documents/sps-ppe-Harnesses-and-Body-Belts-User-Manual.pdf,,,,,,"Bestaande manual_url is een ""Technical Data""-specificatiebladen zonder gebruiksinstructies of leeftijdsvermelding (zelf gedownload en doorzocht op life/year/expir/retire/discard: geen enkele treffer). Gevonden en geverifieerd (curl 200, application/pdf): Honeywell's officiele ""Harnesses and Body Belts User Instruction Manual"" (I119 Rev. G, MFP9720029; ANSI Z359.11/OSHA 1926.502/CSA Z259.10 - dekt volgens de ""Applicable Families""-bijlage expliciet ""H500"" en ""H700""). Dit document noemt GEEN vast aantal jaren voor levensduur. Letterlijk: ""Basic care of equipment will prolong its service life and will contribute toward the performance of its vital safety function."" en over keuring: ""equipment must be inspected by a competent person, other than the user, on a regular basis, at least annually. Any product exhibiting deformities, unusual wear, or deterioration must be immediately discarded in such a manner as to prevent inadvertent further use."" Dus: ANSI/OSHA/CSA-uitvoering van dit harnas heeft geen kalender-leeftijdsgrens vanuit de fabrikant, alleen een jaarlijkse keuringsplicht en afkeur bij schade. Geen getal ingevuld (geen gok); manual_url wel bijgewerkt naar deze echte IFU, want de oude link bevatte geen instructies of veiligheidsinformatie."
7e12dec2-ea21-4f2d-bceb-8604262bdca5,Miller,"H500 IS2P Full-Body Harness, Tongue Leg & Mating Chest Buckles, Back, Side D-Ring(s), Steel Hardware - Size XXL",,,,,,,,,,,,,,,https://prod-edam.honeywell.com/content/dam/honeywell-edam/sps/his/en-gb/products/fall-protection/documents/sps-ppe-Harnesses-and-Body-Belts-User-Manual.pdf,,,,,,"Bestaande manual_url is een ""Technical Data""-specificatiebladen zonder gebruiksinstructies of leeftijdsvermelding (zelf gedownload en doorzocht op life/year/expir/retire/discard: geen enkele treffer). Gevonden en geverifieerd (curl 200, application/pdf): Honeywell's officiele ""Harnesses and Body Belts User Instruction Manual"" (I119 Rev. G, MFP9720029; ANSI Z359.11/OSHA 1926.502/CSA Z259.10 - dekt volgens de ""Applicable Families""-bijlage expliciet ""H500"" en ""H700""). Dit document noemt GEEN vast aantal jaren voor levensduur. Letterlijk: ""Basic care of equipment will prolong its service life and will contribute toward the performance of its vital safety function."" en over keuring: ""equipment must be inspected by a competent person, other than the user, on a regular basis, at least annually. Any product exhibiting deformities, unusual wear, or deterioration must be immediately discarded in such a manner as to prevent inadvertent further use."" Dus: ANSI/OSHA/CSA-uitvoering van dit harnas heeft geen kalender-leeftijdsgrens vanuit de fabrikant, alleen een jaarlijkse keuringsplicht en afkeur bij schade. Geen getal ingevuld (geen gok); manual_url wel bijgewerkt naar deze echte IFU, want de oude link bevatte geen instructies of veiligheidsinformatie."
e301c934-2ab7-45ac-bf3c-f4b429b5782c,Miller,"H500 IS3 Full-Body Harness, Tongue Leg & Mating Chest Buckles, Back, Front D-Ring(s), Steel Hardware - Size S/M",,,,,,,,,,,,,,,https://prod-edam.honeywell.com/content/dam/honeywell-edam/sps/his/en-gb/products/fall-protection/documents/sps-ppe-Harnesses-and-Body-Belts-User-Manual.pdf,,,,,,"Bestaande manual_url is een ""Technical Data""-specificatiebladen zonder gebruiksinstructies of leeftijdsvermelding (zelf gedownload en doorzocht op life/year/expir/retire/discard: geen enkele treffer). Gevonden en geverifieerd (curl 200, application/pdf): Honeywell's officiele ""Harnesses and Body Belts User Instruction Manual"" (I119 Rev. G, MFP9720029; ANSI Z359.11/OSHA 1926.502/CSA Z259.10 - dekt volgens de ""Applicable Families""-bijlage expliciet ""H500"" en ""H700""). Dit document noemt GEEN vast aantal jaren voor levensduur. Letterlijk: ""Basic care of equipment will prolong its service life and will contribute toward the performance of its vital safety function."" en over keuring: ""equipment must be inspected by a competent person, other than the user, on a regular basis, at least annually. Any product exhibiting deformities, unusual wear, or deterioration must be immediately discarded in such a manner as to prevent inadvertent further use."" Dus: ANSI/OSHA/CSA-uitvoering van dit harnas heeft geen kalender-leeftijdsgrens vanuit de fabrikant, alleen een jaarlijkse keuringsplicht en afkeur bij schade. Geen getal ingevuld (geen gok); manual_url wel bijgewerkt naar deze echte IFU, want de oude link bevatte geen instructies of veiligheidsinformatie."
e1dfcc22-b0ff-4907-93bb-b569160148f4,Miller,"H500 IS3 Full-Body Harness, Tongue Leg & Mating Chest Buckles, Back, Front D-Ring(s), Steel Hardware - Size UNIV",,,,,,,,,,,,,,,https://prod-edam.honeywell.com/content/dam/honeywell-edam/sps/his/en-gb/products/fall-protection/documents/sps-ppe-Harnesses-and-Body-Belts-User-Manual.pdf,,,,,,"Bestaande manual_url is een ""Technical Data""-specificatiebladen zonder gebruiksinstructies of leeftijdsvermelding (zelf gedownload en doorzocht op life/year/expir/retire/discard: geen enkele treffer). Gevonden en geverifieerd (curl 200, application/pdf): Honeywell's officiele ""Harnesses and Body Belts User Instruction Manual"" (I119 Rev. G, MFP9720029; ANSI Z359.11/OSHA 1926.502/CSA Z259.10 - dekt volgens de ""Applicable Families""-bijlage expliciet ""H500"" en ""H700""). Dit document noemt GEEN vast aantal jaren voor levensduur. Letterlijk: ""Basic care of equipment will prolong its service life and will contribute toward the performance of its vital safety function."" en over keuring: ""equipment must be inspected by a competent person, other than the user, on a regular basis, at least annually. Any product exhibiting deformities, unusual wear, or deterioration must be immediately discarded in such a manner as to prevent inadvertent further use."" Dus: ANSI/OSHA/CSA-uitvoering van dit harnas heeft geen kalender-leeftijdsgrens vanuit de fabrikant, alleen een jaarlijkse keuringsplicht en afkeur bij schade. Geen getal ingevuld (geen gok); manual_url wel bijgewerkt naar deze echte IFU, want de oude link bevatte geen instructies of veiligheidsinformatie."
f7877511-c59d-4c9e-af28-e2a58f7ce4be,Miller,"H500 IS3 Full-Body Harness, Tongue Leg & Mating Chest Buckles, Back, Front D-Ring(s), Steel Hardware - Size XXL",,,,,,,,,,,,,,,https://prod-edam.honeywell.com/content/dam/honeywell-edam/sps/his/en-gb/products/fall-protection/documents/sps-ppe-Harnesses-and-Body-Belts-User-Manual.pdf,,,,,,"Bestaande manual_url is een ""Technical Data""-specificatiebladen zonder gebruiksinstructies of leeftijdsvermelding (zelf gedownload en doorzocht op life/year/expir/retire/discard: geen enkele treffer). Gevonden en geverifieerd (curl 200, application/pdf): Honeywell's officiele ""Harnesses and Body Belts User Instruction Manual"" (I119 Rev. G, MFP9720029; ANSI Z359.11/OSHA 1926.502/CSA Z259.10 - dekt volgens de ""Applicable Families""-bijlage expliciet ""H500"" en ""H700""). Dit document noemt GEEN vast aantal jaren voor levensduur. Letterlijk: ""Basic care of equipment will prolong its service life and will contribute toward the performance of its vital safety function."" en over keuring: ""equipment must be inspected by a competent person, other than the user, on a regular basis, at least annually. Any product exhibiting deformities, unusual wear, or deterioration must be immediately discarded in such a manner as to prevent inadvertent further use."" Dus: ANSI/OSHA/CSA-uitvoering van dit harnas heeft geen kalender-leeftijdsgrens vanuit de fabrikant, alleen een jaarlijkse keuringsplicht en afkeur bij schade. Geen getal ingevuld (geen gok); manual_url wel bijgewerkt naar deze echte IFU, want de oude link bevatte geen instructies of veiligheidsinformatie."
fd7bfef5-88ad-47a2-8983-279baa8f835d,Miller,"H500 IS3S Full-Body Harness, Tongue Leg & Mating Chest Buckles, Back, Front, Shoulder D-Ring(s), Steel Hardware - Size S/M",,,,,,,,,,,,,,,https://prod-edam.honeywell.com/content/dam/honeywell-edam/sps/his/en-gb/products/fall-protection/documents/sps-ppe-Harnesses-and-Body-Belts-User-Manual.pdf,,,,,,"Bestaande manual_url is een ""Technical Data""-specificatiebladen zonder gebruiksinstructies of leeftijdsvermelding (zelf gedownload en doorzocht op life/year/expir/retire/discard: geen enkele treffer). Gevonden en geverifieerd (curl 200, application/pdf): Honeywell's officiele ""Harnesses and Body Belts User Instruction Manual"" (I119 Rev. G, MFP9720029; ANSI Z359.11/OSHA 1926.502/CSA Z259.10 - dekt volgens de ""Applicable Families""-bijlage expliciet ""H500"" en ""H700""). Dit document noemt GEEN vast aantal jaren voor levensduur. Letterlijk: ""Basic care of equipment will prolong its service life and will contribute toward the performance of its vital safety function."" en over keuring: ""equipment must be inspected by a competent person, other than the user, on a regular basis, at least annually. Any product exhibiting deformities, unusual wear, or deterioration must be immediately discarded in such a manner as to prevent inadvertent further use."" Dus: ANSI/OSHA/CSA-uitvoering van dit harnas heeft geen kalender-leeftijdsgrens vanuit de fabrikant, alleen een jaarlijkse keuringsplicht en afkeur bij schade. Geen getal ingevuld (geen gok); manual_url wel bijgewerkt naar deze echte IFU, want de oude link bevatte geen instructies of veiligheidsinformatie."
d15120f3-1407-4976-86aa-c07e075734e4,Miller,"H500 IS3S Full-Body Harness, Tongue Leg & Mating Chest Buckles, Back, Front, Shoulder D-Ring(s), Steel Hardware - Size UNIV",,,,,,,,,,,,,,,https://prod-edam.honeywell.com/content/dam/honeywell-edam/sps/his/en-gb/products/fall-protection/documents/sps-ppe-Harnesses-and-Body-Belts-User-Manual.pdf,,,,,,"Bestaande manual_url is een ""Technical Data""-specificatiebladen zonder gebruiksinstructies of leeftijdsvermelding (zelf gedownload en doorzocht op life/year/expir/retire/discard: geen enkele treffer). Gevonden en geverifieerd (curl 200, application/pdf): Honeywell's officiele ""Harnesses and Body Belts User Instruction Manual"" (I119 Rev. G, MFP9720029; ANSI Z359.11/OSHA 1926.502/CSA Z259.10 - dekt volgens de ""Applicable Families""-bijlage expliciet ""H500"" en ""H700""). Dit document noemt GEEN vast aantal jaren voor levensduur. Letterlijk: ""Basic care of equipment will prolong its service life and will contribute toward the performance of its vital safety function."" en over keuring: ""equipment must be inspected by a competent person, other than the user, on a regular basis, at least annually. Any product exhibiting deformities, unusual wear, or deterioration must be immediately discarded in such a manner as to prevent inadvertent further use."" Dus: ANSI/OSHA/CSA-uitvoering van dit harnas heeft geen kalender-leeftijdsgrens vanuit de fabrikant, alleen een jaarlijkse keuringsplicht en afkeur bij schade. Geen getal ingevuld (geen gok); manual_url wel bijgewerkt naar deze echte IFU, want de oude link bevatte geen instructies of veiligheidsinformatie."
44701c23-6a88-458b-b8fb-04106b454250,Miller,"H500 IS3S Full-Body Harness, Tongue Leg & Mating Chest Buckles, Back, Front, Shoulder D-Ring(s), Steel Hardware - Size XXL",,,,,,,,,,,,,,,https://prod-edam.honeywell.com/content/dam/honeywell-edam/sps/his/en-gb/products/fall-protection/documents/sps-ppe-Harnesses-and-Body-Belts-User-Manual.pdf,,,,,,"Bestaande manual_url is een ""Technical Data""-specificatiebladen zonder gebruiksinstructies of leeftijdsvermelding (zelf gedownload en doorzocht op life/year/expir/retire/discard: geen enkele treffer). Gevonden en geverifieerd (curl 200, application/pdf): Honeywell's officiele ""Harnesses and Body Belts User Instruction Manual"" (I119 Rev. G, MFP9720029; ANSI Z359.11/OSHA 1926.502/CSA Z259.10 - dekt volgens de ""Applicable Families""-bijlage expliciet ""H500"" en ""H700""). Dit document noemt GEEN vast aantal jaren voor levensduur. Letterlijk: ""Basic care of equipment will prolong its service life and will contribute toward the performance of its vital safety function."" en over keuring: ""equipment must be inspected by a competent person, other than the user, on a regular basis, at least annually. Any product exhibiting deformities, unusual wear, or deterioration must be immediately discarded in such a manner as to prevent inadvertent further use."" Dus: ANSI/OSHA/CSA-uitvoering van dit harnas heeft geen kalender-leeftijdsgrens vanuit de fabrikant, alleen een jaarlijkse keuringsplicht en afkeur bij schade. Geen getal ingevuld (geen gok); manual_url wel bijgewerkt naar deze echte IFU, want de oude link bevatte geen instructies of veiligheidsinformatie."
9f3df73d-501d-4970-88b1-16c249f061f2,Miller,"H500 IS4 Full-Body Harness, Tongue Leg & Mating Chest Buckles, Back, Front, Side D-Ring(s), Steel Hardware - Size S/M",,,,,,,,,,,,,,,https://prod-edam.honeywell.com/content/dam/honeywell-edam/sps/his/en-gb/products/fall-protection/documents/sps-ppe-Harnesses-and-Body-Belts-User-Manual.pdf,,,,,,"Bestaande manual_url is een ""Technical Data""-specificatiebladen zonder gebruiksinstructies of leeftijdsvermelding (zelf gedownload en doorzocht op life/year/expir/retire/discard: geen enkele treffer). Gevonden en geverifieerd (curl 200, application/pdf): Honeywell's officiele ""Harnesses and Body Belts User Instruction Manual"" (I119 Rev. G, MFP9720029; ANSI Z359.11/OSHA 1926.502/CSA Z259.10 - dekt volgens de ""Applicable Families""-bijlage expliciet ""H500"" en ""H700""). Dit document noemt GEEN vast aantal jaren voor levensduur. Letterlijk: ""Basic care of equipment will prolong its service life and will contribute toward the performance of its vital safety function."" en over keuring: ""equipment must be inspected by a competent person, other than the user, on a regular basis, at least annually. Any product exhibiting deformities, unusual wear, or deterioration must be immediately discarded in such a manner as to prevent inadvertent further use."" Dus: ANSI/OSHA/CSA-uitvoering van dit harnas heeft geen kalender-leeftijdsgrens vanuit de fabrikant, alleen een jaarlijkse keuringsplicht en afkeur bij schade. Geen getal ingevuld (geen gok); manual_url wel bijgewerkt naar deze echte IFU, want de oude link bevatte geen instructies of veiligheidsinformatie."
19305dfd-5654-4c7d-be32-597658ba07b5,Miller,"H500 IS4 Full-Body Harness, Tongue Leg & Mating Chest Buckles, Back, Front, Side D-Ring(s), Steel Hardware - Size UNIV",,,,,,,,,,,,,,,https://prod-edam.honeywell.com/content/dam/honeywell-edam/sps/his/en-gb/products/fall-protection/documents/sps-ppe-Harnesses-and-Body-Belts-User-Manual.pdf,,,,,,"Bestaande manual_url is een ""Technical Data""-specificatiebladen zonder gebruiksinstructies of leeftijdsvermelding (zelf gedownload en doorzocht op life/year/expir/retire/discard: geen enkele treffer). Gevonden en geverifieerd (curl 200, application/pdf): Honeywell's officiele ""Harnesses and Body Belts User Instruction Manual"" (I119 Rev. G, MFP9720029; ANSI Z359.11/OSHA 1926.502/CSA Z259.10 - dekt volgens de ""Applicable Families""-bijlage expliciet ""H500"" en ""H700""). Dit document noemt GEEN vast aantal jaren voor levensduur. Letterlijk: ""Basic care of equipment will prolong its service life and will contribute toward the performance of its vital safety function."" en over keuring: ""equipment must be inspected by a competent person, other than the user, on a regular basis, at least annually. Any product exhibiting deformities, unusual wear, or deterioration must be immediately discarded in such a manner as to prevent inadvertent further use."" Dus: ANSI/OSHA/CSA-uitvoering van dit harnas heeft geen kalender-leeftijdsgrens vanuit de fabrikant, alleen een jaarlijkse keuringsplicht en afkeur bij schade. Geen getal ingevuld (geen gok); manual_url wel bijgewerkt naar deze echte IFU, want de oude link bevatte geen instructies of veiligheidsinformatie."
8cc673ed-0b53-4631-827a-a53c99592174,Miller,"H500 IS4 Full-Body Harness, Tongue Leg & Mating Chest Buckles, Back, Front, Side D-Ring(s), Steel Hardware - Size XXL",,,,,,,,,,,,,,,https://prod-edam.honeywell.com/content/dam/honeywell-edam/sps/his/en-gb/products/fall-protection/documents/sps-ppe-Harnesses-and-Body-Belts-User-Manual.pdf,,,,,,"Bestaande manual_url is een ""Technical Data""-specificatiebladen zonder gebruiksinstructies of leeftijdsvermelding (zelf gedownload en doorzocht op life/year/expir/retire/discard: geen enkele treffer). Gevonden en geverifieerd (curl 200, application/pdf): Honeywell's officiele ""Harnesses and Body Belts User Instruction Manual"" (I119 Rev. G, MFP9720029; ANSI Z359.11/OSHA 1926.502/CSA Z259.10 - dekt volgens de ""Applicable Families""-bijlage expliciet ""H500"" en ""H700""). Dit document noemt GEEN vast aantal jaren voor levensduur. Letterlijk: ""Basic care of equipment will prolong its service life and will contribute toward the performance of its vital safety function."" en over keuring: ""equipment must be inspected by a competent person, other than the user, on a regular basis, at least annually. Any product exhibiting deformities, unusual wear, or deterioration must be immediately discarded in such a manner as to prevent inadvertent further use."" Dus: ANSI/OSHA/CSA-uitvoering van dit harnas heeft geen kalender-leeftijdsgrens vanuit de fabrikant, alleen een jaarlijkse keuringsplicht en afkeur bij schade. Geen getal ingevuld (geen gok); manual_url wel bijgewerkt naar deze echte IFU, want de oude link bevatte geen instructies of veiligheidsinformatie."
d28af097-3d5d-4f3d-8422-42489bd4007c,Miller,"H500 IS5P Full-Body Harness, Quick-Connect Leg & Quick-Connect Chest Buckles, Back D-Ring(s), Steel Hardware - Size S/M",,,,,,,,,,,,,,,https://prod-edam.honeywell.com/content/dam/honeywell-edam/sps/his/en-gb/products/fall-protection/documents/sps-ppe-Harnesses-and-Body-Belts-User-Manual.pdf,,,,,,"Bestaande manual_url is een ""Technical Data""-specificatiebladen zonder gebruiksinstructies of leeftijdsvermelding (zelf gedownload en doorzocht op life/year/expir/retire/discard: geen enkele treffer). Gevonden en geverifieerd (curl 200, application/pdf): Honeywell's officiele ""Harnesses and Body Belts User Instruction Manual"" (I119 Rev. G, MFP9720029; ANSI Z359.11/OSHA 1926.502/CSA Z259.10 - dekt volgens de ""Applicable Families""-bijlage expliciet ""H500"" en ""H700""). Dit document noemt GEEN vast aantal jaren voor levensduur. Letterlijk: ""Basic care of equipment will prolong its service life and will contribute toward the performance of its vital safety function."" en over keuring: ""equipment must be inspected by a competent person, other than the user, on a regular basis, at least annually. Any product exhibiting deformities, unusual wear, or deterioration must be immediately discarded in such a manner as to prevent inadvertent further use."" Dus: ANSI/OSHA/CSA-uitvoering van dit harnas heeft geen kalender-leeftijdsgrens vanuit de fabrikant, alleen een jaarlijkse keuringsplicht en afkeur bij schade. Geen getal ingevuld (geen gok); manual_url wel bijgewerkt naar deze echte IFU, want de oude link bevatte geen instructies of veiligheidsinformatie."
84fcca21-0093-4d20-87cc-2392bcd5156b,Miller,"H500 IS5P Full-Body Harness, Quick-Connect Leg & Quick-Connect Chest Buckles, Back D-Ring(s), Steel Hardware - Size UNIV",,,,,,,,,,,,,,,https://prod-edam.honeywell.com/content/dam/honeywell-edam/sps/his/en-gb/products/fall-protection/documents/sps-ppe-Harnesses-and-Body-Belts-User-Manual.pdf,,,,,,"Bestaande manual_url is een ""Technical Data""-specificatiebladen zonder gebruiksinstructies of leeftijdsvermelding (zelf gedownload en doorzocht op life/year/expir/retire/discard: geen enkele treffer). Gevonden en geverifieerd (curl 200, application/pdf): Honeywell's officiele ""Harnesses and Body Belts User Instruction Manual"" (I119 Rev. G, MFP9720029; ANSI Z359.11/OSHA 1926.502/CSA Z259.10 - dekt volgens de ""Applicable Families""-bijlage expliciet ""H500"" en ""H700""). Dit document noemt GEEN vast aantal jaren voor levensduur. Letterlijk: ""Basic care of equipment will prolong its service life and will contribute toward the performance of its vital safety function."" en over keuring: ""equipment must be inspected by a competent person, other than the user, on a regular basis, at least annually. Any product exhibiting deformities, unusual wear, or deterioration must be immediately discarded in such a manner as to prevent inadvertent further use."" Dus: ANSI/OSHA/CSA-uitvoering van dit harnas heeft geen kalender-leeftijdsgrens vanuit de fabrikant, alleen een jaarlijkse keuringsplicht en afkeur bij schade. Geen getal ingevuld (geen gok); manual_url wel bijgewerkt naar deze echte IFU, want de oude link bevatte geen instructies of veiligheidsinformatie."
2861aae0-c521-45ee-8d59-f01e79ac4b16,Miller,"H500 IS5P Full-Body Harness, Quick-Connect Leg & Quick-Connect Chest Buckles, Back D-Ring(s), Steel Hardware - Size XXL",,,,,,,,,,,,,,,https://prod-edam.honeywell.com/content/dam/honeywell-edam/sps/his/en-gb/products/fall-protection/documents/sps-ppe-Harnesses-and-Body-Belts-User-Manual.pdf,,,,,,"Bestaande manual_url is een ""Technical Data""-specificatiebladen zonder gebruiksinstructies of leeftijdsvermelding (zelf gedownload en doorzocht op life/year/expir/retire/discard: geen enkele treffer). Gevonden en geverifieerd (curl 200, application/pdf): Honeywell's officiele ""Harnesses and Body Belts User Instruction Manual"" (I119 Rev. G, MFP9720029; ANSI Z359.11/OSHA 1926.502/CSA Z259.10 - dekt volgens de ""Applicable Families""-bijlage expliciet ""H500"" en ""H700""). Dit document noemt GEEN vast aantal jaren voor levensduur. Letterlijk: ""Basic care of equipment will prolong its service life and will contribute toward the performance of its vital safety function."" en over keuring: ""equipment must be inspected by a competent person, other than the user, on a regular basis, at least annually. Any product exhibiting deformities, unusual wear, or deterioration must be immediately discarded in such a manner as to prevent inadvertent further use."" Dus: ANSI/OSHA/CSA-uitvoering van dit harnas heeft geen kalender-leeftijdsgrens vanuit de fabrikant, alleen een jaarlijkse keuringsplicht en afkeur bij schade. Geen getal ingevuld (geen gok); manual_url wel bijgewerkt naar deze echte IFU, want de oude link bevatte geen instructies of veiligheidsinformatie."
975dc758-c56f-487b-b37d-e428df4e46af,Miller,"H500 IS6P Full-Body Harness, Mating Leg & Mating Chest Buckles, Back D-Ring(s), Steel Hardware - Size S/M",,,,,,,,,,,,,,,https://prod-edam.honeywell.com/content/dam/honeywell-edam/sps/his/en-gb/products/fall-protection/documents/sps-ppe-Harnesses-and-Body-Belts-User-Manual.pdf,,,,,,"Bestaande manual_url is een ""Technical Data""-specificatiebladen zonder gebruiksinstructies of leeftijdsvermelding (zelf gedownload en doorzocht op life/year/expir/retire/discard: geen enkele treffer). Gevonden en geverifieerd (curl 200, application/pdf): Honeywell's officiele ""Harnesses and Body Belts User Instruction Manual"" (I119 Rev. G, MFP9720029; ANSI Z359.11/OSHA 1926.502/CSA Z259.10 - dekt volgens de ""Applicable Families""-bijlage expliciet ""H500"" en ""H700""). Dit document noemt GEEN vast aantal jaren voor levensduur. Letterlijk: ""Basic care of equipment will prolong its service life and will contribute toward the performance of its vital safety function."" en over keuring: ""equipment must be inspected by a competent person, other than the user, on a regular basis, at least annually. Any product exhibiting deformities, unusual wear, or deterioration must be immediately discarded in such a manner as to prevent inadvertent further use."" Dus: ANSI/OSHA/CSA-uitvoering van dit harnas heeft geen kalender-leeftijdsgrens vanuit de fabrikant, alleen een jaarlijkse keuringsplicht en afkeur bij schade. Geen getal ingevuld (geen gok); manual_url wel bijgewerkt naar deze echte IFU, want de oude link bevatte geen instructies of veiligheidsinformatie."
1b67fcc0-aec3-4219-8ae2-82915ce3e93c,Miller,"H500 IS6P Full-Body Harness, Mating Leg & Mating Chest Buckles, Back D-Ring(s), Steel Hardware - Size UNIV",,,,,,,,,,,,,,,https://prod-edam.honeywell.com/content/dam/honeywell-edam/sps/his/en-gb/products/fall-protection/documents/sps-ppe-Harnesses-and-Body-Belts-User-Manual.pdf,,,,,,"Bestaande manual_url is een ""Technical Data""-specificatiebladen zonder gebruiksinstructies of leeftijdsvermelding (zelf gedownload en doorzocht op life/year/expir/retire/discard: geen enkele treffer). Gevonden en geverifieerd (curl 200, application/pdf): Honeywell's officiele ""Harnesses and Body Belts User Instruction Manual"" (I119 Rev. G, MFP9720029; ANSI Z359.11/OSHA 1926.502/CSA Z259.10 - dekt volgens de ""Applicable Families""-bijlage expliciet ""H500"" en ""H700""). Dit document noemt GEEN vast aantal jaren voor levensduur. Letterlijk: ""Basic care of equipment will prolong its service life and will contribute toward the performance of its vital safety function."" en over keuring: ""equipment must be inspected by a competent person, other than the user, on a regular basis, at least annually. Any product exhibiting deformities, unusual wear, or deterioration must be immediately discarded in such a manner as to prevent inadvertent further use."" Dus: ANSI/OSHA/CSA-uitvoering van dit harnas heeft geen kalender-leeftijdsgrens vanuit de fabrikant, alleen een jaarlijkse keuringsplicht en afkeur bij schade. Geen getal ingevuld (geen gok); manual_url wel bijgewerkt naar deze echte IFU, want de oude link bevatte geen instructies of veiligheidsinformatie."
5a21b972-4079-4e04-b7d0-3585b1cfc9fe,Miller,"H500 IS6P Full-Body Harness, Mating Leg & Mating Chest Buckles, Back D-Ring(s), Steel Hardware - Size XXL",,,,,,,,,,,,,,,https://prod-edam.honeywell.com/content/dam/honeywell-edam/sps/his/en-gb/products/fall-protection/documents/sps-ppe-Harnesses-and-Body-Belts-User-Manual.pdf,,,,,,"Bestaande manual_url is een ""Technical Data""-specificatiebladen zonder gebruiksinstructies of leeftijdsvermelding (zelf gedownload en doorzocht op life/year/expir/retire/discard: geen enkele treffer). Gevonden en geverifieerd (curl 200, application/pdf): Honeywell's officiele ""Harnesses and Body Belts User Instruction Manual"" (I119 Rev. G, MFP9720029; ANSI Z359.11/OSHA 1926.502/CSA Z259.10 - dekt volgens de ""Applicable Families""-bijlage expliciet ""H500"" en ""H700""). Dit document noemt GEEN vast aantal jaren voor levensduur. Letterlijk: ""Basic care of equipment will prolong its service life and will contribute toward the performance of its vital safety function."" en over keuring: ""equipment must be inspected by a competent person, other than the user, on a regular basis, at least annually. Any product exhibiting deformities, unusual wear, or deterioration must be immediately discarded in such a manner as to prevent inadvertent further use."" Dus: ANSI/OSHA/CSA-uitvoering van dit harnas heeft geen kalender-leeftijdsgrens vanuit de fabrikant, alleen een jaarlijkse keuringsplicht en afkeur bij schade. Geen getal ingevuld (geen gok); manual_url wel bijgewerkt naar deze echte IFU, want de oude link bevatte geen instructies of veiligheidsinformatie."
ae9ece98-cd6e-44e6-ae7e-13a3ac84ae23,Miller,"H500 IS7P Full-Body Harness, Mating Leg & Mating Chest Buckles, Back, Side D-Ring(s), Steel Hardware - Size S/M",,,,,,,,,,,,,,,https://prod-edam.honeywell.com/content/dam/honeywell-edam/sps/his/en-gb/products/fall-protection/documents/sps-ppe-Harnesses-and-Body-Belts-User-Manual.pdf,,,,,,"Bestaande manual_url is een ""Technical Data""-specificatiebladen zonder gebruiksinstructies of leeftijdsvermelding (zelf gedownload en doorzocht op life/year/expir/retire/discard: geen enkele treffer). Gevonden en geverifieerd (curl 200, application/pdf): Honeywell's officiele ""Harnesses and Body Belts User Instruction Manual"" (I119 Rev. G, MFP9720029; ANSI Z359.11/OSHA 1926.502/CSA Z259.10 - dekt volgens de ""Applicable Families""-bijlage expliciet ""H500"" en ""H700""). Dit document noemt GEEN vast aantal jaren voor levensduur. Letterlijk: ""Basic care of equipment will prolong its service life and will contribute toward the performance of its vital safety function."" en over keuring: ""equipment must be inspected by a competent person, other than the user, on a regular basis, at least annually. Any product exhibiting deformities, unusual wear, or deterioration must be immediately discarded in such a manner as to prevent inadvertent further use."" Dus: ANSI/OSHA/CSA-uitvoering van dit harnas heeft geen kalender-leeftijdsgrens vanuit de fabrikant, alleen een jaarlijkse keuringsplicht en afkeur bij schade. Geen getal ingevuld (geen gok); manual_url wel bijgewerkt naar deze echte IFU, want de oude link bevatte geen instructies of veiligheidsinformatie."
ac1469c0-e29c-44f0-8eb4-e0ab6e247c76,Miller,"H500 IS7P Full-Body Harness, Mating Leg & Mating Chest Buckles, Back, Side D-Ring(s), Steel Hardware - Size UNIV",,,,,,,,,,,,,,,https://prod-edam.honeywell.com/content/dam/honeywell-edam/sps/his/en-gb/products/fall-protection/documents/sps-ppe-Harnesses-and-Body-Belts-User-Manual.pdf,,,,,,"Bestaande manual_url is een ""Technical Data""-specificatiebladen zonder gebruiksinstructies of leeftijdsvermelding (zelf gedownload en doorzocht op life/year/expir/retire/discard: geen enkele treffer). Gevonden en geverifieerd (curl 200, application/pdf): Honeywell's officiele ""Harnesses and Body Belts User Instruction Manual"" (I119 Rev. G, MFP9720029; ANSI Z359.11/OSHA 1926.502/CSA Z259.10 - dekt volgens de ""Applicable Families""-bijlage expliciet ""H500"" en ""H700""). Dit document noemt GEEN vast aantal jaren voor levensduur. Letterlijk: ""Basic care of equipment will prolong its service life and will contribute toward the performance of its vital safety function."" en over keuring: ""equipment must be inspected by a competent person, other than the user, on a regular basis, at least annually. Any product exhibiting deformities, unusual wear, or deterioration must be immediately discarded in such a manner as to prevent inadvertent further use."" Dus: ANSI/OSHA/CSA-uitvoering van dit harnas heeft geen kalender-leeftijdsgrens vanuit de fabrikant, alleen een jaarlijkse keuringsplicht en afkeur bij schade. Geen getal ingevuld (geen gok); manual_url wel bijgewerkt naar deze echte IFU, want de oude link bevatte geen instructies of veiligheidsinformatie."
b4406c34-1f85-42e1-b64c-77c863b31073,Miller,"H500 IS7P Full-Body Harness, Mating Leg & Mating Chest Buckles, Back, Side D-Ring(s), Steel Hardware - Size XXL",,,,,,,,,,,,,,,https://prod-edam.honeywell.com/content/dam/honeywell-edam/sps/his/en-gb/products/fall-protection/documents/sps-ppe-Harnesses-and-Body-Belts-User-Manual.pdf,,,,,,"Bestaande manual_url is een ""Technical Data""-specificatiebladen zonder gebruiksinstructies of leeftijdsvermelding (zelf gedownload en doorzocht op life/year/expir/retire/discard: geen enkele treffer). Gevonden en geverifieerd (curl 200, application/pdf): Honeywell's officiele ""Harnesses and Body Belts User Instruction Manual"" (I119 Rev. G, MFP9720029; ANSI Z359.11/OSHA 1926.502/CSA Z259.10 - dekt volgens de ""Applicable Families""-bijlage expliciet ""H500"" en ""H700""). Dit document noemt GEEN vast aantal jaren voor levensduur. Letterlijk: ""Basic care of equipment will prolong its service life and will contribute toward the performance of its vital safety function."" en over keuring: ""equipment must be inspected by a competent person, other than the user, on a regular basis, at least annually. Any product exhibiting deformities, unusual wear, or deterioration must be immediately discarded in such a manner as to prevent inadvertent further use."" Dus: ANSI/OSHA/CSA-uitvoering van dit harnas heeft geen kalender-leeftijdsgrens vanuit de fabrikant, alleen een jaarlijkse keuringsplicht en afkeur bij schade. Geen getal ingevuld (geen gok); manual_url wel bijgewerkt naar deze echte IFU, want de oude link bevatte geen instructies of veiligheidsinformatie."
fa47ca50-f876-43b7-98e5-39af1febbf59,Miller,"H500 IS8P Full-Body Harness, Tongue Leg & Quick-Connect Chest Buckles, Back D-Ring(s), Steel Hardware - Size S/M",,,,,,,,,,,,,,,https://prod-edam.honeywell.com/content/dam/honeywell-edam/sps/his/en-gb/products/fall-protection/documents/sps-ppe-Harnesses-and-Body-Belts-User-Manual.pdf,,,,,,"Bestaande manual_url is een ""Technical Data""-specificatiebladen zonder gebruiksinstructies of leeftijdsvermelding (zelf gedownload en doorzocht op life/year/expir/retire/discard: geen enkele treffer). Gevonden en geverifieerd (curl 200, application/pdf): Honeywell's officiele ""Harnesses and Body Belts User Instruction Manual"" (I119 Rev. G, MFP9720029; ANSI Z359.11/OSHA 1926.502/CSA Z259.10 - dekt volgens de ""Applicable Families""-bijlage expliciet ""H500"" en ""H700""). Dit document noemt GEEN vast aantal jaren voor levensduur. Letterlijk: ""Basic care of equipment will prolong its service life and will contribute toward the performance of its vital safety function."" en over keuring: ""equipment must be inspected by a competent person, other than the user, on a regular basis, at least annually. Any product exhibiting deformities, unusual wear, or deterioration must be immediately discarded in such a manner as to prevent inadvertent further use."" Dus: ANSI/OSHA/CSA-uitvoering van dit harnas heeft geen kalender-leeftijdsgrens vanuit de fabrikant, alleen een jaarlijkse keuringsplicht en afkeur bij schade. Geen getal ingevuld (geen gok); manual_url wel bijgewerkt naar deze echte IFU, want de oude link bevatte geen instructies of veiligheidsinformatie."
9ee0e0d2-fab5-4d96-9bb7-c165c23e103f,Miller,"H500 IS8P Full-Body Harness, Tongue Leg & Quick-Connect Chest Buckles, Back D-Ring(s), Steel Hardware - Size UNIV",,,,,,,,,,,,,,,https://prod-edam.honeywell.com/content/dam/honeywell-edam/sps/his/en-gb/products/fall-protection/documents/sps-ppe-Harnesses-and-Body-Belts-User-Manual.pdf,,,,,,"Bestaande manual_url is een ""Technical Data""-specificatiebladen zonder gebruiksinstructies of leeftijdsvermelding (zelf gedownload en doorzocht op life/year/expir/retire/discard: geen enkele treffer). Gevonden en geverifieerd (curl 200, application/pdf): Honeywell's officiele ""Harnesses and Body Belts User Instruction Manual"" (I119 Rev. G, MFP9720029; ANSI Z359.11/OSHA 1926.502/CSA Z259.10 - dekt volgens de ""Applicable Families""-bijlage expliciet ""H500"" en ""H700""). Dit document noemt GEEN vast aantal jaren voor levensduur. Letterlijk: ""Basic care of equipment will prolong its service life and will contribute toward the performance of its vital safety function."" en over keuring: ""equipment must be inspected by a competent person, other than the user, on a regular basis, at least annually. Any product exhibiting deformities, unusual wear, or deterioration must be immediately discarded in such a manner as to prevent inadvertent further use."" Dus: ANSI/OSHA/CSA-uitvoering van dit harnas heeft geen kalender-leeftijdsgrens vanuit de fabrikant, alleen een jaarlijkse keuringsplicht en afkeur bij schade. Geen getal ingevuld (geen gok); manual_url wel bijgewerkt naar deze echte IFU, want de oude link bevatte geen instructies of veiligheidsinformatie."
77efa83f-7852-4ae8-8ae0-9f002b67b503,Miller,"H500 IS8P Full-Body Harness, Tongue Leg & Quick-Connect Chest Buckles, Back D-Ring(s), Steel Hardware - Size XXL",,,,,,,,,,,,,,,https://prod-edam.honeywell.com/content/dam/honeywell-edam/sps/his/en-gb/products/fall-protection/documents/sps-ppe-Harnesses-and-Body-Belts-User-Manual.pdf,,,,,,"Bestaande manual_url is een ""Technical Data""-specificatiebladen zonder gebruiksinstructies of leeftijdsvermelding (zelf gedownload en doorzocht op life/year/expir/retire/discard: geen enkele treffer). Gevonden en geverifieerd (curl 200, application/pdf): Honeywell's officiele ""Harnesses and Body Belts User Instruction Manual"" (I119 Rev. G, MFP9720029; ANSI Z359.11/OSHA 1926.502/CSA Z259.10 - dekt volgens de ""Applicable Families""-bijlage expliciet ""H500"" en ""H700""). Dit document noemt GEEN vast aantal jaren voor levensduur. Letterlijk: ""Basic care of equipment will prolong its service life and will contribute toward the performance of its vital safety function."" en over keuring: ""equipment must be inspected by a competent person, other than the user, on a regular basis, at least annually. Any product exhibiting deformities, unusual wear, or deterioration must be immediately discarded in such a manner as to prevent inadvertent further use."" Dus: ANSI/OSHA/CSA-uitvoering van dit harnas heeft geen kalender-leeftijdsgrens vanuit de fabrikant, alleen een jaarlijkse keuringsplicht en afkeur bij schade. Geen getal ingevuld (geen gok); manual_url wel bijgewerkt naar deze echte IFU, want de oude link bevatte geen instructies of veiligheidsinformatie."
b1e9251a-af2e-46e2-930f-2ef098bc8941,Miller,"H500 IS9P Full-Body Harness, Quick-Connect Leg & Quick-Connect Chest Buckles, Back, Side D-Ring(s), Steel Hardware - Size S/M",,,,,,,,,,,,,,,https://prod-edam.honeywell.com/content/dam/honeywell-edam/sps/his/en-gb/products/fall-protection/documents/sps-ppe-Harnesses-and-Body-Belts-User-Manual.pdf,,,,,,"Bestaande manual_url is een ""Technical Data""-specificatiebladen zonder gebruiksinstructies of leeftijdsvermelding (zelf gedownload en doorzocht op life/year/expir/retire/discard: geen enkele treffer). Gevonden en geverifieerd (curl 200, application/pdf): Honeywell's officiele ""Harnesses and Body Belts User Instruction Manual"" (I119 Rev. G, MFP9720029; ANSI Z359.11/OSHA 1926.502/CSA Z259.10 - dekt volgens de ""Applicable Families""-bijlage expliciet ""H500"" en ""H700""). Dit document noemt GEEN vast aantal jaren voor levensduur. Letterlijk: ""Basic care of equipment will prolong its service life and will contribute toward the performance of its vital safety function."" en over keuring: ""equipment must be inspected by a competent person, other than the user, on a regular basis, at least annually. Any product exhibiting deformities, unusual wear, or deterioration must be immediately discarded in such a manner as to prevent inadvertent further use."" Dus: ANSI/OSHA/CSA-uitvoering van dit harnas heeft geen kalender-leeftijdsgrens vanuit de fabrikant, alleen een jaarlijkse keuringsplicht en afkeur bij schade. Geen getal ingevuld (geen gok); manual_url wel bijgewerkt naar deze echte IFU, want de oude link bevatte geen instructies of veiligheidsinformatie."
2a92e3a3-e095-487e-9e36-cc7d4851a63f,Miller,"H500 IS9P Full-Body Harness, Quick-Connect Leg & Quick-Connect Chest Buckles, Back, Side D-Ring(s), Steel Hardware - Size UNIV",,,,,,,,,,,,,,,https://prod-edam.honeywell.com/content/dam/honeywell-edam/sps/his/en-gb/products/fall-protection/documents/sps-ppe-Harnesses-and-Body-Belts-User-Manual.pdf,,,,,,"Bestaande manual_url is een ""Technical Data""-specificatiebladen zonder gebruiksinstructies of leeftijdsvermelding (zelf gedownload en doorzocht op life/year/expir/retire/discard: geen enkele treffer). Gevonden en geverifieerd (curl 200, application/pdf): Honeywell's officiele ""Harnesses and Body Belts User Instruction Manual"" (I119 Rev. G, MFP9720029; ANSI Z359.11/OSHA 1926.502/CSA Z259.10 - dekt volgens de ""Applicable Families""-bijlage expliciet ""H500"" en ""H700""). Dit document noemt GEEN vast aantal jaren voor levensduur. Letterlijk: ""Basic care of equipment will prolong its service life and will contribute toward the performance of its vital safety function."" en over keuring: ""equipment must be inspected by a competent person, other than the user, on a regular basis, at least annually. Any product exhibiting deformities, unusual wear, or deterioration must be immediately discarded in such a manner as to prevent inadvertent further use."" Dus: ANSI/OSHA/CSA-uitvoering van dit harnas heeft geen kalender-leeftijdsgrens vanuit de fabrikant, alleen een jaarlijkse keuringsplicht en afkeur bij schade. Geen getal ingevuld (geen gok); manual_url wel bijgewerkt naar deze echte IFU, want de oude link bevatte geen instructies of veiligheidsinformatie."
b59687f3-3a77-4c69-bfa6-dfcd5a280581,Miller,"H500 IS9P Full-Body Harness, Quick-Connect Leg & Quick-Connect Chest Buckles, Back, Side D-Ring(s), Steel Hardware - Size XXL",,,,,,,,,,,,,,,https://prod-edam.honeywell.com/content/dam/honeywell-edam/sps/his/en-gb/products/fall-protection/documents/sps-ppe-Harnesses-and-Body-Belts-User-Manual.pdf,,,,,,"Bestaande manual_url is een ""Technical Data""-specificatiebladen zonder gebruiksinstructies of leeftijdsvermelding (zelf gedownload en doorzocht op life/year/expir/retire/discard: geen enkele treffer). Gevonden en geverifieerd (curl 200, application/pdf): Honeywell's officiele ""Harnesses and Body Belts User Instruction Manual"" (I119 Rev. G, MFP9720029; ANSI Z359.11/OSHA 1926.502/CSA Z259.10 - dekt volgens de ""Applicable Families""-bijlage expliciet ""H500"" en ""H700""). Dit document noemt GEEN vast aantal jaren voor levensduur. Letterlijk: ""Basic care of equipment will prolong its service life and will contribute toward the performance of its vital safety function."" en over keuring: ""equipment must be inspected by a competent person, other than the user, on a regular basis, at least annually. Any product exhibiting deformities, unusual wear, or deterioration must be immediately discarded in such a manner as to prevent inadvertent further use."" Dus: ANSI/OSHA/CSA-uitvoering van dit harnas heeft geen kalender-leeftijdsgrens vanuit de fabrikant, alleen een jaarlijkse keuringsplicht en afkeur bij schade. Geen getal ingevuld (geen gok); manual_url wel bijgewerkt naar deze echte IFU, want de oude link bevatte geen instructies of veiligheidsinformatie."
c35d2f7a-4a18-4c94-ab3b-48357ccb77cb,Miller,"H500 IS10 Full-Body Harness, Tongue Leg & Quick-Connect Chest Buckles, Back, Front D-Ring(s), Steel Hardware - Size S/M",,,,,,,,,,,,,,,https://prod-edam.honeywell.com/content/dam/honeywell-edam/sps/his/en-gb/products/fall-protection/documents/sps-ppe-Harnesses-and-Body-Belts-User-Manual.pdf,,,,,,"Bestaande manual_url is een ""Technical Data""-specificatiebladen zonder gebruiksinstructies of leeftijdsvermelding (zelf gedownload en doorzocht op life/year/expir/retire/discard: geen enkele treffer). Gevonden en geverifieerd (curl 200, application/pdf): Honeywell's officiele ""Harnesses and Body Belts User Instruction Manual"" (I119 Rev. G, MFP9720029; ANSI Z359.11/OSHA 1926.502/CSA Z259.10 - dekt volgens de ""Applicable Families""-bijlage expliciet ""H500"" en ""H700""). Dit document noemt GEEN vast aantal jaren voor levensduur. Letterlijk: ""Basic care of equipment will prolong its service life and will contribute toward the performance of its vital safety function."" en over keuring: ""equipment must be inspected by a competent person, other than the user, on a regular basis, at least annually. Any product exhibiting deformities, unusual wear, or deterioration must be immediately discarded in such a manner as to prevent inadvertent further use."" Dus: ANSI/OSHA/CSA-uitvoering van dit harnas heeft geen kalender-leeftijdsgrens vanuit de fabrikant, alleen een jaarlijkse keuringsplicht en afkeur bij schade. Geen getal ingevuld (geen gok); manual_url wel bijgewerkt naar deze echte IFU, want de oude link bevatte geen instructies of veiligheidsinformatie."
26f74635-ca5f-46c7-a931-bc63f50f8a3a,Miller,"H500 IS10 Full-Body Harness, Tongue Leg & Quick-Connect Chest Buckles, Back, Front D-Ring(s), Steel Hardware - Size UNIV",,,,,,,,,,,,,,,https://prod-edam.honeywell.com/content/dam/honeywell-edam/sps/his/en-gb/products/fall-protection/documents/sps-ppe-Harnesses-and-Body-Belts-User-Manual.pdf,,,,,,"Bestaande manual_url is een ""Technical Data""-specificatiebladen zonder gebruiksinstructies of leeftijdsvermelding (zelf gedownload en doorzocht op life/year/expir/retire/discard: geen enkele treffer). Gevonden en geverifieerd (curl 200, application/pdf): Honeywell's officiele ""Harnesses and Body Belts User Instruction Manual"" (I119 Rev. G, MFP9720029; ANSI Z359.11/OSHA 1926.502/CSA Z259.10 - dekt volgens de ""Applicable Families""-bijlage expliciet ""H500"" en ""H700""). Dit document noemt GEEN vast aantal jaren voor levensduur. Letterlijk: ""Basic care of equipment will prolong its service life and will contribute toward the performance of its vital safety function."" en over keuring: ""equipment must be inspected by a competent person, other than the user, on a regular basis, at least annually. Any product exhibiting deformities, unusual wear, or deterioration must be immediately discarded in such a manner as to prevent inadvertent further use."" Dus: ANSI/OSHA/CSA-uitvoering van dit harnas heeft geen kalender-leeftijdsgrens vanuit de fabrikant, alleen een jaarlijkse keuringsplicht en afkeur bij schade. Geen getal ingevuld (geen gok); manual_url wel bijgewerkt naar deze echte IFU, want de oude link bevatte geen instructies of veiligheidsinformatie."
9a94e1a8-3326-43c6-88c5-c6230ce22438,Miller,"H500 IS10 Full-Body Harness, Tongue Leg & Quick-Connect Chest Buckles, Back, Front D-Ring(s), Steel Hardware - Size XXL",,,,,,,,,,,,,,,https://prod-edam.honeywell.com/content/dam/honeywell-edam/sps/his/en-gb/products/fall-protection/documents/sps-ppe-Harnesses-and-Body-Belts-User-Manual.pdf,,,,,,"Bestaande manual_url is een ""Technical Data""-specificatiebladen zonder gebruiksinstructies of leeftijdsvermelding (zelf gedownload en doorzocht op life/year/expir/retire/discard: geen enkele treffer). Gevonden en geverifieerd (curl 200, application/pdf): Honeywell's officiele ""Harnesses and Body Belts User Instruction Manual"" (I119 Rev. G, MFP9720029; ANSI Z359.11/OSHA 1926.502/CSA Z259.10 - dekt volgens de ""Applicable Families""-bijlage expliciet ""H500"" en ""H700""). Dit document noemt GEEN vast aantal jaren voor levensduur. Letterlijk: ""Basic care of equipment will prolong its service life and will contribute toward the performance of its vital safety function."" en over keuring: ""equipment must be inspected by a competent person, other than the user, on a regular basis, at least annually. Any product exhibiting deformities, unusual wear, or deterioration must be immediately discarded in such a manner as to prevent inadvertent further use."" Dus: ANSI/OSHA/CSA-uitvoering van dit harnas heeft geen kalender-leeftijdsgrens vanuit de fabrikant, alleen een jaarlijkse keuringsplicht en afkeur bij schade. Geen getal ingevuld (geen gok); manual_url wel bijgewerkt naar deze echte IFU, want de oude link bevatte geen instructies of veiligheidsinformatie."
ccebbb48-9849-43df-9a75-ff2bcfea8b9f,Miller,"H500 IS11 Full-Body Harness, Tongue Leg & Quick-Connect Chest Buckles, Back, Front, Side D-Ring(s), Steel Hardware - Size S/M",,,,,,,,,,,,,,,https://prod-edam.honeywell.com/content/dam/honeywell-edam/sps/his/en-gb/products/fall-protection/documents/sps-ppe-Harnesses-and-Body-Belts-User-Manual.pdf,,,,,,"Bestaande manual_url is een ""Technical Data""-specificatiebladen zonder gebruiksinstructies of leeftijdsvermelding (zelf gedownload en doorzocht op life/year/expir/retire/discard: geen enkele treffer). Gevonden en geverifieerd (curl 200, application/pdf): Honeywell's officiele ""Harnesses and Body Belts User Instruction Manual"" (I119 Rev. G, MFP9720029; ANSI Z359.11/OSHA 1926.502/CSA Z259.10 - dekt volgens de ""Applicable Families""-bijlage expliciet ""H500"" en ""H700""). Dit document noemt GEEN vast aantal jaren voor levensduur. Letterlijk: ""Basic care of equipment will prolong its service life and will contribute toward the performance of its vital safety function."" en over keuring: ""equipment must be inspected by a competent person, other than the user, on a regular basis, at least annually. Any product exhibiting deformities, unusual wear, or deterioration must be immediately discarded in such a manner as to prevent inadvertent further use."" Dus: ANSI/OSHA/CSA-uitvoering van dit harnas heeft geen kalender-leeftijdsgrens vanuit de fabrikant, alleen een jaarlijkse keuringsplicht en afkeur bij schade. Geen getal ingevuld (geen gok); manual_url wel bijgewerkt naar deze echte IFU, want de oude link bevatte geen instructies of veiligheidsinformatie."
e1e6a048-4aed-4e33-9c35-abad43f3f729,Miller,"H500 IS11 Full-Body Harness, Tongue Leg & Quick-Connect Chest Buckles, Back, Front, Side D-Ring(s), Steel Hardware - Size UNIV",,,,,,,,,,,,,,,https://prod-edam.honeywell.com/content/dam/honeywell-edam/sps/his/en-gb/products/fall-protection/documents/sps-ppe-Harnesses-and-Body-Belts-User-Manual.pdf,,,,,,"Bestaande manual_url is een ""Technical Data""-specificatiebladen zonder gebruiksinstructies of leeftijdsvermelding (zelf gedownload en doorzocht op life/year/expir/retire/discard: geen enkele treffer). Gevonden en geverifieerd (curl 200, application/pdf): Honeywell's officiele ""Harnesses and Body Belts User Instruction Manual"" (I119 Rev. G, MFP9720029; ANSI Z359.11/OSHA 1926.502/CSA Z259.10 - dekt volgens de ""Applicable Families""-bijlage expliciet ""H500"" en ""H700""). Dit document noemt GEEN vast aantal jaren voor levensduur. Letterlijk: ""Basic care of equipment will prolong its service life and will contribute toward the performance of its vital safety function."" en over keuring: ""equipment must be inspected by a competent person, other than the user, on a regular basis, at least annually. Any product exhibiting deformities, unusual wear, or deterioration must be immediately discarded in such a manner as to prevent inadvertent further use."" Dus: ANSI/OSHA/CSA-uitvoering van dit harnas heeft geen kalender-leeftijdsgrens vanuit de fabrikant, alleen een jaarlijkse keuringsplicht en afkeur bij schade. Geen getal ingevuld (geen gok); manual_url wel bijgewerkt naar deze echte IFU, want de oude link bevatte geen instructies of veiligheidsinformatie."
20be0623-4caf-4aef-99ca-0999fb704008,Miller,"H500 IS11 Full-Body Harness, Tongue Leg & Quick-Connect Chest Buckles, Back, Front, Side D-Ring(s), Steel Hardware - Size XXL",,,,,,,,,,,,,,,https://prod-edam.honeywell.com/content/dam/honeywell-edam/sps/his/en-gb/products/fall-protection/documents/sps-ppe-Harnesses-and-Body-Belts-User-Manual.pdf,,,,,,"Bestaande manual_url is een ""Technical Data""-specificatiebladen zonder gebruiksinstructies of leeftijdsvermelding (zelf gedownload en doorzocht op life/year/expir/retire/discard: geen enkele treffer). Gevonden en geverifieerd (curl 200, application/pdf): Honeywell's officiele ""Harnesses and Body Belts User Instruction Manual"" (I119 Rev. G, MFP9720029; ANSI Z359.11/OSHA 1926.502/CSA Z259.10 - dekt volgens de ""Applicable Families""-bijlage expliciet ""H500"" en ""H700""). Dit document noemt GEEN vast aantal jaren voor levensduur. Letterlijk: ""Basic care of equipment will prolong its service life and will contribute toward the performance of its vital safety function."" en over keuring: ""equipment must be inspected by a competent person, other than the user, on a regular basis, at least annually. Any product exhibiting deformities, unusual wear, or deterioration must be immediately discarded in such a manner as to prevent inadvertent further use."" Dus: ANSI/OSHA/CSA-uitvoering van dit harnas heeft geen kalender-leeftijdsgrens vanuit de fabrikant, alleen een jaarlijkse keuringsplicht en afkeur bij schade. Geen getal ingevuld (geen gok); manual_url wel bijgewerkt naar deze echte IFU, want de oude link bevatte geen instructies of veiligheidsinformatie."
5f186d58-51d3-4719-9cf7-96178f8af68b,Miller,"H700 Construction Comfort Full-Body Harness with Aluminum Hardware, 5 Points of Adjustment, Back/Front/Side D-Rings, Quick-Connect Leg & Chest Buckles - Size 3/4XL",,,,,,,,,,,,,,,https://prod-edam.honeywell.com/content/dam/honeywell-edam/sps/his/en-gb/products/fall-protection/documents/sps-ppe-Harnesses-and-Body-Belts-User-Manual.pdf,,,,,,"Bestaande manual_url is een ""Technical Data""-specificatiebladen zonder gebruiksinstructies of leeftijdsvermelding (zelf gedownload en doorzocht op life/year/expir/retire/discard: geen enkele treffer). Gevonden en geverifieerd (curl 200, application/pdf): Honeywell's officiele ""Harnesses and Body Belts User Instruction Manual"" (I119 Rev. G, MFP9720029; ANSI Z359.11/OSHA 1926.502/CSA Z259.10 - dekt volgens de ""Applicable Families""-bijlage expliciet ""H500"" en ""H700""). Dit document noemt GEEN vast aantal jaren voor levensduur. Letterlijk: ""Basic care of equipment will prolong its service life and will contribute toward the performance of its vital safety function."" en over keuring: ""equipment must be inspected by a competent person, other than the user, on a regular basis, at least annually. Any product exhibiting deformities, unusual wear, or deterioration must be immediately discarded in such a manner as to prevent inadvertent further use."" Dus: ANSI/OSHA/CSA-uitvoering van dit harnas heeft geen kalender-leeftijdsgrens vanuit de fabrikant, alleen een jaarlijkse keuringsplicht en afkeur bij schade. Geen getal ingevuld (geen gok); manual_url wel bijgewerkt naar deze echte IFU, want de oude link bevatte geen instructies of veiligheidsinformatie."
63fc4c90-c1ee-4d67-afaf-afaa3d0ac33d,Miller,"H700 Construction Comfort Full-Body Harness with Aluminum Hardware, 5 Points of Adjustment, Back/Front/Side D-Rings, Quick-Connect Leg & Chest Buckles - Size S/M",,,,,,,,,,,,,,,https://prod-edam.honeywell.com/content/dam/honeywell-edam/sps/his/en-gb/products/fall-protection/documents/sps-ppe-Harnesses-and-Body-Belts-User-Manual.pdf,,,,,,"Bestaande manual_url is een ""Technical Data""-specificatiebladen zonder gebruiksinstructies of leeftijdsvermelding (zelf gedownload en doorzocht op life/year/expir/retire/discard: geen enkele treffer). Gevonden en geverifieerd (curl 200, application/pdf): Honeywell's officiele ""Harnesses and Body Belts User Instruction Manual"" (I119 Rev. G, MFP9720029; ANSI Z359.11/OSHA 1926.502/CSA Z259.10 - dekt volgens de ""Applicable Families""-bijlage expliciet ""H500"" en ""H700""). Dit document noemt GEEN vast aantal jaren voor levensduur. Letterlijk: ""Basic care of equipment will prolong its service life and will contribute toward the performance of its vital safety function."" en over keuring: ""equipment must be inspected by a competent person, other than the user, on a regular basis, at least annually. Any product exhibiting deformities, unusual wear, or deterioration must be immediately discarded in such a manner as to prevent inadvertent further use."" Dus: ANSI/OSHA/CSA-uitvoering van dit harnas heeft geen kalender-leeftijdsgrens vanuit de fabrikant, alleen een jaarlijkse keuringsplicht en afkeur bij schade. Geen getal ingevuld (geen gok); manual_url wel bijgewerkt naar deze echte IFU, want de oude link bevatte geen instructies of veiligheidsinformatie."
1cbee664-827b-4f13-8f45-9807d58c8e94,Miller,"H700 Construction Comfort Full-Body Harness with Aluminum Hardware, 5 Points of Adjustment, Back/Front/Side D-Rings, Quick-Connect Leg & Chest Buckles - Size UNIV",,,,,,,,,,,,,,,https://prod-edam.honeywell.com/content/dam/honeywell-edam/sps/his/en-gb/products/fall-protection/documents/sps-ppe-Harnesses-and-Body-Belts-User-Manual.pdf,,,,,,"Bestaande manual_url is een ""Technical Data""-specificatiebladen zonder gebruiksinstructies of leeftijdsvermelding (zelf gedownload en doorzocht op life/year/expir/retire/discard: geen enkele treffer). Gevonden en geverifieerd (curl 200, application/pdf): Honeywell's officiele ""Harnesses and Body Belts User Instruction Manual"" (I119 Rev. G, MFP9720029; ANSI Z359.11/OSHA 1926.502/CSA Z259.10 - dekt volgens de ""Applicable Families""-bijlage expliciet ""H500"" en ""H700""). Dit document noemt GEEN vast aantal jaren voor levensduur. Letterlijk: ""Basic care of equipment will prolong its service life and will contribute toward the performance of its vital safety function."" en over keuring: ""equipment must be inspected by a competent person, other than the user, on a regular basis, at least annually. Any product exhibiting deformities, unusual wear, or deterioration must be immediately discarded in such a manner as to prevent inadvertent further use."" Dus: ANSI/OSHA/CSA-uitvoering van dit harnas heeft geen kalender-leeftijdsgrens vanuit de fabrikant, alleen een jaarlijkse keuringsplicht en afkeur bij schade. Geen getal ingevuld (geen gok); manual_url wel bijgewerkt naar deze echte IFU, want de oude link bevatte geen instructies of veiligheidsinformatie."
f08a63a6-9d05-4683-9ddf-6b9514f628d6,Miller,"H700 Construction Comfort Full-Body Harness with Aluminum Hardware, 5 Points of Adjustment, Back/Front/Side D-Rings, Quick-Connect Leg & Chest Buckles - Size XS",,,,,,,,,,,,,,,https://prod-edam.honeywell.com/content/dam/honeywell-edam/sps/his/en-gb/products/fall-protection/documents/sps-ppe-Harnesses-and-Body-Belts-User-Manual.pdf,,,,,,"Bestaande manual_url is een ""Technical Data""-specificatiebladen zonder gebruiksinstructies of leeftijdsvermelding (zelf gedownload en doorzocht op life/year/expir/retire/discard: geen enkele treffer). Gevonden en geverifieerd (curl 200, application/pdf): Honeywell's officiele ""Harnesses and Body Belts User Instruction Manual"" (I119 Rev. G, MFP9720029; ANSI Z359.11/OSHA 1926.502/CSA Z259.10 - dekt volgens de ""Applicable Families""-bijlage expliciet ""H500"" en ""H700""). Dit document noemt GEEN vast aantal jaren voor levensduur. Letterlijk: ""Basic care of equipment will prolong its service life and will contribute toward the performance of its vital safety function."" en over keuring: ""equipment must be inspected by a competent person, other than the user, on a regular basis, at least annually. Any product exhibiting deformities, unusual wear, or deterioration must be immediately discarded in such a manner as to prevent inadvertent further use."" Dus: ANSI/OSHA/CSA-uitvoering van dit harnas heeft geen kalender-leeftijdsgrens vanuit de fabrikant, alleen een jaarlijkse keuringsplicht en afkeur bij schade. Geen getal ingevuld (geen gok); manual_url wel bijgewerkt naar deze echte IFU, want de oude link bevatte geen instructies of veiligheidsinformatie."
c69c678d-0b25-4aeb-a0e3-0df1095b8116,Miller,"H700 Construction Comfort Full-Body Harness with Aluminum Hardware, 5 Points of Adjustment, Back/Front/Side D-Rings, Quick-Connect Leg & Chest Buckles - Size XXL",,,,,,,,,,,,,,,https://prod-edam.honeywell.com/content/dam/honeywell-edam/sps/his/en-gb/products/fall-protection/documents/sps-ppe-Harnesses-and-Body-Belts-User-Manual.pdf,,,,,,"Bestaande manual_url is een ""Technical Data""-specificatiebladen zonder gebruiksinstructies of leeftijdsvermelding (zelf gedownload en doorzocht op life/year/expir/retire/discard: geen enkele treffer). Gevonden en geverifieerd (curl 200, application/pdf): Honeywell's officiele ""Harnesses and Body Belts User Instruction Manual"" (I119 Rev. G, MFP9720029; ANSI Z359.11/OSHA 1926.502/CSA Z259.10 - dekt volgens de ""Applicable Families""-bijlage expliciet ""H500"" en ""H700""). Dit document noemt GEEN vast aantal jaren voor levensduur. Letterlijk: ""Basic care of equipment will prolong its service life and will contribute toward the performance of its vital safety function."" en over keuring: ""equipment must be inspected by a competent person, other than the user, on a regular basis, at least annually. Any product exhibiting deformities, unusual wear, or deterioration must be immediately discarded in such a manner as to prevent inadvertent further use."" Dus: ANSI/OSHA/CSA-uitvoering van dit harnas heeft geen kalender-leeftijdsgrens vanuit de fabrikant, alleen een jaarlijkse keuringsplicht en afkeur bij schade. Geen getal ingevuld (geen gok); manual_url wel bijgewerkt naar deze echte IFU, want de oude link bevatte geen instructies of veiligheidsinformatie."
7110dbcf-0f6a-4bcd-9422-a9514d5aa628,Miller,"H700 Construction Comfort Full-Body Harness with Aluminum Hardware, 5 Points of Adjustment, Back/Front/Side D-Rings, Tongue Leg Buckles, Quick-Connect Chest Buckle - Size 3/4XL",,,,,,,,,,,,,,,https://prod-edam.honeywell.com/content/dam/honeywell-edam/sps/his/en-gb/products/fall-protection/documents/sps-ppe-Harnesses-and-Body-Belts-User-Manual.pdf,,,,,,"Bestaande manual_url is een ""Technical Data""-specificatiebladen zonder gebruiksinstructies of leeftijdsvermelding (zelf gedownload en doorzocht op life/year/expir/retire/discard: geen enkele treffer). Gevonden en geverifieerd (curl 200, application/pdf): Honeywell's officiele ""Harnesses and Body Belts User Instruction Manual"" (I119 Rev. G, MFP9720029; ANSI Z359.11/OSHA 1926.502/CSA Z259.10 - dekt volgens de ""Applicable Families""-bijlage expliciet ""H500"" en ""H700""). Dit document noemt GEEN vast aantal jaren voor levensduur. Letterlijk: ""Basic care of equipment will prolong its service life and will contribute toward the performance of its vital safety function."" en over keuring: ""equipment must be inspected by a competent person, other than the user, on a regular basis, at least annually. Any product exhibiting deformities, unusual wear, or deterioration must be immediately discarded in such a manner as to prevent inadvertent further use."" Dus: ANSI/OSHA/CSA-uitvoering van dit harnas heeft geen kalender-leeftijdsgrens vanuit de fabrikant, alleen een jaarlijkse keuringsplicht en afkeur bij schade. Geen getal ingevuld (geen gok); manual_url wel bijgewerkt naar deze echte IFU, want de oude link bevatte geen instructies of veiligheidsinformatie."
b98977a4-04db-4bf5-9ab6-2c6295d06080,Miller,"H700 Construction Comfort Full-Body Harness with Aluminum Hardware, 5 Points of Adjustment, Back/Front/Side D-Rings, Tongue Leg Buckles, Quick-Connect Chest Buckle - Size S/M",,,,,,,,,,,,,,,https://prod-edam.honeywell.com/content/dam/honeywell-edam/sps/his/en-gb/products/fall-protection/documents/sps-ppe-Harnesses-and-Body-Belts-User-Manual.pdf,,,,,,"Bestaande manual_url is een ""Technical Data""-specificatiebladen zonder gebruiksinstructies of leeftijdsvermelding (zelf gedownload en doorzocht op life/year/expir/retire/discard: geen enkele treffer). Gevonden en geverifieerd (curl 200, application/pdf): Honeywell's officiele ""Harnesses and Body Belts User Instruction Manual"" (I119 Rev. G, MFP9720029; ANSI Z359.11/OSHA 1926.502/CSA Z259.10 - dekt volgens de ""Applicable Families""-bijlage expliciet ""H500"" en ""H700""). Dit document noemt GEEN vast aantal jaren voor levensduur. Letterlijk: ""Basic care of equipment will prolong its service life and will contribute toward the performance of its vital safety function."" en over keuring: ""equipment must be inspected by a competent person, other than the user, on a regular basis, at least annually. Any product exhibiting deformities, unusual wear, or deterioration must be immediately discarded in such a manner as to prevent inadvertent further use."" Dus: ANSI/OSHA/CSA-uitvoering van dit harnas heeft geen kalender-leeftijdsgrens vanuit de fabrikant, alleen een jaarlijkse keuringsplicht en afkeur bij schade. Geen getal ingevuld (geen gok); manual_url wel bijgewerkt naar deze echte IFU, want de oude link bevatte geen instructies of veiligheidsinformatie."
f1216769-3d59-4f5e-b346-3fef19f702b3,Miller,"H700 Construction Comfort Full-Body Harness with Aluminum Hardware, 5 Points of Adjustment, Back/Front/Side D-Rings, Tongue Leg Buckles, Quick-Connect Chest Buckle - Size UNIV",,,,,,,,,,,,,,,https://prod-edam.honeywell.com/content/dam/honeywell-edam/sps/his/en-gb/products/fall-protection/documents/sps-ppe-Harnesses-and-Body-Belts-User-Manual.pdf,,,,,,"Bestaande manual_url is een ""Technical Data""-specificatiebladen zonder gebruiksinstructies of leeftijdsvermelding (zelf gedownload en doorzocht op life/year/expir/retire/discard: geen enkele treffer). Gevonden en geverifieerd (curl 200, application/pdf): Honeywell's officiele ""Harnesses and Body Belts User Instruction Manual"" (I119 Rev. G, MFP9720029; ANSI Z359.11/OSHA 1926.502/CSA Z259.10 - dekt volgens de ""Applicable Families""-bijlage expliciet ""H500"" en ""H700""). Dit document noemt GEEN vast aantal jaren voor levensduur. Letterlijk: ""Basic care of equipment will prolong its service life and will contribute toward the performance of its vital safety function."" en over keuring: ""equipment must be inspected by a competent person, other than the user, on a regular basis, at least annually. Any product exhibiting deformities, unusual wear, or deterioration must be immediately discarded in such a manner as to prevent inadvertent further use."" Dus: ANSI/OSHA/CSA-uitvoering van dit harnas heeft geen kalender-leeftijdsgrens vanuit de fabrikant, alleen een jaarlijkse keuringsplicht en afkeur bij schade. Geen getal ingevuld (geen gok); manual_url wel bijgewerkt naar deze echte IFU, want de oude link bevatte geen instructies of veiligheidsinformatie."
fb60f258-fa4e-47ac-9d38-18af0354e725,Miller,"H700 Construction Comfort Full-Body Harness with Aluminum Hardware, 5 Points of Adjustment, Back/Front/Side D-Rings, Tongue Leg Buckles, Quick-Connect Chest Buckle - Size XS",,,,,,,,,,,,,,,https://prod-edam.honeywell.com/content/dam/honeywell-edam/sps/his/en-gb/products/fall-protection/documents/sps-ppe-Harnesses-and-Body-Belts-User-Manual.pdf,,,,,,"Bestaande manual_url is een ""Technical Data""-specificatiebladen zonder gebruiksinstructies of leeftijdsvermelding (zelf gedownload en doorzocht op life/year/expir/retire/discard: geen enkele treffer). Gevonden en geverifieerd (curl 200, application/pdf): Honeywell's officiele ""Harnesses and Body Belts User Instruction Manual"" (I119 Rev. G, MFP9720029; ANSI Z359.11/OSHA 1926.502/CSA Z259.10 - dekt volgens de ""Applicable Families""-bijlage expliciet ""H500"" en ""H700""). Dit document noemt GEEN vast aantal jaren voor levensduur. Letterlijk: ""Basic care of equipment will prolong its service life and will contribute toward the performance of its vital safety function."" en over keuring: ""equipment must be inspected by a competent person, other than the user, on a regular basis, at least annually. Any product exhibiting deformities, unusual wear, or deterioration must be immediately discarded in such a manner as to prevent inadvertent further use."" Dus: ANSI/OSHA/CSA-uitvoering van dit harnas heeft geen kalender-leeftijdsgrens vanuit de fabrikant, alleen een jaarlijkse keuringsplicht en afkeur bij schade. Geen getal ingevuld (geen gok); manual_url wel bijgewerkt naar deze echte IFU, want de oude link bevatte geen instructies of veiligheidsinformatie."
026b6899-8a57-473f-a787-d44dd5bb7abd,Miller,"H700 Construction Comfort Full-Body Harness with Aluminum Hardware, 5 Points of Adjustment, Back/Front/Side D-Rings, Tongue Leg Buckles, Quick-Connect Chest Buckle - Size XXL",,,,,,,,,,,,,,,https://prod-edam.honeywell.com/content/dam/honeywell-edam/sps/his/en-gb/products/fall-protection/documents/sps-ppe-Harnesses-and-Body-Belts-User-Manual.pdf,,,,,,"Bestaande manual_url is een ""Technical Data""-specificatiebladen zonder gebruiksinstructies of leeftijdsvermelding (zelf gedownload en doorzocht op life/year/expir/retire/discard: geen enkele treffer). Gevonden en geverifieerd (curl 200, application/pdf): Honeywell's officiele ""Harnesses and Body Belts User Instruction Manual"" (I119 Rev. G, MFP9720029; ANSI Z359.11/OSHA 1926.502/CSA Z259.10 - dekt volgens de ""Applicable Families""-bijlage expliciet ""H500"" en ""H700""). Dit document noemt GEEN vast aantal jaren voor levensduur. Letterlijk: ""Basic care of equipment will prolong its service life and will contribute toward the performance of its vital safety function."" en over keuring: ""equipment must be inspected by a competent person, other than the user, on a regular basis, at least annually. Any product exhibiting deformities, unusual wear, or deterioration must be immediately discarded in such a manner as to prevent inadvertent further use."" Dus: ANSI/OSHA/CSA-uitvoering van dit harnas heeft geen kalender-leeftijdsgrens vanuit de fabrikant, alleen een jaarlijkse keuringsplicht en afkeur bij schade. Geen getal ingevuld (geen gok); manual_url wel bijgewerkt naar deze echte IFU, want de oude link bevatte geen instructies of veiligheidsinformatie."
7bbd44b2-9ff3-4317-af21-7bb24a30adab,Miller,"H700 Construction Comfort Full-Body Harness with Aluminum Hardware, 5 Points of Adjustment, Back/Side D-Rings, Tongue Leg Buckles, Quick-Connect Chest Buckle - Size 3/4XL",,,,,,,,,,,,,,,https://prod-edam.honeywell.com/content/dam/honeywell-edam/sps/his/en-gb/products/fall-protection/documents/sps-ppe-Harnesses-and-Body-Belts-User-Manual.pdf,,,,,,"Bestaande manual_url is een ""Technical Data""-specificatiebladen zonder gebruiksinstructies of leeftijdsvermelding (zelf gedownload en doorzocht op life/year/expir/retire/discard: geen enkele treffer). Gevonden en geverifieerd (curl 200, application/pdf): Honeywell's officiele ""Harnesses and Body Belts User Instruction Manual"" (I119 Rev. G, MFP9720029; ANSI Z359.11/OSHA 1926.502/CSA Z259.10 - dekt volgens de ""Applicable Families""-bijlage expliciet ""H500"" en ""H700""). Dit document noemt GEEN vast aantal jaren voor levensduur. Letterlijk: ""Basic care of equipment will prolong its service life and will contribute toward the performance of its vital safety function."" en over keuring: ""equipment must be inspected by a competent person, other than the user, on a regular basis, at least annually. Any product exhibiting deformities, unusual wear, or deterioration must be immediately discarded in such a manner as to prevent inadvertent further use."" Dus: ANSI/OSHA/CSA-uitvoering van dit harnas heeft geen kalender-leeftijdsgrens vanuit de fabrikant, alleen een jaarlijkse keuringsplicht en afkeur bij schade. Geen getal ingevuld (geen gok); manual_url wel bijgewerkt naar deze echte IFU, want de oude link bevatte geen instructies of veiligheidsinformatie."
06bdd8f2-f88f-499f-85e9-fcec0990a5a3,Miller,"H700 Construction Comfort Full-Body Harness with Aluminum Hardware, 5 Points of Adjustment, Back/Side D-Rings, Tongue Leg Buckles, Quick-Connect Chest Buckle - Size S/M",,,,,,,,,,,,,,,https://prod-edam.honeywell.com/content/dam/honeywell-edam/sps/his/en-gb/products/fall-protection/documents/sps-ppe-Harnesses-and-Body-Belts-User-Manual.pdf,,,,,,"Bestaande manual_url is een ""Technical Data""-specificatiebladen zonder gebruiksinstructies of leeftijdsvermelding (zelf gedownload en doorzocht op life/year/expir/retire/discard: geen enkele treffer). Gevonden en geverifieerd (curl 200, application/pdf): Honeywell's officiele ""Harnesses and Body Belts User Instruction Manual"" (I119 Rev. G, MFP9720029; ANSI Z359.11/OSHA 1926.502/CSA Z259.10 - dekt volgens de ""Applicable Families""-bijlage expliciet ""H500"" en ""H700""). Dit document noemt GEEN vast aantal jaren voor levensduur. Letterlijk: ""Basic care of equipment will prolong its service life and will contribute toward the performance of its vital safety function."" en over keuring: ""equipment must be inspected by a competent person, other than the user, on a regular basis, at least annually. Any product exhibiting deformities, unusual wear, or deterioration must be immediately discarded in such a manner as to prevent inadvertent further use."" Dus: ANSI/OSHA/CSA-uitvoering van dit harnas heeft geen kalender-leeftijdsgrens vanuit de fabrikant, alleen een jaarlijkse keuringsplicht en afkeur bij schade. Geen getal ingevuld (geen gok); manual_url wel bijgewerkt naar deze echte IFU, want de oude link bevatte geen instructies of veiligheidsinformatie."
f9ddaf40-1b6d-40fc-8ae8-60160ccfb8df,Miller,"H700 Construction Comfort Full-Body Harness with Aluminum Hardware, 5 Points of Adjustment, Back/Side D-Rings, Tongue Leg Buckles, Quick-Connect Chest Buckle - Size UNIV",,,,,,,,,,,,,,,https://prod-edam.honeywell.com/content/dam/honeywell-edam/sps/his/en-gb/products/fall-protection/documents/sps-ppe-Harnesses-and-Body-Belts-User-Manual.pdf,,,,,,"Bestaande manual_url is een ""Technical Data""-specificatiebladen zonder gebruiksinstructies of leeftijdsvermelding (zelf gedownload en doorzocht op life/year/expir/retire/discard: geen enkele treffer). Gevonden en geverifieerd (curl 200, application/pdf): Honeywell's officiele ""Harnesses and Body Belts User Instruction Manual"" (I119 Rev. G, MFP9720029; ANSI Z359.11/OSHA 1926.502/CSA Z259.10 - dekt volgens de ""Applicable Families""-bijlage expliciet ""H500"" en ""H700""). Dit document noemt GEEN vast aantal jaren voor levensduur. Letterlijk: ""Basic care of equipment will prolong its service life and will contribute toward the performance of its vital safety function."" en over keuring: ""equipment must be inspected by a competent person, other than the user, on a regular basis, at least annually. Any product exhibiting deformities, unusual wear, or deterioration must be immediately discarded in such a manner as to prevent inadvertent further use."" Dus: ANSI/OSHA/CSA-uitvoering van dit harnas heeft geen kalender-leeftijdsgrens vanuit de fabrikant, alleen een jaarlijkse keuringsplicht en afkeur bij schade. Geen getal ingevuld (geen gok); manual_url wel bijgewerkt naar deze echte IFU, want de oude link bevatte geen instructies of veiligheidsinformatie."
3660d274-3186-427c-bdbc-2b9714142e76,Miller,"H700 Construction Comfort Full-Body Harness with Aluminum Hardware, 5 Points of Adjustment, Back/Side D-Rings, Tongue Leg Buckles, Quick-Connect Chest Buckle - Size XS",,,,,,,,,,,,,,,https://prod-edam.honeywell.com/content/dam/honeywell-edam/sps/his/en-gb/products/fall-protection/documents/sps-ppe-Harnesses-and-Body-Belts-User-Manual.pdf,,,,,,"Bestaande manual_url is een ""Technical Data""-specificatiebladen zonder gebruiksinstructies of leeftijdsvermelding (zelf gedownload en doorzocht op life/year/expir/retire/discard: geen enkele treffer). Gevonden en geverifieerd (curl 200, application/pdf): Honeywell's officiele ""Harnesses and Body Belts User Instruction Manual"" (I119 Rev. G, MFP9720029; ANSI Z359.11/OSHA 1926.502/CSA Z259.10 - dekt volgens de ""Applicable Families""-bijlage expliciet ""H500"" en ""H700""). Dit document noemt GEEN vast aantal jaren voor levensduur. Letterlijk: ""Basic care of equipment will prolong its service life and will contribute toward the performance of its vital safety function."" en over keuring: ""equipment must be inspected by a competent person, other than the user, on a regular basis, at least annually. Any product exhibiting deformities, unusual wear, or deterioration must be immediately discarded in such a manner as to prevent inadvertent further use."" Dus: ANSI/OSHA/CSA-uitvoering van dit harnas heeft geen kalender-leeftijdsgrens vanuit de fabrikant, alleen een jaarlijkse keuringsplicht en afkeur bij schade. Geen getal ingevuld (geen gok); manual_url wel bijgewerkt naar deze echte IFU, want de oude link bevatte geen instructies of veiligheidsinformatie."
d6be034b-ecbb-4b51-b064-efed87e25372,Miller,"H700 Construction Comfort Full-Body Harness with Aluminum Hardware, 5 Points of Adjustment, Back/Side D-Rings, Tongue Leg Buckles, Quick-Connect Chest Buckle - Size XXL",,,,,,,,,,,,,,,https://prod-edam.honeywell.com/content/dam/honeywell-edam/sps/his/en-gb/products/fall-protection/documents/sps-ppe-Harnesses-and-Body-Belts-User-Manual.pdf,,,,,,"Bestaande manual_url is een ""Technical Data""-specificatiebladen zonder gebruiksinstructies of leeftijdsvermelding (zelf gedownload en doorzocht op life/year/expir/retire/discard: geen enkele treffer). Gevonden en geverifieerd (curl 200, application/pdf): Honeywell's officiele ""Harnesses and Body Belts User Instruction Manual"" (I119 Rev. G, MFP9720029; ANSI Z359.11/OSHA 1926.502/CSA Z259.10 - dekt volgens de ""Applicable Families""-bijlage expliciet ""H500"" en ""H700""). Dit document noemt GEEN vast aantal jaren voor levensduur. Letterlijk: ""Basic care of equipment will prolong its service life and will contribute toward the performance of its vital safety function."" en over keuring: ""equipment must be inspected by a competent person, other than the user, on a regular basis, at least annually. Any product exhibiting deformities, unusual wear, or deterioration must be immediately discarded in such a manner as to prevent inadvertent further use."" Dus: ANSI/OSHA/CSA-uitvoering van dit harnas heeft geen kalender-leeftijdsgrens vanuit de fabrikant, alleen een jaarlijkse keuringsplicht en afkeur bij schade. Geen getal ingevuld (geen gok); manual_url wel bijgewerkt naar deze echte IFU, want de oude link bevatte geen instructies of veiligheidsinformatie."
04d33a20-4284-43db-9470-2c7ea6b8cabb,Miller,"H700 Premium Full-Body Harness with Lightweight Aluminum Hardware, 5 Points of Adjustment, Back D-Ring and Quick-Connect Chest & Leg Buckles - Size 2XL",,,,,,,,,,,,,,,https://prod-edam.honeywell.com/content/dam/honeywell-edam/sps/his/en-gb/products/fall-protection/documents/sps-ppe-Harnesses-and-Body-Belts-User-Manual.pdf,,,,,,"Bestaande manual_url is een ""Technical Data""-specificatiebladen zonder gebruiksinstructies of leeftijdsvermelding (zelf gedownload en doorzocht op life/year/expir/retire/discard: geen enkele treffer). Gevonden en geverifieerd (curl 200, application/pdf): Honeywell's officiele ""Harnesses and Body Belts User Instruction Manual"" (I119 Rev. G, MFP9720029; ANSI Z359.11/OSHA 1926.502/CSA Z259.10 - dekt volgens de ""Applicable Families""-bijlage expliciet ""H500"" en ""H700""). Dit document noemt GEEN vast aantal jaren voor levensduur. Letterlijk: ""Basic care of equipment will prolong its service life and will contribute toward the performance of its vital safety function."" en over keuring: ""equipment must be inspected by a competent person, other than the user, on a regular basis, at least annually. Any product exhibiting deformities, unusual wear, or deterioration must be immediately discarded in such a manner as to prevent inadvertent further use."" Dus: ANSI/OSHA/CSA-uitvoering van dit harnas heeft geen kalender-leeftijdsgrens vanuit de fabrikant, alleen een jaarlijkse keuringsplicht en afkeur bij schade. Geen getal ingevuld (geen gok); manual_url wel bijgewerkt naar deze echte IFU, want de oude link bevatte geen instructies of veiligheidsinformatie."
ba9bdcd8-bb8a-4bd6-8059-c8e3c0f3da66,Miller,"H700 Premium Full-Body Harness with Lightweight Aluminum Hardware, 5 Points of Adjustment, Back D-Ring and Quick-Connect Chest & Leg Buckles - Size 4XL",,,,,,,,,,,,,,,https://prod-edam.honeywell.com/content/dam/honeywell-edam/sps/his/en-gb/products/fall-protection/documents/sps-ppe-Harnesses-and-Body-Belts-User-Manual.pdf,,,,,,"Bestaande manual_url is een ""Technical Data""-specificatiebladen zonder gebruiksinstructies of leeftijdsvermelding (zelf gedownload en doorzocht op life/year/expir/retire/discard: geen enkele treffer). Gevonden en geverifieerd (curl 200, application/pdf): Honeywell's officiele ""Harnesses and Body Belts User Instruction Manual"" (I119 Rev. G, MFP9720029; ANSI Z359.11/OSHA 1926.502/CSA Z259.10 - dekt volgens de ""Applicable Families""-bijlage expliciet ""H500"" en ""H700""). Dit document noemt GEEN vast aantal jaren voor levensduur. Letterlijk: ""Basic care of equipment will prolong its service life and will contribute toward the performance of its vital safety function."" en over keuring: ""equipment must be inspected by a competent person, other than the user, on a regular basis, at least annually. Any product exhibiting deformities, unusual wear, or deterioration must be immediately discarded in such a manner as to prevent inadvertent further use."" Dus: ANSI/OSHA/CSA-uitvoering van dit harnas heeft geen kalender-leeftijdsgrens vanuit de fabrikant, alleen een jaarlijkse keuringsplicht en afkeur bij schade. Geen getal ingevuld (geen gok); manual_url wel bijgewerkt naar deze echte IFU, want de oude link bevatte geen instructies of veiligheidsinformatie."
38855ea4-3cbf-4c76-a887-79f2f8237fd0,Miller,"H700 Premium Full-Body Harness with Lightweight Aluminum Hardware, 5 Points of Adjustment, Back D-Ring and Quick-Connect Chest & Leg Buckles - Size L-XL",,,,,,,,,,,,,,,https://prod-edam.honeywell.com/content/dam/honeywell-edam/sps/his/en-gb/products/fall-protection/documents/sps-ppe-Harnesses-and-Body-Belts-User-Manual.pdf,,,,,,"Bestaande manual_url is een ""Technical Data""-specificatiebladen zonder gebruiksinstructies of leeftijdsvermelding (zelf gedownload en doorzocht op life/year/expir/retire/discard: geen enkele treffer). Gevonden en geverifieerd (curl 200, application/pdf): Honeywell's officiele ""Harnesses and Body Belts User Instruction Manual"" (I119 Rev. G, MFP9720029; ANSI Z359.11/OSHA 1926.502/CSA Z259.10 - dekt volgens de ""Applicable Families""-bijlage expliciet ""H500"" en ""H700""). Dit document noemt GEEN vast aantal jaren voor levensduur. Letterlijk: ""Basic care of equipment will prolong its service life and will contribute toward the performance of its vital safety function."" en over keuring: ""equipment must be inspected by a competent person, other than the user, on a regular basis, at least annually. Any product exhibiting deformities, unusual wear, or deterioration must be immediately discarded in such a manner as to prevent inadvertent further use."" Dus: ANSI/OSHA/CSA-uitvoering van dit harnas heeft geen kalender-leeftijdsgrens vanuit de fabrikant, alleen een jaarlijkse keuringsplicht en afkeur bij schade. Geen getal ingevuld (geen gok); manual_url wel bijgewerkt naar deze echte IFU, want de oude link bevatte geen instructies of veiligheidsinformatie."
275154b0-97b0-4c6f-bc08-f5bbf4ffe684,Miller,"H700 Premium Full-Body Harness with Lightweight Aluminum Hardware, 5 Points of Adjustment, Back D-Ring and Quick-Connect Chest & Leg Buckles - Size S/M",,,,,,,,,,,,,,,https://prod-edam.honeywell.com/content/dam/honeywell-edam/sps/his/en-gb/products/fall-protection/documents/sps-ppe-Harnesses-and-Body-Belts-User-Manual.pdf,,,,,,"Bestaande manual_url is een ""Technical Data""-specificatiebladen zonder gebruiksinstructies of leeftijdsvermelding (zelf gedownload en doorzocht op life/year/expir/retire/discard: geen enkele treffer). Gevonden en geverifieerd (curl 200, application/pdf): Honeywell's officiele ""Harnesses and Body Belts User Instruction Manual"" (I119 Rev. G, MFP9720029; ANSI Z359.11/OSHA 1926.502/CSA Z259.10 - dekt volgens de ""Applicable Families""-bijlage expliciet ""H500"" en ""H700""). Dit document noemt GEEN vast aantal jaren voor levensduur. Letterlijk: ""Basic care of equipment will prolong its service life and will contribute toward the performance of its vital safety function."" en over keuring: ""equipment must be inspected by a competent person, other than the user, on a regular basis, at least annually. Any product exhibiting deformities, unusual wear, or deterioration must be immediately discarded in such a manner as to prevent inadvertent further use."" Dus: ANSI/OSHA/CSA-uitvoering van dit harnas heeft geen kalender-leeftijdsgrens vanuit de fabrikant, alleen een jaarlijkse keuringsplicht en afkeur bij schade. Geen getal ingevuld (geen gok); manual_url wel bijgewerkt naar deze echte IFU, want de oude link bevatte geen instructies of veiligheidsinformatie."
144a113e-d865-4d26-906c-cf2ae61a8c47,Miller,"H700 Premium Full-Body Harness with Lightweight Aluminum Hardware, 5 Points of Adjustment, Back D-Ring and Quick-Connect Chest & Leg Buckles - Size XS",,,,,,,,,,,,,,,https://prod-edam.honeywell.com/content/dam/honeywell-edam/sps/his/en-gb/products/fall-protection/documents/sps-ppe-Harnesses-and-Body-Belts-User-Manual.pdf,,,,,,"Bestaande manual_url is een ""Technical Data""-specificatiebladen zonder gebruiksinstructies of leeftijdsvermelding (zelf gedownload en doorzocht op life/year/expir/retire/discard: geen enkele treffer). Gevonden en geverifieerd (curl 200, application/pdf): Honeywell's officiele ""Harnesses and Body Belts User Instruction Manual"" (I119 Rev. G, MFP9720029; ANSI Z359.11/OSHA 1926.502/CSA Z259.10 - dekt volgens de ""Applicable Families""-bijlage expliciet ""H500"" en ""H700""). Dit document noemt GEEN vast aantal jaren voor levensduur. Letterlijk: ""Basic care of equipment will prolong its service life and will contribute toward the performance of its vital safety function."" en over keuring: ""equipment must be inspected by a competent person, other than the user, on a regular basis, at least annually. Any product exhibiting deformities, unusual wear, or deterioration must be immediately discarded in such a manner as to prevent inadvertent further use."" Dus: ANSI/OSHA/CSA-uitvoering van dit harnas heeft geen kalender-leeftijdsgrens vanuit de fabrikant, alleen een jaarlijkse keuringsplicht en afkeur bij schade. Geen getal ingevuld (geen gok); manual_url wel bijgewerkt naar deze echte IFU, want de oude link bevatte geen instructies of veiligheidsinformatie."
e60d7a39-a0ff-4724-950a-4ab6b11454d4,Miller,"H700 Premium Full-Body Harness with Lightweight Aluminum Hardware, 5 Points of Adjustment, Back/Front D-Rings and Quick-Connect Chest & Leg Buckles - Size 2XL",,,,,,,,,,,,,,,https://prod-edam.honeywell.com/content/dam/honeywell-edam/sps/his/en-gb/products/fall-protection/documents/sps-ppe-Harnesses-and-Body-Belts-User-Manual.pdf,,,,,,"Bestaande manual_url is een ""Technical Data""-specificatiebladen zonder gebruiksinstructies of leeftijdsvermelding (zelf gedownload en doorzocht op life/year/expir/retire/discard: geen enkele treffer). Gevonden en geverifieerd (curl 200, application/pdf): Honeywell's officiele ""Harnesses and Body Belts User Instruction Manual"" (I119 Rev. G, MFP9720029; ANSI Z359.11/OSHA 1926.502/CSA Z259.10 - dekt volgens de ""Applicable Families""-bijlage expliciet ""H500"" en ""H700""). Dit document noemt GEEN vast aantal jaren voor levensduur. Letterlijk: ""Basic care of equipment will prolong its service life and will contribute toward the performance of its vital safety function."" en over keuring: ""equipment must be inspected by a competent person, other than the user, on a regular basis, at least annually. Any product exhibiting deformities, unusual wear, or deterioration must be immediately discarded in such a manner as to prevent inadvertent further use."" Dus: ANSI/OSHA/CSA-uitvoering van dit harnas heeft geen kalender-leeftijdsgrens vanuit de fabrikant, alleen een jaarlijkse keuringsplicht en afkeur bij schade. Geen getal ingevuld (geen gok); manual_url wel bijgewerkt naar deze echte IFU, want de oude link bevatte geen instructies of veiligheidsinformatie."
1b5c0de9-b179-47bd-96ef-37bea01af541,Miller,"H700 Premium Full-Body Harness with Lightweight Aluminum Hardware, 5 Points of Adjustment, Back/Front D-Rings and Quick-Connect Chest & Leg Buckles - Size 4XL",,,,,,,,,,,,,,,https://prod-edam.honeywell.com/content/dam/honeywell-edam/sps/his/en-gb/products/fall-protection/documents/sps-ppe-Harnesses-and-Body-Belts-User-Manual.pdf,,,,,,"Bestaande manual_url is een ""Technical Data""-specificatiebladen zonder gebruiksinstructies of leeftijdsvermelding (zelf gedownload en doorzocht op life/year/expir/retire/discard: geen enkele treffer). Gevonden en geverifieerd (curl 200, application/pdf): Honeywell's officiele ""Harnesses and Body Belts User Instruction Manual"" (I119 Rev. G, MFP9720029; ANSI Z359.11/OSHA 1926.502/CSA Z259.10 - dekt volgens de ""Applicable Families""-bijlage expliciet ""H500"" en ""H700""). Dit document noemt GEEN vast aantal jaren voor levensduur. Letterlijk: ""Basic care of equipment will prolong its service life and will contribute toward the performance of its vital safety function."" en over keuring: ""equipment must be inspected by a competent person, other than the user, on a regular basis, at least annually. Any product exhibiting deformities, unusual wear, or deterioration must be immediately discarded in such a manner as to prevent inadvertent further use."" Dus: ANSI/OSHA/CSA-uitvoering van dit harnas heeft geen kalender-leeftijdsgrens vanuit de fabrikant, alleen een jaarlijkse keuringsplicht en afkeur bij schade. Geen getal ingevuld (geen gok); manual_url wel bijgewerkt naar deze echte IFU, want de oude link bevatte geen instructies of veiligheidsinformatie."
136b1bc7-1d1a-459e-8853-38c0a05093ba,Miller,"H700 Premium Full-Body Harness with Lightweight Aluminum Hardware, 5 Points of Adjustment, Back/Front D-Rings and Quick-Connect Chest & Leg Buckles - Size L/XL",,,,,,,,,,,,,,,https://prod-edam.honeywell.com/content/dam/honeywell-edam/sps/his/en-gb/products/fall-protection/documents/sps-ppe-Harnesses-and-Body-Belts-User-Manual.pdf,,,,,,"Bestaande manual_url is een ""Technical Data""-specificatiebladen zonder gebruiksinstructies of leeftijdsvermelding (zelf gedownload en doorzocht op life/year/expir/retire/discard: geen enkele treffer). Gevonden en geverifieerd (curl 200, application/pdf): Honeywell's officiele ""Harnesses and Body Belts User Instruction Manual"" (I119 Rev. G, MFP9720029; ANSI Z359.11/OSHA 1926.502/CSA Z259.10 - dekt volgens de ""Applicable Families""-bijlage expliciet ""H500"" en ""H700""). Dit document noemt GEEN vast aantal jaren voor levensduur. Letterlijk: ""Basic care of equipment will prolong its service life and will contribute toward the performance of its vital safety function."" en over keuring: ""equipment must be inspected by a competent person, other than the user, on a regular basis, at least annually. Any product exhibiting deformities, unusual wear, or deterioration must be immediately discarded in such a manner as to prevent inadvertent further use."" Dus: ANSI/OSHA/CSA-uitvoering van dit harnas heeft geen kalender-leeftijdsgrens vanuit de fabrikant, alleen een jaarlijkse keuringsplicht en afkeur bij schade. Geen getal ingevuld (geen gok); manual_url wel bijgewerkt naar deze echte IFU, want de oude link bevatte geen instructies of veiligheidsinformatie."
448d9210-a08c-4276-a322-d603f8436b30,Miller,"H700 Premium Full-Body Harness with Lightweight Aluminum Hardware, 5 Points of Adjustment, Back/Front D-Rings and Quick-Connect Chest & Leg Buckles - Size S/M",,,,,,,,,,,,,,,https://prod-edam.honeywell.com/content/dam/honeywell-edam/sps/his/en-gb/products/fall-protection/documents/sps-ppe-Harnesses-and-Body-Belts-User-Manual.pdf,,,,,,"Bestaande manual_url is een ""Technical Data""-specificatiebladen zonder gebruiksinstructies of leeftijdsvermelding (zelf gedownload en doorzocht op life/year/expir/retire/discard: geen enkele treffer). Gevonden en geverifieerd (curl 200, application/pdf): Honeywell's officiele ""Harnesses and Body Belts User Instruction Manual"" (I119 Rev. G, MFP9720029; ANSI Z359.11/OSHA 1926.502/CSA Z259.10 - dekt volgens de ""Applicable Families""-bijlage expliciet ""H500"" en ""H700""). Dit document noemt GEEN vast aantal jaren voor levensduur. Letterlijk: ""Basic care of equipment will prolong its service life and will contribute toward the performance of its vital safety function."" en over keuring: ""equipment must be inspected by a competent person, other than the user, on a regular basis, at least annually. Any product exhibiting deformities, unusual wear, or deterioration must be immediately discarded in such a manner as to prevent inadvertent further use."" Dus: ANSI/OSHA/CSA-uitvoering van dit harnas heeft geen kalender-leeftijdsgrens vanuit de fabrikant, alleen een jaarlijkse keuringsplicht en afkeur bij schade. Geen getal ingevuld (geen gok); manual_url wel bijgewerkt naar deze echte IFU, want de oude link bevatte geen instructies of veiligheidsinformatie."
e220452e-0230-45cf-87ae-a9e1c2068922,Miller,"H700 Premium Full-Body Harness with Lightweight Aluminum Hardware, 5 Points of Adjustment, Back/Front D-Rings and Quick-Connect Chest & Leg Buckles - Size XS",,,,,,,,,,,,,,,https://prod-edam.honeywell.com/content/dam/honeywell-edam/sps/his/en-gb/products/fall-protection/documents/sps-ppe-Harnesses-and-Body-Belts-User-Manual.pdf,,,,,,"Bestaande manual_url is een ""Technical Data""-specificatiebladen zonder gebruiksinstructies of leeftijdsvermelding (zelf gedownload en doorzocht op life/year/expir/retire/discard: geen enkele treffer). Gevonden en geverifieerd (curl 200, application/pdf): Honeywell's officiele ""Harnesses and Body Belts User Instruction Manual"" (I119 Rev. G, MFP9720029; ANSI Z359.11/OSHA 1926.502/CSA Z259.10 - dekt volgens de ""Applicable Families""-bijlage expliciet ""H500"" en ""H700""). Dit document noemt GEEN vast aantal jaren voor levensduur. Letterlijk: ""Basic care of equipment will prolong its service life and will contribute toward the performance of its vital safety function."" en over keuring: ""equipment must be inspected by a competent person, other than the user, on a regular basis, at least annually. Any product exhibiting deformities, unusual wear, or deterioration must be immediately discarded in such a manner as to prevent inadvertent further use."" Dus: ANSI/OSHA/CSA-uitvoering van dit harnas heeft geen kalender-leeftijdsgrens vanuit de fabrikant, alleen een jaarlijkse keuringsplicht en afkeur bij schade. Geen getal ingevuld (geen gok); manual_url wel bijgewerkt naar deze echte IFU, want de oude link bevatte geen instructies of veiligheidsinformatie."
cc211735-2213-4930-96f5-7d44166eeb60,Miller,"H700 Premium Full-Body Harness with Lightweight Aluminum Hardware, 5 Points of Adjustment, Back/Front/Side D-Rings and Quick-Connect Chest & Leg Buckles - Size 2XL",,,,,,,,,,,,,,,https://prod-edam.honeywell.com/content/dam/honeywell-edam/sps/his/en-gb/products/fall-protection/documents/sps-ppe-Harnesses-and-Body-Belts-User-Manual.pdf,,,,,,"Bestaande manual_url is een ""Technical Data""-specificatiebladen zonder gebruiksinstructies of leeftijdsvermelding (zelf gedownload en doorzocht op life/year/expir/retire/discard: geen enkele treffer). Gevonden en geverifieerd (curl 200, application/pdf): Honeywell's officiele ""Harnesses and Body Belts User Instruction Manual"" (I119 Rev. G, MFP9720029; ANSI Z359.11/OSHA 1926.502/CSA Z259.10 - dekt volgens de ""Applicable Families""-bijlage expliciet ""H500"" en ""H700""). Dit document noemt GEEN vast aantal jaren voor levensduur. Letterlijk: ""Basic care of equipment will prolong its service life and will contribute toward the performance of its vital safety function."" en over keuring: ""equipment must be inspected by a competent person, other than the user, on a regular basis, at least annually. Any product exhibiting deformities, unusual wear, or deterioration must be immediately discarded in such a manner as to prevent inadvertent further use."" Dus: ANSI/OSHA/CSA-uitvoering van dit harnas heeft geen kalender-leeftijdsgrens vanuit de fabrikant, alleen een jaarlijkse keuringsplicht en afkeur bij schade. Geen getal ingevuld (geen gok); manual_url wel bijgewerkt naar deze echte IFU, want de oude link bevatte geen instructies of veiligheidsinformatie."
846bc9ae-65e4-4670-9f26-42fbac673748,Miller,"H700 Premium Full-Body Harness with Lightweight Aluminum Hardware, 5 Points of Adjustment, Back/Front/Side D-Rings and Quick-Connect Chest & Leg Buckles - Size 4XL",,,,,,,,,,,,,,,https://prod-edam.honeywell.com/content/dam/honeywell-edam/sps/his/en-gb/products/fall-protection/documents/sps-ppe-Harnesses-and-Body-Belts-User-Manual.pdf,,,,,,"Bestaande manual_url is een ""Technical Data""-specificatiebladen zonder gebruiksinstructies of leeftijdsvermelding (zelf gedownload en doorzocht op life/year/expir/retire/discard: geen enkele treffer). Gevonden en geverifieerd (curl 200, application/pdf): Honeywell's officiele ""Harnesses and Body Belts User Instruction Manual"" (I119 Rev. G, MFP9720029; ANSI Z359.11/OSHA 1926.502/CSA Z259.10 - dekt volgens de ""Applicable Families""-bijlage expliciet ""H500"" en ""H700""). Dit document noemt GEEN vast aantal jaren voor levensduur. Letterlijk: ""Basic care of equipment will prolong its service life and will contribute toward the performance of its vital safety function."" en over keuring: ""equipment must be inspected by a competent person, other than the user, on a regular basis, at least annually. Any product exhibiting deformities, unusual wear, or deterioration must be immediately discarded in such a manner as to prevent inadvertent further use."" Dus: ANSI/OSHA/CSA-uitvoering van dit harnas heeft geen kalender-leeftijdsgrens vanuit de fabrikant, alleen een jaarlijkse keuringsplicht en afkeur bij schade. Geen getal ingevuld (geen gok); manual_url wel bijgewerkt naar deze echte IFU, want de oude link bevatte geen instructies of veiligheidsinformatie."
fc6c88b7-d34e-4786-9722-60a1453d55a9,Miller,"H700 Premium Full-Body Harness with Lightweight Aluminum Hardware, 5 Points of Adjustment, Back/Front/Side D-Rings and Quick-Connect Chest & Leg Buckles - Size OS",,,,,,,,,,,,,,,https://prod-edam.honeywell.com/content/dam/honeywell-edam/sps/his/en-gb/products/fall-protection/documents/sps-ppe-Harnesses-and-Body-Belts-User-Manual.pdf,,,,,,"Bestaande manual_url is een ""Technical Data""-specificatiebladen zonder gebruiksinstructies of leeftijdsvermelding (zelf gedownload en doorzocht op life/year/expir/retire/discard: geen enkele treffer). Gevonden en geverifieerd (curl 200, application/pdf): Honeywell's officiele ""Harnesses and Body Belts User Instruction Manual"" (I119 Rev. G, MFP9720029; ANSI Z359.11/OSHA 1926.502/CSA Z259.10 - dekt volgens de ""Applicable Families""-bijlage expliciet ""H500"" en ""H700""). Dit document noemt GEEN vast aantal jaren voor levensduur. Letterlijk: ""Basic care of equipment will prolong its service life and will contribute toward the performance of its vital safety function."" en over keuring: ""equipment must be inspected by a competent person, other than the user, on a regular basis, at least annually. Any product exhibiting deformities, unusual wear, or deterioration must be immediately discarded in such a manner as to prevent inadvertent further use."" Dus: ANSI/OSHA/CSA-uitvoering van dit harnas heeft geen kalender-leeftijdsgrens vanuit de fabrikant, alleen een jaarlijkse keuringsplicht en afkeur bij schade. Geen getal ingevuld (geen gok); manual_url wel bijgewerkt naar deze echte IFU, want de oude link bevatte geen instructies of veiligheidsinformatie."
25542081-e754-4515-825d-a76d12da0b19,Miller,"H700 Premium Full-Body Harness with Lightweight Aluminum Hardware, 5 Points of Adjustment, Back/Front/Side D-Rings and Quick-Connect Chest & Leg Buckles - Size S/M",,,,,,,,,,,,,,,https://prod-edam.honeywell.com/content/dam/honeywell-edam/sps/his/en-gb/products/fall-protection/documents/sps-ppe-Harnesses-and-Body-Belts-User-Manual.pdf,,,,,,"Bestaande manual_url is een ""Technical Data""-specificatiebladen zonder gebruiksinstructies of leeftijdsvermelding (zelf gedownload en doorzocht op life/year/expir/retire/discard: geen enkele treffer). Gevonden en geverifieerd (curl 200, application/pdf): Honeywell's officiele ""Harnesses and Body Belts User Instruction Manual"" (I119 Rev. G, MFP9720029; ANSI Z359.11/OSHA 1926.502/CSA Z259.10 - dekt volgens de ""Applicable Families""-bijlage expliciet ""H500"" en ""H700""). Dit document noemt GEEN vast aantal jaren voor levensduur. Letterlijk: ""Basic care of equipment will prolong its service life and will contribute toward the performance of its vital safety function."" en over keuring: ""equipment must be inspected by a competent person, other than the user, on a regular basis, at least annually. Any product exhibiting deformities, unusual wear, or deterioration must be immediately discarded in such a manner as to prevent inadvertent further use."" Dus: ANSI/OSHA/CSA-uitvoering van dit harnas heeft geen kalender-leeftijdsgrens vanuit de fabrikant, alleen een jaarlijkse keuringsplicht en afkeur bij schade. Geen getal ingevuld (geen gok); manual_url wel bijgewerkt naar deze echte IFU, want de oude link bevatte geen instructies of veiligheidsinformatie."
e778fff3-f8ff-486f-be4a-9dbf8c8d2657,Miller,"H700 Premium Full-Body Harness with Lightweight Aluminum Hardware, 5 Points of Adjustment, Back/Front/Side D-Rings and Quick-Connect Chest & Leg Buckles - Size XS",,,,,,,,,,,,,,,https://prod-edam.honeywell.com/content/dam/honeywell-edam/sps/his/en-gb/products/fall-protection/documents/sps-ppe-Harnesses-and-Body-Belts-User-Manual.pdf,,,,,,"Bestaande manual_url is een ""Technical Data""-specificatiebladen zonder gebruiksinstructies of leeftijdsvermelding (zelf gedownload en doorzocht op life/year/expir/retire/discard: geen enkele treffer). Gevonden en geverifieerd (curl 200, application/pdf): Honeywell's officiele ""Harnesses and Body Belts User Instruction Manual"" (I119 Rev. G, MFP9720029; ANSI Z359.11/OSHA 1926.502/CSA Z259.10 - dekt volgens de ""Applicable Families""-bijlage expliciet ""H500"" en ""H700""). Dit document noemt GEEN vast aantal jaren voor levensduur. Letterlijk: ""Basic care of equipment will prolong its service life and will contribute toward the performance of its vital safety function."" en over keuring: ""equipment must be inspected by a competent person, other than the user, on a regular basis, at least annually. Any product exhibiting deformities, unusual wear, or deterioration must be immediately discarded in such a manner as to prevent inadvertent further use."" Dus: ANSI/OSHA/CSA-uitvoering van dit harnas heeft geen kalender-leeftijdsgrens vanuit de fabrikant, alleen een jaarlijkse keuringsplicht en afkeur bij schade. Geen getal ingevuld (geen gok); manual_url wel bijgewerkt naar deze echte IFU, want de oude link bevatte geen instructies of veiligheidsinformatie."
2cf76085-e006-492f-9881-74c3d2179efd,Miller,MANYARD EDGE 2m - 2x Karabijnhaak,,,,,,,,,,,,,,,,,,,,,"Groene tubulaire band met zwarte streep (""edge tested"" uitvoering); kernyarn-technologie combineert schokabsorberend en slijtvast garen. Geïntegreerde schokabsorber en valindicator, ingekort bij niet-gebruik (minder kans op vastraken). Band 60mm breed, polyester. Twee CS20-karabijnen (staal, opening 18mm). Gewicht 1,040kg. CE 0333. Bron: Honeywell Technical Specifications ""New Manyard Edge"" (1017916-1017918EN). manual_url (Honeywell ""New Manyard / Twin-Turn Webbing Shock-Absorbing Lanyards"" EU-literatuur, EN 355:2002) bevat de sectie ""LIFESPAN OF THE PPE"": ""The maximal life of PPE that is predominantly textile is evaluated as being 10 years after the date of manufacture, however the following factors may reduce the performance of the product and the lifespan: incorrect storage, incorrect use, fall arrest, mechanical warping, contact with chemicals (acids and alkalis), exposure to high temperatures > 60C."" Dit bevestigt de reeds ingevulde max_age_mfr_years=10 (niet opnieuw ingevuld, was al goed). Het document noemt maar EEN getal (vanaf productiedatum) en geen apart getal voor ""jaren vanaf eerste gebruik"" - max_age_use_years daarom leeg gelaten, geen gok."
01de4685-d44d-4b2d-9f86-dc7c56f0c185,Miller,MANYARD EDGE 2m - Scaffold Hook + Karabijnhaak,,,,,,,,,,,,,,,,,,,,,"Groene tubulaire band met zwarte streep (""edge tested"" uitvoering); kernyarn-technologie combineert schokabsorberend en slijtvast garen. Geïntegreerde schokabsorber en valindicator, ingekort bij niet-gebruik (minder kans op vastraken). Band 60mm breed, polyester. CS20-karabijn (aluminium, opening 18mm) en scaffoldhaak (aluminium, opening 63mm). Gewicht 1,206kg. CE 0333. Bron: Honeywell Technical Specifications ""New Manyard Edge"" (1017916-1017918EN). manual_url (Honeywell ""New Manyard / Twin-Turn Webbing Shock-Absorbing Lanyards"" EU-literatuur, EN 355:2002) bevat de sectie ""LIFESPAN OF THE PPE"": ""The maximal life of PPE that is predominantly textile is evaluated as being 10 years after the date of manufacture, however the following factors may reduce the performance of the product and the lifespan: incorrect storage, incorrect use, fall arrest, mechanical warping, contact with chemicals (acids and alkalis), exposure to high temperatures > 60C."" Dit bevestigt de reeds ingevulde max_age_mfr_years=10 (niet opnieuw ingevuld, was al goed). Het document noemt maar EEN getal (vanaf productiedatum) en geen apart getal voor ""jaren vanaf eerste gebruik"" - max_age_use_years daarom leeg gelaten, geen gok."
,Miller,TurboLite 2m,,,,,,,,,,,,,,,,,,,,,"Van fabrikantlabel: ref. 1018015, geleverd met 2 twistlock-karabiners (""2 MOU SQ.1/4tr"" op het label = 2 mousquetons). Werklastgrens 100kg (standaard EN360-testmassa) resp. 136kg volgens Honeywell's eigen productinformatie - beide genoemd, hier de hoogste (136kg) ingevuld; navragen welke voor keuring leidend moet zijn. Dit exacte model (""TurboLite"" zonder toevoeging ""+""/""Edge""/""Extreme"") staat niet meer als los product op automation.honeywell.com (inmiddels vervangen door TurboLite+/Edge/Extreme-lijn) - vandaar geen product_page_url, geen winkel als noodgreep gebruikt. manual_url is Honeywell's eigen algemene ""Self-Retracting Lifelines User Instruction Manual"" (I267), die de TurboLite Personal Fall Limiters expliciet dekt - curl-geverifieerd: 200 application/pdf, van honeywell.com zelf (prod-edam.honeywell.com). Fabricagedatum op label: week 13/2019. manual_url (Honeywell ""Self-Retracting Lifelines User Instruction Manual"", document I267) noemt expliciet ""TurboLite Personal Fall Limiters"" als gedekt model. Zelf doorzocht op life/year/expir/retire: geen vaste kalenderleeftijd gevonden. Letterlijk over onderhoud: ""Basic care of all fall protection equipment will prolong its service life and will contribute toward the performance of its vital safety function."" Keuring is periodiek/jaarlijks afhankelijk van gebruiksintensiteit (Table, competent person). Voor CSA-goedgekeurde Type 2/3-toestellen staat wel een hercertificatie-interval genoemd: ""[...] devices to be returned to the manufacturer or an approved service agent no more than 2 years after the date of manufacturer for inspection and maintenance and annually thereafter."" - dit is een onderhouds-/hercertificatie-interval (zie evt. interval_override_months), GEEN leeftijdsgrens/retirement-datum, dus niet als max_age ingevuld. Geen concreet aantal levensduurjaren gevonden; leeg gelaten (geen gok)."
