brand,name,product_type,category,material,standard,max_age_mfr_years,max_age_use_years,breaking_strength,working_load_limit,max_user_weight_kg,rope_diameter_min_mm,rope_diameter_max_mm,serial_number_location,inspection_interval_years,manufacturer_code,manual_url,product_page_url,recall_url,inspection_notice_url
ART,SpiderJack 3,ppe,Ascenders & Descenders,"Stainless steel, Aluminium",CE EN 358,,10,22 kN,200 kg,100,11,14,,,,https://climb-art.de/wp-content/uploads/2020/10/Manual-SpiderJack-3.pdf,https://climb-art.de/en/products/spiderjack-3/,,
ART,Positioner 2 Basic,ppe,Work Positioning Devices,Aluminium,CE EN 567,,10,23 kN,,100,11,13,,,,https://climb-art.de/wp-content/uploads/2020/10/Manual-Positioner-2.pdf,https://climb-art.de/en/products/positioner-2/,,
ART,Positioner 2 Swivel,ppe,Work Positioning Devices,Aluminium,CE EN 567,,10,23 kN,,100,11,13,,,,https://climb-art.de/wp-content/uploads/2020/10/Manual-Positioner-2.pdf,https://climb-art.de/en/products/positioner-2/,,
ART,LockJack 2 Swivel,ppe,Ascenders & Descenders,Aluminium,"CE EN 12841 Type B, CE EN 567",,10,,,100,11,13,,,,https://climb-art.de/wp-content/uploads/2020/10/Manual-LockJack-2-Sport.pdf,https://climb-art.de/en/products/lockjack-2/,,
ART,BlackBird 2.2,ppe,Ascenders & Descenders,Aluminium,"CE EN 12841 Type B, CE EN 567",,10,,,100,10,13,,,,https://climb-art.de/wp-content/uploads/2025/06/BB_Blackbird_2025.pdf,https://climb-art.de/en/products/blackbird-2-2/,,
ART,RopeGuide 2010 Cocoon 150cm,ppe,Friction Savers,"Aluminium, Polyester/Dyneema rope",CE EN 795 B,,10,24 kN,,,,,,,,https://climb-art.de/wp-content/uploads/2020/10/Manual-RopeGuide-2010.pdf,https://climb-art.de/en/products/ropeguide-2010/,,
ART,RopeGuide 2010 Cocoon 300cm,ppe,Friction Savers,"Aluminium, Polyester/Dyneema rope",CE EN 795 B,,10,24 kN,,,,,,,,https://climb-art.de/wp-content/uploads/2020/10/Manual-RopeGuide-2010.pdf,https://climb-art.de/en/products/ropeguide-2010/,,
ART,RopeGuide 2010 Link 150cm,ppe,Friction Savers,"Aluminium, Polyester/Dyneema rope",CE EN 795 B,,10,24 kN,,,,,,,,https://climb-art.de/wp-content/uploads/2020/10/Manual-RopeGuide-2010.pdf,https://climb-art.de/en/products/ropeguide-2010/,,
ART,RopeGuide 2010 Link 300cm,ppe,Friction Savers,"Aluminium, Polyester/Dyneema rope",CE EN 795 B,,10,24 kN,,,,,,,,https://climb-art.de/wp-content/uploads/2020/10/Manual-RopeGuide-2010.pdf,https://climb-art.de/en/products/ropeguide-2010/,,
ART,RopeGuide 2010 rope sling 150cm,ppe,Friction Savers,Polyester/Dyneema,,,5,,,,,,,,,,https://climb-art.de/en/replacement-parts/,,
ART,RopeGuide 2010 rope sling 300cm,ppe,Friction Savers,Polyester/Dyneema,,,5,,,,,,,,,,https://climb-art.de/en/replacement-parts/,,
ART,ZipAbsorber 1,ppe,Friction Savers,Textile / Plastic,CE EN 355,,5,,,,,,,,,,https://climb-art.de/en/replacement-parts/,,
ART,SpliceAnchor 125cm,ppe,Friction Savers,Polyester/Dyneema,,,5,,,,12,12,,,,,https://climb-art.de/en/replacement-parts/,,
ART,SpliceAnchor 250cm,ppe,Friction Savers,Polyester/Dyneema,,,5,,,,12,12,,,,,https://climb-art.de/en/replacement-parts/,,
ART,SpliceAnchor 450cm,ppe,Friction Savers,Polyester/Dyneema,,,5,,,,12,12,,,,,https://climb-art.de/en/replacement-parts/,,
ART,Trapeze 5,no ppe,Anchor Devices,"Aluminium, Stainless steel",,,,,,,,,,,,,https://climb-art.de/en/products/trapeze-5/,,
ART,DoubleSnapper 3,no ppe,Anchor Devices,Aluminium,,,,,,,,,,,,https://climb-art.de/wp-content/uploads/2020/10/Manual-DoubleSnapper 3.pdf,https://climb-art.de/en/products/doublesnapper-3/,,
ART,Link 2,no ppe,Friction Savers,Aluminium,,,,,,,,,,,,,https://climb-art.de/en/products/link-2/,,
ART,LockJack Dyneema sling,ppe,Ascenders & Descenders,Dyneema,,,5,,,,,,,,,,https://climb-art.de/en/replacement-parts/,,
ART,BlackBird,ppe,Ascenders & Descenders,Aluminium / Stainless Steel,EN 12841 B/C,,7,,,,11.2,13,13,,,https://climb-art.de/shared-assets/manuals/Manual-blackbird.pdf,https://climb-art.de/en/products/blackbird-2-2/,,
ART,SpiderJack 3,ppe,Ascenders & Descenders,Aluminium / Stainless Steel,EN 358,,10,22 kN,200 kg,200,11,14,,,https://climb-art.de/wp-content/uploads/2020/10/Manual-SpiderJack-3.pdf,https://climb-art.de/wp-content/uploads/2020/10/Manual-SpiderJack-3.pdf,https://climb-art.de/en/products/spiderjack-3/,,
ART,SpiderJack 2.1,ppe,Ascenders & Descenders,Aluminium / Dyneema,EN 358,,7,25 kN,,,11,13,13,,,https://climb-art.de/shared-assets/manuals/Manual-SpiderJack-2.pdf,https://climb-art.de/en/products/spiderjack-2-1/,Textile parts must be replaced after 5 years to achieve maximum service life of metal parts,
ART,LockJack 2,ppe,Ascenders & Descenders,Aluminium / Textile,EN 358,,7,23 kN,,,11,13,13,,,https://climb-art.de/wp-content/uploads/2020/10/Manual-LockJack-2-Sport.pdf,https://climb-art.de/en/products/lockjack-2/,Textile parts must be replaced after 5 years to achieve maximum service life of metal parts,
ART,Positioner 2,ppe,Work Positioning Devices,Aluminium,EN 567,,7,24 kN,,,11,13,13,,,https://climb-art.de/wp-content/uploads/2020/10/Manual-Positioner-2.pdf,https://climb-art.de/en/products/positioner-2/,,
ART,RopeGuide 2010,ppe,Friction Savers,Aluminium / Polyester rope,EN 795 B,,10,24 kN,,,,,,,https://climb-art.de/wp-content/uploads/2020/10/Manual-RopeGuide-2010.pdf,https://climb-art.de/wp-content/uploads/2020/10/Manual-RopeGuide-2010.pdf,https://climb-art.de/en/products/ropeguide-2010/,Textile parts must be replaced after 5 years to achieve maximum service life of metal parts,
ART,RopeGuide TwinLine,ppe,Friction Savers,Aluminium / Polyester rope,"EN 795 B, CEN/TS 16415:2013, EN 355",,10,18 kN,,,10,12,,,https://climb-art.de/wp-content/uploads/2020/10/Manual-RopeGuide-TwinLine.pdf,https://climb-art.de/wp-content/uploads/2020/10/Manual-RopeGuide-TwinLine.pdf,https://climb-art.de/en/products/ropeguide-twinline/,Textile parts must be replaced after 5 years to achieve maximum service life of metal parts,
ART,Cocoon 5,ppe,Pulleys,Aluminium,EN 12278,,10,28 kN,,,,14,14,,,https://climb-art.de/wp-content/uploads/2020/10/Manual-Cocoon-5.pdf,https://climb-art.de/en/products/cocoon-5/,,
ART,TurnBase,ppe,Pulleys,Aluminium,EN 12278,,10,24 kN,,,,14,14,,,https://climb-art.de/wp-content/uploads/2020/10/Manual-TurnBase.pdf,https://climb-art.de/en/products/turnbase/,,
ART,SnakeAnchor 250 cm,Anchor Sling,Anchor Devices,Polyester rope (8 mm parallel sewn),,,5,,4 kN,,,,,,https://climb-art.de/wp-content/uploads/2020/10/Manual-SnakeAnchor.pdf,https://climb-art.de/wp-content/uploads/2020/10/Manual-SnakeAnchor.pdf,https://climb-art.de/en/products/snakeanchor/,,
ART,SnakeAnchor 500 cm,Anchor Sling,Anchor Devices,Polyester rope (8 mm parallel sewn),,,5,,4 kN,,,,,,https://climb-art.de/wp-content/uploads/2020/10/Manual-SnakeAnchor.pdf,https://climb-art.de/wp-content/uploads/2020/10/Manual-SnakeAnchor.pdf,https://climb-art.de/en/products/snakeanchor/,,
ART,SnakeTail,ppe,Anchor Devices,Dyneema / Polyester rope (8 mm),"EN 795 B, EN 354",,5,25 kN,4 kN,,,,,,,https://climb-art.de/wp-content/uploads/2020/10/Manual-SnakeTail.pdf,https://climb-art.de/en/products/snaketail/,,
At Height,K01 Mini Accessory Karabiner - straight gate,no ppe,Karabiner,Aluminium,,,,8 kN,,,,,,,K01SA,,,,
At Height,K01 Mini Accessory Karabiner - screwgate,no ppe,Karabiner,Aluminium,,,,8 kN,,,,,,,K01SG,,,,
At Height,K10 Steel Oval Karabiner - screwgate,ppe,Karabiner,Steel,EN 362:2004/B,UNL,UNL,25 kN,,,,,,,K10SG,https://atheightuk.com/wp-content/uploads/2020/08/Karabiner-UIM-Final.pdf,https://atheightuk.com/product/steel-karabiner-screwgate-2/,,
At Height,K10 Steel Oval Karabiner - double action,ppe,Karabiner,Steel,EN 362:2004/B,UNL,UNL,25 kN,,,,,,,K10DA,https://atheightuk.com/wp-content/uploads/2020/08/Karabiner-UIM-Final.pdf,https://atheightuk.com/product/steel-karabiner-screwgate-2/,,
At Height,K10 Steel Oval Karabiner - triple action,ppe,Karabiner,Steel,EN 362:2004/B,UNL,UNL,25 kN,,,,,,,K10TA,https://atheightuk.com/wp-content/uploads/2020/08/Karabiner-UIM-Final.pdf,https://atheightuk.com/product/steel-karabiner-screwgate-2/,,
At Height,K15 Aluminium Oval Karabiner - screwgate,ppe,Karabiner,Aluminium,EN 362:2004/B,UNL,UNL,25 kN,,,,,,,K15SG,https://atheightuk.com/wp-content/uploads/2020/08/Karabiner-UIM-Final.pdf,,,
At Height,K15 Aluminium Oval Karabiner - double action,ppe,Karabiner,Aluminium,EN 362:2004/B,UNL,UNL,25 kN,,,,,,,K15DA,https://atheightuk.com/wp-content/uploads/2020/08/Karabiner-UIM-Final.pdf,,,
At Height,K15 Aluminium Oval Karabiner - triple action,ppe,Karabiner,Aluminium,EN 362:2004/B,UNL,UNL,25 kN,,,,,,,K15TA,https://atheightuk.com/wp-content/uploads/2020/08/Karabiner-UIM-Final.pdf,,,
At Height,K20 Steel Offset Oval Karabiner - screwgate,ppe,Karabiner,Steel,"EN 362:2004/B, ANSI (TA version)",UNL,UNL,36 kN,,,,,,,K20SG,https://atheightuk.com/wp-content/uploads/2020/08/Karabiner-UIM-Final.pdf,https://atheightuk.com/product/k20-steel-offset-oval-karabiner/,,
At Height,K20 Steel Offset Oval Karabiner - double action,ppe,Karabiner,Steel,"EN 362:2004/B, ANSI (TA version)",UNL,UNL,36 kN,,,,,,,K20DA,https://atheightuk.com/wp-content/uploads/2020/08/Karabiner-UIM-Final.pdf,https://atheightuk.com/product/k20-steel-offset-oval-karabiner/,,
At Height,K20 Steel Offset Oval Karabiner - triple action,ppe,Karabiner,Steel,"EN 362:2004/B, ANSI (TA version)",UNL,UNL,36 kN,,,,,,,K20TA,https://atheightuk.com/wp-content/uploads/2020/08/Karabiner-UIM-Final.pdf,https://atheightuk.com/product/k20-steel-offset-oval-karabiner/,,
At Height,K25 CurlyWirly Twisted Aluminium Karabiner - screwgate,ppe,Karabiner,Aluminium,EN 362:2004/B,UNL,UNL,25 kN,,,,,,,K25SG,https://atheightuk.com/wp-content/uploads/2020/08/Karabiner-UIM-Final.pdf,https://atheightuk.com/product/k25-curlywirly-twisted-aluminium-karabiner/,,
At Height,K25 CurlyWirly Twisted Aluminium Karabiner - triple action,ppe,Karabiner,Aluminium,EN 362:2004/B,UNL,UNL,25 kN,,,,,,,K25TA,https://atheightuk.com/wp-content/uploads/2020/08/Karabiner-UIM-Final.pdf,https://atheightuk.com/product/k25-curlywirly-twisted-aluminium-karabiner/,,
At Height,K30 Steel Modified HMS Karabiner - screwgate,ppe,Karabiner,Steel,EN 362:2004/B,UNL,UNL,50 kN,,,,,,,K30SG,https://atheightuk.com/wp-content/uploads/2020/08/Karabiner-UIM-Final.pdf,https://atheightuk.com/product/k30-steel-modified-hms-karabiner/,,
At Height,K30 Steel Modified HMS Karabiner - triple action,ppe,Karabiner,Steel,EN 362:2004/B,UNL,UNL,50 kN,,,,,,,K30TA,https://atheightuk.com/wp-content/uploads/2020/08/Karabiner-UIM-Final.pdf,https://atheightuk.com/product/k30-steel-modified-hms-karabiner/,,
At Height,K50 Steel Large D Karabiner - screwgate,ppe,Karabiner,Steel,EN 362:2004/B,UNL,UNL,65 kN,,,,,,,K50SG,https://atheightuk.com/wp-content/uploads/2020/08/Karabiner-UIM-Final.pdf,https://atheightuk.com/product/k50-steel-large-d-shape-karabiner/,,
At Height,K50 Steel Large D Karabiner - double action,ppe,Karabiner,Steel,EN 362:2004/B,UNL,UNL,65 kN,,,,,,,K50DA,https://atheightuk.com/wp-content/uploads/2020/08/Karabiner-UIM-Final.pdf,https://atheightuk.com/product/k50-steel-large-d-shape-karabiner/,,
At Height,K50 Steel Large D Karabiner - triple action,ppe,Karabiner,Steel,EN 362:2004/B,UNL,UNL,65 kN,,,,,,,K50TA,https://atheightuk.com/wp-content/uploads/2020/08/Karabiner-UIM-Final.pdf,https://atheightuk.com/product/k50-steel-large-d-shape-karabiner/,,
At Height,The Choker K30 Steel Modified HMS Karabiner - triple action - Green,ppe,Karabiner,Steel,EN 362:2004/B,UNL,UNL,50 kN,,,,,,,K30TA-PC01,https://atheightuk.com/wp-content/uploads/2020/08/Karabiner-UIM-Final.pdf,https://atheightuk.com/product/k30-steel-modified-hms-karabiner/,,
At Height,The Choker K30 Steel Modified HMS Karabiner - triple action - Red,ppe,Karabiner,Steel,EN 362:2004/B,UNL,UNL,50 kN,,,,,,,K30TA-PC02,https://atheightuk.com/wp-content/uploads/2020/08/Karabiner-UIM-Final.pdf,https://atheightuk.com/product/k30-steel-modified-hms-karabiner/,,
ASAT,RD2 Rescue Descender/PCP,ppe,Descenders,Aluminium / Stainless steel,EN 12841:2006-C,UNL,UNL,,150 kg (200 kg rescue),,10.5,11,,,RD2,https://atheightuk.com/wp-content/uploads/2022/05/RD2-instruction-manual-EN.pdf,https://atheightuk.com/product/rd2-rescue-descender-pcp/,,
At Height,Rope Grab 9-13mm - bolted axle,ppe,Rope Grabs,,EN 567,,,,,,9,13,,,RG20,,https://atheightuk.com/product/rope-grabs/,,
At Height,Rope Grab 9-13mm - removable axle,ppe,Rope Grabs,,EN 567,,,,,,9,13,,,RG21,,https://atheightuk.com/product/rope-grabs/,,
At Height,Blocker Rope Grab,ppe,Rope Grabs,,EN 353-2 / EN 358,,,,,,10.5,13,,,BRG01,,,,
At Height,PulleyOne P36,ppe,Pulleys,Aluminium,EN 12278:2007,,,36 kN,,,,11.5,,,P36,,https://atheightuk.com/product/pulleyone/,,
At Height,PulleyOne P36B - premium bearing,ppe,Pulleys,Aluminium,EN 12278:2007,,,36 kN,,,,11.5,,,P36B,,https://atheightuk.com/product/pulleyone/,,
At Height,Drill Winch DW2,no ppe,Powered Winch - NOT PPE,,Machinery Directive 2006/42/EC,,,,200 kg (with 11 mm rope),,8,11,,,DW2,,https://atheightuk.com/product/drill-winch/,,
At Height,Drill Winch DW3 (Pro),no ppe,Powered Winch - NOT PPE,,Machinery Directive 2006/42/EC,,,,200 kg,,10.5,11,,,DW3,,https://atheightuk.com/product/drill-winch/,,
At Height,Wire Anchor Sling 0.5 m (galvanised),rigging,Rigging & Anchors,Galvanised steel,,,,,,,,,,,WASG050,,https://atheightuk.com/product/wire-anchor-sling/,,
At Height,Wire Anchor Sling 1 m (galvanised),rigging,Rigging & Anchors,Galvanised steel,,,,,,,,,,,WASG100,,https://atheightuk.com/product/wire-anchor-sling/,,
At Height,Wire Anchor Sling 1.5 m (galvanised),rigging,Rigging & Anchors,Galvanised steel,,,,,,,,,,,WASG150,,https://atheightuk.com/product/wire-anchor-sling/,,
At Height,Wire Anchor Sling 2 m (galvanised),rigging,Rigging & Anchors,Galvanised steel,,,,,,,,,,,WASG200,,https://atheightuk.com/product/wire-anchor-sling/,,
At Height,Wire Anchor Sling 3 m (galvanised),rigging,Rigging & Anchors,Galvanised steel,,,,,,,,,,,WASG300,,https://atheightuk.com/product/wire-anchor-sling/,,
At Height,Wire Anchor Sling 4 m (galvanised),rigging,Rigging & Anchors,Galvanised steel,,,,,,,,,,,WASG400,,https://atheightuk.com/product/wire-anchor-sling/,,
At Height,"Wire Anchor Sling 1 m (stainless, thimble eye)",rigging,Rigging & Anchors,Stainless steel,,,,,,,,,,,WASS100T,,https://atheightuk.com/product/wire-anchor-sling/,,
At Height,"Wire Anchor Sling 1.5 m (stainless, thimble eye)",rigging,Rigging & Anchors,Stainless steel,,,,,,,,,,,WASS150T,,https://atheightuk.com/product/wire-anchor-sling/,,
At Height,"Wire Anchor Sling 2 m (stainless, thimble eye)",rigging,Rigging & Anchors,Stainless steel,,,,,,,,,,,WASS200T,,https://atheightuk.com/product/wire-anchor-sling/,,
At Height,Work Seat WS01,no ppe,Work Seat - NOT PPE,,,,,,,,,,,,WS01,,,,
At Height,Beam Trolley CT100.2,rigging,Rigging & Anchors,,,,,,,,,,,,CT100.2,,,,
Beal,Industrie 11mm,ppe,climbing line,Polyamide,CE EN 1891 Type A,,10,34 kN,,,11,11,TIP label / serial number on product,,,,https://www.beal-planet.com/en/products/industrie-11mm,,
Beal,Industrie 12mm,ppe,climbing line,Polyamide,CE EN 1891 Type A,,10,,,,12,12,TIP label / serial number on product,,,,https://us.beal-planet.com/products/industrie-12mm,,
Beal,Antipodes 11.5mm,ppe,climbing line,Polyamide,CE EN 1891 Type A,,10,,,,11.5,11.5,TIP label / serial number on product,,,,https://www.beal-planet.com/en/products/antipodes-11-5mm,,
Beal,Contract 10.5mm,ppe,climbing line,Polyamide,CE EN 1891 Type A,,10,27 kN,,,10.5,10.5,TIP label / serial number on product,,,,https://www.beal-planet.com/en/products/contract-10-5mm,,
Beal,Access Unicore 10.5mm,ppe,climbing line,Polyamide,CE EN 1891 Type A,,10,27 kN,,,10.5,10.5,TIP label / serial number on product,,,,https://www.beal-planet.com/en/products/access-10-5mm-unicore,,
Beal,Access Unicore 11mm,ppe,climbing line,Polyamide,CE EN 1891 Type A,,10,30 kN,,,11,11,TIP label / serial number on product,,,,https://int.beal-planet.com/products/access-11mm-unicore,,
Beal,Bonsai 13mm,ppe,climbing line,Polyamide,CE EN 1891 Type A,,10,,,,13,13,TIP label / serial number on product,,,,https://www.beal-planet.com/en/products/bonsai-13mm,,
Beal,Prusik Cord 10mm,Prusik cord,hitch cord / prusik,Polyester,,,10,,,,10,10,TIP label / serial number on product,,,,https://www.beal-planet.com/en/collections/cordelettes,,
Beal,Hero Pro size S,ppe,Harnesses,Polyamide,"CE EN 361, CE EN 358, CE EN 813",,10,,,100,,,TIP label / serial number on product,,,,https://www.beal-planet.com/en/products/hero-pro,,
Beal,Hero Pro size M,ppe,Harnesses,Polyamide,"CE EN 361, CE EN 358, CE EN 813",,10,,,100,,,TIP label / serial number on product,,,,https://www.beal-planet.com/en/products/hero-pro,,
Beal,Hero Pro size L,ppe,Harnesses,Polyamide,"CE EN 361, CE EN 358, CE EN 813",,10,,,100,,,TIP label / serial number on product,,,,https://www.beal-planet.com/en/products/hero-pro,,
Beal,Hero Pro size XL,ppe,Harnesses,Polyamide,"CE EN 361, CE EN 358, CE EN 813",,10,,,100,,,TIP label / serial number on product,,,,https://www.beal-planet.com/en/products/hero-pro,,
Beal,Shaolin size S,ppe,Harnesses,Polyamide,"CE EN 358, CE EN 813",,10,,,100,,,TIP label / serial number on product,,,,https://www.beal-planet.com/en/products/shaolin,,
Beal,Shaolin size M,ppe,Harnesses,Polyamide,"CE EN 358, CE EN 813",,10,,,100,,,TIP label / serial number on product,,,,https://www.beal-planet.com/en/products/shaolin,,
Beal,Shaolin size L,ppe,Harnesses,Polyamide,"CE EN 358, CE EN 813",,10,,,100,,,TIP label / serial number on product,,,,https://www.beal-planet.com/en/products/shaolin,,
Beal,Air Top,ppe,Harnesses,Polyamide,CE EN 361 (in combination with sit harness),,10,,,,,,TIP label / serial number on product,,,,https://www.beal-planet.com/en/products/air-top,,
Beal,Ypsilon,ppe,Harnesses,Polyamide,CE EN 361 (in combination with sit harness),,10,,,,,,TIP label / serial number on product,,,,https://www.beal-planet.com/en/products/ypsilon,,
Beal,Air Smith Screw-Lock,ppe,Connectors,Steel,"CE EN 362, CE EN 12275",,10,52 kN,,,,,TIP label / serial number on product,,,,https://www.beal-planet.com/en/products/air-smith,,
Beal,Air Smith 3-Matic,ppe,Connectors,Steel,"CE EN 362, CE EN 12275",,10,52 kN,,,,,TIP label / serial number on product,,,,https://www.beal-planet.com/en/products/air-smith-3-matic,,
Beal,O'Smith Screw-Lock,ppe,Connectors,Steel,"CE EN 362, CE EN 12275",,10,,,,,,TIP label / serial number on product,,,,https://www.beal-planet.com/en/products/osmith,,
Beal,O'Smith 3-Matic,ppe,Connectors,Steel,"CE EN 362, CE EN 12275",,10,,,,,,TIP label / serial number on product,,,,https://www.beal-planet.com/en/products/o-smith-3-matic,,
Beal,Monitor,ppe,Mobile fall arresters,Aluminium,"CE EN 353-2, CE EN 12841 Type A",,10,,,100,11,13,TIP label / serial number on product,,,,https://us.beal-planet.com/products/monitor,,
Beal,Dynapro Single 2m,ppe,Fall arrest lanyards,Polyester / Nylon,"CE EN 355, CE EN 362",,10,,,100,,,TIP label / serial number on product,,,,https://www.beal-planet.com/en/products/dynapro-single,,
Beal,Dynapro Double 2m,ppe,Fall arrest lanyards,Polyester / Nylon,"CE EN 355, CE EN 362",,10,,,100,,,TIP label / serial number on product,,,,https://www.beal-planet.com/en/products/dynapro-double,,
Beal,Mobile Lanyard,ppe,Positioning lanyards,Polyamide,"CE EN 354, CE EN 362",,10,,,100,,,TIP label / serial number on product,,,,https://www.beal-planet.com/en/products/mobile-lanyard,,
Beal,Flat Sling 18mm 40cm,ppe,Slings,Polyamide,"CE EN 566, CE EN 795B, CE EN 354",,10,22 kN,,,,,TIP label / serial number on product,,,,https://us.beal-planet.com/products/flat-18mm,,
Beal,Flat Sling 18mm 60cm,ppe,Slings,Polyamide,"CE EN 566, CE EN 795B, CE EN 354",,10,22 kN,,,,,TIP label / serial number on product,,,,https://us.beal-planet.com/products/flat-18mm,,
Beal,Flat Sling 18mm 80cm,ppe,Slings,Polyamide,"CE EN 566, CE EN 795B, CE EN 354",,10,22 kN,,,,,TIP label / serial number on product,,,,https://us.beal-planet.com/products/flat-18mm,,
Beal,Flat Sling 18mm 100cm,ppe,Slings,Polyamide,"CE EN 566, CE EN 795B, CE EN 354",,10,22 kN,,,,,TIP label / serial number on product,,,,https://us.beal-planet.com/products/flat-18mm,,
Beal,Flat Sling 18mm 120cm,ppe,Slings,Polyamide,"CE EN 566, CE EN 795B, CE EN 354",,10,22 kN,,,,,TIP label / serial number on product,,,,https://us.beal-planet.com/products/flat-18mm,,
Beal,Flat Sling 18mm 150cm,ppe,Slings,Polyamide,"CE EN 566, CE EN 795B, CE EN 354",,10,22 kN,,,,,TIP label / serial number on product,,,,https://us.beal-planet.com/products/flat-18mm,,
Beal,Flat Sling 18mm 175cm,ppe,Slings,Polyamide,"CE EN 566, CE EN 795B, CE EN 354",,10,22 kN,,,,,TIP label / serial number on product,,,,https://us.beal-planet.com/products/flat-18mm,,
CAMP,GT XT Harness,ppe,Harnesses,Polyamide / Aluminium,"EN 361, EN 358, EN 813",12,10,15,,140,,,CE label on product,,216901,https://www.manualslib.com/manual/1742575/Camp-Safety-Swifty-Vest.html,https://www.safetypro.nl/camp,,
CAMP,Gravity Harness,ppe,Harnesses,Polyamide / Aluminium,"EN 358, EN 361",12,10,15,,150,,,CE label on product,,126501,https://www.manualslib.com/manual/1742575/Camp-Safety-Swifty-Vest.html,https://www.safetypro.nl/camp,,
CAMP,Gravity Harness,ppe,Harnesses,Polyamide / Aluminium,"EN 358, EN 361",12,10,15,,150,,,CE label on product,,126502,https://www.manualslib.com/manual/1742575/Camp-Safety-Swifty-Vest.html,https://www.safetypro.nl/camp,,
CAMP,Swifty Vest Harness,ppe,Harnesses,Polyester / Steel,"EN 361, EN 358",12,10,15,,120,,,CE label on product,,216801,https://www.manualslib.com/manual/1742575/Camp-Safety-Swifty-Vest.html,https://www.safetypro.nl/camp,,
CAMP,Orbital Fall Arrest Harness,ppe,Harnesses,Polyester / Steel,"EN 358, EN 361",12,10,15,,,,,CE label on product,,2120-1,https://www.manualslib.com/manual/1742575/Camp-Safety-Swifty-Vest.html,https://www.safetypro.nl/camp-orbital,,
CAMP,Orbital Fall Arrest Harness,ppe,Harnesses,Polyester / Steel,"EN 358, EN 361",12,10,15,,,,,CE label on product,,2120-2,https://www.manualslib.com/manual/1742575/Camp-Safety-Swifty-Vest.html,https://www.safetypro.nl/camp-orbital,,
CAMP,Empire Full Body Harness,ppe,Harnesses,Polyamide,EN 361,12,10,15,,,,,CE label on product,,0922I,https://www.manualslib.com/manual/1742575/Camp-Safety-Swifty-Vest.html,https://www.poelonline.nl/nl/product/details/0100092203/camp-empire-fullharnas-valbescherming/viking/klimgordels1,,
CAMP,Shock Absorber Rewind Y MGO Aluminium,ppe,Energy Absorbers,Polyamide / Aluminium,EN 355,12,10,22,6 kN,130,,,,,7030201,,https://www.safetypro.nl/camp-shock-absorber-rewind-y-mgo-aluminium,,
CAMP,Retexo Rewind Single,ppe,Energy Absorbers,Polyamide / Aluminium,EN 355,12,10,,6 kN,130,,,,,7050101,,https://www.safetypro.nl/camp-retexo-rewind-enkel,,
CAMP,Retexo Rewind Double,ppe,Energy Absorbers,Polyamide / Aluminium,EN 355,12,10,,6 kN,130,,,,,7050201,,https://www.safetypro.nl/camp-retexo-rewind-dubbel,,
CAMP,Shock Absorber Rope Adjustable Single,ppe,Energy Absorbers,Polyamide / Steel,EN 355,12,10,,6 kN,,,,,,5130101,,https://www.safetypro.nl/camp-shock-absorber-rope-adjustable-single,,
CMI,RP130,rigging,Arborist Pulleys,stainless steel/aluminum,,unl,,124.6 (28000 lbs),,,,15.9,,,RP130,,https://cmigearusa.com/products/rp130,,https://cdn.shopify.com/s/files/1/0393/0605/files/CMI_INSPECTION_INSTRUCTIONS.pdf?v=1729017671
CMI,RP131,rigging,Arborist Pulleys,stainless steel/aluminum,,unl,,177.9 (40000 lbs),,,,19.1,,,RP131,,https://cmigearusa.com/products/rp131,,https://cdn.shopify.com/s/files/1/0393/0605/files/CMI_INSPECTION_INSTRUCTIONS.pdf?v=1729017671
CMI,RP145,rigging,Arborist Pulleys,zinc-plated steel/aluminum/stainless steel,,unl,,111.2 (25000 lbs),,,,19.1,,,RP145,,https://cmigearusa.com/products/rp145,,https://cdn.shopify.com/s/files/1/0393/0605/files/CMI_INSPECTION_INSTRUCTIONS.pdf?v=1729017671
CMI,RP146,rigging,Arborist Pulleys,aluminum/stainless steel,,unl,,302.5 (68000 lbs),60.5 kN (13600 lbs),,,25.4,,,RP146,,https://cmigearusa.com/products/rp146,,https://cdn.shopify.com/s/files/1/0393/0605/files/CMI_INSPECTION_INSTRUCTIONS.pdf?v=1729017671
CMI,RP160,rigging,Arborist Pulleys,7075 aluminum/bronze/stainless steel,,unl,,226.9 (51000 lbs),,,,19.1,,,RP160,,https://cmigearusa.com/products/rp160,https://cdn.shopify.com/s/files/1/0393/0605/files/RecallNotice2023.pdf?v=1693251172,https://cdn.shopify.com/s/files/1/0393/0605/files/CMI_INSPECTION_INSTRUCTIONS.pdf?v=1729017671
CMI,RP162,rigging,Arborist Pulleys,aluminum/stainless steel,,unl,,97.4 (21900 lbs),,,,12.7,,,RP162,,https://cmigearusa.com/products/rp162,https://cdn.shopify.com/s/files/1/0393/0605/files/RecallNotice2023.pdf?v=1693251172,https://cdn.shopify.com/s/files/1/0393/0605/files/CMI_INSPECTION_INSTRUCTIONS.pdf?v=1729017671
CMI,RollnAnchor Pulley,rigging,Arborist Pulleys,aluminum,,unl,,35.6 (8000 lbs),,,,12.7,,,RollnAnchor Pulley,https://cdn.shopify.com/s/files/1/0393/0605/files/RA_Pulley_46729973-af18-4325-be94-4895ba0a2bff.pdf?v=1771949718,https://cmigearusa.com/products/rna-pulley,,https://cdn.shopify.com/s/files/1/0393/0605/files/CMI_INSPECTION_INSTRUCTIONS.pdf?v=1729017671
Courant,Axxis,ppe,Carabiners,Zircal aluminium alloy,EN 362,,10,24,,,,,,,PPLSMQSY,,https://vertical-living.mycourant.com/en/tree-care-material/carabiners/axxis,,
Courant,Axxis TL,ppe,Carabiners,Zircal aluminium alloy,EN 362,,10,24,,,,,,,RMQUAXTL,,https://vertical-living.mycourant.com/en/tree-care-material/carabiners/axxis-tl,,
Courant,Vector TL,ppe,Carabiners,Aluminium,EN 362,,10,22,,,,,,,RMQK786CA,,https://vertical-living.mycourant.com/en/tree-care-material/carabiners/vector-tl,,
Courant,Moka,ppe,Carabiners,Aluminium,EN 362,,10,,,,,,,,RMQCMOKA,,https://vertical-living.mycourant.com/en/tree-care-material/carabiners/moka,,
Courant,Victo,ppe,Carabiners,Steel,EN 362,,10,50,,,,,,,,,https://www.mycourant.com/en/carabiner/victo,,
Courant,Snapo,ppe,Carabiners,,EN 362,,10,,,,,,,,,,https://vertical-living.mycourant.com/en/tree-care-material/carabiners/snapo,,
Courant,Tango Blue,ppe,Carabiners,Aluminium,EN 362,,10,,,,,,,,RMQU223B,,https://vertical-living.mycourant.com/en/material-work-at-height/metallics/tango-blue,,
Courant,Tango Red,ppe,Carabiners,Aluminium,EN 362,,10,,,,,,,,RMQU223R,,https://vertical-living.mycourant.com/en/material-work-at-height/metallics/tango-red,,
Courant,Honos,no ppe,Carabiners,,,,,,,,,,,,RMQHONSJ,,https://vertical-living.mycourant.com/en/tree-care-material/carabiners/honos,,
Courant,Koala Harness S,ppe,Harnesses,Polyester; aluminium alloy; steel,EN 358; EN 813,,10,,,,,,Label,,REL0HRS+,,https://vertical-living.mycourant.com/en/tree-care-material/security-harnesses/koala-harness,,
Courant,Koala Harness M/L,ppe,Harnesses,Polyester; aluminium alloy; steel,EN 358; EN 813,,10,,,,,,Label,,REL0HRML+,,https://vertical-living.mycourant.com/en/tree-care-material/security-harnesses/koala-harness,,
Courant,Koala Harness L/XL,ppe,Harnesses,Polyester; aluminium alloy; steel,EN 358; EN 813,,10,,,,,,Label,,REL0HRXL+,,https://vertical-living.mycourant.com/en/tree-care-material/security-harnesses/koala-harness,,
Courant,Squir 11.5mm,ppe,Access Ropes,Polyester sheath; X-Braid Polyamide core,EN 1891 Type A,,10,30,,,11.5,11.5,,,MJ100RZC+++/MJ100JZC+++,,https://vertical-living.mycourant.com/en/tree-care-material/tree-care-ropes/access-ropes/squir-115mm,,
Courant,Truck 10.5mm,ppe,Semi-static Ropes,Polyamide,EN 1891 Type A,,10,27,,,10.5,10.5,,,,,https://vertical-living.mycourant.com/en/material-work-at-height/ropes/semi-static-ropes/truck-105mm,,
Courant,Truck 11mm,ppe,Semi-static Ropes,Polyamide,EN 1891 Type A,,10,32.5,,,11,11,,,,,https://vertical-living.mycourant.com/en/material-work-at-height/ropes/semi-static-ropes/truck-11mm,,
Courant,Ultima 10.5mm,ppe,Semi-static Ropes,Polyamide,EN 1891 Type A,,10,30,,,10.5,10.5,,,,,https://vertical-living.mycourant.com/en/material-work-at-height/ropes/semi-static-ropes/ultima-105mm,,
Courant,Ultima 11mm,ppe,Semi-static Ropes,Polyamide,EN 1891 Type A,,10,32,,,11,11,,,,,https://vertical-living.mycourant.com/en/material-work-at-height/ropes/semi-static-ropes/ultima-11mm,,
Courant,Bandit 11mm,ppe,Semi-static Ropes,,EN 1891 Type A,,10,,,,11,11,,,,,https://vertical-living.mycourant.com/en/material-work-at-height/ropes/semi-static-ropes/bandit-11mm,,
Courant,Phoenix 8mm Hitch Cord,Hitch Cord,Hitch Cords,Aramid sheath,,,10,,,,8,8,,,,,https://vertical-living.mycourant.com/en/tree-care-material/hitch-cords-and-slings/phoenix-8mm-hitch-cord,,
Courant,Phoenix 10mm Hitch Cord,Hitch Cord,Hitch Cords,Aramid sheath,,,10,,,,10,10,,,,,https://vertical-living.mycourant.com/en/tree-care-material/hitch-cords-and-slings/phoenix-10mm-hitch-cord,,
Courant,Stileo lanyard with stitched eyes,ppe,Lanyards,Polyester sheath; stainless steel wire core,EN 358,,10,,,,12,12,,,,,https://vertical-living.mycourant.com/en/tree-care-material/wire-core-lanyards/stileo-lanyard-with-stitched-eyes-without-hardwear,,
Courant,Flexible Lanyard Flexbee V2,ppe,Lanyards,Polyester sheath; polyamide core,EN 358,,10,,,140,11.5,11.5,,,,,https://www.mycourant.com/en/lanyards/lanyards-flexible-lanyards/longe-flexbee,,
Courant,Flexible Lanyard Flexbee,ppe,Lanyards,Polyester sheath; polyamide core,EN 358,,10,,,140,11.5,11.5,,,,,https://www.mycourant.com/en/lanyards/lanyards-flexible-lanyards/longe-flexbee,,
Courant,Synchro friction saver,ppe,Anchors,Aluminium alloy rings; textile strap,EN 795 Type B,,10,22,,,,,,,,,https://vertical-living.mycourant.com/en/tree-care-material/anchors/synchro-friction-saver,,
Courant,Bandit 10.5mm,ppe,Semi-static Ropes,Polyamide,EN 1891 Type A,,10,,,,10.5,10.5,,,,,https://vertical-living.mycourant.com/en/material-work-at-height/ropes/semi-static-ropes/bandit-105mm,,
Courant,Bandit 12.5mm,ppe,Semi-static Ropes,Polyamide,EN 1891 Type A,,10,37,,,12.5,12.5,,,,,https://www.mycourant.com/en/ropes/semi-static-ropes/bandit-125mm,,
Courant,Wild 11mm,ppe,Semi-static Ropes,Polyamide,EN 1891 Type A,,10,,,,11,11,,,,,https://vertical-living.mycourant.com/en/material-work-at-height/ropes/semi-static-ropes/wild-11mm,,
Courant,CanyonX 9mm,ppe,Semi-static Ropes,,EN 1891 Type A,,10,,,,9,9,,,,,https://vertical-living.mycourant.com/en/material-work-at-height/ropes/semi-static-ropes/canyonx-9mm,,
Courant,Krysler 12.5mm,ppe,Semi-static Ropes,Polyamide,EN 1891 Type A,,10,,,,12.5,12.5,,,,,https://www.mycourant.com/en/ropes/semi-static-ropes/krysler-125mm,,
Courant,Rebel 11mm,ppe,Access Ropes,Polyamide,EN 1891 Type A,,10,,,,11,11,,,,,https://www.mycourant.com/en/ropes/access-ropes/rebel-11-mm,,
Courant,Ellipse rope sling,ppe,Anchors,Polyester webbing,EN 566; EN 795 Type B,,10,22,,,,,Label (ITN),,,,https://vertical-living.mycourant.com/en/tree-care-material/anchors/ellipse-rope-sling,,
Courant,Phoenix rope sling,Sling,Hitch Cords,Aramid sheath,,,10,,,,8,8,,,,,https://www.mycourant.com/en/hitch-cords/phoenix-rope-sling,,
Courant,AKA,rigging,Rigging Ropes,,,,,,,,,,,,MHD00ABC990,,https://vertical-living.mycourant.com/en/tree-care-material/tree-care-ropes/rigging-ropes/aka,,
Courant,Mova,ppe,Pulleys,Aluminium,EN 12278,,10,,,,,,,,RPL92142,,https://vertical-living.mycourant.com/en/material-work-at-height/metallics/mova,,
Courant,Orbit 22,ppe,Pulleys,Aluminium,EN 12278,,10,,,,,,,,PPLSPLJF,,https://vertical-living.mycourant.com/en/material-work-at-height/metallics/orbit-22,,
Courant,Hulk,Descender,Descenders,Aluminium,,,10,25,5 kN,,,14,,,,,https://vertical-living.mycourant.com/en/tree-care-material/lowering/hulk,,
Courant,Odin,ppe,Carabiners,Stainless steel,EN 362,,10,25,,,,,,,RMQXANOD,,https://vertical-living.mycourant.com/en/tree-care-material/carabiners,,
Courant,Atoll Ring S,Accessory,Harness Accessories,Aluminium alloy,,,10,25,,,,,,,RANI05BKA,,https://vertical-living.mycourant.com/en/tree-care-material/harnesses-accessories/atoll,,
Courant,Atoll Ring L,Accessory,Harness Accessories,Aluminium alloy,,,10,25,,,,,,,RANI04FLA,,https://vertical-living.mycourant.com/en/tree-care-material/harnesses-accessories/atoll,,
Courant,Honos L Yellow,no ppe,Carabiners,,,,,,15 kg,,,,,,RMQHONLJ,,https://vertical-living.mycourant.com/en/tree-care-material/carabiners/honos,,
Courant,Honos L Blue,no ppe,Carabiners,,,,,,15 kg,,,,,,RMQHONLB,,https://vertical-living.mycourant.com/en/tree-care-material/carabiners/honos,,
Courant,Honos L Red,no ppe,Carabiners,,,,,,15 kg,,,,,,RMQHONLR,,https://vertical-living.mycourant.com/en/tree-care-material/carabiners/honos,,
Courant,Extrema 10.5mm,ppe,Semi-static Ropes,Polyamide sheath; X-Braid Polyamide core,EN 1891 Type A,,10,32,,,10.5,10.5,,,MM8+++++,,https://vertical-living.mycourant.com/en/material-work-at-height/ropes/semi-static-ropes/extrema-105mm,,
Courant,Extrema 11mm,ppe,Semi-static Ropes,Polyester sheath; X-Braid Polyamide core,EN 1891 Type A,,10,33,,,11,11,,,ML8+++++,,https://vertical-living.mycourant.com/en/material-work-at-height/ropes/semi-static-ropes/extrema-11mm,,
Courant,Millo Primary Bridge 25cm,Accessory,Harness Accessories,Polyamide,,,10,,,,,,Label,,REL0PS25+,,https://vertical-living.mycourant.com/en/tree-care-material/harnesses-accessories/millo,,
Courant,Millo Secondary Bridge 25cm,Accessory,Harness Accessories,Polyamide,,,10,,,,,,Label,,REL0PA25+,,https://vertical-living.mycourant.com/en/tree-care-material/harnesses-accessories/millo,,
Courant,Millo Primary Bridge 30cm,Accessory,Harness Accessories,Polyamide,,,10,,,,,,Label,,REL0PS30+,,https://vertical-living.mycourant.com/en/tree-care-material/harnesses-accessories/millo,,
Courant,Millo Secondary Bridge 30cm,Accessory,Harness Accessories,Polyamide,,,10,,,,,,Label,,REL0PA30+,,https://vertical-living.mycourant.com/en/tree-care-material/harnesses-accessories/millo,,
Courant,Millo Primary Bridge 35cm,Accessory,Harness Accessories,Polyamide,,,10,,,,,,Label,,REL0PS35+,,https://vertical-living.mycourant.com/en/tree-care-material/harnesses-accessories/millo,,
Courant,Millo Secondary Bridge 35cm,Accessory,Harness Accessories,Polyamide,,,10,,,,,,Label,,REL0PA35+,,https://vertical-living.mycourant.com/en/tree-care-material/harnesses-accessories/millo,,
Cousin,ATRAX 11.6 - 35m - 1 splice,ppe,climbing rope,Polyester,EN 1891 Type A,15,10,29,,,11.6,11.6,,,1781,https://www.cousin-group.com/wp-content/uploads/2025/07/CT-Notice-Statiques-24-WEB-1.pdf,https://www.cousin-group.com/en/product/atrax-11-6/,,
Cousin,ATRAX 11.6 - 45m - 1 splice,ppe,climbing rope,Polyester,EN 1891 Type A,15,10,29,,,11.6,11.6,,,1781,https://www.cousin-group.com/wp-content/uploads/2025/07/CT-Notice-Statiques-24-WEB-1.pdf,https://www.cousin-group.com/en/product/atrax-11-6/,,
Cousin,ATRAX 11.6 - 60m - 1 splice,ppe,climbing rope,Polyester,EN 1891 Type A,15,10,29,,,11.6,11.6,,,1781,https://www.cousin-group.com/wp-content/uploads/2025/07/CT-Notice-Statiques-24-WEB-1.pdf,https://www.cousin-group.com/en/product/atrax-11-6/,,
Cousin,ATRAX 11.6 - 35m - 2 splices,ppe,climbing rope,Polyester,EN 1891 Type A,15,10,29,,,11.6,11.6,,,1781,https://www.cousin-group.com/wp-content/uploads/2025/07/CT-Notice-Statiques-24-WEB-1.pdf,https://www.cousin-group.com/en/product/atrax-11-6/,,
Cousin,ATRAX 11.6 - 45m - 2 splices,ppe,climbing rope,Polyester,EN 1891 Type A,15,10,29,,,11.6,11.6,,,1781,https://www.cousin-group.com/wp-content/uploads/2025/07/CT-Notice-Statiques-24-WEB-1.pdf,https://www.cousin-group.com/en/product/atrax-11-6/,,
Cousin,ATRAX 11.6 - 60m - 2 splices,ppe,climbing rope,Polyester,EN 1891 Type A,15,10,29,,,11.6,11.6,,,1781,https://www.cousin-group.com/wp-content/uploads/2025/07/CT-Notice-Statiques-24-WEB-1.pdf,https://www.cousin-group.com/en/product/atrax-11-6/,,
Cousin,ATRAX 11.6,ppe,climbing rope,Polyester,EN 1891 Type A,15,10,29,,,11.6,11.6,,,1781,https://www.cousin-group.com/wp-content/uploads/2025/07/CT-Notice-Statiques-24-WEB-1.pdf,https://www.cousin-group.com/en/product/atrax-11-6/,,
Cousin,LIGNUM 12.5 - 35m - 1 splice,ppe,climbing rope,Polyester,EN 1891 Type A; ANSI Z133,15,10,18,,,12.5,12.5,,,1783,https://www.cousin-group.com/wp-content/uploads/2025/07/CT-Notice-Statiques-24-WEB-1.pdf,https://www.cousin-group.com/en/product/lignum-12-5/,,
Cousin,LIGNUM 12.5 - 45m - 1 splice,ppe,climbing rope,Polyester,EN 1891 Type A; ANSI Z133,15,10,18,,,12.5,12.5,,,1783,https://www.cousin-group.com/wp-content/uploads/2025/07/CT-Notice-Statiques-24-WEB-1.pdf,https://www.cousin-group.com/en/product/lignum-12-5/,,
Cousin,LIGNUM 12.5 - 60m - 1 splice,ppe,climbing rope,Polyester,EN 1891 Type A; ANSI Z133,15,10,18,,,12.5,12.5,,,1783,https://www.cousin-group.com/wp-content/uploads/2025/07/CT-Notice-Statiques-24-WEB-1.pdf,https://www.cousin-group.com/en/product/lignum-12-5/,,
Cousin,LIGNUM 12.5 - 35m - 2 splices,ppe,climbing rope,Polyester,EN 1891 Type A; ANSI Z133,15,10,18,,,12.5,12.5,,,1783,https://www.cousin-group.com/wp-content/uploads/2025/07/CT-Notice-Statiques-24-WEB-1.pdf,https://www.cousin-group.com/en/product/lignum-12-5/,,
Cousin,LIGNUM 12.5 - 45m - 2 splices,ppe,climbing rope,Polyester,EN 1891 Type A; ANSI Z133,15,10,18,,,12.5,12.5,,,1783,https://www.cousin-group.com/wp-content/uploads/2025/07/CT-Notice-Statiques-24-WEB-1.pdf,https://www.cousin-group.com/en/product/lignum-12-5/,,
Cousin,LIGNUM 12.5 - 60m - 2 splices,ppe,climbing rope,Polyester,EN 1891 Type A; ANSI Z133,15,10,18,,,12.5,12.5,,,1783,https://www.cousin-group.com/wp-content/uploads/2025/07/CT-Notice-Statiques-24-WEB-1.pdf,https://www.cousin-group.com/en/product/lignum-12-5/,,
Cousin,LIGNUM 12.5,ppe,climbing rope,Polyester,EN 1891 Type A; ANSI Z133,15,10,18,,,12.5,12.5,,,1783,https://www.cousin-group.com/wp-content/uploads/2025/07/CT-Notice-Statiques-24-WEB-1.pdf,https://www.cousin-group.com/en/product/lignum-12-5/,,
Cousin,BLACK WIDOW 12.2 - 35m - 1 splice,ppe,climbing rope,Polyester,EN 1891 Type A,15,10,29,,,12.2,12.2,,,1777,https://www.cousin-group.com/wp-content/uploads/2025/07/CT-Notice-Statiques-24-WEB-1.pdf,https://www.cousin-group.com/en/product/black-widow-12-2/,,
Cousin,BLACK WIDOW 12.2 - 45m - 1 splice,ppe,climbing rope,Polyester,EN 1891 Type A,15,10,29,,,12.2,12.2,,,1777,https://www.cousin-group.com/wp-content/uploads/2025/07/CT-Notice-Statiques-24-WEB-1.pdf,https://www.cousin-group.com/en/product/black-widow-12-2/,,
Cousin,BLACK WIDOW 12.2 - 60m - 1 splice,ppe,climbing rope,Polyester,EN 1891 Type A,15,10,29,,,12.2,12.2,,,1777,https://www.cousin-group.com/wp-content/uploads/2025/07/CT-Notice-Statiques-24-WEB-1.pdf,https://www.cousin-group.com/en/product/black-widow-12-2/,,
Cousin,BLACK WIDOW 12.2 - 35m - 2 splices,ppe,climbing rope,Polyester,EN 1891 Type A,15,10,29,,,12.2,12.2,,,1777,https://www.cousin-group.com/wp-content/uploads/2025/07/CT-Notice-Statiques-24-WEB-1.pdf,https://www.cousin-group.com/en/product/black-widow-12-2/,,
Cousin,BLACK WIDOW 12.2 - 45m - 2 splices,ppe,climbing rope,Polyester,EN 1891 Type A,15,10,29,,,12.2,12.2,,,1777,https://www.cousin-group.com/wp-content/uploads/2025/07/CT-Notice-Statiques-24-WEB-1.pdf,https://www.cousin-group.com/en/product/black-widow-12-2/,,
Cousin,BLACK WIDOW 12.2 - 60m - 2 splices,ppe,climbing rope,Polyester,EN 1891 Type A,15,10,29,,,12.2,12.2,,,1777,https://www.cousin-group.com/wp-content/uploads/2025/07/CT-Notice-Statiques-24-WEB-1.pdf,https://www.cousin-group.com/en/product/black-widow-12-2/,,
Cousin,BLACK WIDOW 12.2,ppe,climbing rope,Polyester,EN 1891 Type A,15,10,29,,,12.2,12.2,,,1777,https://www.cousin-group.com/wp-content/uploads/2025/07/CT-Notice-Statiques-24-WEB-1.pdf,https://www.cousin-group.com/en/product/black-widow-12-2/,,
Cousin,RUSH 11,ppe,climbing rope,Polyamide,EN 1891,,,30,,,11,11,,,1435,https://www.cousin-group.com/wp-content/uploads/2025/07/CT-Notice-Statiques-24-WEB-1.pdf,https://www.cousin-group.com/en/product/rush-11/,,
Cousin,PRUSSIK ARAMADILLO 10 - 70 cm,ppe,prusik cord,Polyamide core; Aramid/Polyester sheath,EN 795:2012 Type B,,,20,,,10,10,,,CT227710P003,https://www.cousin-group.com/wp-content/uploads/2025/07/Notice-pharmaceutique-Prussik-2025-400x180-1.pdf,https://www.cousin-group.com/en/product/prussik-aramadillo-10/,,
Cousin,PRUSSIK ARAMADILLO 10 - 90 cm,ppe,prusik cord,Polyamide core; Aramid/Polyester sheath,EN 795:2012 Type B,,,20,,,10,10,,,CT227710P004,https://www.cousin-group.com/wp-content/uploads/2025/07/Notice-pharmaceutique-Prussik-2025-400x180-1.pdf,https://www.cousin-group.com/en/product/prussik-aramadillo-10/,,
DMM,PerfectO Locking Locksafe Titanium,ppe,Connectors,Aluminium alloy,"EN12275:2013 X/B, EN362:2004 B",UNL,UNL,24 kN,,,,,,,A597,https://assets.dmmwales.com/download/114/,https://eu.dmmwales.com/products/perfecto,,
DMM,PerfectO Locking Locksafe Lime,ppe,Connectors,Aluminium alloy,"EN12275:2013 X/B, EN362:2004 B",UNL,UNL,24 kN,,,,,,,A597LG,https://assets.dmmwales.com/download/114/,https://eu.dmmwales.com/products/perfecto,,
DMM,PerfectO Locking Locksafe Matt Grey,ppe,Connectors,Aluminium alloy,"EN12275:2013 X/B, EN362:2004 B",UNL,UNL,24 kN,,,,,,,A597MG,https://assets.dmmwales.com/download/114/,https://eu.dmmwales.com/products/perfecto,,
DMM,PerfectO Locking Locksafe Orange,ppe,Connectors,Aluminium alloy,"EN12275:2013 X/B, EN362:2004 B",UNL,UNL,24 kN,,,,,,,A597OR,https://assets.dmmwales.com/download/114/,https://eu.dmmwales.com/products/perfecto,,
DMM,PerfectO Locking Screwgate Titanium,ppe,Connectors,Aluminium alloy,"EN12275:2013 X/B, EN362:2004 B",UNL,UNL,24 kN,,,,,,,A592,https://assets.dmmwales.com/download/114/,https://eu.dmmwales.com/products/perfecto,,
DMM,PerfectO Locking Screwgate Lime,ppe,Connectors,Aluminium alloy,"EN12275:2013 X/B, EN362:2004 B",UNL,UNL,24 kN,,,,,,,A592LG,https://assets.dmmwales.com/download/114/,https://eu.dmmwales.com/products/perfecto,,
DMM,PerfectO Locking Screwgate Matt Grey,ppe,Connectors,Aluminium alloy,"EN12275:2013 X/B, EN362:2004 B",UNL,UNL,24 kN,,,,,,,A592MG,https://assets.dmmwales.com/download/114/,https://eu.dmmwales.com/products/perfecto,,
DMM,PerfectO Locking Screwgate Orange,ppe,Connectors,Aluminium alloy,"EN12275:2013 X/B, EN362:2004 B",UNL,UNL,24 kN,,,,,,,A592OR,https://assets.dmmwales.com/download/114/,https://eu.dmmwales.com/products/perfecto,,
DMM,PerfectO Locking Kwiklock Titanium,ppe,Connectors,Aluminium alloy,"EN12275:2013 X/B, EN362:2004 B",UNL,UNL,24 kN,,,,,,,A593,https://assets.dmmwales.com/download/114/,https://eu.dmmwales.com/products/perfecto,,
DMM,PerfectO Locking Locksafe Captive Bar Titanium,ppe,Connectors,Aluminium alloy,"EN12275:2013 X/B/T, EN362:2004 B/T",UNL,UNL,24 kN,,,,,,,A597CB,https://assets.dmmwales.com/download/114/,https://eu.dmmwales.com/products/perfecto,,
DMM,PerfectO Locking Screwgate Captive Bar Titanium,ppe,Connectors,Aluminium alloy,"EN12275:2013 X/B/T, EN362:2004 B/T",UNL,UNL,24 kN,,,,,,,A592CB,https://assets.dmmwales.com/download/114/,https://eu.dmmwales.com/products/perfecto,,
DMM,PerfectO Locking Kwiklock Captive Bar Titanium,ppe,Connectors,Aluminium alloy,"EN12275:2013 X/B/T, EN362:2004 B/T",UNL,UNL,24 kN,,,,,,,A593CB,https://assets.dmmwales.com/download/114/,https://eu.dmmwales.com/products/perfecto,,
DMM,Ultra O Locksafe Titanium,ppe,Connectors,Aluminium alloy,"EN362:2004 B, EN12275:2013 X/B, UIAA121:2009",UNL,UNL,25 kN,,,,,,,A327,https://assets.dmmwales.com/download/114/,https://eu.dmmwales.com/products/ultra-o,,
DMM,Ultra O Locksafe Lime,ppe,Connectors,Aluminium alloy,"EN362:2004 B, EN12275:2013 X/B, UIAA121:2009",UNL,UNL,25 kN,,,,,,,A327LG,https://assets.dmmwales.com/download/114/,https://eu.dmmwales.com/products/ultra-o,,
DMM,Ultra O Locksafe Matt Grey,ppe,Connectors,Aluminium alloy,"EN362:2004 B, EN12275:2013 X/B, UIAA121:2009",UNL,UNL,25 kN,,,,,,,A327MG,https://assets.dmmwales.com/download/114/,https://eu.dmmwales.com/products/ultra-o,,
DMM,Ultra O Locksafe Orange,ppe,Connectors,Aluminium alloy,"EN362:2004 B, EN12275:2013 X/B, UIAA121:2009",UNL,UNL,25 kN,,,,,,,A327OR,https://assets.dmmwales.com/download/114/,https://eu.dmmwales.com/products/ultra-o,,
DMM,Ultra O Locksafe Green,no ppe,Connectors,Aluminium alloy,,UNL,UNL,,,,,,,,A327GR,https://assets.dmmwales.com/download/114/,https://eu.dmmwales.com/products/ultra-o,,
DMM,Ultra O Screwgate Titanium,ppe,Connectors,Aluminium alloy,"EN362:2004 B, EN12275:2013 X/B, UIAA121:2009",UNL,UNL,25 kN,,,,,,,A322,https://assets.dmmwales.com/download/114/,https://eu.dmmwales.com/products/ultra-o,,
DMM,Ultra O Screwgate Lime,ppe,Connectors,Aluminium alloy,"EN362:2004 B, EN12275:2013 X/B, UIAA121:2009",UNL,UNL,25 kN,,,,,,,A322LG,https://assets.dmmwales.com/download/114/,https://eu.dmmwales.com/products/ultra-o,,
DMM,Ultra O Screwgate Matt Grey,ppe,Connectors,Aluminium alloy,"EN362:2004 B, EN12275:2013 X/B, UIAA121:2009",UNL,UNL,25 kN,,,,,,,A322MG,https://assets.dmmwales.com/download/114/,https://eu.dmmwales.com/products/ultra-o,,
DMM,Ultra O Screwgate Orange,ppe,Connectors,Aluminium alloy,"EN362:2004 B, EN12275:2013 X/B, UIAA121:2009",UNL,UNL,25 kN,,,,,,,A322OR,https://assets.dmmwales.com/download/114/,https://eu.dmmwales.com/products/ultra-o,,
DMM,Ultra O Screwgate Red,no ppe,Connectors,Aluminium alloy,,UNL,UNL,,,,,,,,A322RD,https://assets.dmmwales.com/download/114/,https://eu.dmmwales.com/products/ultra-o,,
DMM,Ultra O Kwiklock Titanium,ppe,Connectors,Aluminium alloy,"EN362:2004 B, EN12275:2013 X/B, UIAA121:2009",UNL,UNL,25 kN,,,,,,,A323,https://assets.dmmwales.com/download/114/,https://eu.dmmwales.com/products/ultra-o,,
DMM,Ultra O Durolock Titanium,ppe,Connectors,Aluminium alloy,"EN362:2004 B, EN12275:2013 X/B",UNL,UNL,25 kN,,,,,,,A324,https://assets.dmmwales.com/download/114/,https://eu.dmmwales.com/products/ultra-o,,
DMM,Ultra O Locksafe 3 Pack Blue/Red/Green,ppe,Connectors,Aluminium alloy,"EN362:2004 B, EN12275:2013 X/B, UIAA121:2009",UNL,UNL,25 kN,,,,,,,A327-P3,https://assets.dmmwales.com/download/114/,https://eu.dmmwales.com/products/ultra-o,,
DMM,Ultra O Locksafe 3 Pack Lime/Grey/Orange,ppe,Connectors,Aluminium alloy,"EN362:2004 B, EN12275:2013 X/B, UIAA121:2009",UNL,UNL,25 kN,,,,,,,A327-P3A,https://assets.dmmwales.com/download/114/,https://eu.dmmwales.com/products/ultra-o,,
DMM,Ultra O Screwgate 3 Pack Blue/Red/Green,ppe,Connectors,Aluminium alloy,"EN362:2004 B, EN12275:2013 X/B, UIAA121:2009",UNL,UNL,25 kN,,,,,,,A322-P3,https://assets.dmmwales.com/download/114/,https://eu.dmmwales.com/products/ultra-o,,
DMM,Ultra O Screwgate 3 Pack Lime/Grey/Orange,ppe,Connectors,Aluminium alloy,"EN362:2004 B, EN12275:2013 X/B, UIAA121:2009",UNL,UNL,25 kN,,,,,,,A322-P3A,https://assets.dmmwales.com/download/114/,https://eu.dmmwales.com/products/ultra-o,,
DMM,Ultra O Locksafe Captive Bar Titanium,ppe,Connectors,Aluminium alloy,"EN362:2004 B/T, EN12275:2013 X/B/T, UIAA121:2009",UNL,UNL,25 kN,,,,,,,A327CB,https://assets.dmmwales.com/download/114/,https://eu.dmmwales.com/products/ultra-o,,
DMM,Ultra O Locksafe Red,ppe,Connectors,Aluminium alloy,"EN362:2004 B, EN12275:2013 X/B, UIAA121:2009",UNL,UNL,25 kN,,,,,,,A327RD,https://assets.dmmwales.com/download/114/,https://eu.dmmwales.com/products/ultra-o,,
DMM,Ultra O Screwgate Green,ppe,Connectors,Aluminium alloy,"EN362:2004 B, EN12275:2013 X/B, UIAA121:2009",UNL,UNL,25 kN,,,,,,,A322GR,https://assets.dmmwales.com/download/114/,https://eu.dmmwales.com/products/ultra-o,,
DMM,AmericanO Locksafe ANSI,ppe,Connectors,Aluminium alloy,"EN362:2004 B, EN12275:2013 B, ANSI/ASSE Z359.12-2019, CAN/CSA Z259.12-16",UNL,UNL,25 kN,,,,,,,A347ANSI,https://assets.dmmwales.com/download/114/,https://eu.dmmwales.com/products/americano,,
DMM,AmericanO Locksafe,ppe,Connectors,Aluminium alloy,"EN362:2004 B, EN12275:2013 B",UNL,UNL,25 kN,,,,,,,A347,https://assets.dmmwales.com/download/114/,https://eu.dmmwales.com/products/americano,,
DMM,AmericanO Kwiklock ANSI,ppe,Connectors,Aluminium alloy,"EN362:2004 B, EN12275:2013 B, ANSI/ASSE Z359.12-2019, CAN/CSA Z259.12-16",UNL,UNL,25 kN,,,,,,,A343ANSI,https://assets.dmmwales.com/download/114/,https://eu.dmmwales.com/products/americano,,
DMM,AmericanO Locksafe ANSI Captive Bar,ppe,Connectors,Aluminium alloy,"EN362:2004 B/T, EN12275:2013 T, ANSI/ASSE Z359.12-2019, CAN/CSA Z259.12-16",UNL,UNL,25 kN,,,,,,,A347CBANSI,https://assets.dmmwales.com/download/114/,https://eu.dmmwales.com/products/americano,,
DMM,AmericanO Locksafe Captive Bar,ppe,Connectors,Aluminium alloy,"EN362:2004 B/T, EN12275:2013 T",UNL,UNL,25 kN,,,,,,,A347CB,https://assets.dmmwales.com/download/114/,https://eu.dmmwales.com/products/americano,,
DMM,AmericanO Kwiklock ANSI Captive Bar,ppe,Connectors,Aluminium alloy,"EN362:2004 B/T, EN12275:2013 T, ANSI/ASSE Z359.12-2019, CAN/CSA Z259.12-16",UNL,UNL,25 kN,,,,,,,A343CBANSI,https://assets.dmmwales.com/download/114/,https://eu.dmmwales.com/products/americano,,
DMM,Ultra D Titanium Kwiklock,ppe,Connectors,Aluminium alloy,"EN362:2004 B, EN12275:2013 B",UNL,UNL,30 kN,,,,,,,A333,https://assets.dmmwales.com/download/114/,https://eu.dmmwales.com/products/ultra-d,,
DMM,Ultra D Titanium Screwgate,ppe,Connectors,Aluminium alloy,"EN362:2004 B, EN12275:2013 B",UNL,UNL,30 kN,,,,,,,A332,https://assets.dmmwales.com/download/114/,https://eu.dmmwales.com/products/ultra-d,,
DMM,Ultra D Matt Grey Screwgate,ppe,Connectors,Aluminium alloy,"EN362:2004 B, EN12275:2013 B",UNL,UNL,30 kN,,,,,,,A332MG,https://assets.dmmwales.com/download/114/,https://eu.dmmwales.com/products/ultra-d,,
DMM,Ultra D Titanium Kwiklock ANSI,ppe,Connectors,Aluminium alloy,"EN362:2004 B, EN12275:2013 B, ANSI/ASSE Z359.12-2019, CAN/CSA Z259.12-16",UNL,UNL,30 kN,,,,,,,A333ANSI,https://assets.dmmwales.com/download/114/,https://eu.dmmwales.com/products/ultra-d,,
DMM,Ultra D Titanium Locksafe,ppe,Connectors,Aluminium alloy,"EN362:2004 B, EN12275:2013 B",UNL,UNL,30 kN,,,,,,,A337,https://assets.dmmwales.com/download/114/,https://eu.dmmwales.com/products/ultra-d,,
DMM,Ultra D Matt Grey Locksafe,ppe,Connectors,Aluminium alloy,"EN362:2004 B, EN12275:2013 B",UNL,UNL,30 kN,,,,,,,A337MG,https://assets.dmmwales.com/download/114/,https://eu.dmmwales.com/products/ultra-d,,
DMM,Ultra D Titanium Locksafe ANSI,ppe,Connectors,Aluminium alloy,"EN362:2004 B, EN12275:2013 B, ANSI/ASSE Z359.12-2019, CAN/CSA Z259.12-16",UNL,UNL,30 kN,,,,,,,A337ANSI,https://assets.dmmwales.com/download/114/,https://eu.dmmwales.com/products/ultra-d,,
DMM,Klettersteig Kwiklock ANSI,ppe,Connectors,Aluminium alloy,"EN362:2004 B, EN12275:2013 B/K, ANSI/ASSE Z359.12-2019, CAN/CSA Z259.12-16",UNL,UNL,30 kN,,,,,,,A843ANSI,https://assets.dmmwales.com/download/114/,https://eu.dmmwales.com/products/klettersteig,,
DMM,Klettersteig Locksafe ANSI,ppe,Connectors,Aluminium alloy,"EN362:2004 B, EN12275:2013 B/K, ANSI/ASSE Z359.12-2019, CAN/CSA Z259.12-16",UNL,UNL,30 kN,,,,,,,A847ANSI,https://assets.dmmwales.com/download/114/,https://eu.dmmwales.com/products/klettersteig,,
DMM,Klettersteig Locksafe ANSI Captive Bar,ppe,Connectors,Aluminium alloy,"EN362:2004 B/T, EN12275:2013 B/T/K, ANSI/ASSE Z359.12-2019, CAN/CSA Z259.12-16",UNL,UNL,30 kN,,,,,,,A847CBANSI,https://assets.dmmwales.com/download/114/,https://eu.dmmwales.com/products/klettersteig,,
DMM,Zodiac Titanium Locksafe,ppe,Connectors,Aluminium alloy,"EN362:2004 B, EN12275:2013 B, UIAA121:2009",UNL,UNL,32 kN,,,,,,,A827,https://assets.dmmwales.com/download/114/,https://eu.dmmwales.com/products/zodiac,,
DMM,Zodiac Titanium Screwgate,ppe,Connectors,Aluminium alloy,"EN362:2004 B, EN12275:2013 B, UIAA121:2009",UNL,UNL,32 kN,,,,,,,A822,https://assets.dmmwales.com/download/114/,https://eu.dmmwales.com/products/zodiac,,
DMM,Zodiac Titanium Kwiklock,ppe,Connectors,Aluminium alloy,"EN362:2004 B, EN12275:2013 B, UIAA121:2009",UNL,UNL,32 kN,,,,,,,A823,https://assets.dmmwales.com/download/114/,https://eu.dmmwales.com/products/zodiac,,
DMM,Zodiac Matt Grey Locksafe,ppe,Connectors,Aluminium alloy,"EN362:2004 B, EN12275:2013 B, UIAA121:2009",UNL,UNL,32 kN,,,,,,,A827MG,https://assets.dmmwales.com/download/114/,https://eu.dmmwales.com/products/zodiac,,
DMM,Zodiac Matt Grey Screwgate,ppe,Connectors,Aluminium alloy,"EN362:2004 B, EN12275:2013 B, UIAA121:2009",UNL,UNL,32 kN,,,,,,,A822MG,https://assets.dmmwales.com/download/114/,https://eu.dmmwales.com/products/zodiac,,
DMM,Zodiac Titanium Captive Bar Locksafe,ppe,Connectors,Aluminium alloy,"EN362:2004 B/T, EN12275:2013 B/T",UNL,UNL,32 kN,,,,,,,A827CB,https://assets.dmmwales.com/download/114/,https://eu.dmmwales.com/products/zodiac,,
DMM,Zodiac Titanium Captive Bar Kwiklock,ppe,Connectors,Aluminium alloy,"EN362:2004 B/T, EN12275:2013 B/T",UNL,UNL,32 kN,,,,,,,A823CB,https://assets.dmmwales.com/download/114/,https://eu.dmmwales.com/products/zodiac,,
DMM,Boa HMS Locksafe Lime,ppe,Connectors,Aluminium alloy,"EN362:2004 B, EN12275:2013 B/H, UIAA121:2009",UNL,UNL,30 kN,,,,,,,A907LG,https://assets.dmmwales.com/download/114/,https://eu.dmmwales.com/products/30kn-boa,,
DMM,Boa HMS Locksafe Titanium,ppe,Connectors,Aluminium alloy,"EN362:2004 B, EN12275:2013 B/H, UIAA121:2009",UNL,UNL,30 kN,,,,,,,A907,https://assets.dmmwales.com/download/114/,https://eu.dmmwales.com/products/30kn-boa,,
DMM,Boa HMS Locksafe Matt Grey,ppe,Connectors,Aluminium alloy,"EN12275:2013 B/H, EN362:2004 B",UNL,UNL,30 kN,,,,,,,A907MG,https://assets.dmmwales.com/download/114/,https://eu.dmmwales.com/products/30kn-boa,,
DMM,Boa HMS Locksafe Orange,ppe,Connectors,Aluminium alloy,"EN362:2004 B, EN12275:2013 B/H, UIAA121:2009",UNL,UNL,30 kN,,,,,,,A907OR,https://assets.dmmwales.com/download/114/,https://eu.dmmwales.com/products/30kn-boa,,
DMM,Boa HMS Locksafe Red,no ppe,Connectors,Aluminium alloy,,UNL,UNL,,,,,,,,A907RD,https://assets.dmmwales.com/download/114/,https://eu.dmmwales.com/products/30kn-boa,,
DMM,Boa HMS Screwgate Titanium,ppe,Connectors,Aluminium alloy,"EN362:2004 B, EN12275:2013 B/H, UIAA121:2009",UNL,UNL,30 kN,,,,,,,A902,https://assets.dmmwales.com/download/114/,https://eu.dmmwales.com/products/30kn-boa,,
DMM,Boa HMS Screwgate Matt Grey,ppe,Connectors,Aluminium alloy,"EN362:2004 B, EN12275:2013 B/H, UIAA121:2009",UNL,UNL,30 kN,,,,,,,A902MG,https://assets.dmmwales.com/download/114/,https://eu.dmmwales.com/products/30kn-boa,,
DMM,Boa HMS Kwiklock Titanium,ppe,Connectors,Aluminium alloy,"EN362:2004 B, EN12275:2013 B/H, UIAA121:2009",UNL,UNL,30 kN,,,,,,,A903,https://assets.dmmwales.com/download/114/,https://eu.dmmwales.com/products/30kn-boa,,
DMM,Boa HMS Kwiklock ANSI Titanium,ppe,Connectors,Aluminium alloy,"EN362:2004 B, EN12275:2013 B/H, ANSI/ASSE Z359.12-2019, CAN/CSA Z259.12-16",UNL,UNL,30 kN,,,,,,,A903ANSI,https://assets.dmmwales.com/download/114/,https://eu.dmmwales.com/products/30kn-boa,,
DMM,Boa HMS Locksafe ANSI Titanium,ppe,Connectors,Aluminium alloy,"EN362:2004 B, EN12275:2013 B/H, ANSI/ASSE Z359.12-2019, CAN/CSA Z259.12-16",UNL,UNL,30 kN,,,,,,,A907ANSI,https://assets.dmmwales.com/download/114/,https://eu.dmmwales.com/products/30kn-boa,,
DMM,Boa HMS Locksafe Captive Bar Titanium,ppe,Connectors,Aluminium alloy,"EN362:2004 B/T, EN12275:2013 B/H/T",UNL,UNL,30 kN,,,,,,,A907CB,https://assets.dmmwales.com/download/114/,https://eu.dmmwales.com/products/30kn-boa,,
DMM,Boa HMS Screwgate Captive Bar Titanium,ppe,Connectors,Aluminium alloy,"EN362:2004 B/T, EN12275:2013 B/H/T",UNL,UNL,30 kN,,,,,,,A902CB,https://assets.dmmwales.com/download/114/,https://eu.dmmwales.com/products/30kn-boa,,
DMM,Boa HMS Locksafe ANSI Captive Bar Titanium,ppe,Connectors,Aluminium alloy,"EN362:2004 B/T, EN12275:2013 B/H/T, ANSI/ASSE Z359.12-2019, CAN/CSA Z259.12-16",UNL,UNL,30 kN,,,,,,,A907CBANSI,https://assets.dmmwales.com/download/114/,https://eu.dmmwales.com/products/30kn-boa,,
DMM,Boa HMS Locksafe 3 Pack Blue/Red/Green,ppe,Connectors,Aluminium alloy,"EN362:2004 B, EN12275:2013 B/H",UNL,UNL,30 kN,,,,,,,A907-P3,https://assets.dmmwales.com/download/114/,https://eu.dmmwales.com/products/30kn-boa,,
DMM,Boa HMS Locksafe 3 Pack Lime/Grey/Orange,ppe,Connectors,Aluminium alloy,"EN362:2004 B, EN12275:2013 B/H",UNL,UNL,30 kN,,,,,,,A907-P3A,https://assets.dmmwales.com/download/114/,https://eu.dmmwales.com/products/30kn-boa,,
DMM,Shadow HMS Screwgate Lime,ppe,Connectors,Aluminium alloy,"EN12275:2013 B/H, EN362:2004 B",UNL,UNL,26 kN,,,,,,,A682LG,https://assets.dmmwales.com/download/114/,https://eu.dmmwales.com/products/shadow-hms,,
DMM,Shadow HMS Screwgate Titanium,ppe,Connectors,Aluminium alloy,"EN12275:2013 B/H, EN362:2004 B",UNL,UNL,26 kN,,,,,,,A682,https://assets.dmmwales.com/download/114/,https://eu.dmmwales.com/products/shadow-hms,,
DMM,Shadow HMS Kwiklock Titanium,ppe,Connectors,Aluminium alloy,"EN12275:2013 B/H, EN362:2004 B",UNL,UNL,26 kN,,,,,,,A683,https://assets.dmmwales.com/download/114/,https://eu.dmmwales.com/products/shadow-hms,,
DMM,Shadow HMS Locksafe Titanium,ppe,Connectors,Aluminium alloy,"EN12275:2013 B/H, EN362:2004 B",UNL,UNL,26 kN,,,,,,,A687,https://assets.dmmwales.com/download/114/,https://eu.dmmwales.com/products/shadow-hms,,
DMM,Shadow HMS Screwgate Green,ppe,Connectors,Aluminium alloy,"EN12275:2013 B/H, EN362:2004 B",UNL,UNL,26 kN,,,,,,,A682GR,https://assets.dmmwales.com/download/114/,https://eu.dmmwales.com/products/shadow-hms,,
DMM,Shadow HMS Screwgate Matt Grey,ppe,Connectors,Aluminium alloy,"EN12275:2013 B/H, EN362:2004 B",UNL,UNL,26 kN,,,,,,,A682MG,https://assets.dmmwales.com/download/114/,https://eu.dmmwales.com/products/shadow-hms,,
DMM,Shadow HMS Locksafe Matt Grey,ppe,Connectors,Aluminium alloy,"EN12275:2013 B/H, EN362:2004 B",UNL,UNL,26 kN,,,,,,,A687MG,https://assets.dmmwales.com/download/114/,https://eu.dmmwales.com/products/shadow-hms,,
DMM,Shadow HMS Screwgate Orange,ppe,Connectors,Aluminium alloy,"EN12275:2013 B/H, EN362:2004 B",UNL,UNL,26 kN,,,,,,,A682OR,https://assets.dmmwales.com/download/114/,https://eu.dmmwales.com/products/shadow-hms,,
DMM,Phantom HMS Screwgate Lime,ppe,Connectors,Aluminium alloy,"EN362:2004 B, EN12275:2013 B/H",UNL,UNL,25 kN,,,,,,,A572LG,https://assets.dmmwales.com/download/114/,https://eu.dmmwales.com/products/phantom-hms,,
DMM,Phantom HMS Screwgate Titanium,ppe,Connectors,Aluminium alloy,"EN362:2004 B, EN12275:2013 B/H",UNL,UNL,25 kN,,,,,,,A572,https://assets.dmmwales.com/download/114/,https://eu.dmmwales.com/products/phantom-hms,,
DMM,Phantom HMS Kwiklock Titanium,ppe,Connectors,Aluminium alloy,"EN362:2004 B, EN12275:2013 B/H",UNL,UNL,25 kN,,,,,,,A573,https://assets.dmmwales.com/download/114/,https://eu.dmmwales.com/products/phantom-hms,,
DMM,Phantom HMS Locksafe Titanium,ppe,Connectors,Aluminium alloy,"EN362:2004 B, EN12275:2013 B/H",UNL,UNL,25 kN,,,,,,,A577,https://assets.dmmwales.com/download/114/,https://eu.dmmwales.com/products/phantom-hms,,
DMM,Phantom HMS Screwgate Matt Grey,ppe,Connectors,Aluminium alloy,"EN362:2004 B, EN12275:2013 B/H",UNL,UNL,25 kN,,,,,,,A572MG,https://assets.dmmwales.com/download/114/,https://eu.dmmwales.com/products/phantom-hms,,
DMM,Phantom HMS Locksafe Matt Grey,ppe,Connectors,Aluminium alloy,"EN362:2004 B, EN12275:2013 B/H",UNL,UNL,25 kN,,,,,,,A577MG,https://assets.dmmwales.com/download/114/,https://eu.dmmwales.com/products/phantom-hms,,
DMM,Phantom HMS Screwgate Orange,ppe,Connectors,Aluminium alloy,"EN362:2004 B, EN12275:2013 B/H",UNL,UNL,25 kN,,,,,,,A572OR,https://assets.dmmwales.com/download/114/,https://eu.dmmwales.com/products/phantom-hms,,
DMM,Phantom Locking Lime,ppe,Connectors,Aluminium alloy,"EN362:2004 B, EN12275:2013 B, UIAA121:2009",UNL,UNL,24 kN,,,,,,,A312LG,https://assets.dmmwales.com/download/114/,https://eu.dmmwales.com/products/phantom-locking,,
DMM,Phantom Locking Titanium,ppe,Connectors,Aluminium alloy,"EN362:2004 B, EN12275:2013 B, UIAA121:2009",UNL,UNL,24 kN,,,,,,,A312,https://assets.dmmwales.com/download/114/,https://eu.dmmwales.com/products/phantom-locking,,
DMM,Phantom Locking Matt Grey,ppe,Connectors,Aluminium alloy,"EN362:2004 B, EN12275:2013 B, UIAA121:2009",UNL,UNL,24 kN,,,,,,,A312MG,https://assets.dmmwales.com/download/114/,https://eu.dmmwales.com/products/phantom-locking,,
DMM,Phantom Locking Orange,ppe,Connectors,Aluminium alloy,"EN362:2004 B, EN12275:2013 B, UIAA121:2009",UNL,UNL,24 kN,,,,,,,A312OR,https://assets.dmmwales.com/download/114/,https://eu.dmmwales.com/products/phantom-locking,,
DMM,Shadow Locking Screwgate Single Lime,ppe,Connectors,Aluminium alloy,"EN362:2004 B, EN12275:2013 B, UIAA121:2009",UNL,UNL,24 kN,,,,,,,A302LG,https://assets.dmmwales.com/download/114/,https://eu.dmmwales.com/products/shadow-locking,,
DMM,Shadow Locking Screwgate Single Titanium,ppe,Connectors,Aluminium alloy,"EN362:2004 B, EN12275:2013 B, UIAA121:2009",UNL,UNL,24 kN,,,,,,,A302,https://assets.dmmwales.com/download/114/,https://eu.dmmwales.com/products/shadow-locking,,
DMM,Shadow Locking Screwgate Single Matt Grey,ppe,Connectors,Aluminium alloy,"EN362:2004 B, EN12275:2013 B, UIAA121:2009",UNL,UNL,24 kN,,,,,,,A302MG,https://assets.dmmwales.com/download/114/,https://eu.dmmwales.com/products/shadow-locking,,
DMM,Shadow Locking Screwgate Single Orange,ppe,Connectors,Aluminium alloy,"EN362:2004 B, EN12275:2013 B, UIAA121:2009",UNL,UNL,24 kN,,,,,,,A302OR,https://assets.dmmwales.com/download/114/,https://eu.dmmwales.com/products/shadow-locking,,
DMM,Shadow Locking Locksafe Single Lime,ppe,Connectors,Aluminium alloy,"EN362:2004 B, EN12275:2013 B, UIAA121:2009",UNL,UNL,24 kN,,,,,,,A307LG,https://assets.dmmwales.com/download/114/,https://eu.dmmwales.com/products/shadow-locking,,
DMM,Shadow Locking Locksafe Single Titanium,ppe,Connectors,Aluminium alloy,"EN362:2004 B, EN12275:2013 B, UIAA121:2009",UNL,UNL,24 kN,,,,,,,A307,https://assets.dmmwales.com/download/114/,https://eu.dmmwales.com/products/shadow-locking,,
DMM,Shadow Locking Locksafe Single Matt Grey,ppe,Connectors,Aluminium alloy,"EN362:2004 B, EN12275:2013 B",UNL,UNL,24 kN,,,,,,,A307MG,https://assets.dmmwales.com/download/114/,https://eu.dmmwales.com/products/shadow-locking,,
DMM,Shadow Locking Locksafe Single Orange,ppe,Connectors,Aluminium alloy,"EN362:2004 B, EN12275:2013 B, UIAA121:2009",UNL,UNL,24 kN,,,,,,,A307OR,https://assets.dmmwales.com/download/114/,https://eu.dmmwales.com/products/shadow-locking,,
DMM,Shadow Locking Locksafe Single Red,no ppe,Connectors,Aluminium alloy,,UNL,UNL,,,,,,,,A307RD,https://assets.dmmwales.com/download/114/,https://eu.dmmwales.com/products/shadow-locking,,
DMM,Shadow Locking Kwiklock Single Titanium,ppe,Connectors,Aluminium alloy,"EN362:2004 B, EN12275:2013 B, UIAA121:2009",UNL,UNL,24 kN,,,,,,,A303,https://assets.dmmwales.com/download/114/,https://eu.dmmwales.com/products/shadow-locking,,
DMM,Shadow Locking Screwgate 3 Pack Blue/Red/Green,ppe,Connectors,Aluminium alloy,"EN362:2004 B, EN12275:2013 B, UIAA121:2009",UNL,UNL,24 kN,,,,,,,A302-P3,https://assets.dmmwales.com/download/114/,https://eu.dmmwales.com/products/shadow-locking,,
DMM,Shadow Locking Screwgate 3 Pack Lime/Grey/Orange,ppe,Connectors,Aluminium alloy,"EN362:2004 B, EN12275:2013 B, UIAA121:2009",UNL,UNL,24 kN,,,,,,,A302-P3A,https://assets.dmmwales.com/download/114/,https://eu.dmmwales.com/products/shadow-locking,,
DMM,Shadow Locking Locksafe 3 Pack Blue/Red/Green,ppe,Connectors,Aluminium alloy,"EN362:2004 B, EN12275:2013 B, UIAA121:2009",UNL,UNL,24 kN,,,,,,,A307-P3,https://assets.dmmwales.com/download/114/,https://eu.dmmwales.com/products/shadow-locking,,
DMM,Shadow Locking Locksafe 3 Pack Lime/Grey/Orange,ppe,Connectors,Aluminium alloy,"EN362:2004 B, EN12275:2013 B, UIAA121:2009",UNL,UNL,24 kN,,,,,,,A307-P3A,https://assets.dmmwales.com/download/114/,https://eu.dmmwales.com/products/shadow-locking,,
DMM,Sidewinder Locksafe,ppe,Connectors,Aluminium alloy,EN362:2004 T,UNL,UNL,25 kN,,,,,,,A98K71,https://assets.dmmwales.com/download/114/,https://eu.dmmwales.com/products/sidewinder,,
DMM,Sidewinder Locksafe ANSI,ppe,Connectors,Aluminium alloy,"EN362:2004 T, ANSI/ASSE Z359.12-2019, CAN/CSA Z259.12-16",UNL,UNL,25 kN,,,,,,,A98K71ANSI,https://assets.dmmwales.com/download/114/,https://eu.dmmwales.com/products/sidewinder,,
DMM,Belay Master Titanium,ppe,Connectors,Aluminium alloy,"EN362:2004 B/T, EN12275:2013 B/H/T, UIAA121:2009",UNL,UNL,25 kN,,,,,,,A872,https://assets.dmmwales.com/download/114/,https://eu.dmmwales.com/products/belay-master-2,,
DMM,Belay Master Lime,ppe,Connectors,Aluminium alloy,"EN362:2004 B/T, EN12275:2013 B/H/T, UIAA121:2009",UNL,UNL,25 kN,,,,,,,A872LG,https://assets.dmmwales.com/download/114/,https://eu.dmmwales.com/products/belay-master-2,,
DMM,Belay Master Matt Grey,ppe,Connectors,Aluminium alloy,"EN362:2004 B/T, EN12275:2013 B/H/T, UIAA121:2009",UNL,UNL,25 kN,,,,,,,A872MG,https://assets.dmmwales.com/download/114/,https://eu.dmmwales.com/products/belay-master-2,,
DMM,Belay Master Orange,ppe,Connectors,Aluminium alloy,"EN362:2004 B/T, EN12275:2013 B/H/T, UIAA121:2009",UNL,UNL,25 kN,,,,,,,A872OR,https://assets.dmmwales.com/download/114/,https://eu.dmmwales.com/products/belay-master-2,,
DMM,Rhino Screwgate Titanium,ppe,Connectors,Aluminium alloy,"EN362:2004 B, EN12275:2013 B/H",UNL,UNL,27 kN,,,,,,,A542,https://assets.dmmwales.com/download/114/,https://eu.dmmwales.com/products/rhino,,
DMM,Rhino Screwgate Matt Grey,ppe,Connectors,Aluminium alloy,"EN362:2004 B, EN12275:2013 B/H",UNL,UNL,27 kN,,,,,,,A542MG,https://assets.dmmwales.com/download/114/,https://eu.dmmwales.com/products/rhino,,
DMM,Rhino Kwiklock Titanium,ppe,Connectors,Aluminium alloy,"EN362:2004 B, EN12275:2013 B/H",UNL,UNL,27 kN,,,,,,,A543,https://assets.dmmwales.com/download/114/,https://eu.dmmwales.com/products/rhino,,
DMM,Rhino Locksafe Titanium,ppe,Connectors,Aluminium alloy,"EN362:2004 B, EN12275:2013 B/H",UNL,UNL,27 kN,,,,,,,A547,https://assets.dmmwales.com/download/114/,https://eu.dmmwales.com/products/rhino,,
DMM,Rhino Locksafe Matt Grey,ppe,Connectors,Aluminium alloy,"EN362:2004 B, EN12275:2013 B/H",UNL,UNL,27 kN,,,,,,,A547MG,https://assets.dmmwales.com/download/114/,https://eu.dmmwales.com/products/rhino,,
DMM,Ceros Screwgate Lime,ppe,Connectors,Aluminium alloy,"EN362:2004 B/T, EN12275:2013 B/H/T",UNL,UNL,25 kN,,,,,,,A562LG,https://assets.dmmwales.com/download/114/,https://eu.dmmwales.com/products/ceros,,
DMM,Ceros Screwgate Titanium,ppe,Connectors,Aluminium alloy,"EN362:2004 B/T, EN12275:2013 B/H/T",UNL,UNL,25 kN,,,,,,,A562,https://assets.dmmwales.com/download/114/,https://eu.dmmwales.com/products/ceros,,
DMM,Ceros Screwgate Matt Grey,ppe,Connectors,Aluminium alloy,"EN362:2004 B/T, EN12275:2013 B/H/T",UNL,UNL,25 kN,,,,,,,A562MG,https://assets.dmmwales.com/download/114/,https://eu.dmmwales.com/products/ceros,,
DMM,Ceros Screwgate Orange,ppe,Connectors,Aluminium alloy,"EN362:2004 B/T, EN12275:2013 B/H/T",UNL,UNL,25 kN,,,,,,,A562OR,https://assets.dmmwales.com/download/114/,https://eu.dmmwales.com/products/ceros,,
DMM,Ceros Kwiklock Titanium,ppe,Connectors,Aluminium alloy,"EN362:2004 B/T, EN12275:2013 B/H/T",UNL,UNL,25 kN,,,,,,,A563,https://assets.dmmwales.com/download/114/,https://eu.dmmwales.com/products/ceros,,
DMM,Ceros Locksafe Titanium,ppe,Connectors,Aluminium alloy,"EN362:2004 B/T, EN12275:2013 B/H/T",UNL,UNL,25 kN,,,,,,,A567,https://assets.dmmwales.com/download/114/,https://eu.dmmwales.com/products/ceros,,
DMM,Ceros Locksafe Matt Grey,ppe,Connectors,Aluminium alloy,"EN362:2004 B/T, EN12275:2013 B/H/T",UNL,UNL,25 kN,,,,,,,A567MG,https://assets.dmmwales.com/download/114/,https://eu.dmmwales.com/products/ceros,,
DMM,Ceros Screwgate Captive Bar Titanium,ppe,Connectors,Aluminium alloy,"EN362:2004 B/T, EN12275:2013 B/H/T",UNL,UNL,25 kN,,,,,,,A562CB,https://assets.dmmwales.com/download/114/,https://eu.dmmwales.com/products/ceros,,
DMM,Ceros Kwiklock Captive Bar Titanium,ppe,Connectors,Aluminium alloy,"EN362:2004 B/T, EN12275:2013 B/H/T",UNL,UNL,25 kN,,,,,,,A563CB,https://assets.dmmwales.com/download/114/,https://eu.dmmwales.com/products/ceros,,
DMM,Ceros Locksafe Captive Bar Titanium,ppe,Connectors,Aluminium alloy,"EN362:2004 B/T, EN12275:2013 B/H/T",UNL,UNL,25 kN,,,,,,,A567CB,https://assets.dmmwales.com/download/114/,https://eu.dmmwales.com/products/ceros,,
DMM,Ceros Locksafe Captive Bar Matt Grey,ppe,Connectors,Aluminium alloy,"EN362:2004 B/T, EN12275:2013 B/H/T",UNL,UNL,25 kN,,,,,,,A567CBMG,https://assets.dmmwales.com/download/114/,https://eu.dmmwales.com/products/ceros,,
DMM,Revolver Titanium Locksafe,ppe,Connectors,Aluminium alloy,"EN362:2004 B, EN12275:2013 B, UIAA121:2009",UNL,UNL,24 kN,,,,,,,A277,https://assets.dmmwales.com/download/135/,https://eu.dmmwales.com/products/revolver-locking,,
DMM,Revolver Matt Grey Locksafe,ppe,Connectors,Aluminium alloy,"EN362:2004 B, EN12275:2013 B, UIAA121:2009",UNL,UNL,24 kN,,,,,,,A277MG,https://assets.dmmwales.com/download/135/,https://eu.dmmwales.com/products/revolver-locking,,
DMM,Revolver Lime Screwgate,ppe,Connectors,Aluminium alloy,"EN362:2004 B, EN12275:2013 B, UIAA121:2009",UNL,UNL,24 kN,,,,,,,A272LG,https://assets.dmmwales.com/download/135/,https://eu.dmmwales.com/products/revolver-locking,,
DMM,Revolver Titanium Screwgate,ppe,Connectors,Aluminium alloy,"EN362:2004 B, EN12275:2013 B, UIAA121:2009",UNL,UNL,24 kN,,,,,,,A272,https://assets.dmmwales.com/download/135/,https://eu.dmmwales.com/products/revolver-locking,,
DMM,Revolver Matt Grey Screwgate,ppe,Connectors,Aluminium alloy,"EN362:2004 B, EN12275:2013 B, UIAA121:2009",UNL,UNL,24 kN,,,,,,,A272MG,https://assets.dmmwales.com/download/135/,https://eu.dmmwales.com/products/revolver-locking,,
DMM,Revolver Titanium Kwiklock,ppe,Connectors,Aluminium alloy,"EN362:2004 B, EN12275:2013 B, UIAA121:2009",UNL,UNL,24 kN,,,,,,,A273,https://assets.dmmwales.com/download/135/,https://eu.dmmwales.com/products/revolver-locking,,
DMM,Captive Eye Alloy Screwgate,ppe,Connectors,Aluminium alloy,EN362:2004 T,UNL,UNL,30 kN,,,,,,,A912,https://assets.dmmwales.com/download/114/,https://eu.dmmwales.com/products/captive-eye-alloy,,
DMM,Captive Eye Alloy Kwiklock,ppe,Connectors,Aluminium alloy,EN362:2004 T,UNL,UNL,30 kN,,,,,,,A913,https://assets.dmmwales.com/download/114/,https://eu.dmmwales.com/products/captive-eye-alloy,,
DMM,Captive Eye Alloy Kwiklock ANSI,ppe,Connectors,Aluminium alloy,"EN362:2004 T, ANSI/ASSE Z359.12-2019, CAN/CSA Z259.12-16",UNL,UNL,30 kN,,,,,,,A913ANSI,https://assets.dmmwales.com/download/114/,https://eu.dmmwales.com/products/captive-eye-alloy,,
DMM,Captive Eye Alloy Locksafe,ppe,Connectors,Aluminium alloy,EN362:2004 T,UNL,UNL,30 kN,,,,,,,A917,https://assets.dmmwales.com/download/114/,https://eu.dmmwales.com/products/captive-eye-alloy,,
DMM,Captive Eye Alloy Locksafe ANSI,ppe,Connectors,Aluminium alloy,"EN362:2004 T, ANSI/ASSE Z359.12-2019, CAN/CSA Z259.12-16",UNL,UNL,30 kN,,,,,,,A917ANSI,https://assets.dmmwales.com/download/114/,https://eu.dmmwales.com/products/captive-eye-alloy,,
DMM,12mm Steel Offset D Screwgate,ppe,Connectors,Steel,"EN362:2004 B, EN12275:2013 B",UNL,UNL,45 kN,,,,,,,C812,https://assets.dmmwales.com/download/114/,https://eu.dmmwales.com/products/12mm-offset-d,,
DMM,12mm Steel Offset D Screwgate Captive Bar,ppe,Connectors,Steel,"EN362:2004 B/T, EN12275:2013 B/T",UNL,UNL,45 kN,,,,,,,C812CB,https://assets.dmmwales.com/download/114/,https://eu.dmmwales.com/products/12mm-offset-d,,
DMM,12mm Steel Offset D Kwiklock,ppe,Connectors,Steel,"EN362:2004 B, EN12275:2013 B",UNL,UNL,45 kN,,,,,,,C813,https://assets.dmmwales.com/download/114/,https://eu.dmmwales.com/products/12mm-offset-d,,
DMM,12mm Steel Offset D Kwiklock ANSI,ppe,Connectors,Steel,"EN362:2004 B, EN12275:2013 B, ANSI/ASSE Z359.12-2019, CAN/CSA Z259.12-16",UNL,UNL,45 kN,,,,,,,C813ANSI,https://assets.dmmwales.com/download/114/,https://eu.dmmwales.com/products/12mm-offset-d,,
DMM,12mm Steel Offset D Kwiklock Captive Bar,ppe,Connectors,Steel,"EN362:2004 B/T, EN12275:2013 B/T",UNL,UNL,45 kN,,,,,,,C813CB,https://assets.dmmwales.com/download/114/,https://eu.dmmwales.com/products/12mm-offset-d,,
DMM,12mm Steel Offset D Locksafe,ppe,Connectors,Steel,"EN362:2004 B, EN12275:2013 B",UNL,UNL,45 kN,,,,,,,C817,https://assets.dmmwales.com/download/114/,https://eu.dmmwales.com/products/12mm-offset-d,,
DMM,12mm Steel Offset D Locksafe ANSI,ppe,Connectors,Steel,"EN362:2004 B, EN12275:2013 B, ANSI/ASSE Z359.12-2019, CAN/CSA Z259.12-16",UNL,UNL,45 kN,,,,,,,C817ANSI,https://assets.dmmwales.com/download/114/,https://eu.dmmwales.com/products/12mm-offset-d,,
DMM,12mm Steel Offset D Locksafe Captive Bar,ppe,Connectors,Steel,"EN362:2004 B/T, EN12275:2013 B/T",UNL,UNL,45 kN,,,,,,,C817CB,https://assets.dmmwales.com/download/114/,https://eu.dmmwales.com/products/12mm-offset-d,,
DMM,12mm Steel Klettersteig Screwgate,ppe,Connectors,Steel,"EN362:2004 B, EN12275:2013 B",UNL,UNL,45 kN,,,,,,,C842,https://assets.dmmwales.com/download/114/,https://eu.dmmwales.com/products/12mm-klettersteig,,
DMM,12mm Steel Klettersteig Kwiklock,ppe,Connectors,Steel,"EN362:2004 B/K, EN12275:2013 B/K",UNL,UNL,45 kN,,,,,,,C843,https://assets.dmmwales.com/download/114/,https://eu.dmmwales.com/products/12mm-klettersteig,,
DMM,12mm Steel Klettersteig Kwiklock ANSI,ppe,Connectors,Steel,"EN362:2004 B/K, EN12275:2013 B/K, ANSI/ASSE Z359.12-2019, CAN/CSA Z259.12-16",UNL,UNL,45 kN,,,,,,,C843ANSI,https://assets.dmmwales.com/download/114/,https://eu.dmmwales.com/products/12mm-klettersteig,,
DMM,12mm Steel Klettersteig Locksafe,ppe,Connectors,Steel,"EN362:2004 B/K, EN12275:2013 B/K",UNL,UNL,45 kN,,,,,,,C847,https://assets.dmmwales.com/download/114/,https://eu.dmmwales.com/products/12mm-klettersteig,,
DMM,12mm Steel Klettersteig Locksafe ANSI,ppe,Connectors,Steel,"EN362:2004 B/K, EN12275:2013 B/K, ANSI/ASSE Z359.12-2019, CAN/CSA Z259.12-16",UNL,UNL,45 kN,,,,,,,C847ANSI,https://assets.dmmwales.com/download/114/,https://eu.dmmwales.com/products/12mm-klettersteig,,
DMM,12mm Steel Klettersteig Locksafe Captive Bar,ppe,Connectors,Steel,"EN362:2004 B/K/T, EN12275:2013 B/T/K",UNL,UNL,45 kN,,,,,,,C847CB,https://assets.dmmwales.com/download/114/,https://eu.dmmwales.com/products/12mm-klettersteig,,
DMM,12mm Steel Klettersteig Locksafe ANSI Captive Bar,ppe,Connectors,Steel,"EN362:2004 B/K/T, EN12275:2013 B/T/K, ANSI/ASSE Z359.12-2019, CAN/CSA Z259.12-16",UNL,UNL,45 kN,,,,,,,C847CBANSI,https://assets.dmmwales.com/download/114/,https://eu.dmmwales.com/products/12mm-klettersteig,,
DMM,12mm Steel Boa Screwgate,ppe,Connectors,Steel,"EN362:2004 B, EN12275:2013 B/H",UNL,UNL,40 kN,,,,,,,C852,https://assets.dmmwales.com/download/114/,https://eu.dmmwales.com/products/12mm-boa-hms,,
DMM,12mm Steel Boa Kwiklock,ppe,Connectors,Steel,"EN362:2004 B, EN12275:2013 B/H/K",UNL,UNL,40 kN,,,,,,,C853,https://assets.dmmwales.com/download/114/,https://eu.dmmwales.com/products/12mm-boa-hms,,
DMM,12mm Steel Boa Locksafe,ppe,Connectors,Steel,"EN362:2004 B, EN12275:2013 B/H/K",UNL,UNL,40 kN,,,,,,,C857,https://assets.dmmwales.com/download/114/,https://eu.dmmwales.com/products/12mm-boa-hms,,
DMM,10mm Steel Equal D Screwgate,ppe,Connectors,Steel,"EN362:2004 B, EN12275:2013 B",UNL,UNL,30 kN,,,,,,,C412,https://assets.dmmwales.com/download/114/,https://eu.dmmwales.com/products/10mm-equal-d,,
DMM,10mm Steel Equal D Screwgate Captive Bar,ppe,Connectors,Steel,"EN362:2004 B/T, EN12275:2013 B/T",UNL,UNL,30 kN,,,,,,,C412CB,https://assets.dmmwales.com/download/114/,https://eu.dmmwales.com/products/10mm-equal-d,,
DMM,10mm Steel Equal D Kwiklock,ppe,Connectors,Steel,EN362:2004 B,UNL,UNL,30 kN,,,,,,,C413,https://assets.dmmwales.com/download/114/,https://eu.dmmwales.com/products/10mm-equal-d,,
DMM,10mm Steel Equal D Kwiklock Captive Bar,ppe,Connectors,Steel,EN362:2004 B/T,UNL,UNL,30 kN,,,,,,,C413CB,https://assets.dmmwales.com/download/114/,https://eu.dmmwales.com/products/10mm-equal-d,,
DMM,10mm Steel Equal D Locksafe,ppe,Connectors,Steel,EN362:2004 B,UNL,UNL,30 kN,,,,,,,C417,https://assets.dmmwales.com/download/114/,https://eu.dmmwales.com/products/10mm-equal-d,,
DMM,10mm Steel Equal D Locksafe Captive Bar,ppe,Connectors,Steel,EN362:2004 B/T,UNL,UNL,30 kN,,,,,,,C417CB,https://assets.dmmwales.com/download/114/,https://eu.dmmwales.com/products/10mm-equal-d,,
DMM,Revolver Rig Screwgate,ppe,Connectors,Aluminium alloy,"EN362:2004 B/T, EN12278:2007",UNL,UNL,25 kN,,,,,,,A5821CB,https://assets.dmmwales.com/download/138/,https://eu.dmmwales.com/products/revolver-rig,,
DMM,Revolver Rig Screwgate Twin,ppe,Connectors,Aluminium alloy,"EN362:2004 T, EN12278:2007",UNL,UNL,25 kN,,,,,,,A5822CB,https://assets.dmmwales.com/download/138/,https://eu.dmmwales.com/products/revolver-rig,,
DMM,Revolver Rig Durolock,ppe,Connectors,Aluminium alloy,"EN362:2004 B/T, EN12278:2007",UNL,UNL,25 kN,,,,,,,A5841CB,https://assets.dmmwales.com/download/138/,https://eu.dmmwales.com/products/revolver-rig,,
DMM,Revolver Rig Durolock Twin,ppe,Connectors,Aluminium alloy,"EN362:2004 T, EN12278:2007",UNL,UNL,25 kN,,,,,,,A5842CB,https://assets.dmmwales.com/download/138/,https://eu.dmmwales.com/products/revolver-rig,,
DMM,Revolver Rig Locksafe,ppe,Connectors,Aluminium alloy,"EN362:2004 B/T, EN12278:2007",UNL,UNL,25 kN,,,,,,,A5871CB,https://assets.dmmwales.com/download/138/,https://eu.dmmwales.com/products/revolver-rig,,
DMM,Revolver Rig Locksafe Twin,ppe,Connectors,Aluminium alloy,"EN362:2004 T, EN12278:2007",UNL,UNL,25 kN,,,,,,,A5872CB,https://assets.dmmwales.com/download/138/,https://eu.dmmwales.com/products/revolver-rig,,
DMM,Director Double Locksafe,no ppe,Connectors,Aluminium alloy,,UNL,UNL,,,,,,,,A667,,https://eu.dmmwales.com/products/director-double,,
DMM,Director Double Kwiklock,no ppe,Connectors,Aluminium alloy,,UNL,UNL,,,,,,,,A663,,https://eu.dmmwales.com/products/director-double,,
DMM,Director Double Screwgate,no ppe,Connectors,Aluminium alloy,,UNL,UNL,,,,,,,,A662,,https://eu.dmmwales.com/products/director-double,,
DMM,Director Yoke Screwgate Rope Spacer,ppe,Connectors,Aluminium alloy,"EN12275:2013 T, EN362:2004 T",UNL,UNL,25 kN,,,,,,,A622RS,https://assets.dmmwales.com/download/406/,https://eu.dmmwales.com/products/director-y,,
DMM,Director Yoke Locksafe Rope Spacer,ppe,Connectors,Aluminium alloy,"EN12275:2013 T, EN362:2004 T",UNL,UNL,25 kN,,,,,,,A627RS,https://assets.dmmwales.com/download/406/,https://eu.dmmwales.com/products/director-y,,
DMM,Director Yoke Kwiklock Rope Spacer,ppe,Connectors,Aluminium alloy,"EN12275:2013 T, EN362:2004 T",UNL,UNL,26 kN,,,,,,,A623RS,https://assets.dmmwales.com/download/406/,https://eu.dmmwales.com/products/director-y,,
DMM,Director Yoke Screwgate Web Spacer,ppe,Connectors,Aluminium alloy,"EN12275:2013 T, EN362:2004 T",UNL,UNL,25 kN,,,,,,,A622WS,https://assets.dmmwales.com/download/406/,https://eu.dmmwales.com/products/director-y,,
DMM,Director Yoke Locksafe Web Spacer,ppe,Connectors,Aluminium alloy,"EN12275:2013 T, EN362:2004 T",UNL,UNL,26 kN,,,,,,,A627WS,https://assets.dmmwales.com/download/406/,https://eu.dmmwales.com/products/director-y,,
DMM,Director Yoke Kwiklock Web Spacer,ppe,Connectors,Aluminium alloy,"EN12275:2013 T, EN362:2004 T",UNL,UNL,26 kN,,,,,,,A623WS,https://assets.dmmwales.com/download/406/,https://eu.dmmwales.com/products/director-y,,
DMM,Director Swivel Boss Screwgate Bow,ppe,Connectors,Aluminium alloy,"EN12275:2013 T, EN362:2004 T",UNL,UNL,25 kN,,,,,,,A642BS,https://assets.dmmwales.com/download/406/,https://eu.dmmwales.com/products/director-sbb,,
DMM,Director Swivel Boss Screwgate D,ppe,Connectors,Aluminium alloy,"EN12275:2013 T, EN362:2004 T",UNL,UNL,26 kN,,,,,,,A642SS,https://assets.dmmwales.com/download/406/,https://eu.dmmwales.com/products/director-sbb,,
DMM,Director Swivel Boss Kwiklock Bow,ppe,Connectors,Aluminium alloy,"EN12275:2013 T, EN362:2004 T",UNL,UNL,26 kN,,,,,,,A643BS,https://assets.dmmwales.com/download/406/,https://eu.dmmwales.com/products/director-sbb,,
DMM,Director Swivel Boss Kwiklock D,ppe,Connectors,Aluminium alloy,"EN12275:2013 T, EN362:2004 T",UNL,UNL,26 kN,,,,,,,A643SS,https://assets.dmmwales.com/download/406/,https://eu.dmmwales.com/products/director-sbb,,
DMM,Director Swivel Boss Locksafe Bow,ppe,Connectors,Aluminium alloy,"EN12275:2013 T, EN362:2004 T",UNL,UNL,26 kN,,,,,,,A647BS,https://assets.dmmwales.com/download/406/,https://eu.dmmwales.com/products/director-sbb,,
DMM,Director Swivel Boss Locksafe D,ppe,Connectors,Aluminium alloy,"EN12275:2013 T, EN362:2004 T",UNL,UNL,26 kN,,,,,,,A647SS,https://assets.dmmwales.com/download/406/,https://eu.dmmwales.com/products/director-sbb,,
DMM,Director Swivel Eye Screwgate,ppe,Connectors,Aluminium alloy,"EN12275:2013 T, EN362:2004 T",UNL,UNL,26 kN,,,,,,,A632,https://assets.dmmwales.com/download/406/,https://eu.dmmwales.com/products/director-se,,
DMM,Director Swivel Eye Kwiklock,ppe,Connectors,Aluminium alloy,"EN12275:2013 T, EN362:2004 T",UNL,UNL,26 kN,,,,,,,A633,https://assets.dmmwales.com/download/406/,https://eu.dmmwales.com/products/director-se,,
DMM,Director Swivel Eye Locksafe,ppe,Connectors,Aluminium alloy,"EN12275:2013 T, EN362:2004 T",UNL,UNL,26 kN,,,,,,,A637,https://assets.dmmwales.com/download/406/,https://eu.dmmwales.com/products/director-se,,
DMM,Pink 2025 Belay Master,ppe,Connectors,Aluminium alloy,"EN362:2004 B/T, EN12275:2013 B/H/T, UIAA121:2009",UNL,UNL,25 kN,,,,,,,A872PK,https://assets.dmmwales.com/download/114/,https://eu.dmmwales.com/products/pink-2025,,
DMM,PerfectO Locksafe Big Canopy Campout Edition,ppe,Connectors,Aluminium alloy,"EN12275:2013 X/B, EN362:2004 B",UNL,UNL,24 kN,,,,,,,A597-DNS00077,https://assets.dmmwales.com/download/114/,https://eu.dmmwales.com/products/perfecto-locksafe-dns00077,,
DMM,Triple Attachment Pulley 2 Red,ppe,Pulleys,Aluminium alloy,EN12278:2007,UNL,UNL,30 kN,6 kN,,,14,,,PUL700RD,https://assets.dmmwales.com/download/129/,https://eu.dmmwales.com/products/tap,,
DMM,Triple Attachment Pulley 2 Matt Grey,ppe,Pulleys,Aluminium alloy,EN12278:2007,UNL,UNL,30 kN,6 kN,,,14,,,PUL700MG,https://assets.dmmwales.com/download/129/,https://eu.dmmwales.com/products/tap,,
DMM,Rigger Standard Green/Grey,ppe,Pulleys,Aluminium alloy,EN12278:2007,UNL,UNL,40 kN,8 kN,,7,14,,,PUL400,https://assets.dmmwales.com/download/129/,https://eu.dmmwales.com/products/rigger-pulleys,,
DMM,Rigger Standard Matt Grey,ppe,Pulleys,Aluminium alloy,EN12278:2007,UNL,UNL,40 kN,8 kN,,7,14,,,PUL400MG,https://assets.dmmwales.com/download/129/,https://eu.dmmwales.com/products/rigger-pulleys,,
DMM,Rigger Becket Green/Grey,ppe,Pulleys,Aluminium alloy,EN12278:2007,UNL,UNL,40 kN,8 kN,,7,14,,,PUL410,https://assets.dmmwales.com/download/129/,https://eu.dmmwales.com/products/rigger-pulleys,,
DMM,Rigger Becket Matt Grey,ppe,Pulleys,Aluminium alloy,EN12278:2007,UNL,UNL,40 kN,8 kN,,7,14,,,PUL410MG,https://assets.dmmwales.com/download/129/,https://eu.dmmwales.com/products/rigger-pulleys,,
DMM,Hitch Climber Eccentric Red,ppe,Pulleys,Aluminium alloy,EN12278:2007,UNL,UNL,32 kN,6 kN,,7,14,,,PUL500,https://assets.dmmwales.com/download/129/,https://eu.dmmwales.com/products/eccentric,,
DMM,Hitch Climber Eccentric Gold,ppe,Pulleys,Aluminium alloy,EN12278:2007,UNL,UNL,32 kN,6 kN,,7,14,,,PUL500GL,https://assets.dmmwales.com/download/129/,https://eu.dmmwales.com/products/eccentric,,
DMM,Hitch Climber Eccentric Green,ppe,Pulleys,Aluminium alloy,EN12278:2007,UNL,UNL,32 kN,6 kN,,7,14,,,PUL500GR,https://assets.dmmwales.com/download/129/,https://eu.dmmwales.com/products/eccentric,,
DMM,Hitch Climber Eccentric Matt Grey,ppe,Pulleys,Aluminium alloy,EN12278:2007,UNL,UNL,32 kN,6 kN,,7,14,,,PUL500MG,https://assets.dmmwales.com/download/129/,https://eu.dmmwales.com/products/eccentric,,
DMM,Gyros Standard,ppe,Pulleys,Aluminium alloy,EN12278:2007,UNL,UNL,50 kN,10 kN,,,13,,,PUL230MG,https://assets.dmmwales.com/download/126/,https://eu.dmmwales.com/products/gyro,,
DMM,Gyros PM,ppe,Pulleys,Aluminium alloy,EN12278:2007,UNL,UNL,50 kN,10 kN,,,13,,,PUL231MG,https://assets.dmmwales.com/download/126/,https://eu.dmmwales.com/products/gyro,,
DMM,Gyros Twin,ppe,Pulleys,Aluminium alloy,EN12278:2007,UNL,UNL,50 kN,10 kN,,,13,,,PUL241MG,https://assets.dmmwales.com/download/126/,https://eu.dmmwales.com/products/gyro,,
DMM,Keanu Matt Grey/Purple,ppe,Pulleys,Aluminium alloy,EN12278:2007,UNL,UNL,50 kN,10 kN,,,13,,,TR400,https://assets.dmmwales.com/download/108/,https://eu.dmmwales.com/products/keanu,,
DMM,Keanu Matt Grey,ppe,Pulleys,Aluminium alloy,EN12278:2007,UNL,UNL,50 kN,10 kN,,,13,,,TR400MG,https://assets.dmmwales.com/download/108/,https://eu.dmmwales.com/products/keanu,,
DMM,Impact Blocks XS Green,ppe,Pulleys,Aluminium alloy,EN12278:2007,UNL,UNL,100 kN,20 kN,,,16,,,IMB-XSGR,https://assets.dmmwales.com/download/105/,https://eu.dmmwales.com/products/impact-blocks,,
DMM,Impact Blocks XS Matt Grey,ppe,Pulleys,Aluminium alloy,EN12278:2007,UNL,UNL,100 kN,20 kN,,,16,,,IMB-XSMG,https://assets.dmmwales.com/download/105/,https://eu.dmmwales.com/products/impact-blocks,,
DMM,Impact Blocks S Titanium/Green,ppe,Pulleys,Aluminium alloy,EN12278:2007,UNL,UNL,200 kN,40 kN,,,16,,,IMB-S,https://assets.dmmwales.com/download/105/,https://eu.dmmwales.com/products/impact-blocks,,
DMM,Impact Blocks L Bronze/Lime,ppe,Pulleys,Aluminium alloy,EN12278:2007,UNL,UNL,300 kN,60 kN,,,20,,,IMB-L,https://assets.dmmwales.com/download/105/,https://eu.dmmwales.com/products/impact-blocks,,
DMM,Pinto 2 Red,ppe,Pulleys,Aluminium alloy,EN12278:2007,UNL,UNL,35 kN,10 kN,,,14,,,PUL131,https://assets.dmmwales.com/download/1340/,https://eu.dmmwales.com/products/pinto-2,,
DMM,Pinto 2 Matt Grey,ppe,Pulleys,Aluminium alloy,EN12278:2007,UNL,UNL,35 kN,10 kN,,,14,,,PUL131MG,https://assets.dmmwales.com/download/1340/,https://eu.dmmwales.com/products/pinto-2,,
DMM,Pinto Rig 2 Purple,ppe,Pulleys,Aluminium alloy,EN12278:2007,UNL,UNL,50 kN,10 kN,,,16,,,PUL141,https://assets.dmmwales.com/download/1340/,https://eu.dmmwales.com/products/pinto-2,,
DMM,Pinto Rig 2 Matt Grey,ppe,Pulleys,Aluminium alloy,EN12278:2007,UNL,UNL,50 kN,10 kN,,,16,,,PUL141MG,https://assets.dmmwales.com/download/1340/,https://eu.dmmwales.com/products/pinto-2,,
DMM,Pink 2025 Pinto 2,ppe,Pulleys,Aluminium alloy,EN12278:2007,UNL,UNL,35 kN,10 kN,,,14,,,PUL131PK,https://assets.dmmwales.com/download/1340/,https://eu.dmmwales.com/products/pink-2025,,
DMM,Revolver Wiregate Titanium,ppe,Pulleys,Aluminium alloy,"EN12275:2013 B, UIAA121:2009 Class B",UNL,UNL,24 kN,,,,,,,A238,https://assets.dmmwales.com/download/135/,https://eu.dmmwales.com/products/revolver,,
DMM,Revolver Wiregate Lime,ppe,Pulleys,Aluminium alloy,"EN12275:2013 B, UIAA121:2009 Class B",UNL,UNL,24 kN,,,,,,,A238LG,https://assets.dmmwales.com/download/135/,https://eu.dmmwales.com/products/revolver,,
DMM,Revolver Wiregate Matt Grey,ppe,Pulleys,Aluminium alloy,"EN12275:2013 B, UIAA121:2009 Class B",UNL,UNL,24 kN,,,,,,,A238MG,https://assets.dmmwales.com/download/135/,https://eu.dmmwales.com/products/revolver,,
DMM,Pinto Red,ppe,Pulleys,Aluminium alloy,"EN12278:2007, NFPA 2500 (1983) 2022 ED (G)",UNL,UNL,50 kN,10 kN,,,14,,,PUL110,https://assets.dmmwales.com/download/126/,https://eu.dmmwales.com/products/pinto-pulley,,
DMM,Pinto Matt Grey,ppe,Pulleys,Aluminium alloy,"EN12278:2007, NFPA 2500 (1983) 2022 ED (G)",UNL,UNL,50 kN,10 kN,,,14,,,PUL110MG,https://assets.dmmwales.com/download/126/,https://eu.dmmwales.com/products/pinto-pulley,,
DMM,Pinto Rig Purple,ppe,Pulleys,Aluminium alloy,"EN12278:2007, NFPA 2500 (1983) 2022 ED (G)",UNL,UNL,50 kN,10 kN,,,14,,,PUL120,https://assets.dmmwales.com/download/126/,https://dmmwales.com/products/pinto-rig,,
DMM,Pinto Rig Matt Grey,ppe,Pulleys,Aluminium alloy,"EN12278:2007, NFPA 2500 (1983) 2022 ED (G)",UNL,UNL,50 kN,10 kN,,,14,,,PUL120MG,https://assets.dmmwales.com/download/126/,https://dmmwales.com/products/pinto-rig,,
DMM,Nexus Bow to D Silver/Green,ppe,Swivels,Aluminium alloy,RFU PPE-R/11.135 Version 3,UNL,UNL,26 kN,,,,,,,SW470,https://assets.dmmwales.com/download/406/,https://eu.dmmwales.com/products/nexus,,
DMM,Nexus Bow to D Matt Grey,ppe,Swivels,Aluminium alloy,RFU PPE-R/11.135 Version 3,UNL,UNL,26 kN,,,,,,,SW470MG,https://assets.dmmwales.com/download/406/,https://eu.dmmwales.com/products/nexus,,
DMM,Nexus D to D Silver/Green,ppe,Swivels,Aluminium alloy,RFU PPE-R/11.135 Version 3,UNL,UNL,26 kN,,,,,,,SW480,https://assets.dmmwales.com/download/406/,https://eu.dmmwales.com/products/nexus,,
DMM,Nexus D to D Matt Grey,ppe,Swivels,Aluminium alloy,RFU PPE-R/11.135 Version 3,UNL,UNL,26 kN,,,,,,,SW480MG,https://assets.dmmwales.com/download/406/,https://eu.dmmwales.com/products/nexus,,
DMM,Nexus Bow to Bow Silver/Green,ppe,Swivels,Aluminium alloy,RFU PPE-R/11.135 Version 3,UNL,UNL,26 kN,,,,,,,SW490,https://assets.dmmwales.com/download/406/,https://eu.dmmwales.com/products/nexus,,
DMM,Nexus Bow to Bow Matt Grey,ppe,Swivels,Aluminium alloy,RFU PPE-R/11.135 Version 3,UNL,UNL,26 kN,,,,,,,SW490MG,https://assets.dmmwales.com/download/406/,https://eu.dmmwales.com/products/nexus,,
DMM,Mini Swivel Silver/Green,ppe,Swivels,Aluminium alloy,RFU PPE-R/11.135 Version 3,UNL,UNL,26 kN,,,,,,,SW400,https://assets.dmmwales.com/download/406/,https://eu.dmmwales.com/products/mini-swivels,,
DMM,Mini Swivel Matt Grey,ppe,Swivels,Aluminium alloy,RFU PPE-R/11.135 Version 3,UNL,UNL,26 kN,,,,,,,SW400MG,https://assets.dmmwales.com/download/406/,https://eu.dmmwales.com/products/mini-swivels,,
DMM,Linkit Y3,Connector / Linkit,Swivels,Aluminium alloy,Manufacturers Technical Specification QAP95,UNL,UNL,26 kN,,,,,,,SW540,https://assets.dmmwales.com/download/111/,https://eu.dmmwales.com/products/linkits,,
DMM,Linkit B3,Connector / Linkit,Swivels,Aluminium alloy,Manufacturers Technical Specification QAP95,UNL,UNL,26 kN,,,,,,,SW530,https://assets.dmmwales.com/download/111/,https://eu.dmmwales.com/products/linkits,,
DMM,Linkit B2,Connector / Linkit,Swivels,Aluminium alloy,Manufacturers Technical Specification QAP95,UNL,UNL,26 kN,,,,,,,SW520,https://assets.dmmwales.com/download/111/,https://eu.dmmwales.com/products/linkits,,
DMM,Linkit B2T,Connector / Linkit,Swivels,Aluminium alloy,Manufacturers Technical Specification QAP95,UNL,UNL,26 kN,,,,,,,SW510,https://assets.dmmwales.com/download/111/,https://eu.dmmwales.com/products/linkits,,
DMM,Focus D Silver/Green,ppe,Swivels,Aluminium alloy,RFU PPE-R/11.135 Version 3,UNL,UNL,26 kN,,,,,,,SW440,https://assets.dmmwales.com/download/406/,https://eu.dmmwales.com/products/focus,,
DMM,Focus D Matt Grey,ppe,Swivels,Aluminium alloy,RFU PPE-R/11.135 Version 3,UNL,UNL,26 kN,,,,,,,SW440MG,https://assets.dmmwales.com/download/406/,https://eu.dmmwales.com/products/focus,,
DMM,Focus Bow Silver/Green,ppe,Swivels,Aluminium alloy,RFU PPE-R/11.135 Version 3,UNL,UNL,26 kN,,,,,,,SW450,https://assets.dmmwales.com/download/406/,https://eu.dmmwales.com/products/focus,,
DMM,Focus Bow Matt Grey,ppe,Swivels,Aluminium alloy,RFU PPE-R/11.135 Version 3,UNL,UNL,26 kN,,,,,,,SW450MG,https://assets.dmmwales.com/download/406/,https://eu.dmmwales.com/products/focus,,
DMM,Compact Shackle D Titanium,ppe,Swivels,Aluminium alloy,EN362:2004 M,UNL,UNL,26 kN,,,,,,,SW410,https://assets.dmmwales.com/download/406/,https://eu.dmmwales.com/products/compact-shackles,,
DMM,Compact Shackle D Matt Grey,ppe,Swivels,Aluminium alloy,EN362:2004 M,UNL,UNL,26 kN,,,,,,,SW410MG,https://assets.dmmwales.com/download/406/,https://eu.dmmwales.com/products/compact-shackles,,
DMM,Compact Shackle Bow Titanium,ppe,Swivels,Aluminium alloy,EN362:2004 M,UNL,UNL,26 kN,,,,,,,SW420,https://assets.dmmwales.com/download/406/,https://eu.dmmwales.com/products/compact-shackles,,
DMM,Compact Shackle Bow Matt Grey,ppe,Swivels,Aluminium alloy,EN362:2004 M,UNL,UNL,26 kN,,,,,,,SW420MG,https://assets.dmmwales.com/download/406/,https://eu.dmmwales.com/products/compact-shackles,,
DMM,Axis Swivel S Titanium/Blue,Swivel,Swivels,Aluminium alloy 7075 T6 / Stainless Steel,Manufacturers Technical Specification QAP100,UNL,UNL,36 kN,,,,,,,SW100,https://assets.dmmwales.com/download/153/,https://eu.dmmwales.com/products/axis-swivels,,
DMM,Axis Swivel S Matt Grey,Swivel,Swivels,Aluminium alloy 7075 T6 / Stainless Steel,Manufacturers Technical Specification QAP100,UNL,UNL,36 kN,,,,,,,SW100MG,https://assets.dmmwales.com/download/153/,https://eu.dmmwales.com/products/axis-swivels,,
DMM,Axis Swivel L Titanium/Red,Swivel,Swivels,Aluminium alloy 7075 T6 / Stainless Steel,Manufacturers Technical Specification QAP100,UNL,UNL,50 kN,,,,,,,SW200,https://assets.dmmwales.com/download/153/,https://eu.dmmwales.com/products/axis-swivels,,
DMM,Axis Swivel L Matt Grey,Swivel,Swivels,Aluminium alloy 7075 T6 / Stainless Steel,Manufacturers Technical Specification QAP100,UNL,UNL,50 kN,,,,,,,SW200MG,https://assets.dmmwales.com/download/153/,https://eu.dmmwales.com/products/axis-swivels,,
DMM,Thimble Standard 6mm,rigging,Rigging & Anchors,Stainless steel 17-4 PH,,,UNL,,,,,,,,S2900,,https://eu.dmmwales.com/products/thimbles,,
DMM,Thimble Standard 8mm,rigging,Rigging & Anchors,Stainless steel 17-4 PH,,,UNL,,,,,,,,S2908,,https://eu.dmmwales.com/products/thimbles,,
DMM,Thimble With Tab 8mm,rigging,Rigging & Anchors,Stainless steel 17-4 PH,,,UNL,,,,,,,,S2908T,,https://eu.dmmwales.com/products/thimbles,,
DMM,Thimble Standard 10mm,rigging,Rigging & Anchors,Stainless steel 17-4 PH,,,UNL,,,,,,,,S2910,,https://eu.dmmwales.com/products/thimbles,,
DMM,Thimble Standard 12mm,rigging,Rigging & Anchors,Stainless steel 17-4 PH,,,UNL,,,,,,,,S2912,,https://eu.dmmwales.com/products/thimbles,,
DMM,Rigging Hub Purple S,ppe,Rigging & Anchors,Aluminium alloy,RFU 11.114 V1,UNL,UNL,80/45 kN,,,,,,,ARB-HUB108,https://assets.dmmwales.com/download/141/,https://eu.dmmwales.com/products/rigging-hub,,
DMM,Rigging Hub Matt Grey S,ppe,Rigging & Anchors,Aluminium alloy,RFU 11.114 V1,UNL,UNL,80/45 kN,,,,,,,ARB-HUB108MG,https://assets.dmmwales.com/download/141/,https://eu.dmmwales.com/products/rigging-hub,,
DMM,Rigging Hub Purple L,ppe,Rigging & Anchors,Aluminium alloy,RFU 11.114 V1,UNL,UNL,150/45 kN,,,,,,,ARB-HUB175,https://assets.dmmwales.com/download/141/,https://eu.dmmwales.com/products/rigging-hub,,
DMM,Rigging Hub Matt Grey L,ppe,Rigging & Anchors,Aluminium alloy,RFU 11.114 V1,UNL,UNL,150/45 kN,,,,,,,ARB-HUB175MG,https://assets.dmmwales.com/download/141/,https://eu.dmmwales.com/products/rigging-hub,,
DMM,Wire Lanyard 35cm,ppe,Rigging & Anchors,Stainless steel wire / Stainless thimbles,"EN354:2010, EN795:2012 B",UNL,UNL,24 kN,,,,,,,SPWS0035,https://assets.dmmwales.com/download/147/,https://eu.dmmwales.com/products/dmm-wire-lanyard,,
DMM,Wire Lanyard 50cm,ppe,Rigging & Anchors,Stainless steel wire / Stainless thimbles,"EN354:2010, EN795:2012 B",UNL,UNL,24 kN,,,,,,,SPWS0050,https://assets.dmmwales.com/download/147/,https://eu.dmmwales.com/products/dmm-wire-lanyard,,
DMM,Wire Lanyard 1m,ppe,Rigging & Anchors,Stainless steel wire / Stainless thimbles,"EN354:2010, EN795:2012 B",UNL,UNL,24 kN,,,,,,,SPWS010,https://assets.dmmwales.com/download/147/,https://eu.dmmwales.com/products/dmm-wire-lanyard,,
DMM,Wire Lanyard 1.5m,ppe,Rigging & Anchors,Stainless steel wire / Stainless thimbles,"EN354:2010, EN795:2012 B",UNL,UNL,24 kN,,,,,,,SPWS015,https://assets.dmmwales.com/download/147/,https://eu.dmmwales.com/products/dmm-wire-lanyard,,
DMM,Wire Lanyard 2m,ppe,Rigging & Anchors,Stainless steel wire / Stainless thimbles,"EN354:2010, EN795:2012 B",UNL,UNL,24 kN,,,,,,,SPWS020,https://assets.dmmwales.com/download/147/,https://eu.dmmwales.com/products/dmm-wire-lanyard,,
DMM,Captain Standard Red,no ppe,Rigging & Anchors,Aluminium alloy,Not PPE,UNL,UNL,23 kN,,,,,,,TH200,https://assets.dmmwales.com/download/90,https://eu.dmmwales.com/products/captain-th200,,
DMM,Captain Kit Red,no ppe,Rigging & Anchors,Aluminium alloy,Not PPE,UNL,UNL,23 kN,,,,,,,TH200-KIT,https://assets.dmmwales.com/download/90,https://eu.dmmwales.com/products/captain-th200,,
DMM,Captain Standard Matt Grey,no ppe,Rigging & Anchors,Aluminium alloy,Not PPE,UNL,UNL,23 kN,,,,,,,TH200MG,https://assets.dmmwales.com/download/90,https://eu.dmmwales.com/products/captain-th200,,
DMM,Captain Kit Matt Grey,no ppe,Rigging & Anchors,Aluminium alloy,Not PPE,UNL,UNL,23 kN,,,,,,,TH200MG-KIT,https://assets.dmmwales.com/download/90,https://eu.dmmwales.com/products/captain-th200,,
DMM,Bat Plates XS Matt Grey,Rigging Plate,Rigging & Anchors,Aluminium alloy,Manufacturers Technical Specification QAP99,UNL,UNL,36 kN,,,,,,,RIG-XS-MG,https://assets.dmmwales.com/download/141/,https://eu.dmmwales.com/products/bat-plates,,
DMM,Bat Plates XS Orange,Rigging Plate,Rigging & Anchors,Aluminium alloy,Manufacturers Technical Specification QAP99,UNL,UNL,36 kN,,,,,,,RIG-XS-OR,https://assets.dmmwales.com/download/141/,https://eu.dmmwales.com/products/bat-plates,,
DMM,Bat Plates S Matt Grey,Rigging Plate,Rigging & Anchors,Aluminium alloy,Manufacturers Technical Specification QAP99,UNL,UNL,60 kN,,,,,,,RIG-S-MG,https://assets.dmmwales.com/download/141/,https://eu.dmmwales.com/products/bat-plates,,
DMM,Bat Plates S Red,Rigging Plate,Rigging & Anchors,Aluminium alloy,Manufacturers Technical Specification QAP99,UNL,UNL,60 kN,,,,,,,RIG-S-RD,https://assets.dmmwales.com/download/141/,https://eu.dmmwales.com/products/bat-plates,,
DMM,Bat Plates M Matt Grey,Rigging Plate,Rigging & Anchors,Aluminium alloy,Manufacturers Technical Specification QAP99,UNL,UNL,60 kN,,,,,,,RIG-M-MG,https://assets.dmmwales.com/download/141/,https://eu.dmmwales.com/products/bat-plates,,
DMM,Bat Plates M Blue,Rigging Plate,Rigging & Anchors,Aluminium alloy,Manufacturers Technical Specification QAP99,UNL,UNL,60 kN,,,,,,,RIG-M-BL,https://assets.dmmwales.com/download/141/,https://eu.dmmwales.com/products/bat-plates,,
DMM,Bat Plates L Gold,Rigging Plate,Rigging & Anchors,Aluminium alloy,Manufacturers Technical Specification QAP99,UNL,UNL,60 kN,,,,,,,RIG-L-GD,https://assets.dmmwales.com/download/141/,https://eu.dmmwales.com/products/bat-plates,,
DMM,Bat Plates L Matt Grey,Rigging Plate,Rigging & Anchors,Aluminium alloy,Manufacturers Technical Specification QAP99,UNL,UNL,60 kN,,,,,,,RIG-L-MG,https://assets.dmmwales.com/download/141/,https://eu.dmmwales.com/products/bat-plates,,
DMM,Anchor Ring Green 26mm,ppe,Rigging & Anchors,Aluminium alloy,RFU 11.114 V3,UNL,UNL,30 kN,,,,,,,R500-26,https://assets.dmmwales.com/download/76/,https://eu.dmmwales.com/products/anchor-rings,,
DMM,Anchor Ring Green 28mm,ppe,Rigging & Anchors,Aluminium alloy,RFU 11.114 V3,UNL,UNL,30 kN,,,,,,,R500-28,https://assets.dmmwales.com/download/76/,https://eu.dmmwales.com/products/anchor-rings,,
DMM,Anchor Ring Green 34mm,ppe,Rigging & Anchors,Aluminium alloy,RFU 11.114 V3,UNL,UNL,30 kN,,,,,,,R500-34,https://assets.dmmwales.com/download/76/,https://eu.dmmwales.com/products/anchor-rings,,
DMM,Anchor Ring Green 40mm,ppe,Rigging & Anchors,Aluminium alloy,RFU 11.114 V3,UNL,UNL,30 kN,,,,,,,R500-40,https://assets.dmmwales.com/download/76/,https://eu.dmmwales.com/products/anchor-rings,,
DMM,Anchor Ring Matt Grey 26mm,ppe,Rigging & Anchors,Aluminium alloy,RFU 11.114 V3,UNL,UNL,30 kN,,,,,,,R500-26MG,https://assets.dmmwales.com/download/76/,https://eu.dmmwales.com/products/anchor-rings,,
DMM,Anchor Ring Matt Grey 28mm,ppe,Rigging & Anchors,Aluminium alloy,RFU 11.114 V3,UNL,UNL,30 kN,,,,,,,R500-28MG,https://assets.dmmwales.com/download/76/,https://eu.dmmwales.com/products/anchor-rings,,
DMM,Anchor Ring Matt Grey 34mm,ppe,Rigging & Anchors,Aluminium alloy,RFU 11.114 V3,UNL,UNL,30 kN,,,,,,,R500-34MG,https://assets.dmmwales.com/download/76/,https://eu.dmmwales.com/products/anchor-rings,,
DMM,Anchor Ring Matt Grey 40mm,ppe,Rigging & Anchors,Aluminium alloy,RFU 11.114 V3,UNL,UNL,30 kN,,,,,,,R500-40MG,https://assets.dmmwales.com/download/76/,https://eu.dmmwales.com/products/anchor-rings,,
DMM,Fidus 6.5mm Loop With Thimble Eye 25.5cm,ppe,Rigging & Anchors,Polyester,"EN795B:2012, PrEN795B:2022, PD CEN TS 16415:2013",UNL,10,,,,,,,,RPC65-3T-BWG-255,,https://eu.dmmwales.com/products/low-stretch-textile-anchor,,
DMM,Fidus 6.5mm Loop With Thimble Eye 27cm,ppe,Rigging & Anchors,Polyester,"EN795B:2012, PrEN795B:2022, PD CEN TS 16415:2013",UNL,10,,,,,,,,1RPC65-3T-BWG-27,,https://eu.dmmwales.com/products/low-stretch-textile-anchor,,
DMM,Fidus 8.5mm Eye to Eye 65.5cm (Nomad spare),ppe,Rigging & Anchors,Polyester,"EN795B:2012, PrEN795B:2022, PD CEN TS 16415:2013",UNL,10,,,,,,,,RPC85-2-BWG-655,,https://eu.dmmwales.com/products/low-stretch-textile-anchor,,
DMM,Fidus 8.5mm Eye to Eye 67cm (Nomad spare),ppe,Rigging & Anchors,Polyester,"EN795B:2012, PrEN795B:2022, PD CEN TS 16415:2013",UNL,10,,,,,,,,RPC85-2-BWG-67,,https://eu.dmmwales.com/products/low-stretch-textile-anchor,,
DMM,Fidus 8.5mm Eye to Eye 70cm,ppe,Rigging & Anchors,Polyester,"EN795B:2012, PrEN795B:2022, PD CEN TS 16415:2013",UNL,10,,,,,,,,RPC85-2-BWG-70,,https://eu.dmmwales.com/products/low-stretch-textile-anchor,,
DMM,Fidus 8.5mm Eye to Eye 75cm,ppe,Rigging & Anchors,Polyester,"EN795B:2012, PrEN795B:2022, PD CEN TS 16415:2013",UNL,10,,,,,,,,RPC85-2-BWG-75,,https://eu.dmmwales.com/products/low-stretch-textile-anchor,,
DMM,Fidus 8.5mm Eye to Eye 80cm,ppe,Rigging & Anchors,Polyester,"EN795B:2012, PrEN795B:2022, PD CEN TS 16415:2013",UNL,10,,,,,,,,RPC85-2-BWG-80,,https://eu.dmmwales.com/products/low-stretch-textile-anchor,,
DMM,Fidus 8.5mm Eye to Eye 85cm,ppe,Rigging & Anchors,Polyester,"EN795B:2012, PrEN795B:2022, PD CEN TS 16415:2013",UNL,10,,,,,,,,RPC85-2-BWG-85,,https://eu.dmmwales.com/products/low-stretch-textile-anchor,,
DMM,Fidus 8.5mm Eye to Eye 90cm,ppe,Rigging & Anchors,Polyester,"EN795B:2012, PrEN795B:2022, PD CEN TS 16415:2013",UNL,10,,,,,,,,RPC85-2-BWG-90,,https://eu.dmmwales.com/products/low-stretch-textile-anchor,,
DMM,Fidus 8.5mm Eye to Eye 95cm,ppe,Rigging & Anchors,Polyester,"EN795B:2012, PrEN795B:2022, PD CEN TS 16415:2013",UNL,10,,,,,,,,RPC85-2-BWG-95,,https://eu.dmmwales.com/products/low-stretch-textile-anchor,,
DMM,Fidus 8.5mm Eye to Eye 100cm,ppe,Rigging & Anchors,Polyester,"EN795B:2012, PrEN795B:2022, PD CEN TS 16415:2013",UNL,10,,,,,,,,RPC85-2-BWG-100,,https://eu.dmmwales.com/products/low-stretch-textile-anchor,,
DMM,Nylon Vari-width QD Sling 12cm,ppe,Slings & Lanyards,Nylon (16-26mm),EN566:2017,UNL,UNL,22 kN,,,,,,,MA16SL12,https://assets.dmmwales.com/download/147/,https://eu.dmmwales.com/products/nylon-vari-width,,
DMM,Nylon Vari-width QD Sling 18cm,ppe,Slings & Lanyards,Nylon (16-26mm),EN566:2017,UNL,UNL,22 kN,,,,,,,MA16SL18,https://assets.dmmwales.com/download/147/,https://eu.dmmwales.com/products/nylon-vari-width,,
DMM,Nylon Vari-width QD Sling 25cm,ppe,Slings & Lanyards,Nylon (16-26mm),EN566:2017,UNL,UNL,22 kN,,,,,,,MA16SL25,https://assets.dmmwales.com/download/147/,https://eu.dmmwales.com/products/nylon-vari-width,,
DMM,Nylon 26mm Sling 60cm,ppe,Slings & Lanyards,Nylon 26mm,"EN566:2017, EN354:2010, EN795:2012 B",UNL,UNL,30 kN,,,,,,,MA2660BLK,https://assets.dmmwales.com/download/147/,https://eu.dmmwales.com/products/nylon-26mm,,
DMM,Nylon 26mm Sling 120cm,ppe,Slings & Lanyards,Nylon 26mm,"EN566:2017, EN354:2010, EN795:2012 B",UNL,UNL,30 kN,,,,,,,MA26120BLK,https://assets.dmmwales.com/download/147/,https://eu.dmmwales.com/products/nylon-26mm,,
DMM,Nylon 26mm Sling 240cm,ppe,Slings & Lanyards,Nylon 26mm,"EN566:2017, EN354:2010, EN795:2012 B",UNL,UNL,30 kN,,,,,,,MA26240BLK,https://assets.dmmwales.com/download/147/,https://eu.dmmwales.com/products/nylon-26mm,,
DMM,Nylon 16mm Sling Blue 120cm,ppe,Slings & Lanyards,Nylon 16mm,"EN566:2017, EN354:2010, EN795:2012 B",UNL,UNL,22 kN,,,,,,,MA16120BL,https://assets.dmmwales.com/download/147/,https://eu.dmmwales.com/products/nylon-16mm,,
DMM,Nylon 16mm Sling Black 120cm,ppe,Slings & Lanyards,Nylon 16mm,"EN566:2017, EN354:2010, EN795:2012 B",UNL,UNL,22 kN,,,,,,,MA16120BLK,https://assets.dmmwales.com/download/147/,https://eu.dmmwales.com/products/nylon-16mm,,
DMM,Nylon 16mm Sling Black 240cm,ppe,Slings & Lanyards,Nylon 16mm,"EN566:2017, EN354:2010, EN795:2012 B",UNL,UNL,22 kN,,,,,,,MA16240BLK,https://assets.dmmwales.com/download/147/,https://eu.dmmwales.com/products/nylon-16mm,,
DMM,Nylon 16mm Sling Red 240cm,ppe,Slings & Lanyards,Nylon 16mm,"EN566:2017, EN354:2010, EN795:2012 B",UNL,UNL,22 kN,,,,,,,MA16240RD,https://assets.dmmwales.com/download/147/,https://eu.dmmwales.com/products/nylon-16mm,,
DMM,Nylon 16mm Sling Black 60cm,ppe,Slings & Lanyards,Nylon 16mm,"EN566:2017, EN354:2010, EN795:2012 B",UNL,UNL,22 kN,,,,,,,MA1660BLK,https://assets.dmmwales.com/download/147/,https://eu.dmmwales.com/products/nylon-16mm,,
DMM,Nylon 16mm Sling Red 60cm,ppe,Slings & Lanyards,Nylon 16mm,"EN566:2017, EN354:2010, EN795:2012 B",UNL,UNL,22 kN,,,,,,,MA1660RD,https://assets.dmmwales.com/download/147/,https://eu.dmmwales.com/products/nylon-16mm,,
DMM,Dynatec 11mm QD Sling Grey 12cm,ppe,Slings & Lanyards,Dyneema® 11mm,"EN566:2017, UIAA104",UNL,UNL,22 kN,,,,,,,SP1112ASGY,https://assets.dmmwales.com/download/147/,https://eu.dmmwales.com/products/dynatec-qd-11mm,,
DMM,Dynatec 11mm QD Sling Red 12cm,ppe,Slings & Lanyards,Dyneema® 11mm,"EN566:2017, UIAA104",UNL,UNL,22 kN,,,,,,,SP1112ASRD,https://assets.dmmwales.com/download/147/,https://eu.dmmwales.com/products/dynatec-qd-11mm,,
DMM,Dynatec 11mm QD Sling Grey 18cm,ppe,Slings & Lanyards,Dyneema® 11mm,"EN566:2017, UIAA104",UNL,UNL,22 kN,,,,,,,SP1118AS,https://assets.dmmwales.com/download/147/,https://eu.dmmwales.com/products/dynatec-qd-11mm,,
DMM,Dynatec 11mm QD Sling Red 18cm,ppe,Slings & Lanyards,Dyneema® 11mm,"EN566:2017, UIAA104",UNL,UNL,22 kN,,,,,,,SP1118ASRD,https://assets.dmmwales.com/download/147/,https://eu.dmmwales.com/products/dynatec-qd-11mm,,
DMM,Dynatec 11mm QD Sling Red 25cm,ppe,Slings & Lanyards,Dyneema® 11mm,"EN566:2017, UIAA104",UNL,UNL,22 kN,,,,,,,SP1125AS,https://assets.dmmwales.com/download/147/,https://eu.dmmwales.com/products/dynatec-qd-11mm,,
DMM,Dynatec 11mm QD Sling Grey 25cm,ppe,Slings & Lanyards,Dyneema® 11mm,"EN566:2017, UIAA104",UNL,UNL,22 kN,,,,,,,SP1125ASGY,https://assets.dmmwales.com/download/147/,https://eu.dmmwales.com/products/dynatec-qd-11mm,,
DMM,Dynatec 8mm Sling Grey 30cm,ppe,Slings & Lanyards,Dyneema® 8mm,EN566:2017,UNL,UNL,22 kN,,,,,,,SP0830GY,https://assets.dmmwales.com/download/147/,https://eu.dmmwales.com/products/dynatec-8mm,,
DMM,Dynatec 8mm Sling Green 30cm,ppe,Slings & Lanyards,Dyneema® 8mm,EN566:2017,UNL,UNL,22 kN,,,,,,,SP0830GR,https://assets.dmmwales.com/download/147/,https://eu.dmmwales.com/products/dynatec-8mm,,
DMM,Dynatec 8mm Sling Purple 60cm,ppe,Slings & Lanyards,Dyneema® 8mm,EN566:2017,UNL,UNL,22 kN,,,,,,,SP0860PR,https://assets.dmmwales.com/download/147/,https://eu.dmmwales.com/products/dynatec-8mm,,
DMM,Dynatec 8mm Sling Gold 60cm,ppe,Slings & Lanyards,Dyneema® 8mm,EN566:2017,UNL,UNL,22 kN,,,,,,,SP0860GD,https://assets.dmmwales.com/download/147/,https://eu.dmmwales.com/products/dynatec-8mm,,
DMM,Dynatec 8mm Sling Grey 60cm,ppe,Slings & Lanyards,Dyneema® 8mm,EN566:2017,UNL,UNL,22 kN,,,,,,,SP0860GY,https://assets.dmmwales.com/download/147/,https://eu.dmmwales.com/products/dynatec-8mm,,
DMM,Dynatec 8mm Sling Grey 120cm,ppe,Slings & Lanyards,Dyneema® 8mm,EN566:2017,UNL,UNL,22 kN,,,,,,,SP08120GY,https://assets.dmmwales.com/download/147/,https://eu.dmmwales.com/products/dynatec-8mm,,
DMM,Dynatec 8mm Sling Red 120cm,ppe,Slings & Lanyards,Dyneema® 8mm,EN566:2017,UNL,UNL,22 kN,,,,,,,SP08120RD,https://assets.dmmwales.com/download/147/,https://eu.dmmwales.com/products/dynatec-8mm,,
DMM,Dynatec 8mm Sling Blue 240cm,ppe,Slings & Lanyards,Dyneema® 8mm,EN566:2017,UNL,UNL,22 kN,,,,,,,SP08240BL,https://assets.dmmwales.com/download/147/,https://eu.dmmwales.com/products/dynatec-8mm,,
DMM,Dynatec 8mm Sling Green 240cm,ppe,Slings & Lanyards,Dyneema® 8mm,EN566:2017,UNL,UNL,22 kN,,,,,,,SP08240GR,https://assets.dmmwales.com/download/147/,https://eu.dmmwales.com/products/dynatec-8mm,,
DMM,Dynatec 8mm Sling Blue 400cm,ppe,Slings & Lanyards,Dyneema® 8mm,EN566:2017,UNL,UNL,22 kN,,,,,,,SP08400BL,https://assets.dmmwales.com/download/147/,https://eu.dmmwales.com/products/dynatec-8mm,,
DMM,Dynatec 11mm Sling Green 30cm,ppe,Slings & Lanyards,Dyneema® 11mm,"EN566:2017, EN354:2010, EN795:2012 B, UIAA104",UNL,UNL,22 kN,,,,,,,SP1130GR,https://assets.dmmwales.com/download/147/,https://eu.dmmwales.com/products/dynatec-11mm,,
DMM,Dynatec 11mm Sling Gold 60cm,ppe,Slings & Lanyards,Dyneema® 11mm,"EN566:2017, EN354:2010, EN795:2012 B, UIAA104",UNL,UNL,22 kN,,,,,,,SP1160GD,https://assets.dmmwales.com/download/147/,https://eu.dmmwales.com/products/dynatec-11mm,,
DMM,Dynatec 11mm Sling Orange 60cm,ppe,Slings & Lanyards,Dyneema® 11mm,"EN566:2017, EN354:2010, EN795:2012 B, UIAA104",UNL,UNL,22 kN,,,,,,,SP1160OR,https://assets.dmmwales.com/download/147/,https://eu.dmmwales.com/products/dynatec-11mm,,
DMM,Dynatec 11mm Sling Purple 60cm,ppe,Slings & Lanyards,Dyneema® 11mm,"EN566:2017, EN354:2010, EN795:2012 B, UIAA104",UNL,UNL,22 kN,,,,,,,SP1160PR,https://assets.dmmwales.com/download/147/,https://eu.dmmwales.com/products/dynatec-11mm,,
DMM,Dynatec 11mm Sling Grey 120cm,ppe,Slings & Lanyards,Dyneema® 11mm,"EN566:2017, EN354:2010, EN795:2012 B, UIAA104",UNL,UNL,22 kN,,,,,,,SP11120GY,https://assets.dmmwales.com/download/147/,https://eu.dmmwales.com/products/dynatec-11mm,,
DMM,Dynatec 11mm Sling Lime 120cm,ppe,Slings & Lanyards,Dyneema® 11mm,"EN566:2017, EN354:2010, EN795:2012 B, UIAA104",UNL,UNL,22 kN,,,,,,,SP11120LG,https://assets.dmmwales.com/download/147/,https://eu.dmmwales.com/products/dynatec-11mm,,
DMM,Dynatec 11mm Sling Red 120cm,ppe,Slings & Lanyards,Dyneema® 11mm,"EN566:2017, EN354:2010, EN795:2012 B, UIAA104",UNL,UNL,22 kN,,,,,,,SP11120RD,https://assets.dmmwales.com/download/147/,https://eu.dmmwales.com/products/dynatec-11mm,,
DMM,Dynatec 11mm Sling Blue 240cm,ppe,Slings & Lanyards,Dyneema® 11mm,"EN566:2017, EN354:2010, EN795:2012 B, UIAA104",UNL,UNL,22 kN,,,,,,,SP11240BL,https://assets.dmmwales.com/download/147/,https://eu.dmmwales.com/products/dynatec-11mm,,
DMM,Dynatec 11mm Sling Green 240cm,ppe,Slings & Lanyards,Dyneema® 11mm,"EN566:2017, EN354:2010, EN795:2012 B, UIAA104",UNL,UNL,22 kN,,,,,,,SP11240GR,https://assets.dmmwales.com/download/147/,https://eu.dmmwales.com/products/dynatec-11mm,,
DMM,Nomad+ 12.8mm Lemon Yellow 3m,ppe,Lanyards,Polyester double braid / Nylon core,"EN358:2018, EN795B:2012, PD CEN/TS 16415:2013",UNL,10,,,150,12.8,12.8,,,RPS128-DIR-YW-3,https://assets.dmmwales.com/download/1490/,https://eu.dmmwales.com/products/nomad,,
DMM,Nomad+ 12.8mm Lemon Yellow 4m,ppe,Lanyards,Polyester double braid / Nylon core,"EN358:2018, EN795B:2012, PD CEN/TS 16415:2013",UNL,10,,,150,12.8,12.8,,,RPS128-DIR-YW-4,https://assets.dmmwales.com/download/1490/,https://eu.dmmwales.com/products/nomad,,
DMM,Nomad+ 12.8mm Lemon Yellow 5m,ppe,Lanyards,Polyester double braid / Nylon core,"EN358:2018, EN795B:2012, PD CEN/TS 16415:2013",UNL,10,,,150,12.8,12.8,,,RPS128-DIR-YW-5,https://assets.dmmwales.com/download/1490/,https://eu.dmmwales.com/products/nomad,,
DMM,Nomad+ 12.8mm Lemon Yellow 7m,ppe,Lanyards,Polyester double braid / Nylon core,"EN358:2018, EN795B:2012, PD CEN/TS 16415:2013",UNL,10,,,150,12.8,12.8,,,RPS128-DIR-YW-7,https://assets.dmmwales.com/download/1490/,https://eu.dmmwales.com/products/nomad,,
DMM,Nomad+ 12.8mm Lemon Yellow 10m,ppe,Lanyards,Polyester double braid / Nylon core,"EN358:2018, EN795B:2012, PD CEN/TS 16415:2013",UNL,10,,,150,12.8,12.8,,,RPS128-DIR-YW-10,https://assets.dmmwales.com/download/1490/,https://eu.dmmwales.com/products/nomad,,
DMM,Nomad+ 12.8mm Lemon Yellow 15m,ppe,Lanyards,Polyester double braid / Nylon core,"EN358:2018, EN795B:2012, PD CEN/TS 16415:2013",UNL,10,,,150,12.8,12.8,,,RPS128-DIR-YW-15,https://assets.dmmwales.com/download/1490/,https://eu.dmmwales.com/products/nomad,,
DMM,Nomad+ 12.8mm Lemon Yellow 20m,ppe,Lanyards,Polyester double braid / Nylon core,"EN358:2018, EN795B:2012, PD CEN/TS 16415:2013",UNL,10,,,150,12.8,12.8,,,RPS128-DIR-YW-20,https://assets.dmmwales.com/download/1490/,https://eu.dmmwales.com/products/nomad,,
DMM,Nomad+ 12.8mm Lime Green 3m,ppe,Lanyards,Polyester double braid / Nylon core,"EN358:2018, EN795B:2012, PD CEN/TS 16415:2013",UNL,10,,,150,12.8,12.8,,,RPS128-DIR-GN-3,https://assets.dmmwales.com/download/1490/,https://eu.dmmwales.com/products/nomad,,
DMM,Nomad+ 12.8mm Lime Green 4m,ppe,Lanyards,Polyester double braid / Nylon core,"EN358:2018, EN795B:2012, PD CEN/TS 16415:2013",UNL,10,,,150,12.8,12.8,,,RPS128-DIR-GN-4,https://assets.dmmwales.com/download/1490/,https://eu.dmmwales.com/products/nomad,,
DMM,Nomad+ 12.8mm Lime Green 5m,ppe,Lanyards,Polyester double braid / Nylon core,"EN358:2018, EN795B:2012, PD CEN/TS 16415:2013",UNL,10,,,150,12.8,12.8,,,RPS128-DIR-GN-5,https://assets.dmmwales.com/download/1490/,https://eu.dmmwales.com/products/nomad,,
DMM,Nomad+ 12.8mm Lime Green 7m,ppe,Lanyards,Polyester double braid / Nylon core,"EN358:2018, EN795B:2012, PD CEN/TS 16415:2013",UNL,10,,,150,12.8,12.8,,,RPS128-DIR-GN-7,https://assets.dmmwales.com/download/1490/,https://eu.dmmwales.com/products/nomad,,
DMM,Nomad+ 12.8mm Lime Green 10m,ppe,Lanyards,Polyester double braid / Nylon core,"EN358:2018, EN795B:2012, PD CEN/TS 16415:2013",UNL,10,,,150,12.8,12.8,,,RPS128-DIR-GN-10,https://assets.dmmwales.com/download/1490/,https://eu.dmmwales.com/products/nomad,,
DMM,Nomad+ 12.8mm Lime Green 15m,ppe,Lanyards,Polyester double braid / Nylon core,"EN358:2018, EN795B:2012, PD CEN/TS 16415:2013",UNL,10,,,150,12.8,12.8,,,RPS128-DIR-GN-15,https://assets.dmmwales.com/download/1490/,https://eu.dmmwales.com/products/nomad,,
DMM,Nomad+ 12.8mm Lime Green 20m,ppe,Lanyards,Polyester double braid / Nylon core,"EN358:2018, EN795B:2012, PD CEN/TS 16415:2013",UNL,10,,,150,12.8,12.8,,,RPS128-DIR-GN-20,https://assets.dmmwales.com/download/1490/,https://eu.dmmwales.com/products/nomad,,
DMM,Nomad+ 11.8mm Mango Orange 3m,ppe,Lanyards,Polyester double braid / Nylon core,"EN358:2018, EN795B:2012, PD CEN/TS 16415:2013",UNL,10,,,150,11.8,11.8,,,RPS118-DIR-OR-3,https://assets.dmmwales.com/download/1490/,https://eu.dmmwales.com/products/nomad,,
DMM,Nomad+ 11.8mm Mango Orange 4m,ppe,Lanyards,Polyester double braid / Nylon core,"EN358:2018, EN795B:2012, PD CEN/TS 16415:2013",UNL,10,,,150,11.8,11.8,,,RPS118-DIR-OR-4,https://assets.dmmwales.com/download/1490/,https://eu.dmmwales.com/products/nomad,,
DMM,Nomad+ 11.8mm Mango Orange 5m,ppe,Lanyards,Polyester double braid / Nylon core,"EN358:2018, EN795B:2012, PD CEN/TS 16415:2013",UNL,10,,,150,11.8,11.8,,,RPS118-DIR-OR-5,https://assets.dmmwales.com/download/1490/,https://eu.dmmwales.com/products/nomad,,
DMM,Nomad+ 11.8mm Mango Orange 7m,ppe,Lanyards,Polyester double braid / Nylon core,"EN358:2018, EN795B:2012, PD CEN/TS 16415:2013",UNL,10,,,150,11.8,11.8,,,RPS118-DIR-OR-7,https://assets.dmmwales.com/download/1490/,https://eu.dmmwales.com/products/nomad,,
DMM,Nomad+ 11.8mm Mango Orange 10m,ppe,Lanyards,Polyester double braid / Nylon core,"EN358:2018, EN795B:2012, PD CEN/TS 16415:2013",UNL,10,,,150,11.8,11.8,,,RPS118-DIR-OR-10,https://assets.dmmwales.com/download/1490/,https://eu.dmmwales.com/products/nomad,,
DMM,Nomad+ 11.8mm Mango Orange 15m,ppe,Lanyards,Polyester double braid / Nylon core,"EN358:2018, EN795B:2012, PD CEN/TS 16415:2013",UNL,10,,,150,11.8,11.8,,,RPS118-DIR-OR-15,https://assets.dmmwales.com/download/1490/,https://eu.dmmwales.com/products/nomad,,
DMM,Nomad+ 11.8mm Mango Orange 20m,ppe,Lanyards,Polyester double braid / Nylon core,"EN358:2018, EN795B:2012, PD CEN/TS 16415:2013",UNL,10,,,150,11.8,11.8,,,RPS118-DIR-OR-20,https://assets.dmmwales.com/download/1490/,https://eu.dmmwales.com/products/nomad,,
DMM,Nomad+ 11.8mm Blueberry Blue 3m,ppe,Lanyards,Polyester double braid / Nylon core,"EN358:2018, EN795B:2012, PD CEN/TS 16415:2013",UNL,10,,,150,11.8,11.8,,,RPS118-DIR-BL-3,https://assets.dmmwales.com/download/1490/,https://eu.dmmwales.com/products/nomad,,
DMM,Nomad+ 11.8mm Blueberry Blue 4m,ppe,Lanyards,Polyester double braid / Nylon core,"EN358:2018, EN795B:2012, PD CEN/TS 16415:2013",UNL,10,,,150,11.8,11.8,,,RPS118-DIR-BL-4,https://assets.dmmwales.com/download/1490/,https://eu.dmmwales.com/products/nomad,,
DMM,Nomad+ 11.8mm Blueberry Blue 5m,ppe,Lanyards,Polyester double braid / Nylon core,"EN358:2018, EN795B:2012, PD CEN/TS 16415:2013",UNL,10,,,150,11.8,11.8,,,RPS118-DIR-BL-5,https://assets.dmmwales.com/download/1490/,https://eu.dmmwales.com/products/nomad,,
DMM,Nomad+ 11.8mm Blueberry Blue 7m,ppe,Lanyards,Polyester double braid / Nylon core,"EN358:2018, EN795B:2012, PD CEN/TS 16415:2013",UNL,10,,,150,11.8,11.8,,,RPS118-DIR-BL-7,https://assets.dmmwales.com/download/1490/,https://eu.dmmwales.com/products/nomad,,
DMM,Nomad+ 11.8mm Blueberry Blue 10m,ppe,Lanyards,Polyester double braid / Nylon core,"EN358:2018, EN795B:2012, PD CEN/TS 16415:2013",UNL,10,,,150,11.8,11.8,,,RPS118-DIR-BL-10,https://assets.dmmwales.com/download/1490/,https://eu.dmmwales.com/products/nomad,,
DMM,Nomad+ 11.8mm Blueberry Blue 15m,ppe,Lanyards,Polyester double braid / Nylon core,"EN358:2018, EN795B:2012, PD CEN/TS 16415:2013",UNL,10,,,150,11.8,11.8,,,RPS118-DIR-BL-15,https://assets.dmmwales.com/download/1490/,https://eu.dmmwales.com/products/nomad,,
DMM,Nomad+ 11.8mm Blueberry Blue 20m,ppe,Lanyards,Polyester double braid / Nylon core,"EN358:2018, EN795B:2012, PD CEN/TS 16415:2013",UNL,10,,,150,11.8,11.8,,,RPS118-DIR-BL-20,https://assets.dmmwales.com/download/1490/,https://eu.dmmwales.com/products/nomad,,
DMM,Nomad 12.8mm Lemon Yellow 3m,ppe,Lanyards,Polyester double braid / Nylon core,"EN358:2018, EN795B:2012, PD CEN/TS 16415:2013",UNL,10,,,150,12.8,12.8,,,RPS128-EYE-YW-3,https://assets.dmmwales.com/download/1490/,https://eu.dmmwales.com/products/nomad,,
DMM,Nomad 12.8mm Lemon Yellow 4m,ppe,Lanyards,Polyester double braid / Nylon core,"EN358:2018, EN795B:2012, PD CEN/TS 16415:2013",UNL,10,,,150,12.8,12.8,,,RPS128-EYE-YW-4,https://assets.dmmwales.com/download/1490/,https://eu.dmmwales.com/products/nomad,,
DMM,Nomad 12.8mm Lemon Yellow 5m,ppe,Lanyards,Polyester double braid / Nylon core,"EN358:2018, EN795B:2012, PD CEN/TS 16415:2013",UNL,10,,,150,12.8,12.8,,,RPS128-EYE-YW-5,https://assets.dmmwales.com/download/1490/,https://eu.dmmwales.com/products/nomad,,
DMM,Nomad 12.8mm Lemon Yellow 7m,ppe,Lanyards,Polyester double braid / Nylon core,"EN358:2018, EN795B:2012, PD CEN/TS 16415:2013",UNL,10,,,150,12.8,12.8,,,RPS128-EYE-YW-7,https://assets.dmmwales.com/download/1490/,https://eu.dmmwales.com/products/nomad,,
DMM,Nomad 12.8mm Lemon Yellow 10m,ppe,Lanyards,Polyester double braid / Nylon core,"EN358:2018, EN795B:2012, PD CEN/TS 16415:2013",UNL,10,,,150,12.8,12.8,,,RPS128-EYE-YW-10,https://assets.dmmwales.com/download/1490/,https://eu.dmmwales.com/products/nomad,,
DMM,Nomad 12.8mm Lemon Yellow 15m,ppe,Lanyards,Polyester double braid / Nylon core,"EN358:2018, EN795B:2012, PD CEN/TS 16415:2013",UNL,10,,,150,12.8,12.8,,,RPS128-EYE-YW-15,https://assets.dmmwales.com/download/1490/,https://eu.dmmwales.com/products/nomad,,
DMM,Nomad 12.8mm Lemon Yellow 20m,ppe,Lanyards,Polyester double braid / Nylon core,"EN358:2018, EN795B:2012, PD CEN/TS 16415:2013",UNL,10,,,150,12.8,12.8,,,RPS128-EYE-YW-20,https://assets.dmmwales.com/download/1490/,https://eu.dmmwales.com/products/nomad,,
DMM,Nomad 12.8mm Lime Green 3m,ppe,Lanyards,Polyester double braid / Nylon core,"EN358:2018, EN795B:2012, PD CEN/TS 16415:2013",UNL,10,,,150,12.8,12.8,,,RPS128-EYE-GN-3,https://assets.dmmwales.com/download/1490/,https://eu.dmmwales.com/products/nomad,,
DMM,Nomad 12.8mm Lime Green 4m,ppe,Lanyards,Polyester double braid / Nylon core,"EN358:2018, EN795B:2012, PD CEN/TS 16415:2013",UNL,10,,,150,12.8,12.8,,,RPS128-EYE-GN-4,https://assets.dmmwales.com/download/1490/,https://eu.dmmwales.com/products/nomad,,
DMM,Nomad 12.8mm Lime Green 5m,ppe,Lanyards,Polyester double braid / Nylon core,"EN358:2018, EN795B:2012, PD CEN/TS 16415:2013",UNL,10,,,150,12.8,12.8,,,RPS128-EYE-GN-5,https://assets.dmmwales.com/download/1490/,https://eu.dmmwales.com/products/nomad,,
DMM,Nomad 12.8mm Lime Green 7m,ppe,Lanyards,Polyester double braid / Nylon core,"EN358:2018, EN795B:2012, PD CEN/TS 16415:2013",UNL,10,,,150,12.8,12.8,,,RPS128-EYE-GN-7,https://assets.dmmwales.com/download/1490/,https://eu.dmmwales.com/products/nomad,,
DMM,Nomad 12.8mm Lime Green 10m,ppe,Lanyards,Polyester double braid / Nylon core,"EN358:2018, EN795B:2012, PD CEN/TS 16415:2013",UNL,10,,,150,12.8,12.8,,,RPS128-EYE-GN-10,https://assets.dmmwales.com/download/1490/,https://eu.dmmwales.com/products/nomad,,
DMM,Nomad 12.8mm Lime Green 15m,ppe,Lanyards,Polyester double braid / Nylon core,"EN358:2018, EN795B:2012, PD CEN/TS 16415:2013",UNL,10,,,150,12.8,12.8,,,RPS128-EYE-GN-15,https://assets.dmmwales.com/download/1490/,https://eu.dmmwales.com/products/nomad,,
DMM,Nomad 12.8mm Lime Green 20m,ppe,Lanyards,Polyester double braid / Nylon core,"EN358:2018, EN795B:2012, PD CEN/TS 16415:2013",UNL,10,,,150,12.8,12.8,,,RPS128-EYE-GN-20,https://assets.dmmwales.com/download/1490/,https://eu.dmmwales.com/products/nomad,,
DMM,Nomad 11.8mm Mango Orange 3m,ppe,Lanyards,Polyester double braid / Nylon core,"EN358:2018, EN795B:2012, PD CEN/TS 16415:2013",UNL,10,,,150,11.8,11.8,,,RPS118-EYE-OR-3,https://assets.dmmwales.com/download/1490/,https://eu.dmmwales.com/products/nomad,,
DMM,Nomad 11.8mm Mango Orange 4m,ppe,Lanyards,Polyester double braid / Nylon core,"EN358:2018, EN795B:2012, PD CEN/TS 16415:2013",UNL,10,,,150,11.8,11.8,,,RPS118-EYE-OR-4,https://assets.dmmwales.com/download/1490/,https://eu.dmmwales.com/products/nomad,,
DMM,Nomad 11.8mm Mango Orange 5m,ppe,Lanyards,Polyester double braid / Nylon core,"EN358:2018, EN795B:2012, PD CEN/TS 16415:2013",UNL,10,,,150,11.8,11.8,,,RPS118-EYE-OR-5,https://assets.dmmwales.com/download/1490/,https://eu.dmmwales.com/products/nomad,,
DMM,Nomad 11.8mm Mango Orange 7m,ppe,Lanyards,Polyester double braid / Nylon core,"EN358:2018, EN795B:2012, PD CEN/TS 16415:2013",UNL,10,,,150,11.8,11.8,,,RPS118-EYE-OR-7,https://assets.dmmwales.com/download/1490/,https://eu.dmmwales.com/products/nomad,,
DMM,Nomad 11.8mm Mango Orange 10m,ppe,Lanyards,Polyester double braid / Nylon core,"EN358:2018, EN795B:2012, PD CEN/TS 16415:2013",UNL,10,,,150,11.8,11.8,,,RPS118-EYE-OR-10,https://assets.dmmwales.com/download/1490/,https://eu.dmmwales.com/products/nomad,,
DMM,Nomad 11.8mm Mango Orange 15m,ppe,Lanyards,Polyester double braid / Nylon core,"EN358:2018, EN795B:2012, PD CEN/TS 16415:2013",UNL,10,,,150,11.8,11.8,,,RPS118-EYE-OR-15,https://assets.dmmwales.com/download/1490/,https://eu.dmmwales.com/products/nomad,,
DMM,Nomad 11.8mm Mango Orange 20m,ppe,Lanyards,Polyester double braid / Nylon core,"EN358:2018, EN795B:2012, PD CEN/TS 16415:2013",UNL,10,,,150,11.8,11.8,,,RPS118-EYE-OR-20,https://assets.dmmwales.com/download/1490/,https://eu.dmmwales.com/products/nomad,,
DMM,Nomad 11.8mm Blueberry Blue 3m,ppe,Lanyards,Polyester double braid / Nylon core,"EN358:2018, EN795B:2012, PD CEN/TS 16415:2013",UNL,10,,,150,11.8,11.8,,,RPS118-EYE-BL-3,https://assets.dmmwales.com/download/1490/,https://eu.dmmwales.com/products/nomad,,
DMM,Nomad 11.8mm Blueberry Blue 4m,ppe,Lanyards,Polyester double braid / Nylon core,"EN358:2018, EN795B:2012, PD CEN/TS 16415:2013",UNL,10,,,150,11.8,11.8,,,RPS118-EYE-BL-4,https://assets.dmmwales.com/download/1490/,https://eu.dmmwales.com/products/nomad,,
DMM,Nomad 11.8mm Blueberry Blue 5m,ppe,Lanyards,Polyester double braid / Nylon core,"EN358:2018, EN795B:2012, PD CEN/TS 16415:2013",UNL,10,,,150,11.8,11.8,,,RPS118-EYE-BL-5,https://assets.dmmwales.com/download/1490/,https://eu.dmmwales.com/products/nomad,,
DMM,Nomad 11.8mm Blueberry Blue 7m,ppe,Lanyards,Polyester double braid / Nylon core,"EN358:2018, EN795B:2012, PD CEN/TS 16415:2013",UNL,10,,,150,11.8,11.8,,,RPS118-EYE-BL-7,https://assets.dmmwales.com/download/1490/,https://eu.dmmwales.com/products/nomad,,
DMM,Nomad 11.8mm Blueberry Blue 10m,ppe,Lanyards,Polyester double braid / Nylon core,"EN358:2018, EN795B:2012, PD CEN/TS 16415:2013",UNL,10,,,150,11.8,11.8,,,RPS118-EYE-BL-10,https://assets.dmmwales.com/download/1490/,https://eu.dmmwales.com/products/nomad,,
DMM,Nomad 11.8mm Blueberry Blue 15m,ppe,Lanyards,Polyester double braid / Nylon core,"EN358:2018, EN795B:2012, PD CEN/TS 16415:2013",UNL,10,,,150,11.8,11.8,,,RPS118-EYE-BL-15,https://assets.dmmwales.com/download/1490/,https://eu.dmmwales.com/products/nomad,,
DMM,Nomad 11.8mm Blueberry Blue 20m,ppe,Lanyards,Polyester double braid / Nylon core,"EN358:2018, EN795B:2012, PD CEN/TS 16415:2013",UNL,10,,,150,11.8,11.8,,,RPS118-EYE-BL-20,https://assets.dmmwales.com/download/1490/,https://eu.dmmwales.com/products/nomad,,
DMM,Low Stretch Rope Lanyard 11.8mm Mango 3m,ppe,Lanyards,Polyester double braid / Nylon core,"EN358:2018, EN795B:2012, PD CEN/TS 16415:2013",UNL,10,,,,11.8,11.8,,,RPL118-2-OR-3,,https://eu.dmmwales.com/products/low-stretch-rope-lanyards,,
DMM,Low Stretch Rope Lanyard 11.8mm Mango 4m,ppe,Lanyards,Polyester double braid / Nylon core,"EN358:2018, EN795B:2012, PD CEN/TS 16415:2013",UNL,10,,,,11.8,11.8,,,RPL118-2-OR-4,,https://eu.dmmwales.com/products/low-stretch-rope-lanyards,,
DMM,Low Stretch Rope Lanyard 11.8mm Mango 5m,ppe,Lanyards,Polyester double braid / Nylon core,"EN358:2018, EN795B:2012, PD CEN/TS 16415:2013",UNL,10,,,,11.8,11.8,,,RPL118-2-OR-5,,https://eu.dmmwales.com/products/low-stretch-rope-lanyards,,
DMM,Low Stretch Rope Lanyard 11.8mm Mango 7m,ppe,Lanyards,Polyester double braid / Nylon core,"EN358:2018, EN795B:2012, PD CEN/TS 16415:2013",UNL,10,,,,11.8,11.8,,,RPL118-2-OR-7,,https://eu.dmmwales.com/products/low-stretch-rope-lanyards,,
DMM,Low Stretch Rope Lanyard 11.8mm Mango 10m,ppe,Lanyards,Polyester double braid / Nylon core,"EN358:2018, EN795B:2012, PD CEN/TS 16415:2013",UNL,10,,,,11.8,11.8,,,RPL118-2-OR-10,,https://eu.dmmwales.com/products/low-stretch-rope-lanyards,,
DMM,Low Stretch Rope Lanyard 11.8mm Mango 15m,ppe,Lanyards,Polyester double braid / Nylon core,"EN358:2018, EN795B:2012, PD CEN/TS 16415:2013",UNL,10,,,,11.8,11.8,,,RPL118-2-OR-15,,https://eu.dmmwales.com/products/low-stretch-rope-lanyards,,
DMM,Low Stretch Rope Lanyard 11.8mm Mango 20m,ppe,Lanyards,Polyester double braid / Nylon core,"EN358:2018, EN795B:2012, PD CEN/TS 16415:2013",UNL,10,,,,11.8,11.8,,,RPL118-2-OR-20,,https://eu.dmmwales.com/products/low-stretch-rope-lanyards,,
DMM,Low Stretch Rope Lanyard 11.8mm Blueberry 3m,ppe,Lanyards,Polyester double braid / Nylon core,"EN358:2018, EN795B:2012, PD CEN/TS 16415:2013",UNL,10,,,,11.8,11.8,,,RPL118-2-BL-3,,https://eu.dmmwales.com/products/low-stretch-rope-lanyards,,
DMM,Low Stretch Rope Lanyard 11.8mm Blueberry 4m,ppe,Lanyards,Polyester double braid / Nylon core,"EN358:2018, EN795B:2012, PD CEN/TS 16415:2013",UNL,10,,,,11.8,11.8,,,RPL118-2-BL-4,,https://eu.dmmwales.com/products/low-stretch-rope-lanyards,,
DMM,Low Stretch Rope Lanyard 11.8mm Blueberry 5m,ppe,Lanyards,Polyester double braid / Nylon core,"EN358:2018, EN795B:2012, PD CEN/TS 16415:2013",UNL,10,,,,11.8,11.8,,,RPL118-2-BL-5,,https://eu.dmmwales.com/products/low-stretch-rope-lanyards,,
DMM,Low Stretch Rope Lanyard 11.8mm Blueberry 7m,ppe,Lanyards,Polyester double braid / Nylon core,"EN358:2018, EN795B:2012, PD CEN/TS 16415:2013",UNL,10,,,,11.8,11.8,,,RPL118-2-BL-7,,https://eu.dmmwales.com/products/low-stretch-rope-lanyards,,
DMM,Low Stretch Rope Lanyard 11.8mm Blueberry 10m,ppe,Lanyards,Polyester double braid / Nylon core,"EN358:2018, EN795B:2012, PD CEN/TS 16415:2013",UNL,10,,,,11.8,11.8,,,RPL118-2-BL-10,,https://eu.dmmwales.com/products/low-stretch-rope-lanyards,,
DMM,Low Stretch Rope Lanyard 11.8mm Blueberry 15m,ppe,Lanyards,Polyester double braid / Nylon core,"EN358:2018, EN795B:2012, PD CEN/TS 16415:2013",UNL,10,,,,11.8,11.8,,,RPL118-2-BL-15,,https://eu.dmmwales.com/products/low-stretch-rope-lanyards,,
DMM,Low Stretch Rope Lanyard 11.8mm Blueberry 20m,ppe,Lanyards,Polyester double braid / Nylon core,"EN358:2018, EN795B:2012, PD CEN/TS 16415:2013",UNL,10,,,,11.8,11.8,,,RPL118-2-BL-20,,https://eu.dmmwales.com/products/low-stretch-rope-lanyards,,
DMM,Low Stretch Rope Lanyard 12.8mm Lime 3m,ppe,Lanyards,Polyester double braid / Nylon core,"EN358:2018, EN795B:2012, PD CEN/TS 16415:2013",UNL,10,,,,12.8,12.8,,,RPL128-2-GN-3,,https://eu.dmmwales.com/products/low-stretch-rope-lanyards,,
DMM,Low Stretch Rope Lanyard 12.8mm Lime 4m,ppe,Lanyards,Polyester double braid / Nylon core,"EN358:2018, EN795B:2012, PD CEN/TS 16415:2013",UNL,10,,,,12.8,12.8,,,RPL128-2-GN-4,,https://eu.dmmwales.com/products/low-stretch-rope-lanyards,,
DMM,Low Stretch Rope Lanyard 12.8mm Lime 5m,ppe,Lanyards,Polyester double braid / Nylon core,"EN358:2018, EN795B:2012, PD CEN/TS 16415:2013",UNL,10,,,,12.8,12.8,,,RPL128-2-GN-5,,https://eu.dmmwales.com/products/low-stretch-rope-lanyards,,
DMM,Low Stretch Rope Lanyard 12.8mm Lime 7m,ppe,Lanyards,Polyester double braid / Nylon core,"EN358:2018, EN795B:2012, PD CEN/TS 16415:2013",UNL,10,,,,12.8,12.8,,,RPL128-2-GN-7,,https://eu.dmmwales.com/products/low-stretch-rope-lanyards,,
DMM,Low Stretch Rope Lanyard 12.8mm Lime 10m,ppe,Lanyards,Polyester double braid / Nylon core,"EN358:2018, EN795B:2012, PD CEN/TS 16415:2013",UNL,10,,,,12.8,12.8,,,RPL128-2-GN-10,,https://eu.dmmwales.com/products/low-stretch-rope-lanyards,,
DMM,Low Stretch Rope Lanyard 12.8mm Lime 15m,ppe,Lanyards,Polyester double braid / Nylon core,"EN358:2018, EN795B:2012, PD CEN/TS 16415:2013",UNL,10,,,,12.8,12.8,,,RPL128-2-GN-15,,https://eu.dmmwales.com/products/low-stretch-rope-lanyards,,
DMM,Low Stretch Rope Lanyard 12.8mm Lime 20m,ppe,Lanyards,Polyester double braid / Nylon core,"EN358:2018, EN795B:2012, PD CEN/TS 16415:2013",UNL,10,,,,12.8,12.8,,,RPL128-2-GN-20,,https://eu.dmmwales.com/products/low-stretch-rope-lanyards,,
DMM,Low Stretch Rope Lanyard 12.8mm Lemon 3m,ppe,Lanyards,Polyester double braid / Nylon core,"EN358:2018, EN795B:2012, PD CEN/TS 16415:2013",UNL,10,,,,12.8,12.8,,,RPL128-2-YW-3,,https://eu.dmmwales.com/products/low-stretch-rope-lanyards,,
DMM,Low Stretch Rope Lanyard 12.8mm Lemon 4m,ppe,Lanyards,Polyester double braid / Nylon core,"EN358:2018, EN795B:2012, PD CEN/TS 16415:2013",UNL,10,,,,12.8,12.8,,,RPL128-2-YW-4,,https://eu.dmmwales.com/products/low-stretch-rope-lanyards,,
DMM,Low Stretch Rope Lanyard 12.8mm Lemon 5m,ppe,Lanyards,Polyester double braid / Nylon core,"EN358:2018, EN795B:2012, PD CEN/TS 16415:2013",UNL,10,,,,12.8,12.8,,,RPL128-2-YW-5,,https://eu.dmmwales.com/products/low-stretch-rope-lanyards,,
DMM,Low Stretch Rope Lanyard 12.8mm Lemon 7m,ppe,Lanyards,Polyester double braid / Nylon core,"EN358:2018, EN795B:2012, PD CEN/TS 16415:2013",UNL,10,,,,12.8,12.8,,,RPL128-2-YW-7,,https://eu.dmmwales.com/products/low-stretch-rope-lanyards,,
DMM,Low Stretch Rope Lanyard 12.8mm Lemon 10m,ppe,Lanyards,Polyester double braid / Nylon core,"EN358:2018, EN795B:2012, PD CEN/TS 16415:2013",UNL,10,,,,12.8,12.8,,,RPL128-2-YW-10,,https://eu.dmmwales.com/products/low-stretch-rope-lanyards,,
DMM,Low Stretch Rope Lanyard 12.8mm Lemon 15m,ppe,Lanyards,Polyester double braid / Nylon core,"EN358:2018, EN795B:2012, PD CEN/TS 16415:2013",UNL,10,,,,12.8,12.8,,,RPL128-2-YW-15,,https://eu.dmmwales.com/products/low-stretch-rope-lanyards,,
DMM,Low Stretch Rope Lanyard 12.8mm Lemon 20m,ppe,Lanyards,Polyester double braid / Nylon core,"EN358:2018, EN795B:2012, PD CEN/TS 16415:2013",UNL,10,,,,12.8,12.8,,,RPL128-2-YW-20,,https://eu.dmmwales.com/products/low-stretch-rope-lanyards,,
DMM,Kinisi MAX Small,ppe,Harnesses,,"EN358:2018, EN813:2024",UNL,UNL,,,150,,,,,HC611,https://assets.dmmwales.com/download/1467,https://eu.dmmwales.com/products/kinisi-max,,
DMM,Kinisi MAX Medium,ppe,Harnesses,,"EN358:2018, EN813:2024",UNL,UNL,,,150,,,,,HC612,https://assets.dmmwales.com/download/1467,https://eu.dmmwales.com/products/kinisi-max,,
DMM,Kinisi MAX Large,ppe,Harnesses,,"EN358:2018, EN813:2024",UNL,UNL,,,150,,,,,HC613,https://assets.dmmwales.com/download/1467,https://eu.dmmwales.com/products/kinisi-max,,
DMM,Kinisi PRO Small,ppe,Harnesses,,"EN358:2018, EN813:2024",UNL,UNL,,,150,,,,,HC621,https://assets.dmmwales.com/download/1467,https://eu.dmmwales.com/products/kinisi-pro,,
DMM,Kinisi PRO Medium,ppe,Harnesses,,"EN358:2018, EN813:2024",UNL,UNL,,,150,,,,,HC622,https://assets.dmmwales.com/download/1467,https://eu.dmmwales.com/products/kinisi-pro,,
DMM,Kinisi PRO Large,ppe,Harnesses,,"EN358:2018, EN813:2024",UNL,UNL,,,150,,,,,HC623,https://assets.dmmwales.com/download/1467,https://eu.dmmwales.com/products/kinisi-pro,,
DMM,Kinisi AIR Medium,ppe,Harnesses,,"EN358:2018, EN813:2024",UNL,UNL,,,150,,,,,HC662,https://assets.dmmwales.com/download/1467,https://eu.dmmwales.com/products/kinisi-air,,
DMM,Kinisi KEY Small,ppe,Harnesses,,"EN358:2018, EN813:2024",UNL,UNL,,,150,,,,,HC671,https://assets.dmmwales.com/download/1467,https://eu.dmmwales.com/products/kinisi-key,,
DMM,Kinisi KEY Medium,ppe,Harnesses,,"EN358:2018, EN813:2024",UNL,UNL,,,150,,,,,HC672,https://assets.dmmwales.com/download/1467,https://eu.dmmwales.com/products/kinisi-key,,
DMM,Kinisi KEY Large,ppe,Harnesses,,"EN358:2018, EN813:2024",UNL,UNL,,,150,,,,,HC673,https://assets.dmmwales.com/download/1467,https://eu.dmmwales.com/products/kinisi-key,,
Haberkorn,treeAustria 3.2 Arborist Harness Size 1,ppe,Harnesses,Polyester; aluminium,EN 813; EN 358,12,,,,,,,,,,,https://drayer.de/en/shop/climbing-harnesses/tree-climbing-harnesses/564/treeaustria-3.2-arborist-harness,,
Haberkorn,treeAustria 3.2 Arborist Harness Size 2,ppe,Harnesses,Polyester; aluminium,EN 813; EN 358,12,,,,,,,,,,,https://drayer.de/en/shop/climbing-harnesses/tree-climbing-harnesses/564/treeaustria-3.2-arborist-harness,,
Haberkorn,treeAustria 3.2 Arborist Harness Size 3,ppe,Harnesses,Polyester; aluminium,EN 813; EN 358,12,,,,,,,,,,,https://drayer.de/en/shop/climbing-harnesses/tree-climbing-harnesses/564/treeaustria-3.2-arborist-harness,,
Haberkorn,treeAustria Pro Arborist Harness Size 1,ppe,Harnesses,Polyester; aluminium,EN 813; EN 358,12,,,,,,,,,,,https://drayer.de/en/shop/climbing-harnesses/tree-climbing-harnesses/931/treeaustria-pro-arborist-harness,,
Haberkorn,treeAustria Pro Arborist Harness Size 2,ppe,Harnesses,Polyester; aluminium,EN 813; EN 358,12,,,,,,,,,,,https://drayer.de/en/shop/climbing-harnesses/tree-climbing-harnesses/931/treeaustria-pro-arborist-harness,,
Haberkorn,treeAustria Pro Arborist Harness Size 3,ppe,Harnesses,Polyester; aluminium,EN 813; EN 358,12,,,,,,,,,,,https://drayer.de/en/shop/climbing-harnesses/tree-climbing-harnesses/931/treeaustria-pro-arborist-harness,,
Tango,StatX 11.0 orange Static Rope,ppe,Climbing Ropes,Polyester,EN 1891 Type B,15,10,37 kN,,,11,11,,,,,https://drayer.de/en/shop/ropes-and-slings/climbing/access-ropes/tango-statx-11-0-orange-static-rope,,
Tango,StatX 11.0 copper Static Rope,ppe,Climbing Ropes,Polyester,EN 1891 Type B,15,10,37 kN,,,11,11,,,,,https://drayer.de/en/shop/ropes-and-slings/climbing/access-ropes/tango-statx-11-0-copper-static-rope,,
Tango,StatX 11.5 yellow Static Rope,ppe,Climbing Ropes,Polyester,EN 1891 Type A,15,10,46.4 kN,,,11.5,11.5,,,,,https://drayer.de/en/shop/ropes-and-slings/climbing/access-ropes/384/tango-statx-11-5-yellow-static-rope,,
Tango,StatX 11.5 blue Static Rope,ppe,Climbing Ropes,Polyester,EN 1891 Type A,15,10,46.4 kN,,,11.5,11.5,,,,,https://drayer.de/en/shop/ropes-and-slings/climbing/access-ropes/385/tango-statx-11-5-blue-static-rope,,
Tango,StatX 11.5 purple Static Rope,ppe,Climbing Ropes,Polyester,EN 1891 Type A,15,10,46.4 kN,,,11.5,11.5,,,,,https://drayer.de/en/shop/ropes-and-slings/climbing/access-ropes/tango-statx-11-5-purple-static-rope,,
Tango,VISION 12.8 fox Climbing Rope,ppe,Climbing Ropes,Polyester sheath; polyamide core,EN 1891 Type A,15,10,45 kN,,,12.8,12.8,,,,,https://drayer.de/en/shop/ropes-and-slings/climbing/climbing-ropes/310/tango-vision-12-8-fox-climbing-rope,,
Tango,VISION 12.8 flash Climbing Rope,ppe,Climbing Ropes,Polyester sheath; polyamide core,EN 1891 Type A,15,10,45 kN,,,12.8,12.8,,,,,https://drayer.de/en/shop/ropes-and-slings/climbing/climbing-ropes/311/tango-vision-12-8-flash-climbing-rope,,
Tango,ERGO 13.5 brasil Climbing Rope,ppe,Climbing Ropes,Polyester sheath; polyamide core,EN 1891 Type A,15,10,45 kN,,,13.5,13.5,,,,,https://drayer.de/en/tango-ergo-13-5-brasil-climbing-rope,,
Tango,SANITY Prusik Rope,Hitch Cord,Hitch Cords,Polyester core; 75% aramid / 25% polyester sheath,,,,22 kN,,,9.1,9.1,,,,,https://drayer.de/en/shop/ropes-and-slings/climbing/prusik-ropes/132/tango-sanity-prusik-rope,,
Tango,SANITY Prusik Sling 60 cm,Hitch Cord Sling,Hitch Cords,Polyester core; 75% aramid / 25% polyester sheath,,,,22 kN,,,9.1,9.1,,,,,https://drayer.de/en/shop/ropes-and-slings/slings/prusik-slings/572/tango-sanity-prusik-sling,,
Tango,SANITY Prusik Sling 70 cm,Hitch Cord Sling,Hitch Cords,Polyester core; 75% aramid / 25% polyester sheath,,,,22 kN,,,9.1,9.1,,,,,https://drayer.de/en/shop/ropes-and-slings/slings/prusik-slings/572/tango-sanity-prusik-sling,,
Tango,SANITY Prusik Sling 80 cm,Hitch Cord Sling,Hitch Cords,Polyester core; 75% aramid / 25% polyester sheath,,,,22 kN,,,9.1,9.1,,,,,https://drayer.de/en/shop/ropes-and-slings/slings/prusik-slings/572/tango-sanity-prusik-sling,,
Tango,SANITY Prusik Sling 85 cm,Hitch Cord Sling,Hitch Cords,Polyester core; 75% aramid / 25% polyester sheath,,,,22 kN,,,9.1,9.1,,,,,https://drayer.de/en/shop/ropes-and-slings/slings/prusik-slings/572/tango-sanity-prusik-sling,,
Tango,SANITY Prusik Sling 95 cm,Hitch Cord Sling,Hitch Cords,Polyester core; 75% aramid / 25% polyester sheath,,,,22 kN,,,9.1,9.1,,,,,https://drayer.de/en/shop/ropes-and-slings/slings/prusik-slings/572/tango-sanity-prusik-sling,,
Tango,BigO 100 Rigging Ring,rigging,Rigging Ring,,,,,500 kN,100 kN,,,,,,,,https://drayer.de/en/shop/hardware/pulleys/rigging-pulleys/299/tango-bigo-100-rigging-ring,,
EDELRID,OVAL POWER 2500 SCREW,ppe,Connectors,Aluminium,"EN 12275, EN 362",UNL,,25 kN,,,,,,,852060000060,,https://edelrid.com/eu-en/sport/carabiners-and-quickdraws/oval-power-2500-screw,,
EDELRID,OVAL POWER 2500 TRIPLE,ppe,Connectors,Aluminium,"EN 12275, EN 362",UNL,,25 kN,,,,,,,852060000070,,https://edelrid.com/eu-en/sport/carabiners-and-quickdraws/oval-power-2500-triple,,
EDELRID,OVAL POWER 2500 PERMALOCK,ppe,Connectors,Aluminium,"EN 12275, EN 362",UNL,,25 kN,,,,,,,852060000080,,https://edelrid.com/eu-en/sport/carabiners-and-quickdraws/oval-power-2500-permalock,,
EDELRID,OVAL POWER 2500 TRIPLE RFID,ppe,Connectors,Aluminium,"EN 12275, EN 362",UNL,,24 kN,,,,,,,,,https://edelrid.com/eu-en/professional/connectors-shop/oval-power-2500-triple-rfid,,
EDELRID,OVAL POWER 2500 TRIPLE NFC,ppe,Connectors,Aluminium,"EN 12275, EN 362",UNL,,24 kN,,,,,,,,,https://edelrid.com/eu-en/sport/carabiners-and-quickdraws/oval-power-2500-triple-nfc,,
EDELRID,OVAL POWER STEEL TRIPLE,ppe,Connectors,Steel,EN 362,UNL,,30 kN,,,,,,,,,https://edelrid.com/eu-en/professional/connectors-shop/oval-power-steel-triple,,
EDELRID,D-CLASSIC 3000 SCREW,ppe,Connectors,Aluminium,EN 362,UNL,,30 kN,,,,,,,852060000060,,https://edelrid.com/eu-en/professional/connectors-shop/d-classic-3000-screw,,
EDELRID,STEEL STRONG TRIPLE,ppe,Connectors,Steel,EN 362,UNL,,50 kN,,,,,,,,,https://edelrid.com/eu-en/professional/connectors-shop/steel-strong-triple,,
EDELRID,STEEL HMS TRIPLE,ppe,Connectors,Steel,EN 362,UNL,,40 kN,,,,,,,882920000060,,https://edelrid.com/eu-en/professional/connectors-shop/steel-hms-triple,,
EDELRID,HMS BULLET SCREW,ppe,Connectors,Aluminium,"EN 12275, EN 362",UNL,,26 kN,,,,,,,,,https://edelrid.com/eu-en/professional/connectors-shop/hms-bullet-screw,,
EDELRID,HMS BULLET TRIPLE,ppe,Connectors,Aluminium,"EN 12275, EN 362",UNL,,26 kN,,,,,,,,,https://edelrid.com/eu-en/professional/connectors-shop/hms-bullet-triple,,
EDELRID,HMS BULLET SCREW RFID,ppe,Connectors,Aluminium,"EN 12275, EN 362",UNL,,26 kN,,,,,,,,,https://edelrid.com/eu-en/professional/connectors-shop/hms-bullet-screw-rfid,,
EDELRID,HMS BULLET TRIPLE RFID,ppe,Connectors,Aluminium,"EN 12275, EN 362",UNL,,26 kN,,,,,,,,,https://edelrid.com/eu-en/professional/connectors-shop/hms-bullet-triple-rfid,,
EDELRID,HMS BULLET PERMALOCK,ppe,Connectors,Aluminium,"EN 12275, EN 362",UNL,,26 kN,,,,,,,,,https://edelrid.com/eu-en/professional/connectors-shop/hms-bullet-permalock,,
EDELRID,HMS BULLETPROOF SCREW,ppe,Connectors,Aluminium / Steel,"EN 12275, EN 362",UNL,,27 kN,,,,,,,,,https://edelrid.com/eu-en/professional/connectors-shop/hms-bulletproof-screw,,
EDELRID,HMS BULLETPROOF TRIPLE,ppe,Connectors,Aluminium / Steel,"EN 12275, EN 362",UNL,,25 kN,,,,,,,,,https://edelrid.com/eu-en/professional/connectors-shop/hms-bulletproof-triple,,
EDELRID,HMS MAGNUM SCREW,ppe,Connectors,Aluminium,"EN 12275, EN 362",UNL,,24 kN,,,,,,,,,https://edelrid.com/eu-en/professional/connectors-shop/hms-magnum-screw,,
EDELRID,HMS MAGNUM TRIPLE,ppe,Connectors,Aluminium,"EN 12275, EN 362",UNL,,24 kN,,,,,,,,,https://edelrid.com/eu-en/professional/connectors-shop/hms-magnum-triple,,
EDELRID,KIWI SCREW,ppe,Connectors,Aluminium,"EN 12275, EN 362",UNL,,24 kN,,,,,,,,,https://edelrid.com/eu-en/professional/connectors-shop/kiwi-screw,,
EDELRID,KIWI SLIDER,ppe,Connectors,Aluminium,"EN 12275, EN 362",UNL,,24 kN,,,,,,,,,https://edelrid.com/eu-en/professional/connectors-shop/kiwi-slider,,
EDELRID,PURE SCREW,ppe,Connectors,Aluminium,"EN 12275, EN 362",UNL,,22 kN,,,,,,,,,https://edelrid.com/eu-en/professional/connectors-shop/pure-screw,,
EDELRID,PURE STRAIGHT,ppe,Connectors,Aluminium,EN 12275,UNL,,23 kN,,,,,,,,,https://edelrid.com/eu-en/professional/connectors-shop/pure-straight,,
EDELRID,DSG 4000 STEEL,ppe,Connectors,Steel,"EN 12275, EN 362",UNL,,40 kN,,,,,,,,,https://edelrid.com/eu-en/professional/connectors-shop/dsg-4000-steel,,
EDELRID,DSG TRITON,ppe,Connectors,Aluminium,"EN 12275, EN 362",UNL,,33 kN,,,,,,,,,https://edelrid.com/eu-en/professional/connectors-shop/dsg-triton,,
EDELRID,TWISTER TRIPLE 21MM,ppe,Connectors,Aluminium,"EN 12275, EN 362",UNL,,25 kN,,,,,,,882690000730,,https://edelrid.com/eu-en/professional/connectors-shop/twister-triple-21mm,,
EDELRID,AXIOM,ppe,Connectors,Aluminium,"EN 12275, EN 362",UNL,,22 kN,,,,,,,,,https://edelrid.com/eu-en/professional/connectors-shop/axiom,,
EDELRID,AXIOM SLIDER,ppe,Connectors,Aluminium,"EN 12275, EN 362",UNL,,22 kN,,,,,,,,,https://edelrid.com/eu-en/professional/connectors-shop/axiom-slider,,
EDELRID,MAXIOM RIG TRIPLE,ppe,Connectors,Aluminium,EN 362,UNL,,20 kN,,,,,,,,,https://edelrid.com/eu-en/professional/connectors-shop/maxiom-rig-triple,,
EDELRID,MAXIOM RIG SLIDER,ppe,Connectors,Aluminium,EN 362,UNL,,20 kN,,,,,,,,,https://edelrid.com/eu-en/professional/connectors-shop/maxiom-rig-slider,,
EDELRID,CUPID,ppe,Connectors,Aluminium,EN 362,UNL,,20 kN,,,,,,,,,https://edelrid.com/eu-en/professional/connectors-shop/cupid,,
EDELRID,CUPID STEEL,ppe,Connectors,Steel,EN 362,UNL,,23 kN,,,,,,,852130000060,,https://edelrid.com/eu-en/professional/connectors-shop/cupid-steel,,
EDELRID,MEGAWATT,ppe,Descenders,Aluminium / Steel inserts,"EN 12841-C, EN 341-2A, EN 15151-1/8, ANSI/ASSE Z359.4",UNL,,,,,8.9,11.8,,,,https://edelrid.com/eu-en/professional/descenders-shop/megawatt,,,
EDELRID,SAFE DESCENT 9.8mm,ppe,Descenders,Aluminium / Aramid sheath rope,"EN 341:2011 1A/1B, EN 1496:2006/B",14,10,,,,9.8,9.8,,,,https://edelrid.com/eu-en/professional/descenders-shop/safe-descent-9-8mm,,,
EDELRID,SAFE DESCENT 10.5mm,ppe,Descenders,Aluminium / Kernmantel rope,"EN 341:2011 1A/1B, EN 1496:2006/B",14,10,,,,10.5,10.5,,,,https://edelrid.com/eu-en/professional/descenders-shop/safe-descent-10-5mm,,,
EDELRID,SAFE DESCENT PRO 10.5mm,ppe,Descenders,Aluminium / Kernmantel rope,"EN 341:2011 1A/1B, EN 1496:2006/B",14,10,,,,10.5,10.5,,,,https://edelrid.com/eu-en/professional/descenders-shop/safe-descent-pro-10-5mm,,,
EDELRID,RESCUE 8,ppe,Descenders,Aluminium,EN 15151-2,UNL,,,,,7.8,12.0,,,,https://edelrid.com/eu-en/professional/descenders-shop/rescue-8,,,
EDELRID,PINCH,ppe,Descenders,Steel / Aluminium,"EN 15151-1, EN 12841-C",UNL,,,120,,8.5,10.5,,,,https://edelrid.com/eu-en/professional/descenders-shop/pinch,,,
EDELRID,HANNIBAL,ppe,Descenders,Aluminium,EN 15151-2,UNL,,,,,8.5,12.0,,,,https://edelrid.com/eu-en/professional/descenders-shop/hannibal,,,
EDELRID,BUD,ppe,Descenders,Aluminium,EN 15151-2,UNL,,,,,7.8,12.0,,,,https://edelrid.com/eu-en/professional/descenders-shop/bud,,,
EDELRID,FUSE,ppe,Fall Arresters,Aluminium,"EN 353-2, EN 12841-A, ANSI Z359.15, PPE-R/11.075",UNL,,,,140,10,12,,,,https://edelrid.com/eu-en/professional/fall-arresters-shop/fuse,,https://edelrid.com/eu-en/service/recalls/general-safety-notice-ohm-ohmega-fuse,
EDELRID,OMBILIX 140,ppe,Fall Arresters,Aluminium / Semi-static rope Type A,"EN 353-2, EN 358, PPE-R/11.075",14,10,,,140,,,,,,,https://edelrid.com/eu-en/professional/fall-arresters-shop/ombilix-140,,
EDELRID,DEFUSER RESCUE,ppe,Fall Arresters,Polyester / Nylon,"EN 353-2, EN 12841-A, ANSI Z359.15 (only with FUSE)",14,10,,15 kN,220,,,,,,https://edelrid.com/eu-en/professional/fall-arresters-shop/defuser-rescue,,,
EDELRID,DEFUSER RESCUE L,ppe,Fall Arresters,Polyester / Nylon,"EN 353-2, EN 12841-A, ANSI Z359.15 (only with FUSE)",14,10,,15 kN,220,,,,,,https://edelrid.com/eu-en/professional/fall-arresters-shop/defuser-rescue-l,,,
EDELRID,HAND CRUISER RIGHT,ppe,Rope Clamps,Aluminium / Steel cam,"EN 567, EN 12841-B",UNL,,,,,8,13,,,,https://edelrid.com/eu-en/professional/rope-clamps-shop/hand-cruiser-right,,,
EDELRID,HAND CRUISER LEFT,ppe,Rope Clamps,Aluminium / Steel cam,"EN 567, EN 12841-B",UNL,,,,,8,13,,,,https://edelrid.com/eu-en/professional/rope-clamps-shop/hand-cruiser-left,,,
EDELRID,UNI CRUISER,ppe,Rope Clamps,Aluminium / Steel cam,"EN 567, EN 12841-B",UNL,,,150,,8,13,,,,https://edelrid.com/eu-en/professional/rope-clamps-shop/uni-cruiser,,,
EDELRID,CHEST CRUISER,ppe,Rope Clamps,Aluminium / Steel cam,"EN 567, EN 12841-B",UNL,,,,,8,13,,,,https://edelrid.com/eu-en/professional/rope-clamps-shop/chest-cruiser,,,
EDELRID,FOOT CRUISER RIGHT,no ppe,Rope Clamps,Aluminium / Steel cam,"EN 567, EN 12841-B",UNL,,,,,8,13,,,,https://edelrid.com/eu-en/professional/rope-clamps-shop/foot-cruiser-right,,,
EDELRID,FOOT CRUISER LEFT,no ppe,Rope Clamps,Aluminium / Steel cam,"EN 567, EN 12841-B",UNL,,,,,8,13,,,,https://edelrid.com/eu-en/professional/rope-clamps-shop/foot-cruiser-left,,,
EDELRID,TREE CRUISER RIGHT,no ppe,Rope Clamps,Aluminium / Steel cam,"EN 567, EN 12841-B",UNL,,,,,8,13,,,,https://edelrid.com/eu-en/professional/rope-clamps-shop/tree-cruiser-right,,,
EDELRID,TREE CRUISER LEFT,no ppe,Rope Clamps,Aluminium / Steel cam,"EN 567, EN 12841-B",UNL,,,,,8,13,,,,https://edelrid.com/eu-en/professional/rope-clamps-shop/tree-cruiser-left,,,
EDELRID,KNEE CRUISER,ppe,Rope Clamps,Aluminium / Steel cam,"EN 567, EN 12841-B",UNL,,,,,8,13,,,,https://edelrid.com/eu-en/professional/rope-clamps-shop/knee-cruiser,,,
EDELRID,SPOC,ppe,Pulleys,Aluminium / Steel cam,"EN 12278, EN 567",UNL,,15 kN,,,7,11,,,,https://edelrid.com/eu-en/professional/pulleys-shop/spoc,,,
EDELRID,FLUX,ppe,Pulleys,Aluminium,EN 12278,UNL,,26 kN,,,6,13,,,,https://edelrid.com/eu-en/professional/pulleys-shop/flux,,,
EDELRID,NEELIX,ppe,Pulleys,Aluminium,EN 12278,UNL,,30 kN,,,6,13,,,,https://edelrid.com/eu-en/professional/pulleys-shop/neelix,,,
EDELRID,PUCK,ppe,Pulleys,Aluminium,EN 12278,UNL,,40 kN,,,,,,,,,https://edelrid.com/eu-en/professional/pulleys-shop/puck,,
EDELRID,PIKE RESCUE,ppe,Pulleys,Aluminium,EN 12278,UNL,,46 kN,,,6,13,,,,https://edelrid.com/eu-en/professional/pulleys-shop/pike-rescue,,,
EDELRID,PIKE RESCUE DOUBLE,ppe,Pulleys,Aluminium,EN 12278,UNL,,46 kN,,,6,13,,,,https://edelrid.com/eu-en/professional/pulleys-shop/pike-rescue-double,,,
EDELRID,WARP,ppe,Pulleys,Aluminium / Stainless steel,EN 12278,UNL,,32 kN,,,,,,,,,https://edelrid.com/eu-en/professional/pulleys-shop/warp,,
EDELRID,MASTER RIG,ppe,Anchor Devices,Aluminium,CNB/P 11.114 PfE,UNL,,50 kN,,,,,,,,,https://edelrid.com/eu-en/professional/anchor-devices-shop/master-rig,,
EDELRID,MINI RIG,ppe,Anchor Devices,Aluminium,CNB/P 11.114 PfE,UNL,,36 kN,,,,,,,,,https://edelrid.com/eu-en/professional/anchor-devices-shop/mini-rig,,
EDELRID,MAGGI RIG,ppe,Anchor Devices,Stainless Steel,CNB/P 11.114 PfE,UNL,,35 kN,,,,,,,,,https://edelrid.com/eu-en/professional/anchor-devices-shop/maggi-rig,,
EDELRID,RING ALU,Anchor Ring,Anchor Devices,Aluminium,,UNL,,,,,,,,,,,https://edelrid.com/eu-en/professional/anchor-devices-shop/ring-alu,,
EDELRID,POWER STEEL,ppe,Anchor Devices,Steel core / Polyester sheath,"EN 795 B, EN 354, EN 358",14,10,,,,,,,,,https://edelrid.com/eu-en/professional/anchor-devices-shop/power-steel,https://edelrid.com/eu-en/professional/anchor-devices-shop/power-steel,,
EDELRID,ANCORA PRO,ppe,Anchor Devices,Polyester,"EN 795 B, EN 354, EN 358",14,10,,,,,,,,,https://edelrid.com/eu-en/professional/anchor-devices-shop/ancora-pro,https://edelrid.com/eu-en/professional/anchor-devices-shop/ancora-pro,,
EDELRID,ANCORA OPEN,ppe,Anchor Devices,Polyester,"EN 795 B, EN 354",14,10,,,,,,,,,https://edelrid.com/eu-en/professional/anchor-devices-shop/ancora-open,https://edelrid.com/eu-en/professional/anchor-devices-shop/ancora-open,,
EDELRID,ANCORA LOOP,ppe,Anchor Devices,Polyester,"EN 566, EN 795 B",14,10,,,,,,,,,https://edelrid.com/eu-en/professional/anchor-devices-shop/ancora-loop,https://edelrid.com/eu-en/professional/anchor-devices-shop/ancora-loop,,
EDELRID,ADJUSTABLE CAMBIUM SAVER,ppe,Anchor Devices,Polyester / Aluminium rings,EN 795 B,14,10,,,,,,,,,https://edelrid.com/eu-en/professional/anchor-devices-shop/adjustable-cambium-saver,https://edelrid.com/eu-en/professional/anchor-devices-shop/adjustable-cambium-saver,,
EDELRID,CAMBIUMSAVER BICOLOR,ppe,Anchor Devices,Polyester / Aluminium rings,EN 795 B,14,10,,,,,,,,,https://edelrid.com/eu-en/professional/anchor-devices-shop/cambiumsaver-bicolor,https://edelrid.com/eu-en/professional/anchor-devices-shop/cambiumsaver-bicolor,,
EDELRID,TIBOR 8MM OPEN,ppe,Anchor Devices,Aramid / Kernmantle,"EN 566, EN 354",14,10,,,,,,,,,https://edelrid.com/eu-en/professional/anchor-devices-shop/tibor-8mm-open,https://edelrid.com/eu-en/professional/anchor-devices-shop/tibor-8mm-open,,
EDELRID,TIBOR 8MM LOOP,ppe,Anchor Devices,Aramid / Kernmantle,"EN 566, EN 354",14,10,,,,,,,,,https://edelrid.com/eu-en/professional/anchor-devices-shop/tibor-8mm-loop,https://edelrid.com/eu-en/professional/anchor-devices-shop/tibor-8mm-loop,,
EDELRID,TIBOR 10MM LOOP,ppe,Anchor Devices,Aramid / Kernmantle,"EN 566, EN 354",14,10,,,,,,,,,https://edelrid.com/eu-en/professional/anchor-devices-shop/tibor-10mm-loop,https://edelrid.com/eu-en/professional/anchor-devices-shop/tibor-10mm-loop,,
EDELRID,MULTICHAIN,ppe,Anchor Devices,Dyneema / Polyamide,"EN 795 B, EN 566",14,10,22 kN,,,,,,,,,https://edelrid.com/eu-en/professional/anchor-devices-shop/multichain,,
EDELRID,MATCH SLING 45MM,ppe,Anchor Devices,Polyester 45mm,EN 795 B,14,10,,,,,,,,,https://edelrid.com/eu-en/professional/anchor-devices-shop/match-sling-45mm,https://edelrid.com/eu-en/professional/anchor-devices-shop/match-sling-45mm,,
EDELRID,SWITCH PRO,ppe,Lanyards,Dynamic rope (Dyneema / Kernmantle),"EN 354, EN 795 B",14,10,,,,,,,,,https://edelrid.com/eu-en/professional/lanyards-shop/switch-pro,https://edelrid.com/eu-en/professional/lanyards-shop/switch-pro,,
EDELRID,SWITCH PRO ADJUST,ppe,Lanyards,Static rope 10.5mm / Aluminium,"EN 358, EN 795 B",14,10,15 kN,,,,,,,,,https://edelrid.com/eu-en/professional/lanyards-shop/switch-pro-adjust,,
EDELRID,SWITCH PRO DOUBLE ADJUST,ppe,Lanyards,Static rope 10.5mm / Aluminium,"EN 358, EN 795 B",14,10,15 kN,,,,,,,,,https://edelrid.com/eu-en/professional/lanyards-shop/switch-pro-double-adjust,,
EDELRID,SWITCH PRO Y-STATIC,ppe,Lanyards,Static rope 11mm,"EN 354, EN 795 B",14,10,,,,,,,,,https://edelrid.com/eu-en/professional/lanyards-shop/switch-pro-y-static,https://edelrid.com/eu-en/professional/lanyards-shop/switch-pro-y-static,,
EDELRID,EXTREME XP TWISTER TRIPLE,ppe,Lanyards,Steel core / Polyester sheath,EN 358,14,10,,,,,,,,,https://edelrid.com/eu-en/professional/lanyards-shop/extreme-xp-twister-triple,https://edelrid.com/eu-en/professional/lanyards-shop/extreme-xp-twister-triple,,
EDELRID,OMBILIX ADJUST,ppe,Lanyards,Kernmantle 12mm / DSG TRITON,EN 358,14,10,,,12,12,,,,https://edelrid.com/eu-en/professional/lanyards-shop/ombilix-adjust,,https://edelrid.com/eu-en/professional/lanyards-shop/ombilix-adjust,,
EDELRID,SHOCKSTOP-Y 140 GIANT,ppe,Lanyards,Polyester / Elastomer,"EN 354, EN 355",14,10,,140,140,,,,,,https://edelrid.com/eu-en/professional/lanyards-shop/shockstop-y-140-giant,https://edelrid.com/eu-en/professional/lanyards-shop/shockstop-y-140-giant,,
EDELRID,KAA,ppe,Lanyards,Polyester webbing,"EN 354, EN 795 B",14,10,,,,,,,,,https://edelrid.com/eu-en/professional/lanyards-shop/kaa,https://edelrid.com/eu-en/professional/lanyards-shop/kaa,,
EDELRID,FLEX LITE,ppe,Harnesses,Polyester / Nylon,"EN 361, ANSI/ASSE Z359.11-2014",14,10,,,150,,,,,,https://edelrid.com/eu-en/professional/work-safety-harness-shop/flex-lite,https://edelrid.com/eu-en/professional/work-safety-harness/flex-lite,,
EDELRID,FLEX PRO,ppe,Harnesses,Polyester / Nylon,"EN 361, EN 358, ANSI/ASSE Z359.11-2014",14,10,,,150,,,,,,https://edelrid.com/eu-en/professional/work-safety-harness-shop/flex-pro,https://edelrid.com/eu-en/professional/work-safety-harness/flex-pro,,
EDELRID,FLEX PRO PLUS,ppe,Harnesses,Polyester / Nylon,"EN 361, EN 358, ANSI/ASSE Z359.11-2014",14,10,,,150,,,,,,https://edelrid.com/eu-en/professional/work-safety-harness-shop/flex-pro-plus,https://edelrid.com/eu-en/professional/work-safety-harness/flex-pro-plus,,
EDELRID,VERTIC TRIPLE LOCK,ppe,Harnesses,Polyester / Nylon,"EN 361, EN 358, EN 813, ANSI Z359.11",14,10,,,150,,,,,,https://edelrid.com/eu-en/professional/work-safety-harness-shop/vertic-triple-lock,https://edelrid.com/eu-en/professional/work-safety-harness/vertic-triple-lock,,
EDELRID,VERTIC TRIPLE LOCK BLACK,ppe,Harnesses,Polyester / Nylon,"EN 361, EN 358, EN 813, ANSI Z359.11",14,10,,,150,,,,,,https://edelrid.com/eu-en/professional/work-safety-harness-shop/vertic-triple-lock-black,https://edelrid.com/eu-en/professional/work-safety-harness/vertic-triple-lock-black,,
EDELRID,TREEREX II,no ppe,Harnesses,Polyester / Nylon,"EN 358, EN 813, EN 361, ANSI Z133, ASTM F887",14,10,,,150,,,,,,https://edelrid.com/eu-en/professional/work-safety-harness-shop/treerex,https://edelrid.com/eu-en/professional/work-safety-harness/treerex,,
EDELRID,TREERAPTOR,ppe,Harnesses,Polyester / Nylon,"EN 358, EN 813",14,10,,,150,,,,,,https://edelrid.com/eu-en/professional/work-safety-harness-shop/treeraptor,https://edelrid.com/eu-en/professional/work-safety-harness/treeraptor,,
EDELRID,TREEREX BUNGEE CHEST,ppe,Harnesses,Polyester / Nylon / Elastomer,EN 361,14,10,,,,,,,,,https://edelrid.com/eu-en/professional/work-safety-harness-shop/treerex-bungee-chest,https://edelrid.com/eu-en/professional/work-safety-harness/treerex-bungee-chest,,
EDELRID,VECTOR CHEST X,ppe,Harnesses,Polyester / Nylon,EN 361,14,10,,,,,,,,,https://edelrid.com/eu-en/professional/work-safety-harness-shop/vector-chest-x,https://edelrid.com/eu-en/professional/work-safety-harness/vector-chest-x,,
EDELRID,WING UNIVERSAL,ppe,Harnesses,Polyester / Nylon,"EN 813, EN 358",14,10,,,150,,,,,,https://edelrid.com/eu-en/professional/work-safety-harness-shop/wing-universal,https://edelrid.com/eu-en/professional/work-safety-harness/wing-universal,,
EDELRID,MOUNTAIN RESCUE CHEST,ppe,Harnesses,Polyester / Nylon,EN 361,14,10,,,,,,,,,https://edelrid.com/eu-en/professional/work-safety-harness-shop/mountain-rescue-chest,https://edelrid.com/eu-en/professional/work-safety-harness/mountain-rescue-chest,,
EDELRID,FAST SAVER,ppe,Harnesses,Polyester / Nylon,"EN 1497, EN 1498",14,10,,,140,,,,,,https://edelrid.com/eu-en/professional/work-safety-harness-shop/fast-saver,https://edelrid.com/eu-en/professional/work-safety-harness/fast-saver,,
EDELRID,FAST SAVER AIR,ppe,Harnesses,Polyester / Nylon,"EN 1497, EN 1498",14,10,,,140,,,,,,https://edelrid.com/eu-en/professional/work-safety-harness-shop/fast-saver-air,https://edelrid.com/eu-en/professional/work-safety-harness/fast-saver-air,,
EDELRID,TECTUM,ppe,Helmets,ABS / EPS,"EN 397, EN 50365 Class 1, ANSI/ISEA Z89.1 Type I Class E",14,10,,,,,,,,,https://edelrid.com/eu-en/professional/helmet-shop/tectum,https://edelrid.com/eu-en/professional/helmet/tectum,,
EDELRID,TECTUM AIR,ppe,Helmets,ABS / EPS,"EN 12492, EN 397, ANSI/ISEA Z89.1 Type I Class C",14,10,,,,,,,,,https://edelrid.com/eu-en/professional/helmet-shop/tectum-air,https://edelrid.com/eu-en/professional/helmet/tectum-air,,
EDELRID,ZODIAC,ppe,Helmets,ABS / EPS (hybrid),EN 12492,14,10,,,,,,,,,https://edelrid.com/eu-en/professional/helmet-shop/zodiac,https://edelrid.com/eu-en/professional/helmet/zodiac,,
EDELRID,ZODIAC 3R,ppe,Helmets,ABS / EPS (hybrid / recycled),EN 12492,14,10,,,,,,,,,https://edelrid.com/eu-en/professional/helmet-shop/zodiac-3r,https://edelrid.com/eu-en/professional/helmet/zodiac-3r,,
EDELRID,ULTRALIGHT,ppe,Helmets,ABS / EPS,EN 12492,14,10,,,,,,,,,https://edelrid.com/eu-en/professional/helmet-shop/ultralight,https://edelrid.com/eu-en/professional/helmet/ultralight,,
EDELRID,SALATHE,ppe,Helmets,ABS / EPP (hybrid),EN 12492,14,10,,,,,,,,,https://edelrid.com/eu-en/professional/helmet-shop/salathe,https://edelrid.com/eu-en/professional/helmet/salathe,,
EDELRID,SHIELD,ppe,Helmets,Softshell / EPS,EN 12492,14,10,,,,,,,,,https://edelrid.com/eu-en/professional/helmet-shop/shield,https://edelrid.com/eu-en/professional/helmet/shield,,
EDELRID,TALON TREE SPURS SHORT GAFF,no ppe,Tree Crampons,Steel / Plastic / Textile,ASTM F887-16,UNL,10,,,,,,,,,https://edelrid.com/eu-en/professional/tree-crampon-shop/talon-tree-spurs-short-gaff,,,
EDELRID,TALON TREE SPURS LONG GAFF,no ppe,Tree Crampons,Steel / Plastic / Textile,ASTM F887-16,UNL,10,,,,,,,,,https://edelrid.com/eu-en/professional/tree-crampon-shop/talon-tree-spurs-long-gaff,,,
FTC Tree,Argiope Evo 11.7 Blue,ppe,climbing rope,100% polyester,CE EN 1891:1998 Type A,10,,28.9,,,11.7,11.7,,,,https://ftc-tree.com/en/module/pixel_product_files/download?id_file=551,https://ftc-tree.com/en/climbing/224-argiope-evo.html,,
FTC Tree,Argiope Evo 11.7 Berry,ppe,climbing rope,100% polyester,CE EN 1891:1998 Type A,10,,28.9,,,11.7,11.7,,,,https://ftc-tree.com/en/module/pixel_product_files/download?id_file=551,https://ftc-tree.com/en/climbing/224-argiope-evo.html,,
FTC Tree,Argiope Acid 12.1,ppe,climbing rope,67% polyester (cover) / 33% polyamide (core),CE EN 1891 Type A,10,,34,,,12.1,12.1,,,,https://ftc-tree.com/en/module/pixel_product_files/download?id_file=560,https://ftc-tree.com/en/climbing/126-argiope-acid-3701356701692.html,,
FTC Tree,Nigma 12 mm,ppe,climbing rope,100% polyester,CE EN 1891 Type A,10,,35,,,12,12,,,,https://ftc-tree.com/en/module/pixel_product_files/download?id_file=557,https://ftc-tree.com/en/climbing/122-nigma-climbing-rope-12mm-3701356701807.html,,
FTC Tree,Azur 3 m (with mechanical adjuster),ppe,positioning lanyard,stainless steel core 6 mm / polyester sheath 12 mm,CE EN 358,,,,,,,,,,FTC/LA-AR3,https://ftc-tree.com/en/module/pixel_product_files/download?id_file=569,https://ftc-tree.com/en/climbing/191-azur-steel-core-lanyard.html,,
FTC Tree,Azur 3 m (with mechanical adjuster + Twister),ppe,positioning lanyard,stainless steel core 6 mm / polyester sheath 12 mm,CE EN 358,,,,,,,,,,FTC/LAT-AR3,https://ftc-tree.com/en/module/pixel_product_files/download?id_file=569,https://ftc-tree.com/en/climbing/191-azur-steel-core-lanyard.html,,
FTC Tree,Azur 4 m (with mechanical adjuster),ppe,positioning lanyard,stainless steel core 6 mm / polyester sheath 12 mm,CE EN 358,,,,,,,,,,FTC/LA-AR4,https://ftc-tree.com/en/module/pixel_product_files/download?id_file=569,https://ftc-tree.com/en/climbing/191-azur-steel-core-lanyard.html,,
FTC Tree,Azur 4 m (with mechanical adjuster + Twister),ppe,positioning lanyard,stainless steel core 6 mm / polyester sheath 12 mm,CE EN 358,,,,,,,,,,FTC/LAT-AR4,https://ftc-tree.com/en/module/pixel_product_files/download?id_file=569,https://ftc-tree.com/en/climbing/191-azur-steel-core-lanyard.html,,
FTC Tree,Azur 5 m (with mechanical adjuster + Twister),ppe,positioning lanyard,stainless steel core 6 mm / polyester sheath 12 mm,CE EN 358,,,,,,,,,,FTC/LAT-AR5,https://ftc-tree.com/en/module/pixel_product_files/download?id_file=569,https://ftc-tree.com/en/climbing/191-azur-steel-core-lanyard.html,,
FTC Tree,Joker Light 110 cm (1 ring),ppe,cambium saver,100% polyester strap / stainless steel ring,EN 795 B; TS 16415:2013 (2 users),,,26,,,,,,,,https://ftc-tree.com/en/module/pixel_product_files/download?id_file=572,https://ftc-tree.com/en/climbing/188-joker-light.html,,
FTC Tree,Joker Light 110 cm (2 rings),ppe,cambium saver,100% polyester strap / stainless steel rings,EN 795 B; TS 16415:2013 (2 users),,,26,,,,,,,,https://ftc-tree.com/en/module/pixel_product_files/download?id_file=572,https://ftc-tree.com/en/climbing/188-joker-light.html,,
FTC Tree,Joker Light 200 cm (1 ring),ppe,cambium saver,100% polyester strap / stainless steel ring,EN 795 B; TS 16415:2013 (2 users),,,26,,,,,,,,https://ftc-tree.com/en/module/pixel_product_files/download?id_file=572,https://ftc-tree.com/en/climbing/188-joker-light.html,,
FTC Tree,Joker Light 500 cm (1 ring),ppe,cambium saver,100% polyester strap / stainless steel ring,EN 795 B; TS 16415:2013 (2 users),,,26,,,,,,,,https://ftc-tree.com/en/module/pixel_product_files/download?id_file=572,https://ftc-tree.com/en/climbing/188-joker-light.html,,
FTC Tree,Choker Joker Light,ppe,cambium saver,100% polyester strap / steel ultra quick link / aluminium retrieval ball,CE EN 795:B; TS 16415:2013 (2 users),,,30,,,,,,,,https://ftc-tree.com/en/module/pixel_product_files/download?id_file=575,https://ftc-tree.com/en/climbing/160-choker-joker-light-3701356700336.html,,
FTC Tree,Katuali 10 mm,rigging,rigging rope,100% polyester double braid,Machinery Directive 2006/42/CE,10,,32,4.5 kN,,10,10,,,,https://ftc-tree.com/en/module/pixel_product_files/download?id_file=474,https://ftc-tree.com/en/rigging/115-rope-katuali.html,,
FTC Tree,Katuali 12 mm,rigging,rigging rope,100% polyester double braid,Machinery Directive 2006/42/CE,10,,42,6 kN,,12,12,,,,https://ftc-tree.com/en/module/pixel_product_files/download?id_file=474,https://ftc-tree.com/en/rigging/115-rope-katuali.html,,
FTC Tree,Katuali 14 mm,rigging,rigging rope,100% polyester double braid,Machinery Directive 2006/42/CE,10,,55,7.8 kN,,14,14,,,,https://ftc-tree.com/en/module/pixel_product_files/download?id_file=474,https://ftc-tree.com/en/rigging/115-rope-katuali.html,,
FTC Tree,Katuali 16 mm,rigging,rigging rope,100% polyester double braid,Machinery Directive 2006/42/CE,10,,72,10.2 kN,,16,16,,,,https://ftc-tree.com/en/module/pixel_product_files/download?id_file=474,https://ftc-tree.com/en/rigging/115-rope-katuali.html,,
FTC Tree,Katuali 18 mm,rigging,rigging rope,100% polyester double braid,Machinery Directive 2006/42/CE,10,,86,12.2 kN,,18,18,,,,https://ftc-tree.com/en/module/pixel_product_files/download?id_file=474,https://ftc-tree.com/en/rigging/115-rope-katuali.html,,
FTC Tree,Anaconda 12 mm,rigging,rigging rope,100% polyester double braid (polyurethane coated),Machinery Directive 2006/42/CE,10,,45,6.4 kN,,12,12,,,,https://ftc-tree.com/en/module/pixel_product_files/download?id_file=471,https://ftc-tree.com/en/rigging/57-rigging-rope-anaconda.html,,
FTC Tree,Anaconda 14 mm,rigging,rigging rope,100% polyester double braid (polyurethane coated),Machinery Directive 2006/42/CE,10,,55,7.8 kN,,14,14,,,,https://ftc-tree.com/en/module/pixel_product_files/download?id_file=471,https://ftc-tree.com/en/rigging/57-rigging-rope-anaconda.html,,
FTC Tree,Anaconda 16 mm,rigging,rigging rope,100% polyester double braid (polyurethane coated),Machinery Directive 2006/42/CE,10,,67,9.5 kN,,16,16,,,,https://ftc-tree.com/en/module/pixel_product_files/download?id_file=471,https://ftc-tree.com/en/rigging/57-rigging-rope-anaconda.html,,
FTC Tree,Anaconda 18 mm,rigging,rigging rope,100% polyester double braid (polyurethane coated),Machinery Directive 2006/42/CE,10,,76,11 kN,,18,18,,,,https://ftc-tree.com/en/module/pixel_product_files/download?id_file=471,https://ftc-tree.com/en/rigging/57-rigging-rope-anaconda.html,,
FTC Tree,Katuali rigging sling 10 mm,rigging,rigging sling,100% polyester double braid,Machinery Directive 2006/42/CE,10,,29,4.1 kN,,10,10,,,,https://ftc-tree.com/en/module/pixel_product_files/download?id_file=401,https://ftc-tree.com/en/rigging/235-katuali-rigging-sling.html,,
FTC Tree,Katuali rigging sling 12 mm,rigging,rigging sling,100% polyester double braid,Machinery Directive 2006/42/CE,10,,40,5.7 kN,,12,12,,,,https://ftc-tree.com/en/module/pixel_product_files/download?id_file=401,https://ftc-tree.com/en/rigging/235-katuali-rigging-sling.html,,
FTC Tree,Katuali rigging sling 14 mm,rigging,rigging sling,100% polyester double braid,Machinery Directive 2006/42/CE,10,,52,7.4 kN,,14,14,,,,https://ftc-tree.com/en/module/pixel_product_files/download?id_file=401,https://ftc-tree.com/en/rigging/235-katuali-rigging-sling.html,,
FTC Tree,Katuali rigging sling 16 mm,rigging,rigging sling,100% polyester double braid,Machinery Directive 2006/42/CE,10,,70,10 kN,,16,16,,,,https://ftc-tree.com/en/module/pixel_product_files/download?id_file=401,https://ftc-tree.com/en/rigging/235-katuali-rigging-sling.html,,
FTC Tree,Katuali rigging sling 18 mm,rigging,rigging sling,100% polyester double braid,Machinery Directive 2006/42/CE,10,,84,12 kN,,18,18,,,,https://ftc-tree.com/en/module/pixel_product_files/download?id_file=401,https://ftc-tree.com/en/rigging/235-katuali-rigging-sling.html,,
FTC Tree,Éclipse 3,rigging,rigging block,aluminium,Machinery Directive 2006/42/CE,,,150,30 kN,,,18,,,,https://ftc-tree.com/en/module/pixel_product_files/download?id_file=142,https://ftc-tree.com/en/rigging/48-eclipse-3-rigging-block-3701356700008.html,,
FTC Tree,Mini-Éclipse 2,rigging,rigging block,aluminium,Machinery Directive 2006/42/CE,,,100,20 kN,,,16,,,,https://ftc-tree.com/en/module/pixel_product_files/download?id_file=149,https://ftc-tree.com/en/rigging/49-rigging-block-mini-eclipse-2-3701356700725.html,,
FTC Tree,Mini-cylindre HR 2.1,rigging,friction device,aluminium,Machinery Directive 2006/42/CE,,,50,10 kN,,,16,,,,https://ftc-tree.com/en/module/pixel_product_files/download?id_file=335,https://ftc-tree.com/en/rigging/4-mini-cylindre-hr-21.html,,
FTC Tree,Micro-cylindre 2.1,rigging,friction device,aluminium,Machinery Directive 2006/42/CE,,,40,8 kN,,,14,,,,https://ftc-tree.com/en/module/pixel_product_files/download?id_file=334,https://ftc-tree.com/en/rigging/192-micro-cylindre-2-1.html,,
FTC Tree,Argon 8 mm - 70 cm (2 sewn eyes),ppe,friction knot cord,Technora / polyester mix,EN 795:2012 Type B,10,,18,,,8,8,,,,https://ftc-tree.com/en/module/pixel_product_files/download?id_file=545,https://ftc-tree.com/en/climbing/229-neon-argon.html,,
FTC Tree,Argon 8 mm - 90 cm (2 sewn eyes),ppe,friction knot cord,Technora / polyester mix,EN 795:2012 Type B,10,,18,,,8,8,,,,https://ftc-tree.com/en/module/pixel_product_files/download?id_file=545,https://ftc-tree.com/en/climbing/229-neon-argon.html,,
FTC Tree,Argon 8 mm - by the meter,ppe,friction knot cord,Technora / polyester mix,EN 564:2014,10,,16,,,8,8,,,,https://ftc-tree.com/en/module/pixel_product_files/download?id_file=545,https://ftc-tree.com/en/climbing/229-neon-argon.html,,
FTC Tree,Néon 10 mm - 70 cm (2 sewn eyes),ppe,friction knot cord,Technora / polyester mix,EN 795:2012 Type B,10,,18,,,10,10,,,,https://ftc-tree.com/en/module/pixel_product_files/download?id_file=548,https://ftc-tree.com/en/climbing/229-neon-argon.html,,
FTC Tree,Néon 10 mm - 90 cm (2 sewn eyes),ppe,friction knot cord,Technora / polyester mix,EN 795:2012 Type B,10,,18,,,10,10,,,,https://ftc-tree.com/en/module/pixel_product_files/download?id_file=548,https://ftc-tree.com/en/climbing/229-neon-argon.html,,
FTC Tree,Freexion (device only),ppe,rope progression system,aluminium body / stainless steel pin,CE EN 12841:2006 Type C,,,,,150,11.5,12.5,,,,https://ftc-tree.com/en/module/pixel_product_pdf/download?id=230&lang=en,https://ftc-tree.com/en/climbing/230-freexion.html,,
FTC Tree,Straplink (without carabiner),no ppe,lanyard choker,100% polyester strap / steel buckles,,,,,500 kg,,,,,,,https://ftc-tree.com/en/module/pixel_product_files/download?id_file=366,https://ftc-tree.com/en/climbing/181-246-straplink.html,,
FTC Tree,Straplink (with carabiner),no ppe,lanyard choker,100% polyester strap / steel buckles,,,,,500 kg,,,,,,,https://ftc-tree.com/en/module/pixel_product_files/download?id_file=366,https://ftc-tree.com/en/climbing/181-246-straplink.html,,
FTC Tree,Boa 3 m,rigging,rigging sling,100% polyurethane coated polyester hollow braid 26 mm,Machinery Directive 2006/42/CE,10,,80,11 kN,,,,,,,https://ftc-tree.com/en/module/pixel_product_files/download?id_file=435,https://ftc-tree.com/en/rigging/62-boa-attaching-sling.html,,
FTC Tree,Boa 4 m,rigging,rigging sling,100% polyurethane coated polyester hollow braid 26 mm,Machinery Directive 2006/42/CE,10,,80,11 kN,,,,,,,https://ftc-tree.com/en/module/pixel_product_files/download?id_file=435,https://ftc-tree.com/en/rigging/62-boa-attaching-sling.html,,
FTC Tree,Super Boa 3 m,rigging,rigging sling,100% high modulus polythene coated 15 mm hollow braid,Machinery Directive 2006/42/EC,10,,130,19 kN,,,,,,,https://ftc-tree.com/en/module/pixel_product_files/download?id_file=432,https://ftc-tree.com/en/rigging/195-super-boa-ftc-tree-sling.html,,
FTC Tree,Super Boa 5 m,rigging,rigging sling,100% high modulus polythene coated 15 mm hollow braid,Machinery Directive 2006/42/EC,10,,130,19 kN,,,,,,,https://ftc-tree.com/en/module/pixel_product_files/download?id_file=432,https://ftc-tree.com/en/rigging/195-super-boa-ftc-tree-sling.html,,
FTC Tree,Anaconda sling 12 mm - 2 m,rigging,rigging sling,100% polyurethane coated polyester double braid 20-strand,Machinery Directive 2006/42/CE,10,,45,6.4 kN,,12,12,,,,https://ftc-tree.com/en/module/pixel_product_files/download?id_file=459,https://ftc-tree.com/en/rigging/63-anaconda-sling.html,,
FTC Tree,Anaconda sling 14 mm - 2.5 m,rigging,rigging sling,100% polyurethane coated polyester double braid 20-strand,Machinery Directive 2006/42/CE,10,,55,7.8 kN,,14,14,,,,https://ftc-tree.com/en/module/pixel_product_files/download?id_file=459,https://ftc-tree.com/en/rigging/63-anaconda-sling.html,,
FTC Tree,Anaconda sling 14 mm - 3.5 m,rigging,rigging sling,100% polyurethane coated polyester double braid 20-strand,Machinery Directive 2006/42/CE,10,,55,7.8 kN,,14,14,,,,https://ftc-tree.com/en/module/pixel_product_files/download?id_file=459,https://ftc-tree.com/en/rigging/63-anaconda-sling.html,,
FTC Tree,Anaconda sling 16 mm - 2.5 m,rigging,rigging sling,100% polyurethane coated polyester double braid 20-strand,Machinery Directive 2006/42/CE,10,,67,9.5 kN,,16,16,,,,https://ftc-tree.com/en/module/pixel_product_files/download?id_file=459,https://ftc-tree.com/en/rigging/63-anaconda-sling.html,,
FTC Tree,Anaconda sling 16 mm - 3.5 m,rigging,rigging sling,100% polyurethane coated polyester double braid 20-strand,Machinery Directive 2006/42/CE,10,,67,9.5 kN,,16,16,,,,https://ftc-tree.com/en/module/pixel_product_files/download?id_file=459,https://ftc-tree.com/en/rigging/63-anaconda-sling.html,,
FTC Tree,Anaconda sling 18 mm - 4.5 m,rigging,rigging sling,100% polyurethane coated polyester double braid 20-strand,Machinery Directive 2006/42/CE,10,,76,11 kN,,18,18,,,,https://ftc-tree.com/en/module/pixel_product_files/download?id_file=459,https://ftc-tree.com/en/rigging/63-anaconda-sling.html,,
FTC Tree,O'Ring 2 - 12 mm Katuali - 3 m,rigging,rigging sling,100% polyester double braid 16-strand / aluminium ring,Machinery Directive 2006/42/EC,10,,40,5.7 kN,,12,12,,,,https://ftc-tree.com/en/module/pixel_product_pdf/download?id=193&lang=en,https://ftc-tree.com/en/rigging/193-o-ring-2-ftc-tree-sling.html,,
FTC Tree,O'Ring 2 - 14 mm Katuali - 4 m,rigging,rigging sling,100% polyester double braid 16-strand / aluminium ring,Machinery Directive 2006/42/EC,10,,52,7.4 kN,,14,14,,,,https://ftc-tree.com/en/module/pixel_product_pdf/download?id=193&lang=en,https://ftc-tree.com/en/rigging/193-o-ring-2-ftc-tree-sling.html,,
FTC Tree,O'Ring 2 - 16 mm Katuali - 5 m,rigging,rigging sling,100% polyester double braid 16-strand / aluminium ring,Machinery Directive 2006/42/EC,10,,70,10 kN,,16,16,,,,https://ftc-tree.com/en/module/pixel_product_pdf/download?id=193&lang=en,https://ftc-tree.com/en/rigging/193-o-ring-2-ftc-tree-sling.html,,
FTC Tree,O'Ring 2 - 18 mm Katuali - 6 m,rigging,rigging sling,100% polyester double braid 16-strand / aluminium ring,Machinery Directive 2006/42/EC,10,,84,12 kN,,18,18,,,,https://ftc-tree.com/en/module/pixel_product_pdf/download?id=193&lang=en,https://ftc-tree.com/en/rigging/193-o-ring-2-ftc-tree-sling.html,,
FTC Tree,Orvet 0.70 m (yellow),rigging,rigging sling,100% polyurethane coated polyester Ø10 mm,Machinery Directive 2006/42/EC,10,,15,2 kN,,10,10,,,,https://ftc-tree.com/en/module/pixel_product_files/download?id_file=582,https://ftc-tree.com/en/rigging/64-orvet-rigging-sling-3701356700206.html,,
FTC Tree,Orvet 1.30 m (red),rigging,rigging sling,100% polyurethane coated polyester Ø10 mm,Machinery Directive 2006/42/EC,10,,15,2 kN,,10,10,,,,https://ftc-tree.com/en/module/pixel_product_files/download?id_file=582,https://ftc-tree.com/en/rigging/64-orvet-rigging-sling-3701356700206.html,,
FTC Tree,Spider Friction,rigging,rigging sling,100% polyester double braid 24-strand 16 mm,Machinery Directive 2006/42/CE,10,,59,8.4 kN,,16,16,,,FTC/PRUSFTC Y,https://ftc-tree.com/en/module/pixel_product_files/download?id_file=422,https://ftc-tree.com/en/rigging/66-spider-friction-3701356702675.html,,
FTC Tree,Friction Ring FR1,rigging,friction ring,aluminium,Machinery Directive 2006/42/CE,,,65,13 kN,,,14,,,,https://ftc-tree.com/en/module/pixel_product_pdf/download?id=196&lang=en,https://ftc-tree.com/en/rigging/196-friction-ring-ftc-tree.html,,
FTC Tree,Friction Ring FR2,rigging,friction ring,aluminium,Machinery Directive 2006/42/CE,,,135,27 kN,,,20,,,,https://ftc-tree.com/en/module/pixel_product_pdf/download?id=196&lang=en,https://ftc-tree.com/en/rigging/196-friction-ring-ftc-tree.html,,
FTC Tree,Friction Ring FR3,rigging,friction ring,aluminium,Machinery Directive 2006/42/CE,,,240,48 kN,,,28,,,,https://ftc-tree.com/en/module/pixel_product_pdf/download?id=196&lang=en,https://ftc-tree.com/en/rigging/196-friction-ring-ftc-tree.html,,
FTC Tree,Sting & Stay size S,no ppe,climbing spurs,stainless steel shank / leather calf pads / stainless steel gaffs,not PPE,,,,,,,,,,FTC/SAS-PS2,https://ftc-tree.com/en/module/pixel_product_pdf/download?id=179&lang=en,https://ftc-tree.com/en/rigging/179-204-sting-stay-climbing-spurs.html,,
FTC Tree,Sting & Stay size L,no ppe,climbing spurs,stainless steel shank / leather calf pads / stainless steel gaffs,not PPE,,,,,,,,,,FTC/SAS-PS2,https://ftc-tree.com/en/module/pixel_product_pdf/download?id=179&lang=en,https://ftc-tree.com/en/rigging/179-204-sting-stay-climbing-spurs.html,,
FTC Tree,Chainsaw strop (Leash),no ppe,tool strop,Kevlar reinforced polyurethane / polyamide strap / stainless steel ring,not PPE,,,0.88,,,,,,,,,https://ftc-tree.com/en/-accessories/5-chainsaw-strop-3701356700077.html,,
FTC Tree,Klik N'Ka climbing spurs,no ppe,climbing spurs,aluminium shanks / epoxy-glass fibre + carbon shells / forged stainless steel gaffs / EVA foam,not PPE,,,,,,,,,,FTC/KNK-E,https://ftc-tree.com/en/module/pixel_product_pdf/download?id=222&lang=en,https://ftc-tree.com/en/rigging/222-klik-n-ka-climbing-spurs.html,,
FTC Tree,Donut,rigging,rigging block,aluminium sideplates+sheave / stainless steel inner ring,Machinery Directive 2006/42/EC,,,300-400,60-80 kN,,,22,,,,https://ftc-tree.com/en/module/pixel_product_pdf/download?id=240&lang=en,https://ftc-tree.com/en/accueil/240-donut-rigging-block.html,,
FTC Tree,Equilibre 14 mm - 7 m,rigging,rigging sling,100% polyurethane coated polyester double braid 20-strand 14 mm,Machinery Directive 2006/42/CE,10,,38.2,5 kN,,14,14,,,,https://ftc-tree.com/en/module/pixel_product_files/download?id_file=425,https://ftc-tree.com/en/rigging/65-equilibre-ftc-tree-sling-3701356702705.html,,
FTC Tree,Tenex Loop 14 mm - 1 m,rigging,rigging sling,100% polyester Samthane-coated hollow braid 12-strand 14 mm,Machinery Directive 2006/42/CE,10,,151,21.5 kN,,14,14,,,,https://ftc-tree.com/en/module/pixel_product_pdf/download?id=249&lang=en,https://ftc-tree.com/en/rigging/249-ADJUSTABLE-SLING-tenex-loop.html,,
FTC Tree,Tenex Loop 16 mm - 2 m,rigging,rigging sling,100% polyester Samthane-coated hollow braid 12-strand 16 mm,Machinery Directive 2006/42/CE,10,,174,24.8 kN,,16,16,,,,https://ftc-tree.com/en/module/pixel_product_pdf/download?id=249&lang=en,https://ftc-tree.com/en/rigging/249-ADJUSTABLE-SLING-tenex-loop.html,,
FTC Tree,Tenex DNA 16 mm - 2 m,rigging,rigging sling,100% polyester Samthane-coated hollow braid 12-strand 16 mm / aluminium FR2 ring,Machinery Directive 2006/42/EC,10,,117,16.7 kN,,16,16,,,FTC/ETDNA16T2-2,https://ftc-tree.com/en/module/pixel_product_pdf/download?id=246&lang=en,https://ftc-tree.com/en/rigging/246-ATTACHING-SLING-WITH-LOOPS-TENEX-DNA.html,,
FTC Tree,Tenex DNA 16 mm - 3 m,rigging,rigging sling,100% polyester Samthane-coated hollow braid 12-strand 16 mm / aluminium FR2 ring,Machinery Directive 2006/42/EC,10,,117,16.7 kN,,16,16,,,FTC/ETDNA16T2-3,https://ftc-tree.com/en/module/pixel_product_pdf/download?id=246&lang=en,https://ftc-tree.com/en/rigging/246-ATTACHING-SLING-WITH-LOOPS-TENEX-DNA.html,,
FTC Tree,Boa Tenex 12 mm - 1.5 m,rigging,rigging sling,100% polyester Samthane-coated hollow braid 12-strand 12 mm,Machinery Directive 2006/42/EC,10,,97,13.8 kN,,12,12,,,,https://ftc-tree.com/en/module/pixel_product_pdf/download?id=245&lang=en,https://ftc-tree.com/en/rigging/245-attaching-sling-boa-tenex.html,,
FTC Tree,Boa Tenex 12 mm - 2.5 m,rigging,rigging sling,100% polyester Samthane-coated hollow braid 12-strand 12 mm,Machinery Directive 2006/42/EC,10,,97,13.8 kN,,12,12,,,,https://ftc-tree.com/en/module/pixel_product_pdf/download?id=245&lang=en,https://ftc-tree.com/en/rigging/245-attaching-sling-boa-tenex.html,,
FTC Tree,Boa Tenex 14 mm - 1.5 m,rigging,rigging sling,100% polyester Samthane-coated hollow braid 12-strand 14 mm,Machinery Directive 2006/42/EC,10,,119,17 kN,,14,14,,,,https://ftc-tree.com/en/module/pixel_product_pdf/download?id=245&lang=en,https://ftc-tree.com/en/rigging/245-attaching-sling-boa-tenex.html,,
FTC Tree,Boa Tenex 14 mm - 2.5 m,rigging,rigging sling,100% polyester Samthane-coated hollow braid 12-strand 14 mm,Machinery Directive 2006/42/EC,10,,119,17 kN,,14,14,,,,https://ftc-tree.com/en/module/pixel_product_pdf/download?id=245&lang=en,https://ftc-tree.com/en/rigging/245-attaching-sling-boa-tenex.html,,
FTC Tree,Boa Tenex 16 mm - 4 m,rigging,rigging sling,100% polyester Samthane-coated hollow braid 12-strand 16 mm,Machinery Directive 2006/42/EC,10,,136,19.4 kN,,16,16,,,,https://ftc-tree.com/en/module/pixel_product_pdf/download?id=245&lang=en,https://ftc-tree.com/en/rigging/245-attaching-sling-boa-tenex.html,,
FTC Tree,Vipere Tenex R 16 mm - 2.5 m,rigging,rigging sling,100% polyester Samthane-coated hollow braid 12-strand 16 mm / aluminium FR2 ring,Machinery Directive 2006/42/EC,10,,,,,16,16,,,,https://ftc-tree.com/en/module/pixel_product_pdf/download?id=248&lang=en,https://ftc-tree.com/en/rigging/248-adjustable-sling-vipere-tenex-r.html,,
FTC Tree,Vipere Tenex R 16 mm - 3.5 m,rigging,rigging sling,100% polyester Samthane-coated hollow braid 12-strand 16 mm / aluminium FR2 ring,Machinery Directive 2006/42/EC,10,,,,,16,16,,,,https://ftc-tree.com/en/module/pixel_product_pdf/download?id=248&lang=en,https://ftc-tree.com/en/rigging/248-adjustable-sling-vipere-tenex-r.html,,
FTC Tree,Tenex 2R 14 mm - 1.1 m,rigging,rigging cambium saver,100% polyester Samthane-coated hollow braid 12-strand 14 mm / 2x aluminium FR2 ring,Machinery Directive 2006/42/CE,10,,,,,14,14,,,,https://ftc-tree.com/en/module/pixel_product_pdf/download?id=247&lang=en,https://ftc-tree.com/en/rigging/247-ATTACHING-SLING-WITH-TWO-FRICTION-RING-tenex-2r.html,,
FTC Tree,Stable Braid 12 mm (1 splice),rigging,rigging rope,100% polyester Samthane-coated double braid 16-strand,Machinery Directive 2006/42/EC,10,,46,6.5 kN,,12,12,,,,https://ftc-tree.com/en/module/pixel_product_pdf/download?id=251&lang=en,https://ftc-tree.com/en/rigging/251-rigging-rope-stable-braid.html,,
FTC Tree,Stable Braid 14 mm (1 splice),rigging,rigging rope,100% polyester Samthane-coated double braid 16-strand,Machinery Directive 2006/42/EC,10,,55,7.8 kN,,14,14,,,,https://ftc-tree.com/en/module/pixel_product_pdf/download?id=251&lang=en,https://ftc-tree.com/en/rigging/251-rigging-rope-stable-braid.html,,
FALL SAFE,LITE HARNESS,ppe,Harnesses,Polyester / Polyamide / Aluminium / Steel,CE - EN361:2002,10,,,,140,,,,,FS242-S/M,https://fallsafe-online.com/storage/Manuais/50-700550-7005-STD2023_R2.pdf,https://fallsafe-online.com/product/fs242,,
FALL SAFE,LITE HARNESS,ppe,Harnesses,Polyester / Polyamide / Aluminium / Steel,CE - EN361:2002,10,,,,140,,,,,FS242-L/XL,https://fallsafe-online.com/storage/Manuais/50-700550-7005-STD2023_R2.pdf,https://fallsafe-online.com/product/fs242,,
FALL SAFE,LITE HARNESS,ppe,Harnesses,Polyester / Polyamide / Aluminium / Steel,CE - EN361:2002,10,,,,140,,,,,FS242-XXL,https://fallsafe-online.com/storage/Manuais/50-700550-7005-STD2023_R2.pdf,https://fallsafe-online.com/product/fs242,,
FALL SAFE,LITE EVO HARNESS,ppe,Harnesses,Polyester / Polyamide / Aluminium / Steel,CE - EN361:2002,10,,,,140,,,,,FS242EVO-S/M,https://fallsafe-online.com/storage/Manuais/50-700550-7005-STD2023_R2.pdf,https://fallsafe-online.com/product/fs242evo,,
FALL SAFE,LITE EVO HARNESS,ppe,Harnesses,Polyester / Polyamide / Aluminium / Steel,CE - EN361:2002,10,,,,140,,,,,FS242EVO-L/XL,https://fallsafe-online.com/storage/Manuais/50-700550-7005-STD2023_R2.pdf,https://fallsafe-online.com/product/fs242evo,,
FALL SAFE,LITE EVO HARNESS,ppe,Harnesses,Polyester / Polyamide / Aluminium / Steel,CE - EN361:2002,10,,,,140,,,,,FS242EVO-XXL,https://fallsafe-online.com/storage/Manuais/50-700550-7005-STD2023_R2.pdf,https://fallsafe-online.com/product/fs242evo,,
FALL SAFE,FLASH HARNESS,ppe,Harnesses,Polyester / Polyamide / Aluminium / Steel,"CE - EN361:2002, CE - EN358:2018, CE - EN813:2024",10,,,,140,,,,,FS240-S/M,https://fallsafe-online.com/storage/Manuais/50-700550-7005-STD2023_R2.pdf,https://fallsafe-online.com/product/fs240,,
FALL SAFE,FLASH HARNESS,ppe,Harnesses,Polyester / Polyamide / Aluminium / Steel,"CE - EN361:2002, CE - EN358:2018, CE - EN813:2024",10,,,,140,,,,,FS240-L/XL,https://fallsafe-online.com/storage/Manuais/50-700550-7005-STD2023_R2.pdf,https://fallsafe-online.com/product/fs240,,
FALL SAFE,FLASH HARNESS,ppe,Harnesses,Polyester / Polyamide / Aluminium / Steel,"CE - EN361:2002, CE - EN358:2018, CE - EN813:2024",10,,,,140,,,,,FS240-XXL,https://fallsafe-online.com/storage/Manuais/50-700550-7005-STD2023_R2.pdf,https://fallsafe-online.com/product/fs240,,
FALL SAFE,SPINDEL COMBO 1 HARNESS,ppe,Harnesses,Polyester / Polyamide / Aluminium / Steel,"CE - EN361:2002, CE - EN358:2018, CE - EN813:2024",10,,,,140,,,,,FS243.01-S/M,https://fallsafe-online.com/storage/Manuais/50-700550-7005-STD2023_R2.pdf,https://fallsafe-online.com/product/fs24301,,
FALL SAFE,SPINDEL COMBO 1 HARNESS,ppe,Harnesses,Polyester / Polyamide / Aluminium / Steel,"CE - EN361:2002, CE - EN358:2018, CE - EN813:2024",10,,,,140,,,,,FS243.01-L/XL,https://fallsafe-online.com/storage/Manuais/50-700550-7005-STD2023_R2.pdf,https://fallsafe-online.com/product/fs24301,,
FALL SAFE,SPINDEL COMBO 1 HARNESS,ppe,Harnesses,Polyester / Polyamide / Aluminium / Steel,"CE - EN361:2002, CE - EN358:2018, CE - EN813:2024",10,,,,140,,,,,FS243.01-XXL,https://fallsafe-online.com/storage/Manuais/50-700550-7005-STD2023_R2.pdf,https://fallsafe-online.com/product/fs24301,,
FALL SAFE,SPINDEL COMBO 2 HARNESS,ppe,Harnesses,Polyester / Polyamide / Aluminium / Steel,"CE - EN361:2002, CE - EN358:2018, CE - EN813:2024",10,,,,140,,,,,FS243.02-S/M,https://fallsafe-online.com/storage/Manuais/50-700550-7005-STD2023_R2.pdf,https://fallsafe-online.com/product/fs24302,,
FALL SAFE,SPINDEL COMBO 2 HARNESS,ppe,Harnesses,Polyester / Polyamide / Aluminium / Steel,"CE - EN361:2002, CE - EN358:2018, CE - EN813:2024",10,,,,140,,,,,FS243.02-L/XL,https://fallsafe-online.com/storage/Manuais/50-700550-7005-STD2023_R2.pdf,https://fallsafe-online.com/product/fs24302,,
FALL SAFE,SPINDEL COMBO 2 HARNESS,ppe,Harnesses,Polyester / Polyamide / Aluminium / Steel,"CE - EN361:2002, CE - EN358:2018, CE - EN813:2024",10,,,,140,,,,,FS243.02-XXL,https://fallsafe-online.com/storage/Manuais/50-700550-7005-STD2023_R2.pdf,https://fallsafe-online.com/product/fs24302,,
FALL SAFE,SPINDEL EVO HARNESS,ppe,Harnesses,Polyester / Polyamide / Aluminium / Steel,"CE - EN361:2002, CE - EN358:2018, CE - EN813:2024",10,,,,140,,,,,FS243.06-S/M,https://fallsafe-online.com/storage/Manuais/50-700550-7005-STD2023_R2.pdf,https://fallsafe-online.com/product/fs24306,,
FALL SAFE,SPINDEL EVO HARNESS,ppe,Harnesses,Polyester / Polyamide / Aluminium / Steel,"CE - EN361:2002, CE - EN358:2018, CE - EN813:2024",10,,,,140,,,,,FS243.06-L/XL,https://fallsafe-online.com/storage/Manuais/50-700550-7005-STD2023_R2.pdf,https://fallsafe-online.com/product/fs24306,,
FALL SAFE,SPINDEL EVO HARNESS,ppe,Harnesses,Polyester / Polyamide / Aluminium / Steel,"CE - EN361:2002, CE - EN358:2018, CE - EN813:2024",10,,,,140,,,,,FS243.06-XXL,https://fallsafe-online.com/storage/Manuais/50-700550-7005-STD2023_R2.pdf,https://fallsafe-online.com/product/fs24306,,
FALL SAFE,ULTRA EVO HARNESS,ppe,Harnesses,Polyester / Polyamide / Aluminium / Steel,"CE - EN361:2002, CE - EN358:2018",10,,,,140,,,,,FS222EVO-S/M,https://fallsafe-online.com/storage/Manuais/50-700550-7005-STD2023_R2.pdf,https://fallsafe-online.com/product/fs222evo,,
FALL SAFE,ULTRA EVO HARNESS,ppe,Harnesses,Polyester / Polyamide / Aluminium / Steel,"CE - EN361:2002, CE - EN358:2018",10,,,,140,,,,,FS222EVO-L/XL,https://fallsafe-online.com/storage/Manuais/50-700550-7005-STD2023_R2.pdf,https://fallsafe-online.com/product/fs222evo,,
FALL SAFE,ULTRA EVO HARNESS,ppe,Harnesses,Polyester / Polyamide / Aluminium / Steel,"CE - EN361:2002, CE - EN358:2018",10,,,,140,,,,,FS222EVO-XXL,https://fallsafe-online.com/storage/Manuais/50-700550-7005-STD2023_R2.pdf,https://fallsafe-online.com/product/fs222evo,,
FALL SAFE,CLASSIC HARNESS,ppe,Harnesses,Polyester / Polyamide / Aluminium / Steel,CE - EN361:2002,10,,,,140,,,,,FS202-S/M,https://fallsafe-online.com/storage/Manuais/50-700550-7005-STD2023_R2.pdf,https://fallsafe-online.com/product/fs202,,
FALL SAFE,CLASSIC HARNESS,ppe,Harnesses,Polyester / Polyamide / Aluminium / Steel,CE - EN361:2002,10,,,,140,,,,,FS202-L/XL,https://fallsafe-online.com/storage/Manuais/50-700550-7005-STD2023_R2.pdf,https://fallsafe-online.com/product/fs202,,
FALL SAFE,CLASSIC HARNESS,ppe,Harnesses,Polyester / Polyamide / Aluminium / Steel,CE - EN361:2002,10,,,,140,,,,,FS202-XXL,https://fallsafe-online.com/storage/Manuais/50-700550-7005-STD2023_R2.pdf,https://fallsafe-online.com/product/fs202,,
FALL SAFE,CLASSIC EVO HARNESS,ppe,Harnesses,Polyester / Polyamide / Aluminium / Steel,CE - EN361:2002,10,,,,140,,,,,FS202EVO-S/M,https://fallsafe-online.com/storage/Manuais/50-700550-7005-STD2023_R2.pdf,https://fallsafe-online.com/product/fs202evo,,
FALL SAFE,CLASSIC EVO HARNESS,ppe,Harnesses,Polyester / Polyamide / Aluminium / Steel,CE - EN361:2002,10,,,,140,,,,,FS202EVO-L/XL,https://fallsafe-online.com/storage/Manuais/50-700550-7005-STD2023_R2.pdf,https://fallsafe-online.com/product/fs202evo,,
FALL SAFE,CLASSIC EVO HARNESS,ppe,Harnesses,Polyester / Polyamide / Aluminium / Steel,CE - EN361:2002,10,,,,140,,,,,FS202EVO-XXL,https://fallsafe-online.com/storage/Manuais/50-700550-7005-STD2023_R2.pdf,https://fallsafe-online.com/product/fs202evo,,
FALL SAFE,VERT RESCUE HARNESS,ppe,Harnesses,Polyester / Polyamide / Aluminium / Steel,"CE - EN361:2002, CE - EN1497:2007",10,,,,140,,,,,FS236-S/M,https://fallsafe-online.com/storage/Manuais/50-700550-7005-STD2023_R2.pdf,https://fallsafe-online.com/product/fs236,,
FALL SAFE,VERT RESCUE HARNESS,ppe,Harnesses,Polyester / Polyamide / Aluminium / Steel,"CE - EN361:2002, CE - EN1497:2007",10,,,,140,,,,,FS236-L/XL,https://fallsafe-online.com/storage/Manuais/50-700550-7005-STD2023_R2.pdf,https://fallsafe-online.com/product/fs236,,
FALL SAFE,VERT RESCUE HARNESS,ppe,Harnesses,Polyester / Polyamide / Aluminium / Steel,"CE - EN361:2002, CE - EN1497:2007",10,,,,140,,,,,FS236-XXL,https://fallsafe-online.com/storage/Manuais/50-700550-7005-STD2023_R2.pdf,https://fallsafe-online.com/product/fs236,,
FALL SAFE,ATEX HARNESS,ppe,Harnesses,Anti-static polyester / Aluminium,CE - EN361:2002,8,,,,140,,,,,FS249-S/M,https://fallsafe-online.com/storage/Manuais/50-700550-7005-STD2023_R2.pdf,https://fallsafe-online.com/product/fs249,,
FALL SAFE,ATEX HARNESS,ppe,Harnesses,Anti-static polyester / Aluminium,CE - EN361:2002,8,,,,140,,,,,FS249-L/XL,https://fallsafe-online.com/storage/Manuais/50-700550-7005-STD2023_R2.pdf,https://fallsafe-online.com/product/fs249,,
FALL SAFE,ATEX HARNESS,ppe,Harnesses,Anti-static polyester / Aluminium,CE - EN361:2002,8,,,,140,,,,,FS249-XXL,https://fallsafe-online.com/storage/Manuais/50-700550-7005-STD2023_R2.pdf,https://fallsafe-online.com/product/fs249,,
FALL SAFE,HARN FLYER PRO 5D S/M,ppe,Harnesses,Polyester / Polyamide / Aluminium / Steel alloy,"ANSI Z359.11-2021, CSA Z259.10-18, OSHA 1926.502, OSHA 1910.140",,,,,140,,,,,FS243.2IP-S/M,,https://fallsafe-online.com/product/fs2432ip,,
FALL SAFE,HARN FLYER PRO 5D L/XL,ppe,Harnesses,Polyester / Polyamide / Aluminium / Steel alloy,"ANSI Z359.11-2021, CSA Z259.10-18, OSHA 1926.502, OSHA 1910.140",,,,,140,,,,,FS243.2IP-L/XL,,https://fallsafe-online.com/product/fs2432ip,,
FALL SAFE,HARN FLYER PRO 5D 2XL,ppe,Harnesses,Polyester / Polyamide / Aluminium / Steel alloy,"ANSI Z359.11-2021, CSA Z259.10-18, OSHA 1926.502, OSHA 1910.140",,,,,140,,,,,FS243.2IP-2XL,,https://fallsafe-online.com/product/fs2432ip,,
FALL SAFE,HARN STEALTH FLYER PRO 5D S/M,ppe,Harnesses,Polyester / Polyamide / Aluminium / Steel alloy,"ANSI Z359.11-2021, CSA Z259.10-18, OSHA 1926.502, OSHA 1910.140",,,,,140,,,,,FS243.2IPB-S/M,,https://fallsafe-online.com/product/fs2432ipb,,
FALL SAFE,HARN STEALTH FLYER PRO 5D L/XL,ppe,Harnesses,Polyester / Polyamide / Aluminium / Steel alloy,"ANSI Z359.11-2021, CSA Z259.10-18, OSHA 1926.502, OSHA 1910.140",,,,,140,,,,,FS243.2IPB-L/XL,,https://fallsafe-online.com/product/fs2432ipb,,
FALL SAFE,HARN STEALTH FLYER PRO 5D 2XL,ppe,Harnesses,Polyester / Polyamide / Aluminium / Steel alloy,"ANSI Z359.11-2021, CSA Z259.10-18, OSHA 1926.502, OSHA 1910.140",,,,,140,,,,,FS243.2IPB-2XL,,https://fallsafe-online.com/product/fs2432ipb,,
FALL SAFE,HARN FLEX COMFORT 1D S/M,ppe,Harnesses,Polyester / Polyamide / EVA / Aluminium / Steel alloy,"ANSI Z359.11-2021, CSA Z259.10-18, OSHA 1926.502, OSHA 1910.140",,,,,140,,,,,FS242IC-S/M,,https://fallsafe-online.com/product/fs242ic,,
FALL SAFE,HARN FLEX COMFORT 1D L/XL,ppe,Harnesses,Polyester / Polyamide / EVA / Aluminium / Steel alloy,"ANSI Z359.11-2021, CSA Z259.10-18, OSHA 1926.502, OSHA 1910.140",,,,,140,,,,,FS242IC-L/XL,,https://fallsafe-online.com/product/fs242ic,,
FALL SAFE,HARN FLEX COMFORT 1D 2XL,ppe,Harnesses,Polyester / Polyamide / EVA / Aluminium / Steel alloy,"ANSI Z359.11-2021, CSA Z259.10-18, OSHA 1926.502, OSHA 1910.140",,,,,140,,,,,FS242IC-2XL,,https://fallsafe-online.com/product/fs242ic,,
FALL SAFE,HARN FLEX COMFORT 2D S/M,ppe,Harnesses,Polyester / Polyamide / EVA / Aluminium / Steel alloy,"ANSI Z359.11-2021, CSA Z259.10-18, OSHA 1926.502, OSHA 1910.140",,,,,140,,,,,FS242ICD-S/M,,https://fallsafe-online.com/product/fs242icd,,
FALL SAFE,HARN FLEX COMFORT 2D L/XL,ppe,Harnesses,Polyester / Polyamide / EVA / Aluminium / Steel alloy,"ANSI Z359.11-2021, CSA Z259.10-18, OSHA 1926.502, OSHA 1910.140",,,,,140,,,,,FS242ICD-L/XL,,https://fallsafe-online.com/product/fs242icd,,
FALL SAFE,HARN FLEX COMFORT 2D 2XL,ppe,Harnesses,Polyester / Polyamide / EVA / Aluminium / Steel alloy,"ANSI Z359.11-2021, CSA Z259.10-18, OSHA 1926.502, OSHA 1910.140",,,,,140,,,,,FS242ICD-2XL,,https://fallsafe-online.com/product/fs242icd,,
FALL SAFE,HARN FLEX BASIC 1D S/M,ppe,Harnesses,Polyester / Polyamide / EVA / Aluminium / Steel alloy,"ANSI Z359.11-2021, CSA Z259.10-18, OSHA 1926.502, OSHA 1910.140",,,,,140,,,,,FS242IB-S/M,,https://fallsafe-online.com/product/fs242ib,,
FALL SAFE,HARN FLEX BASIC 1D L/XL,ppe,Harnesses,Polyester / Polyamide / EVA / Aluminium / Steel alloy,"ANSI Z359.11-2021, CSA Z259.10-18, OSHA 1926.502, OSHA 1910.140",,,,,140,,,,,FS242IB-L/XL,,https://fallsafe-online.com/product/fs242ib,,
FALL SAFE,HARN FLEX BASIC 1D 2XL,ppe,Harnesses,Polyester / Polyamide / EVA / Aluminium / Steel alloy,"ANSI Z359.11-2021, CSA Z259.10-18, OSHA 1926.502, OSHA 1910.140",,,,,140,,,,,FS242IB-2XL,,https://fallsafe-online.com/product/fs242ib,,
FALL SAFE,HARN FLEX BASIC 2D S/M,ppe,Harnesses,Polyester / Polyamide / EVA / Aluminium / Steel alloy,"ANSI Z359.11-2021, CSA Z259.10-18, OSHA 1926.502, OSHA 1910.140",,,,,140,,,,,FS242IBD-S/M,,https://fallsafe-online.com/product/fs242ibd,,
FALL SAFE,HARN FLEX BASIC 2D L/XL,ppe,Harnesses,Polyester / Polyamide / EVA / Aluminium / Steel alloy,"ANSI Z359.11-2021, CSA Z259.10-18, OSHA 1926.502, OSHA 1910.140",,,,,140,,,,,FS242IBD-L/XL,,https://fallsafe-online.com/product/fs242ibd,,
FALL SAFE,HARN FLEX BASIC 2D 2XL,ppe,Harnesses,Polyester / Polyamide / EVA / Aluminium / Steel alloy,"ANSI Z359.11-2021, CSA Z259.10-18, OSHA 1926.502, OSHA 1910.140",,,,,140,,,,,FS242IBD-2XL,,https://fallsafe-online.com/product/fs242ibd,,
FALL SAFE,HARN CONSTRUCTION COMFORT 3D S/M,ppe,Harnesses,Polyester / Polyamide / EVA / TPU / Aluminium / Steel alloy,"ANSI Z359.11-2021, CSA Z259.10-18, OSHA 1926.502, OSHA 1910.140",,,,,140,,,,,FS240IC-S/M,,https://fallsafe-online.com/product/fs240ic,,
FALL SAFE,HARN CONSTRUCTION COMFORT 3D L/XL,ppe,Harnesses,Polyester / Polyamide / EVA / TPU / Aluminium / Steel alloy,"ANSI Z359.11-2021, CSA Z259.10-18, OSHA 1926.502, OSHA 1910.140",,,,,140,,,,,FS240IC-L/XL,,https://fallsafe-online.com/product/fs240ic,,
FALL SAFE,HARN CONSTRUCTION COMFORT 3D 2XL,ppe,Harnesses,Polyester / Polyamide / EVA / TPU / Aluminium / Steel alloy,"ANSI Z359.11-2021, CSA Z259.10-18, OSHA 1926.502, OSHA 1910.140",,,,,140,,,,,FS240IC-2XL,,https://fallsafe-online.com/product/fs240ic,,
FALL SAFE,HARN CONSTRUCTION COMFORT 4D S/M,ppe,Harnesses,Polyester / Polyamide / EVA / TPU / Aluminium / Steel alloy,"ANSI Z359.11-2021, CSA Z259.10-18, OSHA 1926.502, OSHA 1910.140",,,,,140,,,,,FS240ICD-S/M,,https://fallsafe-online.com/product/fs240icd,,
FALL SAFE,HARN CONSTRUCTION COMFORT 4D L/XL,ppe,Harnesses,Polyester / Polyamide / EVA / TPU / Aluminium / Steel alloy,"ANSI Z359.11-2021, CSA Z259.10-18, OSHA 1926.502, OSHA 1910.140",,,,,140,,,,,FS240ICD-L/XL,,https://fallsafe-online.com/product/fs240icd,,
FALL SAFE,HARN CONSTRUCTION COMFORT 4D 2XL,ppe,Harnesses,Polyester / Polyamide / EVA / TPU / Aluminium / Steel alloy,"ANSI Z359.11-2021, CSA Z259.10-18, OSHA 1926.502, OSHA 1910.140",,,,,140,,,,,FS240ICD-2XL,,https://fallsafe-online.com/product/fs240icd,,
FALL SAFE,LYD POSITIONING GRIPPA 12MM ROPE,ppe,Positioning Lanyards,Polyester / Polyamide / Aluminium,"CE - EN358:2018, ANSI Z359.3-2019",10,,,,140,12,12,,,FS053KI-OG-6FT,https://fallsafe-online.com/storage/Manuais/50-7006I50-7006I_STD24_R0.pdf,https://fallsafe-online.com/product/fs053ki-og-6ft,,
FALL SAFE,LYD SA TWIN STRETX AL REBAR HOOK,ppe,Lanyards,Polyester / Aluminium,"CE - EN354:2010, CE - EN355:2002, ANSI Z359.13-2013",,,,,140,,,,,FS512I-GY-6FT,https://fallsafe-online.com/storage/Manuais/50-7009I50-7009I_STD24_R0.pdf,https://fallsafe-online.com/product/fs512i-gy-6ft,,
FALL SAFE,FS930 SERIES - FALL ARREST BLOCKS 2M,ppe,SRL,Steel / Carbon / Dyneema / Aluminium / PA6,CE - EN360:2023,10,,,,140,,,,,FS930,,https://fallsafe-online.com/product/fs930,,
FALL SAFE,FS931 SERIES - FALL ARREST BLOCKS 3M,ppe,SRL,Steel / Carbon / Dyneema / Aluminium / PA6,CE - EN360:2023,10,,,,140,,,,,FS931,,https://fallsafe-online.com/product/fs931,,
FALL SAFE,ORBLOX - FALL ARREST BLOCKS SHARP EDGE 2.30M,ppe,SRL,Aluminium / UHMWPE / Stainless steel,CE - EN360:2023,10,,,,140,,,,,FS930E,,https://fallsafe-online.com/product/fs930e,,
FALL SAFE,RETRACTABLE FALL ARRESTER BLOCK WEBBING 7M,ppe,SRL,Steel / PA6 / Dyneema,CE - EN360:2023,,,,,140,,,,,FS932,,https://fallsafe-online.com/product/fs932,,
FALL SAFE,PSRL MICRO-LOC LE SNAP SINGLE 8FT,ppe,SRL,Nylon / Steel,"ANSI Z359.14 Class 2, OSHA",,,,,140,,,,,4285008-1,https://fallsafe-online.com/storage/Manuais/UI_MICRO LOC4200008-200 Rev A.pdf,https://fallsafe-online.com/product/4285008-1,,
FALL SAFE,PSRL MICRO-LOC LE SNAP TWIN 8FT,ppe,SRL,Nylon / Steel,"ANSI Z359.14 Class 2, OSHA",,,,,140,,,,,4295008-1,https://fallsafe-online.com/storage/Manuais/UI_MICRO LOC4200008-200 Rev A.pdf,https://fallsafe-online.com/product/4295008-1,,
FALL SAFE,PSRL MICRO-LOC LE REBAR SINGLE 8FT,ppe,SRL,Nylon / Steel,"ANSI Z359.14 Class 2, OSHA",,,,,140,,,,,4286008-1,https://fallsafe-online.com/storage/Manuais/UI_MICRO LOC4200008-200 Rev A.pdf,https://fallsafe-online.com/product/4286008-1,,
FALL SAFE,PSRL MICRO-LOC LE REBAR TWIN 8FT,ppe,SRL,Nylon / Steel,"ANSI Z359.14 Class 2, OSHA",,,,,140,,,,,4296008-1,https://fallsafe-online.com/storage/Manuais/UI_MICRO LOC4200008-200 Rev A.pdf,https://fallsafe-online.com/product/4296008-1,,
FALL SAFE,PSRL MICRO-LE SW/SNAP SINGLE 8FT,ppe,SRL,Nylon / Steel,"ANSI Z359.14 Class 2, OSHA",,,,,140,,,,,4280008-1,https://fallsafe-online.com/storage/Manuais/UI_MICRO LOC4200008-200 Rev A.pdf,https://fallsafe-online.com/product/4280008-1,,
FALL SAFE,PSRL MICRO-LE SW/SNAP TWIN 8FT,ppe,SRL,Nylon / Steel,"ANSI Z359.14 Class 2, OSHA",,,,,140,,,,,4290008-1,https://fallsafe-online.com/storage/Manuais/UI_MICRO LOC4200008-200 Rev A.pdf,https://fallsafe-online.com/product/4290008-1,,
FALL SAFE,SRL FLO 30FT GALV CLASS 2 LE,ppe,SRL,Nylon / Steel,"ANSI Z359.14 Class 2, OSHA",,,,,140,,,,,4710000-30,https://fallsafe-online.com/storage/Manuais/UI_F.L.O4700000-200-manual-eng.pdf,https://fallsafe-online.com/product/4710000-30,,
ISC,Oval (Standard),ppe,Karabiner,Aluminium,"EN362:2004 B,T / EN12275:2013 B,X,T",UNL,UNL,25 kN,,,,,,,KL121,https://www.iscwales.com/Uploads/Products/UIMs/1-321-5-2911-1-KL121-Aluminium-Oval-KarabinerUser-Instruction-Manual.pdf,https://www.iscwales.com/Products/karabiners/KL121-Aluminium-Oval-Karabiner/,,
ISC,Oval (Compact),ppe,Karabiner,Aluminium,"EN362:2004 B,T / EN12275:2013 B,X,T",UNL,UNL,24 kN,,,,,,,KL120,https://www.iscwales.com/Uploads/Products/UIMs/1-316-5-2861-1-KL120-Compact-Oval-Karabiner.pdf,https://www.iscwales.com/Products/karabiners/KL120-Compact-Oval-Karabiner2/,,
ISC,Wizard (Alu),ppe,Karabiner,Aluminium,"CE EN362:2004 B,T / Meets NFPA 2500 / ANSI Z359.12 2019 (opt.)",UNL,UNL,45 kN,,,,,,,KH218,https://www.iscwales.com/Uploads/Products/UIMs/1-239-5-1584-1-Connector-UIM.pdf,https://www.iscwales.com/Products/karabiners/KH218-Small-Aluminium-Wizard-Karabiner/,,
ISC,Offset,ppe,Karabiner,Aluminium,"EN362:2004 B,T",UNL,UNL,30 kN,,,,,,,KL216,https://www.iscwales.com/Uploads/Products/UIMs/1-292-5-2450-1-KL216-Offset-KarabinerUser-Instruction-Manual.pdf,https://www.iscwales.com/Products/karabiners/KL216-Offset-Karabiner/,,
ISC,Mini HMS,ppe,Karabiner,Aluminium,CE EN362,UNL,UNL,27 kN,,,,,,,KH214,https://www.iscwales.com/Uploads/Products/UIMs/1-117-5-1585-1-Connector-UIM.pdf,https://www.iscwales.com/Products/karabiners/KH214-Mini-HMS-Karabiner/,,
ISC,Offset Oval,ppe,Karabiner,Aluminium,"CE EN362:2004 B,T",UNL,UNL,25 kN,,,,,,,KH221,https://www.iscwales.com/Uploads/Products/UIMs/1-248-5-1583-1-Connector-UIM.pdf,https://www.iscwales.com/Products/karabiners/KH221-Aluminium-Offset-Oval/,,
ISC,HMS,ppe,Karabiner,Aluminium,EN362,UNL,UNL,27 kN,,,,,,,KH204,https://www.iscwales.com/Uploads/Products/UIMs/1-118-5-1586-1-Connector-UIM.pdf,https://www.iscwales.com/Products/karabiners/KH204-HMS-Karabiner/,,
ISC,Gator,ppe,Karabiner,Aluminium,CE EN362,UNL,UNL,25 kN,,,,,,,KH453,https://www.iscwales.com/Uploads/Products/UIMs/1-120-5-1588-1-Connector-UIM.pdf,https://www.iscwales.com/Products/karabiners/KH453-Gator-Karabiner/,,
ISC,Gecko,ppe,Karabiner,Aluminium,CE EN362,UNL,UNL,30 kN,,,,,,,KH452,https://www.iscwales.com/Uploads/Products/UIMs/1-123-5-1589-1-Connector-UIM.pdf,https://www.iscwales.com/Products/karabiners/KH452-Gecko-Karabiner/,,
ISC,Mongoose,ppe,Karabiner,Aluminium,CE EN362,UNL,UNL,30 kN,,,,,,,KH451,https://www.iscwales.com/Uploads/Products/UIMs/1-124-5-1590-1-Connector-UIM.pdf,https://www.iscwales.com/Products/karabiners/KH451-Mongoose-Karabiner/,,
ISC,Twister (Alu),ppe,Karabiner,Aluminium,CE EN362,UNL,UNL,27 kN,,,,,,,KH255,https://www.iscwales.com/Uploads/Products/UIMs/1-128-5-1592-1-Connector-UIM.pdf,https://www.iscwales.com/Products/karabiners/KH255-Twister-Karabiner/,,
ISC,Captive Eye (Alu),ppe,Karabiner,Aluminium,EN362,UNL,UNL,30 kN,,,,,,,KH300,https://www.iscwales.com/Uploads/Products/UIMs/1-125-5-1591-1-Connector-UIM.pdf,https://www.iscwales.com/Products/karabiners/KH300-Captive-Eye-Karabiner/,,
ISC,Link,ppe,Karabiner,Aluminium,CE EN362,UNL,UNL,25 kN,,,,,,,KH215,https://www.iscwales.com/Uploads/Products/UIMs/1-127-5-1593-1-Connector-UIM.pdf,https://www.iscwales.com/Products/karabiners/KH215-Link-Karabiner/,,
ISC,Firemans (Steel),ppe,Karabiner,Steel,CE EN362 / Meets NFPA 1983 (17ED) G,UNL,UNL,40 kN,,,,,,,KH307,https://www.iscwales.com/Uploads/Products/UIMs/1-140-5-1610-1-Connector-UIM.pdf,https://www.iscwales.com/Products/karabiners/KH307-Firemans-Karabiner/,,
ISC,Iron Wizard Large,ppe,Karabiner,Steel,CE EN362,UNL,UNL,70 kN,,,,,,,KH415,https://www.iscwales.com/Uploads/Products/UIMs/1-129-5-1596-1-Connector-UIM.pdf,https://www.iscwales.com/Products/karabiners/KH415-Large-Wizard-Karabiner/,,
ISC,Oval Keylock (Steel),ppe,Karabiner,Steel,EN362:2004/B,UNL,UNL,30 kN,,,,,,,KL311,https://www.iscwales.com/Uploads/Products/UIMs/1-266-5-2162-1-Connector-UIM.pdf,https://www.iscwales.com/Products/karabiners/KL311-Steel-Oval-Karabiner-Keylock/,,
ISC,Offset Oval Keylock,ppe,Karabiner,Steel,CE EN362,UNL,UNL,40 kN,,,,,,,KL321,https://www.iscwales.com/Uploads/Products/UIMs/1-211-5-1594-1-Connector-UIM.pdf,https://www.iscwales.com/Products/karabiners/KL321-Offset-Oval-Keylock-Karabiner/,,
ISC,Scaffold Hook,ppe,Karabiner,Steel,CE EN362,UNL,UNL,35 kN,,,,,,,KH407,https://www.iscwales.com/Uploads/Products/UIMs/1-141-5-1598-1-Connector-UIM.pdf,https://www.iscwales.com/Products/karabiners/KH407-Scaffold-Hook/,,
ISC,Iron Wizard,ppe,Karabiner,Steel,CE EN362,UNL,UNL,70 kN,,,,,,,KH219,https://www.iscwales.com/Uploads/Products/UIMs/1-130-5-1601-1-Connector-UIM.pdf,https://www.iscwales.com/Products/karabiners/KH219-Small-Iron-Wizard-Karabiner/,,
ISC,D Shape Keylock,ppe,Karabiner,Steel,CE EN362,UNL,UNL,35 kN,,,,,,,KL308,https://www.iscwales.com/Uploads/Products/UIMs/1-132-5-1240-1-KL308-D-Shape-Keylock-Karabiner-User-Instruction-Manual.pdf,https://www.iscwales.com/Products/karabiners/KL308-D-Shape-Keylock-Karabiner/,,
ISC,Big Dan,ppe,Karabiner,Steel,CE EN362,UNL,UNL,50 kN,,,,,,,KH455,https://www.iscwales.com/Uploads/Products/UIMs/1-131-5-1602-1-Connector-UIM.pdf,https://www.iscwales.com/Products/karabiners/KH455-Big-Dan-Karabiner/,,
ISC,HMS (Steel),ppe,Karabiner,Steel,CE EN362,UNL,UNL,50 kN,,,,,,,KH212,https://www.iscwales.com/Uploads/Products/UIMs/1-134-5-1603-1-Connector-UIM.pdf,https://www.iscwales.com/Products/karabiners/KH212-HMS-Karabiner/,,
ISC,Klettersteig Keylock,ppe,Karabiner,Steel,EN362,UNL,UNL,45 kN,,,,,,,KL202,https://www.iscwales.com/Uploads/Products/UIMs/1-133-5-1604-1-Connector-UIM.pdf,https://www.iscwales.com/Products/karabiners/KL202-Klettsteig-Keylock-Karabiner/,,
ISC,Oval (Steel),ppe,Karabiner,Steel,CE EN362,UNL,UNL,25 kN,,,,,,,KH311,https://www.iscwales.com/Uploads/Products/UIMs/1-135-5-1605-1-Connector-UIM.pdf,https://www.iscwales.com/Products/karabiners/KH311-Oval-Karabiner/,,
ISC,Offset D Keylock,ppe,Karabiner,Steel,CE EN362,UNL,UNL,50 kN,,,,,,,KL200,https://www.iscwales.com/Uploads/Products/UIMs/1-136-5-1606-1-Connector-UIM.pdf,https://www.iscwales.com/Products/karabiners/KL200-Offset-D-Karabiner/,,
ISC,Twister (Steel),ppe,Karabiner,Steel,EN362:2004/T,UNL,UNL,40 kN,,,,,,,KH260,https://www.iscwales.com/Uploads/Products/UIMs/1-137-5-1607-1-Connector-UIM.pdf,https://www.iscwales.com/Products/karabiners/KH260-Twister-Karabiner/,,
ISC,Captive Eye (Steel),ppe,Karabiner,Steel,CE EN362,UNL,UNL,50 kN,,,,,,,KH301,https://www.iscwales.com/Uploads/Products/UIMs/1-138-5-1608-1-Connector-UIM.pdf,https://www.iscwales.com/Products/karabiners/KH301-Captive-Eye-Karabiner/,,
ISC,REFLEX Mechanical Hitch,ppe,SRT / Tree Climbing,Aluminium,EN12841:2024/C on 11-13mm EN1891 Type A rope,UNL,UNL,12 kN,50-200 kg,200,11,13,,,MH285,https://www.iscwales.com/Uploads/Products/UIMs/1-327-5-3012-1-MH285-Mechanical-HitchUIM.pdf,https://www.iscwales.com/Products/rope-wrench-accessories/REFLEX-Mechanical-Hitch/,,
ISC,Chipmunk FLEX Tether,ppe,SRT / Tree Climbing,Textile / Polymer,CE PPE Reg. 2016/425 als deel van KT282 / ANSI Z133 / UKCA,10,10,24 kN,,,,,,,RT305A2,https://www.iscwales.com/Uploads/Products/UIMs/1-317-5-2844-1-RT305A1-Chipmunk-FLEX-Tether.pdf,https://www.iscwales.com/Products/rope-wrench-accessories/RT305A1-Chipmunk-FLEX-Tether/,,
ISC,Squirrel FLEX Tether,ppe,SRT / Tree Climbing,Textile / Polymer,CE PPE Reg. 2016/425 als deel van KT282 / ANSI Z133 / UKCA,10,10,24 kN,,,,,,,RT300A2,https://www.iscwales.com/Uploads/Products/UIMs/1-305-5-2575-1-RT300A2-Squirrel-FLEX-Tether-with-Accessory-Karabiner.pdf,https://www.iscwales.com/Products/rope-wrench-accessories/RT300A2-Squirrel-FLEX-Tether-with-Accessory-Karabiner/,,
ISC,Squirrel Aluminium Tether,ppe,SRT / Tree Climbing,Aluminium,CE PPE Reg. 2016/425 als deel van KT282 / ANSI Z133 / UKCA,UNL,UNL,24 kN,,,,,,,RT290A2,,https://www.iscwales.com/Products/rope-wrench-accessories/RT290A1/,,
ISC,Twin Leg Tether,ppe,SRT / Tree Climbing,Textile (Technora),Onderdeel van KT282 CE PPE systeem / ANSI Z133,10,10,24 kN,,,,,,,RT270C2,,https://www.iscwales.com/Products/rope-wrench-accessories/RT270C2-Twin-Leg-Tether/,,
ISC,Single Leg Tether,ppe,SRT / Tree Climbing,Textile (Vectran/Technora),ANSI Z133,10,10,24 kN,,,,,,,RT270B1,,https://www.iscwales.com/Products/rope-wrench-accessories/RT270B1-Single-Leg-Tether/,,
ISC,APEX & Squirrel FLEX Tether,ppe,SRT / Tree Climbing,Textile / Polymer,CE PPE Reg. 2016/425 als deel van KT282 / ANSI Z133 / UKCA,10,10,24 kN,,,,,,,KT300A2,,https://www.iscwales.com/Products/rope-wrench-accessories/KT300A-APEX-Squirrel-FLEX-Tether-with-Accessory-Karabiner/,,
ISC,Phlotich Pulley,ppe,SRT / Tree Climbing,Aluminium,EN12278:2007,UNL,UNL,30 kN,,,,13,,,RP282,https://www.iscwales.com/Uploads/Products/UIMs/1-247-5-1467-1-RP282-Phlotich-Pulley-USER-MANUAL.pdf,https://www.iscwales.com/Products/rope-wrench-accessories/RP282-Phlotich-Pulley/,,
ISC,Wrench Pulley,Hitch-minding Pulley,SRT / Tree Climbing,Aluminium,CE (DoC aanwezig),UNL,UNL,36 kN,,,,13,,,RP281,https://www.iscwales.com/Uploads/Products/UIMs/1-202-5-1168-1-RP281-Rope-Wrench-Pulley-User-Instruction-Manual.pdf,https://www.iscwales.com/Products/rope-wrench-accessories/RP281-Rope-Wrench-Pulley/,,
ISC,APEX (niet PPE),no ppe,SRT / Tree Climbing,Aluminium,NIET voor primaire levensondersteuning,UNL,UNL,,,,,,,,RP285,https://www.iscwales.com/Uploads/Products/UIMs/1-302-5-2553-1-RP285A1-APEX-Rope-Wrench.pdf,https://www.iscwales.com/Products/rope-wrench-accessories/RP285A1-APEX/,,
ISC,Rope Wrench 11-13mm (niet PPE),no ppe,SRT / Tree Climbing,Aluminium,NIET CE goedgekeurd / NIET voor PPE,UNL,UNL,,,,11,13,,,RP280,,https://www.iscwales.com/Products/rope-wrench-accessories/RP280-Rope-Wrench/,,
ISC,Rope Wrench 13mm geoptimaliseerd (niet PPE),no ppe,SRT / Tree Climbing,Aluminium,NIET voor primaire levensondersteuning,UNL,UNL,,,,13,13,,,RP283,,https://www.iscwales.com/Products/rope-wrench-accessories/RP283-13mm-Optimised-Rope-Wrench/,,
ISC,D4 Work/Rescue Descender,ppe,Descender,Aluminium / Stainless Steel cam,EN12841:2024-C / ANSI Z359 / NFPA 1983 / 5kN slip load,UNL,UNL,,240 kg,240,10.5,11.5,As standard (locatie niet gespecificeerd op pagina),,RP880,https://www.iscwales.com/Uploads/Products/UIMs/1-200-5-1997-1-D4-Descender-UIM.pdf,https://www.iscwales.com/Products/descenders/RP880-D4-Work-Rescue-Descender/,,
ISC,D4PRO Work/Rescue Descender,ppe,Descender,Aluminium / Stainless Steel cam,EN12841:2024-C / NFPA 1983 / 5kN slip load,UNL,UNL,,240 kg,240,10.5,11.5,As standard (locatie niet gespecificeerd op pagina),,RP881,https://www.iscwales.com/Uploads/Products/UIMs/1-245-5-1328-1-RP881-D4PRO-WorkRescue-Descender.pdf,https://www.iscwales.com/Products/descenders/RP881-D4PRO-WorkRescue-Descender/,,
ISC,D5 Work/Rescue Descender,ppe,Descender,Aluminium / Stainless Steel cam,EN12841:2024-C / ANSI Z359 / NFPA 1983 / 5kN slip load,UNL,UNL,,240 kg,240,12.5,13.0,As standard (locatie niet gespecificeerd op pagina),,RP885,https://www.iscwales.com/Uploads/Products/UIMs/1-229-5-1432-1-D5-Descender-UIM.pdf,https://www.iscwales.com/Products/descenders/RP885-D5-WorkRescue-Descender/,,
ISC,D5PRO Work/Rescue Descender,ppe,Descender,Aluminium / Stainless Steel cam,EN12841:2024-C / NFPA 1983 / 5kN slip load,UNL,UNL,,240 kg,240,12.5,13.0,As standard (locatie niet gespecificeerd op pagina),,RP886,https://www.iscwales.com/Uploads/Products/UIMs/1-261-5-2895-1-RP886-D5PRO-DescenderUser-Instruction-Manual.pdf,https://www.iscwales.com/Products/descenders/RP886-D5PRO-WorkRescue-Descender/,,
ISC,A-B Descender,ppe,Descender,Aluminium / Stainless Steel cam,EN12841:2006-C / EN341:2011/2D,UNL,UNL,,150 kg (EN12841-C) / 200 kg rescue (EN12841-C),,10.5,11.0,,,RP810,https://www.iscwales.com/Uploads/Products/UIMs/1-42-5-2868-1-RP810-A-B-Descender-UIM.pdf,https://www.iscwales.com/Products/descenders/RP810-A-B-Descender/,,
ISC,Rescue Figure 8 (Alu),Figure 8 Descender,Descender,Aluminium,,UNL,UNL,35 kN,,,,,,,RP100,https://www.iscwales.com/Uploads/Products/UIMs/1-46-5-1216-1-RP100-Rescue-Figure-8-Descender-User-Instruction-Manual.pdf,https://www.iscwales.com/Products/descenders/RP100-Rescue-Figure-8-Descender/,,
ISC,Rescue Figure 8 (Stainless),Figure 8 Descender,Descender,Stainless steel,,UNL,UNL,80 kN,,,,,,,RP101,https://www.iscwales.com/Uploads/Products/UIMs/1-47-5-1217-1-RP101-Rescue-Figure-8-Stainless-User-Instruction-Manual.pdf,https://www.iscwales.com/Products/descenders/RP101-Rescue-Figure-8-Stainless-Steel/,,
ISC,Figure 8,Figure 8 Descender,Descender,Aluminium,,UNL,UNL,25 kN,,,,,,,RP110,https://www.iscwales.com/Uploads/Products/UIMs/1-48-5-1215-1-RP110-Figure-8-Descender-User-Instruction-Manual.pdf,https://www.iscwales.com/Products/descenders/RP110-Figure-8-Descender/,,
ISC,Edge Roller,Randbeveiliging,Descender,Aluminium,,UNL,UNL,,,,,,,,ER100,https://www.iscwales.com/Uploads/Products/UIMs/1-14-5-2292-1-ER100-Edge-RollerUser-Instruction-Manual.pdf,https://www.iscwales.com/Products/descenders/ER100-Edge-Roller-Edge-Protection-Device/,,
ISC,Rocker,ppe,Back-up & Ropegrab,Aluminium,CE EN353-2:2002 / EN358:2018 / EN12841:2006-A / UKCA,UNL,UNL,,,150,10.5,11.0,,,RP500,https://www.iscwales.com/Uploads/Products/UIMs/1-175-5-2886-1-RP500-Rocker-User-Instruction-Manual.pdf,https://www.iscwales.com/Products/back-up-ropegrabs/RP500-Rocker-Ropegrab/,,
ISC,Mini Ropegrab (Fixed Axle),ppe,Back-up & Ropegrab,Aluminium,EN353-2:2002 / EN567:2013,UNL,UNL,Dependent on rope type,,,10.5,12.5,,,RP203,https://www.iscwales.com/Uploads/Products/UIMs/1-28-5-1153-1-RP203-Mini-Ropegrab-Fixed-Axle-User-Instruction-Manual.pdf,https://www.iscwales.com/Products/back-up-ropegrabs/rp203-mini-ropegrab-fixed-axle/,,
ISC,Ropegrab (Fixed Axle),ppe,Back-up & Ropegrab,Aluminium,EN567,UNL,UNL,Dependent on rope type,,,14,16,,,RP204,https://www.iscwales.com/Uploads/Products/UIMs/1-31-5-1154-1-RP204-Ropegrab-Fixed-Axle-User-Instruction-Manual.pdf,https://www.iscwales.com/Products/back-up-ropegrabs/RP204-Ropegrab-Fixed-Axle/,,
ISC,Mini Ropegrab (Pip Pin),ppe,Back-up & Ropegrab,Aluminium,EN353-2:2002 / EN567:2013,UNL,UNL,Dependent on rope type,,,10.5,12.5,,,RP209,https://www.iscwales.com/Uploads/Products/UIMs/1-12-5-1219-1-RP209-Mini-Ropegrab-Pip-Pin-User-Instruction-Manual.pdf,https://www.iscwales.com/Products/back-up-ropegrabs/rp209-mini-ropegrab-with-pip-pin/,,
ISC,Ropegrab (Pip Pin),ppe,Back-up & Ropegrab,Aluminium,EN567,UNL,UNL,Dependent on rope type,,,14,16,,,RP205,https://www.iscwales.com/Uploads/Products/UIMs/1-227-5-1155-1-RP205-Ropegrab-Pip-pin-User-Instruction-Manual.pdf,https://www.iscwales.com/Products/back-up-ropegrabs/RP205-Ropegrab-with-Pip-Pin/,,
ISC,RED Back-up (Popper Cord),ppe,Back-up & Ropegrab,Aluminium,EN12841,UNL,UNL,,240 kg,,10.5,11.0,,,RP892,https://www.iscwales.com/Uploads/Products/UIMs/1-178-5-321-1-RP892-UIM.pdf,https://www.iscwales.com/Products/back-up-ropegrabs/RP892-RED-Back-up-Device-with-Popper-Cord/,,
ISC,RED Back-up (Fixed Cord),ppe,Back-up & Ropegrab,Aluminium,EN12841,UNL,UNL,,240 kg,,10.5,11.0,,,RP891,https://www.iscwales.com/Uploads/Products/UIMs/1-179-5-320-1-RP891-UIM-issue-H.pdf,https://www.iscwales.com/Products/back-up-ropegrabs/RP891-RED-Back-up-Device-with-Fixed-Cord/,,
ISC,RED Back-up (zonder cord),ppe,Back-up & Ropegrab,Aluminium,EN12841A,UNL,UNL,,240 kg,,10.5,11.0,,,RP890,https://www.iscwales.com/Uploads/Products/UIMs/1-180-5-319-1-RP890-UIM-issue-H.pdf,https://www.iscwales.com/Products/back-up-ropegrabs/RP890-RED-Back-up-Device-no-Cord/,,
ISC,RED Back-up (Stainless),ppe,Back-up & Ropegrab,Stainless steel / Aluminium cam,EN12841,UNL,UNL,,240 kg,,10.5,11.0,,,RP892E,https://www.iscwales.com/Uploads/Products/UIMs/1-212-5-659-1-RP892E-RED-Back-up-Stainless-Steel.pdf,https://www.iscwales.com/Products/back-up-ropegrabs/RP892E-RED-Back-up-Device/,,
ISC,RAD Rope Adjustment Device,ppe,Rope Adjustment Device,Aluminium,EN12841:2006-C / EN358:2018 / EN795:2012-B / EN341:2011-2D / EN15151:2012-6,UNL,UNL,,200 kg,,10.5,11.0,,,RP815/KT815,https://www.iscwales.com/Uploads/Products/UIMs/1-228-5-1013-1-RP8152-NEW-Swing-cheek-version.pdf,https://www.iscwales.com/Products/rope-adjustment-device/RAD-Work-Positioning-Kit/,,
ISC,Professional Hand Ascender (L),ppe,Ascent Device,Aluminium / Stainless Steel cam,EN567 / EN12841 / NFPA compliant,UNL,UNL,,,,9,13,,,RP210,https://www.iscwales.com/Uploads/Products/UIMs/1-51-5-1156-1-RP210-Professional-Hand-Ascender-Left-Hand-User-Instruction-Manual.pdf,https://www.iscwales.com/Products/ascent-devices/RP210-Professional-Hand-Ascender-Left-Hand/,,
ISC,Professional Hand Ascender (R),ppe,Ascent Device,Aluminium / Stainless Steel cam,EN567 / EN12841 / NFPA compliant,UNL,UNL,,,,9,13,,,RP220,https://www.iscwales.com/Uploads/Products/UIMs/1-52-5-1157-1-RP220-Professional-Hand-Ascender-Right-Hand-User-Instruction-Manual.pdf,https://www.iscwales.com/Products/ascent-devices/RP220-Professional-Hand-Ascender-Right-Hand/,,
ISC,Ultrasafe Hand Ascender (L),ppe,Ascent Device,Aluminium / Stainless Steel cam,EN567 / EN12841 / NFPA compliant,UNL,UNL,,,,9,13,,,RP230,https://www.iscwales.com/Uploads/Products/UIMs/1-53-5-1158-1-RP230-Ultrasafe-Hand-Ascender-Left-Hand-User-Instruction-Manual.pdf,https://www.iscwales.com/Products/ascent-devices/RP230-Ultrasafe-Hand-Ascender-Left-Hand/,,
ISC,Ultrasafe Hand Ascender (R),ppe,Ascent Device,Aluminium / Stainless Steel cam,EN567 / EN12841 / NFPA compliant,UNL,UNL,,,,9,13,,,RP240,https://www.iscwales.com/Uploads/Products/UIMs/1-54-5-1159-1-RP240-Ultrasafe-Hand-Ascender-Right-Hand-User-Instruction-Manual.pdf,https://www.iscwales.com/Products/ascent-devices/RP240-Ultrasafe-Hand-Ascender-Right-Hand/,,
ISC,Chest Ascender,ppe,Ascent Device,Aluminium / Stainless Steel cam,EN567:2013,UNL,UNL,,,,8,13,,,RP229,https://www.iscwales.com/Uploads/Products/UIMs/1-201-5-2219-1-RP229-UIM.pdf,https://www.iscwales.com/Products/ascent-devices/RP229-Chest-Ascender/,,
ISC,STRYDER Foot Ascender (R) - NIET PPE,no ppe,Ascent Device,Aluminium / Stainless Steel cam,NIET voor PPE,UNL,UNL,2.5 kN MBS,140 kg,,8,13,,,RP227,https://www.iscwales.com/Uploads/Products/UIMs/1-232-5-1054-1-RP227-STRYDER-Foot-Ascender-Issue-A.pdf,https://www.iscwales.com/Products/ascent-devices/RP227-ISC-STRYDER-Foot-Ascender/,,
ISC,STRYDER Foot Ascender (L) - NIET PPE,no ppe,Ascent Device,Aluminium / Stainless Steel cam,NIET voor PPE,UNL,UNL,2.5 kN MBS,140 kg,,8,13,,,RP228,https://www.iscwales.com/Uploads/Products/UIMs/1-232-5-1054-1-RP227-STRYDER-Foot-Ascender-Issue-A.pdf,https://www.iscwales.com/Products/ascent-devices/RP227-ISC-STRYDER-Foot-Ascender/,,
ISC,Triple-action Snaphook,ppe,Snaphook,Aluminium,EN362:2004 T,UNL,UNL,28 kN,,,,,,,SH907,https://www.iscwales.com/Uploads/Products/UIMs/1-293-5-2457-1-Connector-User-Instruction-Manual.pdf,https://www.iscwales.com/Products/snaphooks/SH907-Triple-action-Snaphook/,,
ISC,1 inch Triple-action Snaphook,ppe,Snaphook,Aluminium,EN362:2004 T,UNL,UNL,28 kN,,,,,,,SH909,https://www.iscwales.com/Uploads/Products/UIMs/1-294-5-2461-1-Connectors-User-Instruction-Manual.pdf,https://www.iscwales.com/Products/snaphooks/SH909-1-inch-Triple-action-Snaphook/,,
ISC,Double-action Snaphook,ppe,Snaphook,Aluminium,EN362:2004 T,UNL,UNL,28 kN,,,,,,,SH906,https://www.iscwales.com/Uploads/Products/UIMs/1-295-5-2465-1-ConnectorsUser-Instruction-Manual.pdf,https://www.iscwales.com/Products/snaphooks/SH906-Double-action-Snaphook/,,
ISC,1 inch Double-action Snaphook,ppe,Snaphook,Aluminium,EN362:2004 T,UNL,UNL,28 kN,,,,,,,SH908,https://www.iscwales.com/Uploads/Products/UIMs/1-296-5-2469-1-SH908-1-inch-Double-action-SnaphookUser-Manual.pdf,https://www.iscwales.com/Products/snaphooks/SH908-1-inch-Double-action-Snaphook/,,
ISC,Double-action Swivel Snaphook,ppe,Snaphook,Aluminium,EN362:2004 T,UNL,UNL,27 kN,,,,,,,SH904,https://www.iscwales.com/Uploads/Products/UIMs/1-36-5-1256-1-SH904-Double-Action-Swivel-Snaphook-User-Instruction-Manual.pdf,https://www.iscwales.com/Products/snaphooks/SH904-Double-Action-Swivel-Snaphook/,,
ISC,Triple-action Swivel Snaphook,ppe,Snaphook,Aluminium,EN362:2004 T,UNL,UNL,27 kN,,,,,,,SH905,https://www.iscwales.com/Uploads/Products/UIMs/1-37-5-1257-1-SH905-Triple-action-Swivel-Snaphook-User-Instruction-Manual.pdf,https://www.iscwales.com/Products/snaphooks/SH905-Triple-Action-Swivel-Snaphook/,,
ISC,Large Double-action Snaphook,ppe,Snaphook,Aluminium,EN362:2004 A & T,UNL,UNL,22 kN,,,,,,,SH979,https://www.iscwales.com/Uploads/Products/UIMs/1-38-5-1258-1-SH979-Large-Aluminium-Double-action-Snaphook-User-Instruction-Manual.pdf,https://www.iscwales.com/Products/snaphooks/SH979-Large-Aluminium-Double-Action-Snaphook/,,
ISC,Large Double-action Locking Nose Snaphook,ppe,Snaphook,Aluminium,CE EN362,UNL,UNL,35 kN,,,,,,,SH999,https://www.iscwales.com/Uploads/Products/UIMs/1-39-5-1259-1-SH999-Large-Double-action-Locking-Nose-Snaphook-User-Instruction-User-Instruction-Manual.pdf,https://www.iscwales.com/Products/snaphooks/SH999-Large-Double-Action-Locking-Nose-Snaphook/,,
ISC,HALO Rigging Plate (S),ppe,Anchors & Accessories,Aluminium,89/686/EEC / NFPA 1983 (17ED)G,UNL,UNL,40 kN,,,,,,,RP302,https://www.iscwales.com/Uploads/Products/UIMs/1-240-5-1295-1-RP302-HALO-Rigging-Plate-Small-UIM.pdf,https://www.iscwales.com/Products/anchors-accessories/RP302-HALO-Rigging-Plate-Small/,,
ISC,HALO Rigging Plate (M),ppe,Anchors & Accessories,Aluminium,89/686/EEC / NFPA 1983 (17ED)G,UNL,UNL,50 kN,,,,,,,RP303,https://www.iscwales.com/Uploads/Products/UIMs/1-241-5-1296-1-HALO-Rigging-Plate-Medium-UIM.pdf,https://www.iscwales.com/Products/anchors-accessories/RP303-HALO-Rigging-Plate-Medium/,,
ISC,HALO Rigging Plate (L),ppe,Anchors & Accessories,Aluminium,89/686/EEC / NFPA 1983 (17ED)G,UNL,UNL,70 kN,,,,,,,RP304,https://www.iscwales.com/Uploads/Products/UIMs/1-242-5-1294-1-RP304-HALO-Rigging-Plate-Large-UIM.pdf,https://www.iscwales.com/Products/anchors-accessories/RP304-HALO-Rigging-Plate-Large/,,
ISC,Small Rigging Plate,ppe,Anchors & Accessories,Aluminium,CE 0120 89/686/EEC,UNL,UNL,36 kN,,,,,,,RP300,https://www.iscwales.com/Uploads/Products/UIMs/1-113-5-1221-1-RP300-Small-Rigging-Plate-User-Instruction-Manual.pdf,https://www.iscwales.com/Products/anchors-accessories/RP300-Small-Rigging-Plate/,,
ISC,Medium Rigging Plate,ppe,Anchors & Accessories,Aluminium,CE 0120 89/686/EEC,UNL,UNL,40 kN,,,,,,,RP310,https://www.iscwales.com/Uploads/Products/UIMs/1-114-5-1222-1-RP310-Medium-Rigging-Plate-User-Instruction-Manual.pdf,https://www.iscwales.com/Products/anchors-accessories/RP310-Medium-Rigging-Plate/,,
ISC,Large Rigging Plate,ppe,Anchors & Accessories,Aluminium,CE 0120 89/686/EEC,UNL,UNL,45 kN,,,,,,,RP320,https://www.iscwales.com/Uploads/Products/UIMs/1-115-5-1223-1-RP320-Large-Rigging-Plate-User-Instruction-Manual.pdf,https://www.iscwales.com/Products/anchors-accessories/RP320-Large-Rigging-Plate/,,
ISC,Girder Grip Anchor,ppe,Anchors & Accessories,Aluminium / Steel,EN795:2012,UNL,UNL,,,,,,,,GG101,https://www.iscwales.com/Uploads/Products/UIMs/1-109-5-1162-1-GG101-Girder-Grip-Anchor-User-Instruction-Manual.pdf,https://www.iscwales.com/Products/anchors-accessories/GG101-Girder-Grip-Anchor/,,
ISC,Concrete Anchor,ppe,Anchors & Accessories,Aluminium / Steel,EN795:2012,UNL,UNL,12 kN,,,,,,,GG201,https://www.iscwales.com/Uploads/Products/UIMs/1-112-5-1161-1-GG201-Concrete-Anchor-User-Instruction-Manual.pdf,https://www.iscwales.com/Products/anchors-accessories/GG201-Concrete-Anchor/,,
ISC,Medium Pre-Cast Anchor,ppe,Anchors & Accessories,Aluminium / Steel,EN795:2012,UNL,UNL,12 kN,,,,,,,GG301,https://www.iscwales.com/Uploads/Products/UIMs/1-198-5-1163-1-GG301-Medium-Pre-Cast-Anchor-User-Instruction-Manual.pdf,https://www.iscwales.com/Products/anchors-accessories/GG301-medium-pre-cast-anchor/,,
ISC,Wire Anchor Strop,ppe,Anchors & Accessories,Steel (galvanised or stainless),EN795:12(B) / PD CEN/TS 16415:13,UNL,UNL,25 kN,,,,,,,WS100,https://www.iscwales.com/Uploads/Products/UIMs/1-116-5-1305-1-WS100-Wire-Anchor-Strop.pdf,https://www.iscwales.com/Products/anchors-accessories/WS100-Wire-Anchor-Strop/,,
ISC,3.3m Merlin Block (webbing),ppe,Fall Arrest Blocks,Aluminium / Webbing,EN360 / ANSI Z359,10,10,136 kg SWL,136 kg,136,,,,,UB033,https://www.iscwales.com/Uploads/Products/UIMs/1-100-5-1207-1-UB033-33m-11ft-Merlin-Block-User-Instruction-Manual.pdf,https://www.iscwales.com/Products/fall-arrest-blocks/UB033-33m-11ft-Merlin-Block/,,
ISC,6.6m Merlin Block (webbing),ppe,Fall Arrest Blocks,Aluminium / Webbing,EN360 / ANSI Z359,10,10,136 kg SWL,136 kg,136,,,,,UB066,https://www.iscwales.com/Uploads/Products/UIMs/1-101-5-1208-1-UB066-66m-20ft-Merlin-Fall-Arrest-Block-User-Instruction-Manual.pdf,https://www.iscwales.com/Products/fall-arrest-blocks/UB066-66m-20ft-Merlin-Fall-Arrest-Block/,,
ISC,15m Heavy Duty Fall Arrest Block (staalkabel),ppe,Fall Arrest Blocks,Aluminium / Steel cable,EN360 / ANSI Z359,UNL,UNL,136 kg SWL,136 kg,136,,,,,UB170,https://www.iscwales.com/Uploads/Products/UIMs/1-3-5-1212-1-UB170-15m-50ft-Heavy-Duty-Fall-Arrest-Block-User-Instruction-Manual.pdf,https://www.iscwales.com/Products/fall-arrest-blocks/UB170-15m-50ft-heavy-duty-fall-arrest-block/,,
ISC,15m Heavy Duty Fall Arrest Block met Recovery Winch,ppe,Fall Arrest Blocks,Aluminium / Steel cable,EN360 / EN1496 / ANSI Z359,UNL,UNL,136 kg SWL,136 kg,136,,,,,UB171,https://www.iscwales.com/Uploads/Products/UIMs/1-99-5-1213-1-UB171-15m-50ft-Heavy-Duty-Fall-Arrest-Block-with-Recovery-Winch-User-Instruction-Manual.pdf,https://www.iscwales.com/Products/fall-arrest-blocks/UB171-15m-50ft-Heavy-Duty-Fall-Arrest-Block-with-Recovery-Winch/,,
ISC,One-Way Locking Double Pulley,ppe,Progress Capture Pulleys,Aluminium,EN12278,UNL,UNL,30 kN,,,,13,,,RP700,https://www.iscwales.com/Uploads/Products/UIMs/1-93-5-1199-1-RP700-One-Way-Locking-Double-Pulley-User-Instruction-Manual.pdf,https://www.iscwales.com/Products/progress-capture-pulleys/RP700-One-Way-Locking-Double-Pulley/,,
ISC,Double Rescue Pulley (non-locking),ppe,Progress Capture Pulleys,Aluminium,EN12278,UNL,UNL,40 kN,,,10,13,,,RP701,https://www.iscwales.com/Uploads/Products/UIMs/1-94-5-1200-1-RP701-Double-Rescue-Pulley-non-locking-User-Instruction-Manual.pdf,https://www.iscwales.com/Products/progress-capture-pulleys/RP701-Double-Rescue-Pulley-non-locking/,,
ISC,Single Progress Capture Pulley (non-locking),ppe,Progress Capture Pulleys,Aluminium,EN12278 / EN567 / NFPA 1983,UNL,UNL,40 kN,,,10,13,,,RP702,https://www.iscwales.com/Uploads/Products/UIMs/1-95-5-1201-1-RP702-Single-Progress-Capture-Pulley-non-locking-User-Instruction-Manual.pdf,https://www.iscwales.com/Products/progress-capture-pulleys/RP702-Single-Progress-Capture-Pulley-non-locking/,,
ISC,Double Progress Capture Pulley (non-locking),ppe,Progress Capture Pulleys,Aluminium,EN12278 / EN567 / NFPA 1983,UNL,UNL,40 kN,,,10,13,,,RP703,https://www.iscwales.com/Uploads/Products/UIMs/1-96-5-1202-1-RP703-Double-Progress-Capture-Pulley-non-locking-User-Instruction-Manual.pdf,https://www.iscwales.com/Products/progress-capture-pulleys/RP703-Double-Progress-Capture-Pulley-non-locking/,,
ISC,One-way Locking Single Progress Capture Pulley,ppe,Progress Capture Pulleys,Aluminium,EN12278,UNL,UNL,30 kN,,,,13,,,RP704,https://www.iscwales.com/Uploads/Products/UIMs/1-97-5-1203-1-RP704-One-way-Locking-Single-Progress-Capture-Pulley-User-Instruction-Manual.pdf,https://www.iscwales.com/Products/progress-capture-pulleys/RP704-One-way-Locking-Single-Progress-Capture-Pulley/,,
ISC,One-way Locking Double Progress Capture Pulley,ppe,Progress Capture Pulleys,Aluminium,EN12278,UNL,UNL,30 kN,,,,13,,,RP705,https://www.iscwales.com/Uploads/Products/UIMs/1-98-5-1204-1-RP705-One-way-Locking-Double-Progress-Capture-Pulley-User-Instruction-Manual.pdf,https://www.iscwales.com/Products/progress-capture-pulleys/RP705-One-way-Locking-Double-Progress-Capture-Pulley/,,
ISC,HaulerBiner Compact Rescue Kit (105/165/300cm),ppe,Progress Capture Pulleys,Aluminium / 6mm rope,Voldoet aan EN12278 / EN567,UNL,UNL,,16 kN MBS / 140 kg WLL,,,,,,HB105.2 / HB165.2 / HB300.2,https://www.iscwales.com/Uploads/Products/UIMs/1-237-5-1136-1-HaulerBiner-Compact-Rescue-Kit-User-Manual.pdf,https://www.iscwales.com/Products/progress-capture-pulleys/HaulerBiner-Compact-Rescue-Kits/,,
ISC,200-Series Compact Rigging Pulley,rigging,Pulleys & Rigging Devices,Aluminium,CE Machinery Directive 2006/42/EC,UNL,UNL,100 kN,,,,14,,,RP248,https://www.iscwales.com/Uploads/Products/UIMs/1-288-5-2438-1-Rigging-Pulley-User-Instruction-Manual.pdf,https://www.iscwales.com/Products/pulleys/RP248-200-Series-Compact-Rigging-Pulley/,,
ISC,200-Series Small Rigging Pulley,rigging,Pulleys & Rigging Devices,Aluminium,CE Machinery Directive 2006/42/EC,UNL,UNL,250 kN,,,,16,,,RP251,https://www.iscwales.com/Uploads/Products/UIMs/1-289-5-2437-1-Rigging-Pulley-User-Instruction-Manual.pdf,https://www.iscwales.com/Products/pulleys/RP251-200-Series-Small-Rigging-Pulley/,,
ISC,200-Series Medium Rigging Pulley,rigging,Pulleys & Rigging Devices,Aluminium,CE Machinery Directive 2006/42/EC,UNL,UNL,300 kN,,,,20,,,RP255,https://www.iscwales.com/Uploads/Products/UIMs/1-290-5-2436-1-Rigging-Pulley-User-Instruction-Manual.pdf,https://www.iscwales.com/Products/pulleys/RP255-200-Series-Medium-Rigging-Pulley/,,
ISC,200-Series Large Rigging Pulley,rigging,Pulleys & Rigging Devices,Aluminium,CE Machinery Directive 2006/42/EC,UNL,UNL,380 kN,,,,26,,,RP257,https://www.iscwales.com/Uploads/Products/UIMs/1-297-5-2519-1-RP257-200-Series-Large-Rigging-Pulley-UIM.pdf,https://www.iscwales.com/Products/pulleys/RP257-200-Series-Large-Rigging-Pulley/,,
ISC,Small Forged Pulley 13mm,Rigging Pulley,Pulleys & Rigging Devices,Aluminium,CE,UNL,UNL,,2000 kg WLL,,,13,,,RP050,https://www.iscwales.com/Uploads/Products/UIMs/1-57-5-1189-1-RP050-Small-Rigging-Pulley-for-13mm-12-Rope-User-Instruction-Manual.pdf,https://www.iscwales.com/Products/pulleys/RP050-Small-Forged-Pulley-for-13mm-12-Rope/,,
ISC,Small Forged Pulley 16mm,Rigging Pulley,Pulleys & Rigging Devices,Aluminium,CE,UNL,UNL,,,,,16,,,RP051-16,https://www.iscwales.com/Uploads/Products/UIMs/1-57-5-1189-1-RP050-Small-Rigging-Pulley-for-13mm-12-Rope-User-Instruction-Manual.pdf,https://www.iscwales.com/Products/pulleys/RP051-Small-Forged-Pulley-for-16mm-58-Rope/,,
ISC,Small Forged Pulley 20mm,Rigging Pulley,Pulleys & Rigging Devices,Aluminium,CE,UNL,UNL,,,,,20,,,RP051-20,https://www.iscwales.com/Uploads/Products/UIMs/1-57-5-1189-1-RP050-Small-Rigging-Pulley-for-13mm-12-Rope-User-Instruction-Manual.pdf,https://www.iscwales.com/Products/pulleys/RP051-Small-Forged-Pulley-for-20mm-34-Rope/,,
ISC,Medium Forged Pulley 16mm,Rigging Pulley,Pulleys & Rigging Devices,Aluminium,CE,UNL,UNL,,,,,16,,,RP054,https://www.iscwales.com/Uploads/Products/UIMs/1-213-5-1191-1-RP054-Medium-Rigging-Pulley-for-16mm-User-Instruction-Manual.pdf,https://www.iscwales.com/Products/pulleys/RP054-Medium-Forged-Pulley-for-16mm-58-Rope/,,
ISC,Medium Forged Pulley 20mm,Rigging Pulley,Pulleys & Rigging Devices,Aluminium,CE,UNL,UNL,,,,,20,,,RP055,https://www.iscwales.com/Uploads/Products/UIMs/1-61-5-1190-1-RP055-Medium-Rigging-Pulley-for-20mm-User-Instruction-Manual.pdf,https://www.iscwales.com/Products/pulleys/RP055-Medium-Forged-Pulley-for-20mm-three-quarter-inch-Rope/,,
ISC,Large Cast Pulley 20mm,Rigging Pulley,Pulleys & Rigging Devices,Aluminium,CE,UNL,UNL,,,,,20,,,RP057,https://www.iscwales.com/Uploads/Products/UIMs/1-63-5-1192-1-RP057-Large-Cast-Pulley-for-20mm-User-Instruction-Manual.pdf,https://www.iscwales.com/Products/pulleys/RP057-Large-Cast-Pulley-for-20mm-three-quarter-inch-Rope/,,
ISC,Flame Rigging Pulley 16mm,Rigging Pulley,Pulleys & Rigging Devices,Aluminium,CE,UNL,UNL,,,,,16,,,RP056,https://www.iscwales.com/Uploads/Products/UIMs/1-62-5-1193-1-RP056-Flame-Rigging-Pulley-User-Instruction-Manual.pdf,https://www.iscwales.com/Products/pulleys/RP056-Flame-Rigging-Pulley-for-16mm-Rope/,,
ISC,Compact Rigging Pulley 13mm,Rigging Pulley,Pulleys & Rigging Devices,Aluminium,CE,UNL,UNL,,,,,13,,,RP048,https://www.iscwales.com/Uploads/Products/UIMs/1-213-5-1188-1-RP048-Compact-Rigging-Pulley-User-Instruction-Manual.pdf,https://www.iscwales.com/Products/pulleys/RP048-Compact-Rigging-Pulley/,,
ISC,Saturn Rigging Ring Small,Rigging Ring,Pulleys & Rigging Devices,Aluminium,CE,UNL,UNL,,28 kN,,,,,,RIN2528A,https://www.iscwales.com/Uploads/Products/UIMs/1-303-5-2560-1-Saturn-Series-Rigging-Ring.pdf,https://www.iscwales.com/Products/pulleys/RIN2528A-Saturn-Series-Rigging-Ring-Small/,,
ISC,Saturn Rigging Ring Medium,Rigging Ring,Pulleys & Rigging Devices,Aluminium,CE,UNL,UNL,,40 kN,,,,,,RIN3238A,https://www.iscwales.com/Uploads/Products/UIMs/1-303-5-2560-1-Saturn-Series-Rigging-Ring.pdf,https://www.iscwales.com/Products/pulleys/RIN3238A-Saturn-Series-Rigging-Ring-Medium/,,
ISC,Saturn Rigging Ring Large,Rigging Ring,Pulleys & Rigging Devices,Aluminium,CE,UNL,UNL,,60 kN,,,,,,RIN4452A,https://www.iscwales.com/Uploads/Products/UIMs/1-303-5-2560-1-Saturn-Series-Rigging-Ring.pdf,https://www.iscwales.com/Products/pulleys/RIN4452A-Saturn-Series-Rigging-Ring-Large/,,
ISC,Rigging Rope Wrench,Rigging Rope Wrench,Pulleys & Rigging Devices,Aluminium,CE,UNL,UNL,,70 kg,,12,13,,,RP290,https://www.iscwales.com/Uploads/Products/UIMs/1-280-5-2342-1-RP290-Rigging-Rope-Wrench-User-Instruction-Manual.pdf,https://www.iscwales.com/Products/pulleys/RP290-Rigging-Rope-Wrench/,,
ISC,Rigging Rope Wrench (one way locking),Rigging Rope Wrench,Pulleys & Rigging Devices,Aluminium,CE,UNL,UNL,,20-120 kg,,12,13,,,RP292,https://www.iscwales.com/Uploads/Products/UIMs/1-284-5-2366-1-RP292-Rigging-Rope-Wrench-One-Way-Locking-User-Instruction-Manual.pdf,https://www.iscwales.com/Products/pulleys/RP292-Rigging-Rope-Wrench/,,
ISC,Small Single Prussik Alu 13mm,ppe,Pulleys & Rigging Devices,Aluminium,EN12278,UNL,UNL,40 kN,,,,13,,,RP060-ALU,https://www.iscwales.com/Uploads/Products/UIMs/1-76-5-1195-1-Prussik-Minding-Pulley-User-Instruction-Manual.pdf,https://www.iscwales.com/Products/pulleys/RP060-Small-Single-Prussik-Aluminium-13mm-Rope/,,
ISC,Medium Single Prussik Alu,ppe,Pulleys & Rigging Devices,Aluminium,EN12278,UNL,UNL,50 kN,,,,13,,,RP063-ALU,https://www.iscwales.com/Uploads/Products/UIMs/1-76-5-1195-1-Prussik-Minding-Pulley-User-Instruction-Manual.pdf,https://www.iscwales.com/Products/pulleys/RP063-Medium-Single-Prussik-Aluminium/,,
ISC,Large Single Prussik Alu 16mm,ppe,Pulleys & Rigging Devices,Aluminium,EN12278,UNL,UNL,70 kN,,,,16,,,RP066-ALU,https://www.iscwales.com/Uploads/Products/UIMs/1-76-5-1195-1-Prussik-Minding-Pulley-User-Instruction-Manual.pdf,https://www.iscwales.com/Products/pulleys/RP066-Large-Single-Prussik-Aluminium-max-16mm-Rope/,,
ISC,Large Single Prussik met Load Becket 16mm,ppe,Pulleys & Rigging Devices,Aluminium,EN12278,UNL,UNL,70 kN,,,,16,,,RP068,https://www.iscwales.com/Uploads/Products/UIMs/1-76-5-1195-1-Prussik-Minding-Pulley-User-Instruction-Manual.pdf,https://www.iscwales.com/Products/pulleys/RP068-Large-Single-Prussik-with-Load-Becket-max-16mm-Rope/,,
ISC,Medium Single Prussik met Load Becket 13mm,ppe,Pulleys & Rigging Devices,Aluminium,EN12278,UNL,UNL,50 kN,,,,13,,,RP065-ALU,https://www.iscwales.com/Uploads/Products/UIMs/1-76-5-1195-1-Prussik-Minding-Pulley-User-Instruction-Manual.pdf,https://www.iscwales.com/Products/pulleys/RP065-Medium-Single-Prussik-with-Load-Becket-max-13mm-Rope/,,
ISC,Extra Large Single Prussik 19mm,ppe,Pulleys & Rigging Devices,Aluminium,EN12278,UNL,UNL,70 kN,,,,19,,,RP069,https://www.iscwales.com/Uploads/Products/UIMs/1-76-5-1195-1-Prussik-Minding-Pulley-User-Instruction-Manual.pdf,https://www.iscwales.com/Products/pulleys/RP069-Extra-Large-Single-Prussik-max-19mm-Rope/,,
ISC,Small Single Prussik SS 13mm,ppe,Pulleys & Rigging Devices,Stainless steel,EN12278,UNL,UNL,40 kN,,,,13,,,RP060-SS,https://www.iscwales.com/Uploads/Products/UIMs/1-76-5-1195-1-Prussik-Minding-Pulley-User-Instruction-Manual.pdf,https://www.iscwales.com/Products/pulleys/RP060-Small-Stainless-Steel-Single-Prussik-max-13mm-Rope/,,
ISC,Medium Single Prussik SS 13mm,ppe,Pulleys & Rigging Devices,Stainless steel,EN12278,UNL,UNL,50 kN,,,,13,,,RP063-SS,https://www.iscwales.com/Uploads/Products/UIMs/1-76-5-1195-1-Prussik-Minding-Pulley-User-Instruction-Manual.pdf,https://www.iscwales.com/Products/pulleys/RP063-Medium-Stainless-Steel-Single-Prussik-max-13mm-Rope/,,
ISC,Large Single Prussik SS 16mm,ppe,Pulleys & Rigging Devices,Stainless steel,EN12278,UNL,UNL,50 kN,,,,16,,,RP066-SS,https://www.iscwales.com/Uploads/Products/UIMs/1-76-5-1195-1-Prussik-Minding-Pulley-User-Instruction-Manual.pdf,https://www.iscwales.com/Products/pulleys/RP066-Large-Stainless-Steel-Single-Prussik-max-16mm-Rope/,,
ISC,Medium Single Prussik SS met Load Becket,ppe,Pulleys & Rigging Devices,Stainless steel,EN12278,UNL,UNL,50 kN,,,,13,,,RP065-SS,https://www.iscwales.com/Uploads/Products/UIMs/1-76-5-1195-1-Prussik-Minding-Pulley-User-Instruction-Manual.pdf,https://www.iscwales.com/Products/pulleys/RP065-Medium-Stainless-Steel-Single-Prussik-with-Load-Becket/,,
ISC,Small Double Prussik Alu 13mm,ppe,Pulleys & Rigging Devices,Aluminium,EN12278,UNL,UNL,40 kN,,,,13,,,RP061-ALU,https://www.iscwales.com/Uploads/Products/UIMs/1-76-5-1195-1-Prussik-Minding-Pulley-User-Instruction-Manual.pdf,https://www.iscwales.com/Products/pulleys/RP061-Small-Double-Prussik-for-13mm-Rope/,,
ISC,Medium Double Prussik Alu 13mm,ppe,Pulleys & Rigging Devices,Aluminium,EN12278,UNL,UNL,50 kN,,,,13,,,RP064-ALU,https://www.iscwales.com/Uploads/Products/UIMs/1-76-5-1195-1-Prussik-Minding-Pulley-User-Instruction-Manual.pdf,https://www.iscwales.com/Products/pulleys/RP064-Medium-Double-Prussik-max-13mm-Rope/,,
ISC,Large Double Prussik Alu 16mm,ppe,Pulleys & Rigging Devices,Aluminium,EN12278,UNL,UNL,70 kN,,,,16,,,RP067-ALU,https://www.iscwales.com/Uploads/Products/UIMs/1-76-5-1195-1-Prussik-Minding-Pulley-User-Instruction-Manual.pdf,https://www.iscwales.com/Products/pulleys/RP067-Large-Double-Prussik-max-16mm-Rope/,,
ISC,Small Double Prussik SS 13mm,ppe,Pulleys & Rigging Devices,Stainless steel,EN12278,UNL,UNL,40 kN,,,,13,,,RP061-SS,https://www.iscwales.com/Uploads/Products/UIMs/1-76-5-1195-1-Prussik-Minding-Pulley-User-Instruction-Manual.pdf,https://www.iscwales.com/Products/pulleys/RP061-Small-Stainless-Steel-Double-Prussik-max-13mm-Rope/,,
ISC,Medium Double Prussik SS 13mm,ppe,Pulleys & Rigging Devices,Stainless steel,EN12278,UNL,UNL,50 kN,,,,13,,,RP064-SS,https://www.iscwales.com/Uploads/Products/UIMs/1-76-5-1195-1-Prussik-Minding-Pulley-User-Instruction-Manual.pdf,https://www.iscwales.com/Products/pulleys/RP064-Medium-Stainless-Steel-Double-Prussik-max-13mm-Rope/,,
ISC,Large Double Prussik SS 16mm,ppe,Pulleys & Rigging Devices,Stainless steel,EN12278,UNL,UNL,50 kN,,,,16,,,RP067-SS,https://www.iscwales.com/Uploads/Products/UIMs/1-76-5-1195-1-Prussik-Minding-Pulley-User-Instruction-Manual.pdf,https://www.iscwales.com/Products/pulleys/RP067-Large-Stainless-Steel-Double-Prussik-max-16mm-Rope/,,
ISC,Eiger Small Single Pulley,ppe,Pulleys & Rigging Devices,Aluminium,EN12278,UNL,UNL,36 kN,,,,13,,,RP012,https://www.iscwales.com/Uploads/Products/UIMs/1-85-5-1196-1-Eiger-Pulley-User-Instruction-Manual.pdf,https://www.iscwales.com/Products/pulleys/RP012-Small-Single-Pulley/,,
ISC,Eiger Small Double Pulley,ppe,Pulleys & Rigging Devices,Aluminium,EN12278,UNL,UNL,36 kN,,,,13,,,RP030,https://www.iscwales.com/Uploads/Products/UIMs/1-85-5-1196-1-Eiger-Pulley-User-Instruction-Manual.pdf,https://www.iscwales.com/Products/pulleys/RP030-Small-Double-Pulley/,,
ISC,Eiger Medium Single Pulley,ppe,Pulleys & Rigging Devices,Aluminium,EN12278,UNL,UNL,36 kN,,,,13,,,RP032,https://www.iscwales.com/Uploads/Products/UIMs/1-85-5-1196-1-Eiger-Pulley-User-Instruction-Manual.pdf,https://www.iscwales.com/Products/pulleys/RP032-Medium-Single-Pulley/,,
ISC,Eiger Medium Double Pulley,ppe,Pulleys & Rigging Devices,Aluminium,EN12278,UNL,UNL,36 kN,,,,13,,,RP033,https://www.iscwales.com/Uploads/Products/UIMs/1-85-5-1196-1-Eiger-Pulley-User-Instruction-Manual.pdf,https://www.iscwales.com/Products/pulleys/RP033-Medium-Double-Pulley/,,
ISC,Eiger Medium Double Ended Pulley,ppe,Pulleys & Rigging Devices,Aluminium,EN12278,UNL,UNL,36 kN,,,,13,,,RP034,https://www.iscwales.com/Uploads/Products/UIMs/1-85-5-1196-1-Eiger-Pulley-User-Instruction-Manual.pdf,https://www.iscwales.com/Products/pulleys/RP034-Medium-Double-Ended-Pulley/,,
ISC,Eiger Double Re-direct Pulley,ppe,Pulleys & Rigging Devices,Aluminium,EN12278,UNL,UNL,36 kN,,,,13,,,RP031,https://www.iscwales.com/Uploads/Products/UIMs/1-85-5-1196-1-Eiger-Pulley-User-Instruction-Manual.pdf,https://www.iscwales.com/Products/pulleys/RP031-Double-Re-direct-Pulley/,,
ISC,Micro Pulley,ppe,Pulleys & Rigging Devices,Aluminium,EN12278,UNL,UNL,,,,,,,,RP037,https://www.iscwales.com/Uploads/Products/UIMs/1-85-5-1196-1-Eiger-Pulley-User-Instruction-Manual.pdf,https://www.iscwales.com/Products/pulleys/Micro-Pulley/,,
ISC,Fixed Wheel Shear Reduction Block Pulley,ppe,Pulleys & Rigging Devices,Stainless steel,CE PPE Directive,UNL,UNL,44 kN,,,,13,,,RP029,https://www.iscwales.com/Uploads/Products/UIMs/1-84-5-1194-1-RP029-Fixed-Wheel-Shear-Reduction-Block-Pulley-User-Instruction-Manual.pdf,https://www.iscwales.com/Products/pulleys/RP029-Fixed-Wheel-Shear-Reduction-Block-Pulley/,,
Inter,Treewor S,ppe,Harnesses,,"EN 358, EN 813",10,,,,,,,,,WS07019,http://jmpinter.com/wp-content/uploads/2020/08/SZELKI-BEZPIECZE%C5%83STWA-z-pasem-i-bez.pdf,http://jmpinter.com/wp-content/uploads/2022/03/2022-KATALOG-CENNIK-PL.pdf,,
Inter,Treewor M/L,ppe,Harnesses,,"EN 358, EN 813",10,,,,,,,,,WS07020,http://jmpinter.com/wp-content/uploads/2020/08/SZELKI-BEZPIECZE%C5%83STWA-z-pasem-i-bez.pdf,http://jmpinter.com/wp-content/uploads/2022/03/2022-KATALOG-CENNIK-PL.pdf,,
Inter,Treewor XXL,ppe,Harnesses,,"EN 358, EN 813",10,,,,,,,,,WS07021,http://jmpinter.com/wp-content/uploads/2020/08/SZELKI-BEZPIECZE%C5%83STWA-z-pasem-i-bez.pdf,http://jmpinter.com/wp-content/uploads/2022/03/2022-KATALOG-CENNIK-PL.pdf,,
Inter,Treewor C (Comfort) S,ppe,Harnesses,,"EN 358, EN 813",10,,,,,,,,,WS07029,http://jmpinter.com/wp-content/uploads/2020/08/SZELKI-BEZPIECZE%C5%83STWA-z-pasem-i-bez.pdf,http://jmpinter.com/wp-content/uploads/2022/03/2022-KATALOG-CENNIK-PL.pdf,,
Inter,Treewor C (Comfort) M/L,ppe,Harnesses,,"EN 358, EN 813",10,,,,,,,,,WS07030,http://jmpinter.com/wp-content/uploads/2020/08/SZELKI-BEZPIECZE%C5%83STWA-z-pasem-i-bez.pdf,http://jmpinter.com/wp-content/uploads/2022/03/2022-KATALOG-CENNIK-PL.pdf,,
Inter,Treewor C (Comfort) XL,ppe,Harnesses,,"EN 358, EN 813",10,,,,,,,,,WS07031,http://jmpinter.com/wp-content/uploads/2020/08/SZELKI-BEZPIECZE%C5%83STWA-z-pasem-i-bez.pdf,http://jmpinter.com/wp-content/uploads/2022/03/2022-KATALOG-CENNIK-PL.pdf,,
Inter,Treewor U S,ppe,Harnesses,,"EN 358, EN 813",10,,,,,,,,,WS07039,http://jmpinter.com/wp-content/uploads/2020/08/SZELKI-BEZPIECZE%C5%83STWA-z-pasem-i-bez.pdf,http://jmpinter.com/wp-content/uploads/2022/03/2022-KATALOG-CENNIK-PL.pdf,,
Inter,Treewor U M/L,ppe,Harnesses,,"EN 358, EN 813",10,,,,,,,,,WS07040,http://jmpinter.com/wp-content/uploads/2020/08/SZELKI-BEZPIECZE%C5%83STWA-z-pasem-i-bez.pdf,http://jmpinter.com/wp-content/uploads/2022/03/2022-KATALOG-CENNIK-PL.pdf,,
Inter,Treewor U XXL,ppe,Harnesses,,"EN 358, EN 813",10,,,,,,,,,WS07041,http://jmpinter.com/wp-content/uploads/2020/08/SZELKI-BEZPIECZE%C5%83STWA-z-pasem-i-bez.pdf,http://jmpinter.com/wp-content/uploads/2022/03/2022-KATALOG-CENNIK-PL.pdf,,
Inter,Treewor UC (Comfort) S,ppe,Harnesses,,"EN 358, EN 813",10,,,,,,,,,WS07049,http://jmpinter.com/wp-content/uploads/2020/08/SZELKI-BEZPIECZE%C5%83STWA-z-pasem-i-bez.pdf,http://jmpinter.com/wp-content/uploads/2022/03/2022-KATALOG-CENNIK-PL.pdf,,
Inter,Treewor UC (Comfort) M/L,ppe,Harnesses,,"EN 358, EN 813",10,,,,,,,,,WS07050,http://jmpinter.com/wp-content/uploads/2020/08/SZELKI-BEZPIECZE%C5%83STWA-z-pasem-i-bez.pdf,http://jmpinter.com/wp-content/uploads/2022/03/2022-KATALOG-CENNIK-PL.pdf,,
Inter,Treewor UC (Comfort) XL,ppe,Harnesses,,"EN 358, EN 813",10,,,,,,,,,WS07051,http://jmpinter.com/wp-content/uploads/2020/08/SZELKI-BEZPIECZE%C5%83STWA-z-pasem-i-bez.pdf,http://jmpinter.com/wp-content/uploads/2022/03/2022-KATALOG-CENNIK-PL.pdf,,
Inter,Treewor Top M/L,ppe,Harnesses,,EN 361,10,,,,,,,,,WS07060G,http://jmpinter.com/wp-content/uploads/2020/08/SZELKI-BEZPIECZE%C5%83STWA-z-pasem-i-bez.pdf,http://jmpinter.com/wp-content/uploads/2022/03/2022-KATALOG-CENNIK-PL.pdf,,
Inter,Treewor Top XL,ppe,Harnesses,,EN 361,10,,,,,,,,,WS07061G,http://jmpinter.com/wp-content/uploads/2020/08/SZELKI-BEZPIECZE%C5%83STWA-z-pasem-i-bez.pdf,http://jmpinter.com/wp-content/uploads/2022/03/2022-KATALOG-CENNIK-PL.pdf,,
Inter,Treewor Top Pad,ppe,Harnesses,,EN 361,10,,,,,,,,,WS07070G,http://jmpinter.com/wp-content/uploads/2020/08/SZELKI-BEZPIECZE%C5%83STWA-z-pasem-i-bez.pdf,http://jmpinter.com/wp-content/uploads/2022/03/2022-KATALOG-CENNIK-PL.pdf,,
Inter,Treeman S/M,ppe,Harnesses,,"EN 358, EN 813",10,,,,,,,,,WS07310,http://jmpinter.com/wp-content/uploads/2020/08/SZELKI-BEZPIECZE%C5%83STWA-z-pasem-i-bez.pdf,http://jmpinter.com/wp-content/uploads/2022/03/2022-KATALOG-CENNIK-PL.pdf,,
Inter,Treeman M/L,ppe,Harnesses,,"EN 358, EN 813",10,,,,,,,,,WS07311,http://jmpinter.com/wp-content/uploads/2020/08/SZELKI-BEZPIECZE%C5%83STWA-z-pasem-i-bez.pdf,http://jmpinter.com/wp-content/uploads/2022/03/2022-KATALOG-CENNIK-PL.pdf,,
Inter,Treeman XL,ppe,Harnesses,,"EN 358, EN 813",10,,,,,,,,,WS07312,http://jmpinter.com/wp-content/uploads/2020/08/SZELKI-BEZPIECZE%C5%83STWA-z-pasem-i-bez.pdf,http://jmpinter.com/wp-content/uploads/2022/03/2022-KATALOG-CENNIK-PL.pdf,,
Inter,Treeman SR S/M,ppe,Harnesses,,"EN 358, EN 813",10,,,,,,,,,WS07330,http://jmpinter.com/wp-content/uploads/2020/08/SZELKI-BEZPIECZE%C5%83STWA-z-pasem-i-bez.pdf,http://jmpinter.com/wp-content/uploads/2022/03/2022-KATALOG-CENNIK-PL.pdf,,
Inter,Treeman SR M/L,ppe,Harnesses,,"EN 358, EN 813",10,,,,,,,,,WS07331,http://jmpinter.com/wp-content/uploads/2020/08/SZELKI-BEZPIECZE%C5%83STWA-z-pasem-i-bez.pdf,http://jmpinter.com/wp-content/uploads/2022/03/2022-KATALOG-CENNIK-PL.pdf,,
Inter,Treeman SR XL,ppe,Harnesses,,"EN 358, EN 813",10,,,,,,,,,WS07332,http://jmpinter.com/wp-content/uploads/2020/08/SZELKI-BEZPIECZE%C5%83STWA-z-pasem-i-bez.pdf,http://jmpinter.com/wp-content/uploads/2022/03/2022-KATALOG-CENNIK-PL.pdf,,
Inter,Tree Chest S/M,ppe,Harnesses,,EN 361,10,,,,,,,,,WS07340,http://jmpinter.com/wp-content/uploads/2020/08/SZELKI-BEZPIECZE%C5%83STWA-z-pasem-i-bez.pdf,http://jmpinter.com/wp-content/uploads/2022/03/2022-KATALOG-CENNIK-PL.pdf,,
Inter,Tree Chest M/L,ppe,Harnesses,,EN 361,10,,,,,,,,,WS07341,http://jmpinter.com/wp-content/uploads/2020/08/SZELKI-BEZPIECZE%C5%83STWA-z-pasem-i-bez.pdf,http://jmpinter.com/wp-content/uploads/2022/03/2022-KATALOG-CENNIK-PL.pdf,,
Inter,Tree Chest XL,ppe,Harnesses,,EN 361,10,,,,,,,,,WS07342,http://jmpinter.com/wp-content/uploads/2020/08/SZELKI-BEZPIECZE%C5%83STWA-z-pasem-i-bez.pdf,http://jmpinter.com/wp-content/uploads/2022/03/2022-KATALOG-CENNIK-PL.pdf,,
Inter,Tree Top S/M,ppe,Harnesses,,EN 361,10,,,,,,,,,WS07350,http://jmpinter.com/wp-content/uploads/2020/08/SZELKI-BEZPIECZE%C5%83STWA-z-pasem-i-bez.pdf,http://jmpinter.com/wp-content/uploads/2022/03/2022-KATALOG-CENNIK-PL.pdf,,
Inter,Tree Top M/L,ppe,Harnesses,,EN 361,10,,,,,,,,,WS07351,http://jmpinter.com/wp-content/uploads/2020/08/SZELKI-BEZPIECZE%C5%83STWA-z-pasem-i-bez.pdf,http://jmpinter.com/wp-content/uploads/2022/03/2022-KATALOG-CENNIK-PL.pdf,,
Inter,Tree Top XL,ppe,Harnesses,,EN 361,10,,,,,,,,,WS07352,http://jmpinter.com/wp-content/uploads/2020/08/SZELKI-BEZPIECZE%C5%83STWA-z-pasem-i-bez.pdf,http://jmpinter.com/wp-content/uploads/2022/03/2022-KATALOG-CENNIK-PL.pdf,,
Inter,Action One M/L,ppe,Harnesses,,"EN 361, EN 358, EN 813",10,,,,,,,,,WS08020,http://jmpinter.com/wp-content/uploads/2020/08/SZELKI-BEZPIECZE%C5%83STWA-z-pasem-i-bez.pdf,http://jmpinter.com/wp-content/uploads/2022/03/2022-KATALOG-CENNIK-PL.pdf,,
Inter,Action One XL,ppe,Harnesses,,"EN 361, EN 358, EN 813",10,,,,,,,,,WS08021,http://jmpinter.com/wp-content/uploads/2020/08/SZELKI-BEZPIECZE%C5%83STWA-z-pasem-i-bez.pdf,http://jmpinter.com/wp-content/uploads/2022/03/2022-KATALOG-CENNIK-PL.pdf,,
Inter,Action One Auto M/L,ppe,Harnesses,,"EN 361, EN 358, EN 813",10,,,,,,,,,WS08320,http://jmpinter.com/wp-content/uploads/2020/08/SZELKI-BEZPIECZE%C5%83STWA-z-pasem-i-bez.pdf,http://jmpinter.com/wp-content/uploads/2022/03/2022-KATALOG-CENNIK-PL.pdf,,
Inter,Action One Auto XL,ppe,Harnesses,,"EN 361, EN 358, EN 813",10,,,,,,,,,WS08321,http://jmpinter.com/wp-content/uploads/2020/08/SZELKI-BEZPIECZE%C5%83STWA-z-pasem-i-bez.pdf,http://jmpinter.com/wp-content/uploads/2022/03/2022-KATALOG-CENNIK-PL.pdf,,
Inter,Action One Ergo M/L,ppe,Harnesses,,"EN 361, EN 358, EN 813",10,,,,,,,,,WS08120,http://jmpinter.com/wp-content/uploads/2020/08/SZELKI-BEZPIECZE%C5%83STWA-z-pasem-i-bez.pdf,http://jmpinter.com/wp-content/uploads/2022/03/2022-KATALOG-CENNIK-PL.pdf,,
Inter,Action One Ergo XL,ppe,Harnesses,,"EN 361, EN 358, EN 813",10,,,,,,,,,WS08121,http://jmpinter.com/wp-content/uploads/2020/08/SZELKI-BEZPIECZE%C5%83STWA-z-pasem-i-bez.pdf,http://jmpinter.com/wp-content/uploads/2022/03/2022-KATALOG-CENNIK-PL.pdf,,
Inter,Action Work M/L,ppe,Harnesses,,"EN 361, EN 358, EN 813",10,,,,,,,,,WS08020D,http://jmpinter.com/wp-content/uploads/2020/08/SZELKI-BEZPIECZE%C5%83STWA-z-pasem-i-bez.pdf,http://jmpinter.com/wp-content/uploads/2022/03/2022-KATALOG-CENNIK-PL.pdf,,
Inter,Action Work XL,ppe,Harnesses,,"EN 361, EN 358, EN 813",10,,,,,,,,,WS08021D,http://jmpinter.com/wp-content/uploads/2020/08/SZELKI-BEZPIECZE%C5%83STWA-z-pasem-i-bez.pdf,http://jmpinter.com/wp-content/uploads/2022/03/2022-KATALOG-CENNIK-PL.pdf,,
Inter,Action Work Ergo,ppe,Harnesses,,"EN 361, EN 358, EN 813",10,,,,,,,,,WS08242,http://jmpinter.com/wp-content/uploads/2020/08/SZELKI-BEZPIECZE%C5%83STWA-z-pasem-i-bez.pdf,http://jmpinter.com/wp-content/uploads/2022/03/2022-KATALOG-CENNIK-PL.pdf,,
Inter,Action Work Plus,ppe,Harnesses,,"EN 361, EN 358, EN 813",10,,,,,,,,,WS08052,http://jmpinter.com/wp-content/uploads/2020/08/SZELKI-BEZPIECZE%C5%83STWA-z-pasem-i-bez.pdf,http://jmpinter.com/wp-content/uploads/2022/03/2022-KATALOG-CENNIK-PL.pdf,,
Inter,Action Work Auto,ppe,Harnesses,,"EN 361, EN 358, EN 813",10,,,,,,,,,WS08142,http://jmpinter.com/wp-content/uploads/2020/08/SZELKI-BEZPIECZE%C5%83STWA-z-pasem-i-bez.pdf,http://jmpinter.com/wp-content/uploads/2022/03/2022-KATALOG-CENNIK-PL.pdf,,
Inter,Action One Top M/L,ppe,Harnesses,,EN 361,10,,,,,,,,,WS08042,http://jmpinter.com/wp-content/uploads/2020/08/SZELKI-BEZPIECZE%C5%83STWA-z-pasem-i-bez.pdf,http://jmpinter.com/wp-content/uploads/2022/03/2022-KATALOG-CENNIK-PL.pdf,,
Inter,Action One Top XL,ppe,Harnesses,,EN 361,10,,,,,,,,,WS08043,http://jmpinter.com/wp-content/uploads/2020/08/SZELKI-BEZPIECZE%C5%83STWA-z-pasem-i-bez.pdf,http://jmpinter.com/wp-content/uploads/2022/03/2022-KATALOG-CENNIK-PL.pdf,,
Inter,Action One Belt M/L,ppe,Harnesses,,"EN 358, EN 813",10,,,,,,,,,WS08020G,http://jmpinter.com/wp-content/uploads/2020/08/SZELKI-BEZPIECZE%C5%83STWA-z-pasem-i-bez.pdf,http://jmpinter.com/wp-content/uploads/2022/03/2022-KATALOG-CENNIK-PL.pdf,,
Inter,Action One Belt XL,ppe,Harnesses,,"EN 358, EN 813",10,,,,,,,,,WS08021G,http://jmpinter.com/wp-content/uploads/2020/08/SZELKI-BEZPIECZE%C5%83STWA-z-pasem-i-bez.pdf,http://jmpinter.com/wp-content/uploads/2022/03/2022-KATALOG-CENNIK-PL.pdf,,
Inter,Action One Ergo Belt,ppe,Harnesses,,"EN 358, EN 813",10,,,,,,,,,WS08120D,http://jmpinter.com/wp-content/uploads/2020/08/SZELKI-BEZPIECZE%C5%83STWA-z-pasem-i-bez.pdf,http://jmpinter.com/wp-content/uploads/2022/03/2022-KATALOG-CENNIK-PL.pdf,,
Inter,Action One Auto Belt,ppe,Harnesses,,"EN 358, EN 813",10,,,,,,,,,WS08320D,http://jmpinter.com/wp-content/uploads/2020/08/SZELKI-BEZPIECZE%C5%83STWA-z-pasem-i-bez.pdf,http://jmpinter.com/wp-content/uploads/2022/03/2022-KATALOG-CENNIK-PL.pdf,,
Inter,Action Force,ppe,Harnesses,,"EN 361, EN 358, EN 813",10,,,,,,,,,WS05050,http://jmpinter.com/wp-content/uploads/2020/08/SZELKI-BEZPIECZE%C5%83STWA-z-pasem-i-bez.pdf,http://jmpinter.com/wp-content/uploads/2022/03/2022-KATALOG-CENNIK-PL.pdf,,
Inter,Action P S,ppe,Harnesses,,"EN 358, EN 813",10,,,,,,,,,WS08031,http://jmpinter.com/wp-content/uploads/2020/08/SZELKI-BEZPIECZE%C5%83STWA-z-pasem-i-bez.pdf,http://jmpinter.com/wp-content/uploads/2022/03/2022-KATALOG-CENNIK-PL.pdf,,
Inter,Action P M/L,ppe,Harnesses,,"EN 358, EN 813",10,,,,,,,,,WS08032,http://jmpinter.com/wp-content/uploads/2020/08/SZELKI-BEZPIECZE%C5%83STWA-z-pasem-i-bez.pdf,http://jmpinter.com/wp-content/uploads/2022/03/2022-KATALOG-CENNIK-PL.pdf,,
Inter,Action P XL,ppe,Harnesses,,"EN 358, EN 813",10,,,,,,,,,WS08033,http://jmpinter.com/wp-content/uploads/2020/08/SZELKI-BEZPIECZE%C5%83STWA-z-pasem-i-bez.pdf,http://jmpinter.com/wp-content/uploads/2022/03/2022-KATALOG-CENNIK-PL.pdf,,
Inter,Action Belt Komplet,ppe,Harnesses,,"EN 361, EN 358, EN 813",10,,,,,,,,,WS08040,http://jmpinter.com/wp-content/uploads/2020/08/SZELKI-BEZPIECZE%C5%83STWA-z-pasem-i-bez.pdf,http://jmpinter.com/wp-content/uploads/2022/03/2022-KATALOG-CENNIK-PL.pdf,,
Inter,Action Belt Barkowa,Chest Harness Component,Harnesses,,,10,,,,,,,,,WS08040G,http://jmpinter.com/wp-content/uploads/2020/08/SZELKI-BEZPIECZE%C5%83STWA-z-pasem-i-bez.pdf,http://jmpinter.com/wp-content/uploads/2022/03/2022-KATALOG-CENNIK-PL.pdf,,
Inter,Action Belt Lacznik,no ppe,Harnesses,,,10,,,,,,,,,WS08040S,http://jmpinter.com/wp-content/uploads/2020/08/SZELKI-BEZPIECZE%C5%83STWA-z-pasem-i-bez.pdf,http://jmpinter.com/wp-content/uploads/2022/03/2022-KATALOG-CENNIK-PL.pdf,,
Inter,Action Belt Biodrowa,Sit Harness Component,Harnesses,,,10,,,,,,,,,WS08040D,http://jmpinter.com/wp-content/uploads/2020/08/SZELKI-BEZPIECZE%C5%83STWA-z-pasem-i-bez.pdf,http://jmpinter.com/wp-content/uploads/2022/03/2022-KATALOG-CENNIK-PL.pdf,,
Inter,BT 21,ppe,Harnesses,,EN 361,10,,,,,,,,,WS04021,http://jmpinter.com/wp-content/uploads/2020/08/SZELKI-BEZPIECZE%C5%83STWA-z-pasem-i-bez.pdf,http://jmpinter.com/wp-content/uploads/2022/03/2022-KATALOG-CENNIK-PL.pdf,,
Inter,BT 22,ppe,Harnesses,,"EN 361, EN 358",10,,,,,,,,,WS04022,http://jmpinter.com/wp-content/uploads/2020/08/SZELKI-BEZPIECZE%C5%83STWA-z-pasem-i-bez.pdf,http://jmpinter.com/wp-content/uploads/2022/03/2022-KATALOG-CENNIK-PL.pdf,,
Inter,BT 12,ppe,Harnesses,,"EN 361, EN 358",10,,,,,,,,,WS04012,http://jmpinter.com/wp-content/uploads/2020/08/SZELKI-BEZPIECZE%C5%83STWA-z-pasem-i-bez.pdf,http://jmpinter.com/wp-content/uploads/2022/03/2022-KATALOG-CENNIK-PL.pdf,,
Inter,Hakon N,ppe,Lanyards,,EN 355,10,,,,,,,,,WL04022,,http://jmpinter.com/wp-content/uploads/2022/03/2022-KATALOG-CENNIK-PL.pdf,,
Inter,Hakon NS,ppe,Lanyards,,EN 355,10,,,,,,,,,WL04020,,http://jmpinter.com/wp-content/uploads/2022/03/2022-KATALOG-CENNIK-PL.pdf,,
Inter,TreeRing 100 cm,ppe,Cambium Savers,"Aluminium rings, webbing","CE, EN 795:2012 Type B, EN 354:2010",10,,22 kN,,,,14,,,,,https://www.polskiarborysta.pl/product-pol-391-Ochraniacz-kambium-TreeRing.html,,
Inter,TreeRing 120 cm,ppe,Cambium Savers,"Aluminium rings, webbing","CE, EN 795:2012 Type B, EN 354:2010",10,,22 kN,,,,14,,,,,https://www.polskiarborysta.pl/product-pol-391-Ochraniacz-kambium-TreeRing.html,,
Inter,TreeRing 140 cm,ppe,Cambium Savers,"Aluminium rings, webbing","CE, EN 795:2012 Type B, EN 354:2010",10,,22 kN,,,,14,,,,,https://www.polskiarborysta.pl/product-pol-391-Ochraniacz-kambium-TreeRing.html,,
Inter,TreeRing 200 cm,ppe,Cambium Savers,"Aluminium rings, webbing","CE, EN 795:2012 Type B, EN 354:2010",10,,22 kN,,,,14,,,,,https://www.polskiarborysta.pl/product-pol-391-Ochraniacz-kambium-TreeRing.html,,
Inter,Prus O Prusik 60 cm,ppe,Prusik Loops,Polyester/Aramid,"EN 354, EN 358, EN 566, EN 795B",7,,,,,9,9,,,,,https://www.safetygreen.eu/jmp-inter-prus-o-prusik.html,,
Inter,Prus O Prusik 70 cm,ppe,Prusik Loops,Polyester/Aramid,"EN 354, EN 358, EN 566, EN 795B",7,,,,,9,9,,,,,https://www.safetygreen.eu/jmp-inter-prus-o-prusik.html,,
Kask,Superplasma AQ Blue,ppe,Helmets,"HD Polypropylene shell, HD Expanded Polystyrene inner shell, PA Nylon headband","CE EN 397, CE EN 12492 (clauses 4.2.1.2, 4.2.1.3, 4.2.1.4, 4.2.2, 4.1.4)",10,3,,,,,,Inside shell,,WHE00104-203,,https://www.kask-safety.com/en/superplasma.htm,,
Kask,Superplasma AQ Yellow,ppe,Helmets,"HD Polypropylene shell, HD Expanded Polystyrene inner shell, PA Nylon headband","CE EN 397, CE EN 12492 (clauses 4.2.1.2, 4.2.1.3, 4.2.1.4, 4.2.2, 4.1.4)",10,3,,,,,,Inside shell,,WHE00104-204,,https://www.kask-safety.com/en/superplasma.htm,,
Kask,Superplasma AQ Green,ppe,Helmets,"HD Polypropylene shell, HD Expanded Polystyrene inner shell, PA Nylon headband","CE EN 397, CE EN 12492 (clauses 4.2.1.2, 4.2.1.3, 4.2.1.4, 4.2.2, 4.1.4)",10,3,,,,,,Inside shell,,WHE00104-208,,https://www.kask-safety.com/en/superplasma.htm,,
Kask,Superplasma AQ Orange,ppe,Helmets,"HD Polypropylene shell, HD Expanded Polystyrene inner shell, PA Nylon headband","CE EN 397, CE EN 12492 (clauses 4.2.1.2, 4.2.1.3, 4.2.1.4, 4.2.2, 4.1.4)",10,3,,,,,,Inside shell,,WHE00104-206,,https://www.kask-safety.com/en/superplasma.htm,,
Kask,Superplasma AQ Red,ppe,Helmets,"HD Polypropylene shell, HD Expanded Polystyrene inner shell, PA Nylon headband","CE EN 397, CE EN 12492 (clauses 4.2.1.2, 4.2.1.3, 4.2.1.4, 4.2.2, 4.1.4)",10,3,,,,,,Inside shell,,WHE00104-205,,https://www.kask-safety.com/en/superplasma.htm,,
Kask,Superplasma AQ White,ppe,Helmets,"HD Polypropylene shell, HD Expanded Polystyrene inner shell, PA Nylon headband","CE EN 397, CE EN 12492 (clauses 4.2.1.2, 4.2.1.3, 4.2.1.4, 4.2.2, 4.1.4)",10,3,,,,,,Inside shell,,WHE00104-201,,https://www.kask-safety.com/en/superplasma.htm,,
Kask,Superplasma AQ Black,ppe,Helmets,"HD Polypropylene shell, HD Expanded Polystyrene inner shell, PA Nylon headband","CE EN 397, CE EN 12492 (clauses 4.2.1.2, 4.2.1.3, 4.2.1.4, 4.2.2, 4.1.4)",10,3,,,,,,Inside shell,,WHE00104-210,,https://www.kask-safety.com/en/superplasma.htm,,
Kask,Superplasma HP,ppe,Helmets,"HD Polypropylene shell, HD Expanded Polystyrene inner shell, PA Nylon headband",CE EN 12492,10,3,,,,,,Inside shell,,AHE00005,,https://www.kask-safety.com/en/superplasma.htm,,
Kask,Zenith X-Air Blue,ppe,Helmets,"HD Polypropylene shell, HD Expanded Polystyrene inner shell, PA Nylon headband","CE EN 12492, ANSI Z89.1 Type 1 Class C",10,3,,,,,,Inside shell,,WHE00084-203,,https://www.kask-safety.com/en/helmets/zenith-x/zenith-x-air_24_66.htm,,
Kask,Zenith X-Air Yellow,ppe,Helmets,"HD Polypropylene shell, HD Expanded Polystyrene inner shell, PA Nylon headband","CE EN 12492, ANSI Z89.1 Type 1 Class C",10,3,,,,,,Inside shell,,WHE00084-204,,https://www.kask-safety.com/en/helmets/zenith-x/zenith-x-air_24_66.htm,,
Kask,Zenith X-Air Olive Green,ppe,Helmets,"HD Polypropylene shell, HD Expanded Polystyrene inner shell, PA Nylon headband","CE EN 12492, ANSI Z89.1 Type 1 Class C",10,3,,,,,,Inside shell,,WHE00084-218,,https://www.kask-safety.com/en/helmets/zenith-x/zenith-x-air_24_66.htm,,
Kask,Zenith X-Air Orange,ppe,Helmets,"HD Polypropylene shell, HD Expanded Polystyrene inner shell, PA Nylon headband","CE EN 12492, ANSI Z89.1 Type 1 Class C",10,3,,,,,,Inside shell,,WHE00084-206,,https://www.kask-safety.com/en/helmets/zenith-x/zenith-x-air_24_66.htm,,
Kask,Zenith X-Air Red,ppe,Helmets,"HD Polypropylene shell, HD Expanded Polystyrene inner shell, PA Nylon headband","CE EN 12492, ANSI Z89.1 Type 1 Class C",10,3,,,,,,Inside shell,,WHE00084-205,,https://www.kask-safety.com/en/helmets/zenith-x/zenith-x-air_24_66.htm,,
Kask,Zenith X-Air Pink,ppe,Helmets,"HD Polypropylene shell, HD Expanded Polystyrene inner shell, PA Nylon headband","CE EN 12492, ANSI Z89.1 Type 1 Class C",10,3,,,,,,Inside shell,,WHE00084-214,,https://www.kask-safety.com/en/helmets/zenith-x/zenith-x-air_24_66.htm,,
Kask,Zenith X-Air White,ppe,Helmets,"HD Polypropylene shell, HD Expanded Polystyrene inner shell, PA Nylon headband","CE EN 12492, ANSI Z89.1 Type 1 Class C",10,3,,,,,,Inside shell,,WHE00084-201,,https://www.kask-safety.com/en/helmets/zenith-x/zenith-x-air_24_66.htm,,
Kask,Zenith X-Air Black,ppe,Helmets,"HD Polypropylene shell, HD Expanded Polystyrene inner shell, PA Nylon headband","CE EN 12492, ANSI Z89.1 Type 1 Class C",10,3,,,,,,Inside shell,,WHE00084-210,,https://www.kask-safety.com/en/helmets/zenith-x/zenith-x-air_24_66.htm,,
Kask,Primero Air White,ppe,Helmets,"HD Polypropylene shell, HD Expanded Polystyrene inner shell, PA Nylon headband","CE EN 397, CE EN 12492 (clauses 4.2.1.2, 4.2.1.3, 4.2.1.4, 4.2.2, 4.2.3, 4.2.4, 4.1.4)",10,3,,,,,,Inside shell,,WHE00123-201,,https://www.kask-safety.com/en-us/primero.htm,,
Kask,Primero Air Yellow,ppe,Helmets,"HD Polypropylene shell, HD Expanded Polystyrene inner shell, PA Nylon headband","CE EN 397, CE EN 12492 (clauses 4.2.1.2, 4.2.1.3, 4.2.1.4, 4.2.2, 4.2.3, 4.2.4, 4.1.4)",10,3,,,,,,Inside shell,,WHE00123-204,,https://www.kask-safety.com/en-us/primero.htm,,
Kask,Primero Air Orange,ppe,Helmets,"HD Polypropylene shell, HD Expanded Polystyrene inner shell, PA Nylon headband","CE EN 397, CE EN 12492 (clauses 4.2.1.2, 4.2.1.3, 4.2.1.4, 4.2.2, 4.2.3, 4.2.4, 4.1.4)",10,3,,,,,,Inside shell,,WHE00123-206,,https://www.kask-safety.com/en-us/primero.htm,,
Kask,Primero Air Red,ppe,Helmets,"HD Polypropylene shell, HD Expanded Polystyrene inner shell, PA Nylon headband","CE EN 397, CE EN 12492 (clauses 4.2.1.2, 4.2.1.3, 4.2.1.4, 4.2.2, 4.2.3, 4.2.4, 4.1.4)",10,3,,,,,,Inside shell,,WHE00123-205,,https://www.kask-safety.com/en-us/primero.htm,,
Kask,Primero Air Blue,ppe,Helmets,"HD Polypropylene shell, HD Expanded Polystyrene inner shell, PA Nylon headband","CE EN 397, CE EN 12492 (clauses 4.2.1.2, 4.2.1.3, 4.2.1.4, 4.2.2, 4.2.3, 4.2.4, 4.1.4)",10,3,,,,,,Inside shell,,WHE00123-203,,https://www.kask-safety.com/en-us/primero.htm,,
Kask,Primero Air Black,ppe,Helmets,"HD Polypropylene shell, HD Expanded Polystyrene inner shell, PA Nylon headband","CE EN 397, CE EN 12492 (clauses 4.2.1.2, 4.2.1.3, 4.2.1.4, 4.2.2, 4.2.3, 4.2.4, 4.1.4)",10,3,,,,,,Inside shell,,WHE00123-210,,https://www.kask-safety.com/en-us/primero.htm,,
Kask,Primero Air Hi-Viz,ppe,Helmets,"HD Polypropylene shell, HD Expanded Polystyrene inner shell, PA Nylon headband","CE EN 397, CE EN 12492 (clauses 4.2.1.2, 4.2.1.3, 4.2.1.4, 4.2.2, 4.2.3, 4.2.4, 4.1.4)",10,3,,,,,,Inside shell,,WHE00123-208,,https://www.kask-safety.com/en-us/primero.htm,,
Kask,Primero PL White,ppe,Helmets,"HD Polypropylene shell, HD Expanded Polystyrene inner shell, PA Nylon headband",CE EN 12492,10,3,,,,,,Inside shell,,WHE00116-201,,https://www.kask-safety.com/en-us/primero.htm,,
Kask,Primero PL Yellow,ppe,Helmets,"HD Polypropylene shell, HD Expanded Polystyrene inner shell, PA Nylon headband",CE EN 12492,10,3,,,,,,Inside shell,,WHE00116-204,,https://www.kask-safety.com/en-us/primero.htm,,
Kask,Primero PL Orange,ppe,Helmets,"HD Polypropylene shell, HD Expanded Polystyrene inner shell, PA Nylon headband",CE EN 12492,10,3,,,,,,Inside shell,,WHE00116-206,,https://www.kask-safety.com/en-us/primero.htm,,
Kask,Primero PL Black,ppe,Helmets,"HD Polypropylene shell, HD Expanded Polystyrene inner shell, PA Nylon headband",CE EN 12492,10,3,,,,,,Inside shell,,WHE00116-210,,https://www.kask-safety.com/en-us/primero.htm,,
Kask,Primero PL Hi-Viz,ppe,Helmets,"HD Polypropylene shell, HD Expanded Polystyrene inner shell, PA Nylon headband",CE EN 12492,10,3,,,,,,Inside shell,,WHE00116-208,,https://www.kask-safety.com/en-us/primero.htm,,
Kask,Zenith X2 Air White,ppe,Helmets,"HD Polypropylene shell, HD Expanded Polystyrene inner shell, PA Nylon headband","CE EN 12492, ANSI Z89.1 Type I/II Class E",10,3,,,,,,Inside shell,,WHE00085-201,,https://www.kask-safety.com/en/helmets/zenith-x2/zenith-x2-air_24_85.htm,,
Kask,Zenith X2 Air Yellow,ppe,Helmets,"HD Polypropylene shell, HD Expanded Polystyrene inner shell, PA Nylon headband","CE EN 12492, ANSI Z89.1 Type I/II Class E",10,3,,,,,,Inside shell,,WHE00085-204,,https://www.kask-safety.com/en/helmets/zenith-x2/zenith-x2-air_24_85.htm,,
Kask,Zenith X2 Air Orange,ppe,Helmets,"HD Polypropylene shell, HD Expanded Polystyrene inner shell, PA Nylon headband","CE EN 12492, ANSI Z89.1 Type I/II Class E",10,3,,,,,,Inside shell,,WHE00085-206,,https://www.kask-safety.com/en/helmets/zenith-x2/zenith-x2-air_24_85.htm,,
Kask,Zenith X2 Air Red,ppe,Helmets,"HD Polypropylene shell, HD Expanded Polystyrene inner shell, PA Nylon headband","CE EN 12492, ANSI Z89.1 Type I/II Class E",10,3,,,,,,Inside shell,,WHE00085-205,,https://www.kask-safety.com/en/helmets/zenith-x2/zenith-x2-air_24_85.htm,,
Kask,Zenith X2 Air Blue,ppe,Helmets,"HD Polypropylene shell, HD Expanded Polystyrene inner shell, PA Nylon headband","CE EN 12492, ANSI Z89.1 Type I/II Class E",10,3,,,,,,Inside shell,,WHE00085-203,,https://www.kask-safety.com/en/helmets/zenith-x2/zenith-x2-air_24_85.htm,,
Kask,Zenith X2 Air Black,ppe,Helmets,"HD Polypropylene shell, HD Expanded Polystyrene inner shell, PA Nylon headband","CE EN 12492, ANSI Z89.1 Type I/II Class E",10,3,,,,,,Inside shell,,WHE00085-210,,https://www.kask-safety.com/en/helmets/zenith-x2/zenith-x2-air_24_85.htm,,
Kask,Zenith X2 Air Hi-Viz,ppe,Helmets,"HD Polypropylene shell, HD Expanded Polystyrene inner shell, PA Nylon headband","CE EN 12492, ANSI Z89.1 Type I/II Class E",10,3,,,,,,Inside shell,,WHE00085-208,,https://www.kask-safety.com/en/helmets/zenith-x2/zenith-x2-air_24_85.htm,,
Kask,Zenith X PL White,ppe,Helmets,"HD Polypropylene shell, HD Expanded Polystyrene inner shell, PA Nylon headband",CE EN 12492,10,3,,,,,,Inside shell,,WHE00076-201,,https://www.kask-safety.com/en/helmets/zenith-x/zenith-x-pl_24_64.htm,,
Kask,Zenith X PL Yellow,ppe,Helmets,"HD Polypropylene shell, HD Expanded Polystyrene inner shell, PA Nylon headband",CE EN 12492,10,3,,,,,,Inside shell,,WHE00076-204,,https://www.kask-safety.com/en/helmets/zenith-x/zenith-x-pl_24_64.htm,,
Kask,Zenith X PL Orange,ppe,Helmets,"HD Polypropylene shell, HD Expanded Polystyrene inner shell, PA Nylon headband",CE EN 12492,10,3,,,,,,Inside shell,,WHE00076-206,,https://www.kask-safety.com/en/helmets/zenith-x/zenith-x-pl_24_64.htm,,
Kask,Zenith X PL Black,ppe,Helmets,"HD Polypropylene shell, HD Expanded Polystyrene inner shell, PA Nylon headband",CE EN 12492,10,3,,,,,,Inside shell,,WHE00076-210,,https://www.kask-safety.com/en/helmets/zenith-x/zenith-x-pl_24_64.htm,,
Kask,Zenith X PL Hi-Viz,ppe,Helmets,"HD Polypropylene shell, HD Expanded Polystyrene inner shell, PA Nylon headband",CE EN 12492,10,3,,,,,,Inside shell,,WHE00076-208,,https://www.kask-safety.com/en/helmets/zenith-x/zenith-x-pl-hi-viz_24_66.htm,,
Kask,Superplasma PL White,ppe,Helmets,"HD Polypropylene shell, HD Expanded Polystyrene inner shell, PA Nylon headband",CE EN 12492,10,3,,,,,,Inside shell,,WHE00013-201,,https://www.kask-safety.com/en/helmets/superplasma/superplasma-pl_24_13.htm,,
Kask,Superplasma PL Yellow,ppe,Helmets,"HD Polypropylene shell, HD Expanded Polystyrene inner shell, PA Nylon headband",CE EN 12492,10,3,,,,,,Inside shell,,WHE00013-204,,https://www.kask-safety.com/en/helmets/superplasma/superplasma-pl_24_13.htm,,
Kask,Superplasma PL Orange,ppe,Helmets,"HD Polypropylene shell, HD Expanded Polystyrene inner shell, PA Nylon headband",CE EN 12492,10,3,,,,,,Inside shell,,WHE00013-206,,https://www.kask-safety.com/en/helmets/superplasma/superplasma-pl_24_13.htm,,
Kask,Superplasma PL Black,ppe,Helmets,"HD Polypropylene shell, HD Expanded Polystyrene inner shell, PA Nylon headband",CE EN 12492,10,3,,,,,,Inside shell,,WHE00013-210,,https://www.kask-safety.com/en/helmets/superplasma/superplasma-pl_24_13.htm,,
Kask,Superplasma PL Hi-Viz,ppe,Helmets,"HD Polypropylene shell, HD Expanded Polystyrene inner shell, PA Nylon headband",CE EN 12492,10,3,,,,,,Inside shell,,WHE00013-208,,https://www.kask-safety.com/en/helmets/superplasma/superplasma-pl-hi-viz_24_14.htm,,
Kask,Superplasma HP Visor,ppe,Helmets,"HD Polypropylene shell, HD Expanded Polystyrene inner shell, PA Nylon headband","CE EN 14052, CE EN 12492 (4.2.1.2/3/4), CE EN 397 LD",10,3,,,,,,Inside shell,,WHE00107,,https://www.kask-safety.com/en/helmets/superplasma/superplasma-hp-visor_24_100.htm,,
Kask,Zenith PL White,ppe,Helmets,"PP/ABS Polypropylene shell, HD Polystyrene inner shell, PA Nylon headband",CE EN 12492,10,3,,,,,,Inside shell,,WHE00029-201,,https://www.kask-safety.com/en/helmets/zenith/zenith-discontinued-items.htm,,
Kask,Zenith PL Orange,ppe,Helmets,"PP/ABS Polypropylene shell, HD Polystyrene inner shell, PA Nylon headband",CE EN 12492,10,3,,,,,,Inside shell,,WHE00029-206,,https://www.kask-safety.com/en/helmets/zenith/zenith-discontinued-items.htm,,
Kask,Zenith PL Yellow,ppe,Helmets,"PP/ABS Polypropylene shell, HD Polystyrene inner shell, PA Nylon headband",CE EN 12492,10,3,,,,,,Inside shell,,WHE00029-204,,https://www.kask-safety.com/en/helmets/zenith/zenith-discontinued-items.htm,,
Kask,Zenith PL Black,ppe,Helmets,"PP/ABS Polypropylene shell, HD Polystyrene inner shell, PA Nylon headband",CE EN 12492,10,3,,,,,,Inside shell,,WHE00029-210,,https://www.kask-safety.com/en/helmets/zenith/zenith-discontinued-items.htm,,
Kask,Zenith Air White,ppe,Helmets,"PP/ABS Polypropylene shell, HD Polystyrene inner shell, PA Nylon headband","CE EN 12492, ANSI Z89.1 Type 1 Class C",10,3,,,,,,Inside shell,,WHE00034-201,,https://www.kask-safety.com/en/helmets/zenith/zenith-discontinued-items.htm,,
Kask,Zenith Air Orange,ppe,Helmets,"PP/ABS Polypropylene shell, HD Polystyrene inner shell, PA Nylon headband","CE EN 12492, ANSI Z89.1 Type 1 Class C",10,3,,,,,,Inside shell,,WHE00034-206,,https://www.kask-safety.com/en/helmets/zenith/zenith-discontinued-items.htm,,
Kask,Zenith Hi-Viz,ppe,Helmets,"PP/ABS Polypropylene shell, HD Polystyrene inner shell, PA Nylon headband",CE EN 12492,10,3,,,,,,Inside shell,,WHE00048-208,,https://www.kask-safety.com/en/helmets/zenith/zenith-discontinued-items.htm,,
Kask,Zenith Combo PL,ppe,Helmets,"PP/ABS Polypropylene shell, HD Polystyrene inner shell, PA Nylon headband",CE EN 12492,10,3,,,,,,Inside shell,,WHE00035-201,,https://www.kask-safety.com/en/helmets/zenith/zenith-discontinued-items.htm,,
Kask,Superplasma HD,ppe,Helmets,"PP/ABS Polypropylene shell, HD Polystyrene inner shell, PA Nylon headband","CE EN 12492, ANSI Z89.1, CSA Z94.1",10,3,,,,,,Inside shell,,WHE00020,,https://www.kask-safety.com/en/helmets/superplasma/superplasma-discontinued-items.htm,,
Kask,HP Plus White,ppe,Helmets,"PP/ABS Polypropylene shell, HD Polystyrene inner shell, PA Nylon headband","CE EN 14052, CE EN 12492 (4.2.1.2/3/4)",10,3,,,,,,Inside shell,,WHE00060-201,,https://www.kask-safety.com/en/helmets/hp-plus/hp-plus-discontinued-items.htm,,
Kask,HP Plus Yellow,ppe,Helmets,"PP/ABS Polypropylene shell, HD Polystyrene inner shell, PA Nylon headband","CE EN 14052, CE EN 12492 (4.2.1.2/3/4)",10,3,,,,,,Inside shell,,WHE00060-204,,https://www.kask-safety.com/en/helmets/hp-plus/hp-plus-discontinued-items.htm,,
Kask,HP Plus Orange,ppe,Helmets,"PP/ABS Polypropylene shell, HD Polystyrene inner shell, PA Nylon headband","CE EN 14052, CE EN 12492 (4.2.1.2/3/4)",10,3,,,,,,Inside shell,,WHE00060-206,,https://www.kask-safety.com/en/helmets/hp-plus/hp-plus-discontinued-items.htm,,
Kratos,HOPE - Energy Absorber in wide webbing 35 mm,ppe,Energy Absorbers,Polyester,EN 355:2002,,10,,,100,,,,,FA3000035,,https://kratossafety.com/en/energy-absorbing-lanyards/134-hope-energy-absorber-in-35-mm-wide-webbing.html,,
Kratos,HOPE - Energy absorbing webbing lanyard 1.80 m,ppe,Energy Absorbers,"Polyester, Polyamide, Steel",EN 355:2002,,10,,,100,,,,,FA3030418,,https://kratossafety.com/en/energy-absorbing-lanyards/148-hope-energy-absorbing-webbing-lanyard-180-mtr-and-connectors-fa5010117-and-fa5020755.html,,
Kratos,HOPE - Forked energy absorbing webbing lanyard 1.80 m,ppe,Energy Absorbers,"Polyester, Steel",EN 355:2002,,10,,,,,,,,FA3040018,,https://kratossafety.com/en/energy-absorbing-lanyards/149-hope-forked-energy-absorbing-webbing-lanyard-180-mtr-and-connectors-fa5010117-and-fa5020755.html,,
Kratos,HOPE - Energy absorbing kernmantle rope lanyard 1.50 m,ppe,Energy Absorbers,"Polyamide, Polyester, Steel",EN 355:2002,,10,,,,,,,,FA3050215,,https://kratossafety.com/en/energy-absorbing-lanyards/154-hope-energy-absorbing-kernmantle-rope-lanyard-150-mtr-with-connector-fa5020755.html,,
Kratos,HOPE - Energy absorbing kernmantle rope lanyard 2 m,ppe,Energy Absorbers,"Polyamide, Polyester, Steel",EN 355:2002,,10,,,100,,,,,FA3050320,,https://kratossafety.com/en/energy-absorbing-lanyards/157-hope-energy-absorbing-kernmantle-rope-lanyard-2-mtr-with-connectors-fa5020217-and-fa5020755.html,,
Kratos,HOPE - Forked energy absorbing kernmantle rope lanyard 1 m,ppe,Energy Absorbers,Steel,EN 355:2002,,10,,,,,,,,FA3060010,,https://kratossafety.com/en/energy-absorbing-lanyards/576-hope-forked-energy-absorbing-kernmantle-rope-lanyard-1-mtr-with-connectors-fa-50-101-17-and-fa-50-207-55.html,,
Kratos,HOPE - Forked energy absorbing kernmantle rope lanyard - without connector,ppe,Energy Absorbers,,EN 355:2002,,10,,,,,,,,FA3060013,,https://kratossafety.com/en/energy-absorbing-lanyards/671-hope-forked-energy-absorbing-kernmantle-rope-lanyard-without-connector.html,,
Kratos,HOPE - Energy absorbing expandable lanyard 2 m,ppe,Energy Absorbers,"Polyester, Steel",EN 355:2002,,10,,,100,,,,,FA3070320,,https://kratossafety.com/en/energy-absorbing-lanyards/162-hope-energy-absorbing-expandable-lanyard-2-mtr-with-connectors-fa5020217-and-fa5020755.html,,
Kratos,HOPE - Forked energy absorbing expandable lanyard 1.50 m,ppe,Energy Absorbers,"Polyester, Steel",EN 355:2002,,10,,,140,,,,,FA3080015,,https://kratossafety.com/en/energy-absorbing-lanyards/163-hope-forked-energy-absorbing-expandable-lanyard-150-mtr-with-connectors-fa5010117-and-fa5020755.html,,
Kratos,"GRAVITY-S - Compact energy absorber with forked lanyards, 1.50 m (sharp edges)",ppe,Energy Absorbers,"Polyester, Aluminium","EN 355:2002, PPE-R/11.063, PPE-R/11.074",,10,,,140,,,,,FA3082315,,https://kratossafety.com/en/energy-absorbing-lanyards/947-gravity-s-compact-energy-absorber-with-forked-lanyards-140-kg-sharp-edges-elastic-strap-lg-150-m.html,,
Kratos,GRAVITY-S - Expandable lanyard with energy absorber 2 m,ppe,Energy Absorbers,"Polyester, Aluminium",EN 355:2002,,10,,,140,,,,,FA3072320,,https://kratossafety.com/en/energy-absorbing-lanyards/634-gravity-s-expandable-lanyard-with-energy-absorber-and-2-aluminium-hooks-length-2-m.html,,
Kratos,GRAVITY-S - Expandable webbing lanyard 2 m with integrated energy absorber,ppe,Energy Absorbers,"Polyester, Aluminium",EN 355:2002,,10,,,140,,,,,FA3090020,,https://kratossafety.com/en/energy-absorbing-lanyards/308-gravity-s-expandable-lanyard-2-m-with-energy-absorber-integrated-in-the-lanyard.html,,
Kratos,GRAVITY-S - 2 m forked energy absorbing lanyard with intermediate tie-back rings,ppe,Energy Absorbers,"Polyester, Aluminium","EN 355:2002, PPE-R 11.062, PPE-R 11.063, PPE-R 11.074",,10,,,140,,,,,FA3082420,,https://kratossafety.com/en/energy-absorbing-lanyards/934-gravity-s-2-m-forked-energy-absorbing-lanyard-with-intermediate-tie-back-rings.html,,
Kratos,"GRAVITY-S - Adjustable webbing lanyard with compact energy absorber, 0.75-2 m",Energy absorbing lanyard,Energy Absorbers,"Polyester, Aluminium",,,10,,,140,,,,,FA3072420,,https://kratossafety.com/en/energy-absorbing-lanyards/948-gravity-s-adjustable-webbing-lanyard-with-compact-energy-absorber-140-kg-sharp-edges-lg-2-m.html,,
Kratos,"GRAVITY-S - Forked expandable lanyard with energy absorber, 1.50 m (3 aluminium karabiners)",ppe,Energy Absorbers,"Polyester, Aluminium",EN 355:2002,,10,,,140,,,,,FA3082015,,https://kratossafety.com/en/energy-absorbing-lanyards/635-forked-expandable-lanyard-with-energy-absorber-and-3-aluminium-karabiners-lg-150-m.html,,
Notch,RC Grapple,Work Positioning Device,Work Positioning Devices,Aluminium / Stainless Steel / Polyester tether,,UNL,10,,160 kg,160,,,,,99803,https://store-byhk2npena.mybigcommerce.com/content/pdf/Notch_RC_Grapple_Hook_IFU_05142024.pdf,https://notchequipment.com/rc-grapple/,,
Notch,Glide Rope Grab,no ppe,Work Positioning Devices,Aluminium,ASTM F887 / CE Technical Specification No. 64055/2022,UNL,UNL,,,,11,13,,,NGRG,https://notchequipment.com/content/downloads/manuals/GlideRopeGrab_IFU_3232023_PRINT.pdf,https://notchequipment.com/glide-rope-grab/,,
Notch,Flow Adjustable Rope Wrench,Rope Wrench,Work Positioning Devices,Aluminium T6 7075 / Stainless Steel bollard,,UNL,UNL,23 kN,,,11,13,,,PID17340,https://notchequipment.com/content/pdf/FlowSquare_9292021_PRINT.pdf,https://notchequipment.com/notch-flow-adjustable-rope-wrench/,,
Notch,Rope Runner Vertec,ppe,Ascenders & Descenders,Aluminium / Stainless Steel,CE (EU) 2016/425,UNL,UNL,,130 kg,130,11,12.9,,,99703,https://store-byhk2npena.mybigcommerce.com/content/pdf/NotchRopeRunnerVertec_RevA.pdf,https://notchequipment.com/rope-runner-vertec/,,
Notch,Jet Step Foot Ascender,no ppe,Ascenders & Descenders,Aluminium / Stainless Steel (made in USA),,UNL,UNL,,152 kg,152,8,13,,,41001,https://notchequipment.com/content/downloads/manuals/Notch%20JetStep%20Instructions-20190610.pdf,https://notchequipment.com/notch-jet-step-foot-ascender/,,
Notch,Jet Step II,no ppe,Ascenders & Descenders,Aluminium / Steel,,UNL,UNL,,150 kg,150,8,13,,,NJSII,https://store-byhk2npena.mybigcommerce.com/content/pdf/Notch_Jetstep_IFU_Rev_A%20%281%29.pdf,https://notchequipment.com/jet-step-ii/,,
Notch,Magneato,no ppe,Ascenders & Descenders,Aluminium 7075 / magnet,NOT for life support,UNL,UNL,,,,,,,,64807,https://store-byhk2npena.mybigcommerce.com/content/pdf/Magneato%20IFU_Booklet_9x13cm_02022024_V1.pdf,https://notchequipment.com/magneato/,,
Notch,Chester SRS Chest Harness,Chest Harness,Ascenders & Descenders,Nylon webbing,,UNL,10,,,,,,,,99443,,https://notchequipment.com/chester-srs-chest-harness/,,
Notch,Oval 3600lb Carabiner,ppe,Carabiners & Snaphooks,Aluminium 7075,"ANSI Z359.12, CSA Z259.12",UNL,UNL,29 kN (major),,,,,,,41458SB,https://notchequipment.com/content/downloads/manuals/Notch_Carabiner_54441_11152022.pdf,https://notchequipment.com/oval-3600lb-carabiner/,,
Notch,Triple Action Snaphook,ppe,Carabiners & Snaphooks,Aluminium,"CE EN362, ANSI Z133",UNL,UNL,30 kN (major),,,,,,,54650BT,https://store-byhk2npena.mybigcommerce.com/content/pdf/TA_Snaphook%20IFU_Booklet_9x13cm_Rev%20A.pdf,https://notchequipment.com/triple-action-snaphook/,,
Notch,Cargo Tool Carrier,no ppe,Carabiners & Snaphooks,Moulded plastic,NOT PPE,UNL,10,,10 kg per arm,,,,,,99658,,https://notchequipment.com/cargo-tool-carrier/,,
Notch,CE Quickie,ppe,Carabiners & Snaphooks,Steel,"CE EN 362 Class M, ANSI Z133",UNL,UNL,23 kN (major),,,,,,,99706,https://store-byhk2npena.mybigcommerce.com/content/pdf/Quickie_CE_IFU_Booklet_9x13cm_07012024_v2%20%281%29%20%281%29.pdf,https://notchequipment.com/ce-quickie/,,
Notch,Modified D Steel Carabiner,ppe,Carabiners & Snaphooks,Steel,"CSA Z59.12-16, EN362-2004/B",UNL,UNL,53 kN (major),,,,,,,MSDC,https://notchequipment.com/content/pdf/Notch_Carabiner_Steel_99565_WEB.pdf,https://notchequipment.com/modified-d-steel-carabiner/,,
Notch,Notch Quickie,no ppe,Carabiners & Snaphooks,Stainless Steel,,UNL,UNL,30 kN (major),,,,,,,99546,https://store-byhk2npena.mybigcommerce.com/content/pdf/Quickie%20IFU_Booklet_8232023.pdf,https://notchequipment.com/notch-quickie/,,
Notch,Swinger,no ppe,Carabiners & Snaphooks,Aluminium / Stainless Steel,NOT PPE,UNL,UNL,,20 kg,,,,,,64350,,https://notchequipment.com/swinger/,,
Notch,Notch Micro Carabiner Screw Gate,no ppe,Carabiners & Snaphooks,Aluminium 7075,NOT for PPE,UNL,UNL,4 kN,,,,,,,99379,,https://notchequipment.com/notch-micro-carabiner-screw-gate/,,
Notch,Notch Micro Carabiner Standard Gate,no ppe,Carabiners & Snaphooks,Aluminium 7075,NOT for PPE,UNL,UNL,4 kN,,,,,,,99380,,https://notchequipment.com/notch-micro-carabiner-standard-gate/,,
Notch,Notch Absolute Oval Carabiner,ppe,Carabiners & Snaphooks,Aluminium,EN362:2004,UNL,UNL,25 kN (major),,,,,,,54441,https://notchequipment.com/content/downloads/manuals/Notch_Carabiner_54441_11152022.pdf,https://notchequipment.com/notch-absolute-oval-carabiner/,,
Notch,NOTCH Locking Swivel Snap,no ppe,Carabiners & Snaphooks,Steel,,UNL,UNL,22.2 kN (5000 lbs tensile),,,,,,,16018,,https://notchequipment.com/notch-locking-swivel-snap/,,
Notch,Thirty Three Micro Pulley,rigging,Micro Pulleys,Aluminium / Stainless Steel axle,,UNL,UNL,33 kN,,,,12.9,,,100053,,https://notchequipment.com/notch-thirty-three-micro-pulley/,,
Notch,Notch Rook Swivel Pulley,rigging,Micro Pulleys,Aluminium T6 (made in USA by Rock Exotica),,UNL,UNL,28 kN,,,,13,,,NRSP,https://store-byhk2npena.mybigcommerce.com/content/pdf/Rook%20EU%20instructions_111423.pdf,https://notchequipment.com/notch-rook-swivel-pulley/,,
Notch,Notch ROOK Positioning Lanyards,no ppe,Lanyards & Fliplines,Multiple components (kit),,,10,,,,,,,,,https://notchequipment.com/notch-rook-positioning-lanyards/,,,
Notch,Notch Quick Cinch Chainsaw Lanyard,Chainsaw Lanyard,Lanyards & Fliplines,Textile / plastic,,UNL,10,15-25 kg SWL (per width),,,,,,,NQCCL,,https://notchequipment.com/notch-quick-cinch-chainsaw-lanyard/,,
Notch,Friction Savers with Steel Rings,Friction Saver,Friction Savers,Textile / Steel rings,,UNL,10,,,,,,,,,,https://notchequipment.com/friction-savers-with-steel-wear-safe-rings/,,
Notch,Friction Savers with Aluminum Wear Safe Rings,Friction Saver,Friction Savers,Textile / Aluminium rings,,UNL,10,,,,,,,,,,https://notchequipment.com/friction-savers-with-aluminum-wear-safe-rings/,,
Notch,Pebble Retrieval System,Retrieval System,Friction Savers,,,UNL,UNL,,,,,,,,,https://notchequipment.com/pebble-retrieval-system/,,,
Rope Logic,Adjustable Friction Saver w/ Wear Safe Aluminum Rings,Friction Saver,Friction Savers,Banshee 11.7mm x 5 / Aluminium rings,,UNL,10,,,,,,,,,,https://notchequipment.com/rope-logic-11-7m-x-5-banshee-adjustable-friction-saver-wear-safe-aluminum-ring/,,
Rope Logic,Super Smooth w/ Wear Safe Ring,Friction Saver,Friction Savers,10mm cord / Wear Safe ring,,UNL,10,,,,,,,,,,https://notchequipment.com/rope-logics-10mm-28-epi-cord-friction-saver-w-wear-safe-ring/,,
Rope Logic,Secret Weapon with Wear Safe Aluminum Rings,Friction Saver,Friction Savers,10mm cord / Aluminium rings,,UNL,10,,,,,,,,,,https://notchequipment.com/rope-logics-10mm-30-ocean-retrievable-friction-saver-w-wear-safe-rings/,,
Rope Logic,8mm Ocean Loop w/ Wear Safe Aluminum Ring,Friction Saver,Friction Savers,8mm cord / Aluminium ring,,UNL,10,,,,,,,,,,https://notchequipment.com/rope-logic-14-8mm-ocean-loop-w-wear-safe-aluminum-ring/,,
Rope Logic,Sliding Prusik Loop w/ Wear Safe Aluminum Ring,Prusik,Friction Savers,Textile / Aluminium ring,,UNL,10,,,,,,,,,,https://notchequipment.com/rope-logic-18-rit-prusik-w-wear-safe-aluminum-ring/,,
Rope Logic,Monkey Tail w/ Wear Safe Aluminum Ring,Friction Saver,Friction Savers,HTP sling / Aluminium ring,,UNL,10,,,,,,,,,,https://notchequipment.com/rope-logic-htp-60-sling-w-wear-safe-aluminum-ring/,,
Notch,Wear Safe Aluminum Friction Rings,Friction Ring,Friction Savers,Aluminium,,UNL,UNL,,,,,,,,,,https://notchequipment.com/aluminum-wear-safe-friction-rings/,,
Rope Logic,KMIII Adjustable Friction Saver with Accessory Carabiner,no ppe,Friction Savers,5/8 KMIII / Steel rings,,UNL,10,,,,,,,,,,https://notchequipment.com/rope-logics-steel-ring-adjustable-friction-saver-with-accessory-carabiner-5-8-kmiii-green/,,
Notch,Wear Safe Steel Friction Rings,Friction Ring,Friction Savers,Steel,,UNL,UNL,,,,,,,,,,https://notchequipment.com/notch-wear-safe-steel-friction-rings/,,
Rope Logic,Steel Ring Friction Saver 12mm XPE 16 Strand,Friction Saver,Friction Savers,12mm XPE 16-strand / Steel rings,,UNL,10,,,,,,,,,,https://notchequipment.com/rope-logics-steel-ring-friction-saver-12mm-xpe-16-strand/,,
Rope Logic,7ft Friction Saver w/ Steel Rings,Friction Saver,Friction Savers,Poison Ivy cord / Steel rings,,UNL,10,,,,,,,,,,https://notchequipment.com/rope-logics-poison-hivy-friction-saver/,,
Notch,Treemaster Adjustable Friction Saver with Wear Safe Rings,Friction Saver,Friction Savers,1/2 Treemaster / Wear Safe rings,,UNL,10,,,,,,,,,,https://notchequipment.com/rope-logics-steel-ring-adjustable-friction-saver-with-1-2-treemaster/,,
Rope Logic,12in Friction Saver Prusik w/ Steel Ring,Prusik,Friction Savers,Prusik cord / Steel ring,,UNL,10,,,,,,,,,,https://notchequipment.com/rope-logics-prusik-only-steel-adjustable-friction-saver/,,
Rope Logic,10ft KMIII Adjustable Friction Saver w/ Steel Rings,Friction Saver,Friction Savers,5/8 KMIII x 10ft / Steel rings,,UNL,10,,,,,,,,,,https://notchequipment.com/rope-logics-steel-ring-adjustable-friction-saver-5-8-x-10-kmiii-green/,,
Notch,Treemaster Friction Saver with Wear Safe Rings,Friction Saver,Friction Savers,1/2 Treemaster / Wear Safe rings,,UNL,10,,,,,,,,,,https://notchequipment.com/rope-logics-steel-ring-friction-saver-with-1-2-treemaster/,,
PROTOS,PROTOS Integral Arborist,ppe,Helmet,ABS (shell),"EN 12492, EN 397, EN 1078*, EN 1077 B*, EN 1731 S, EN 352-3 (*with PROTOS Maclip chinstrap)",5,,,,,,,"Inside helmet shell, forehead area (written/printed)",,205000,https://protos.co.nz/wp-content/uploads/2019/09/PROTOS-Integral-Helmets-Manual.pdf,https://www.protos.at/produkte/protos-arborist,,
PROTOS,PROTOS Integral Arborist - Oranje,ppe,Helmet,ABS (shell),"EN 12492, EN 397, EN 1078*, EN 1077 B*, EN 1731 S, EN 352-3 (*with PROTOS Maclip chinstrap)",5,,,,,,,"Inside helmet shell, forehead area (written/printed)",,205000,https://protos.co.nz/wp-content/uploads/2019/09/PROTOS-Integral-Helmets-Manual.pdf,https://www.protos.at/produkte/protos-arborist,,
PROTOS,PROTOS Integral Arborist - Rood,ppe,Helmet,ABS (shell),"EN 12492, EN 397, EN 1078*, EN 1077 B*, EN 1731 S, EN 352-3 (*with PROTOS Maclip chinstrap)",5,,,,,,,"Inside helmet shell, forehead area (written/printed)",,205000,https://protos.co.nz/wp-content/uploads/2019/09/PROTOS-Integral-Helmets-Manual.pdf,https://www.protos.at/produkte/protos-arborist,,
PROTOS,PROTOS Integral Arborist - Zwart,ppe,Helmet,ABS (shell),"EN 12492, EN 397, EN 1078*, EN 1077 B*, EN 1731 S, EN 352-3 (*with PROTOS Maclip chinstrap)",5,,,,,,,"Inside helmet shell, forehead area (written/printed)",,205000,https://protos.co.nz/wp-content/uploads/2019/09/PROTOS-Integral-Helmets-Manual.pdf,https://www.protos.at/produkte/protos-arborist,,
PROTOS,PROTOS Integral Arborist - Zwart-rood,ppe,Helmet,ABS (shell),"EN 12492, EN 397, EN 1078*, EN 1077 B*, EN 1731 S, EN 352-3 (*with PROTOS Maclip chinstrap)",5,,,,,,,"Inside helmet shell, forehead area (written/printed)",,205000,https://protos.co.nz/wp-content/uploads/2019/09/PROTOS-Integral-Helmets-Manual.pdf,https://www.protos.at/produkte/protos-arborist,,
PROTOS,PROTOS Integral Arborist - Rood-geel,ppe,Helmet,ABS (shell),"EN 12492, EN 397, EN 1078*, EN 1077 B*, EN 1731 S, EN 352-3 (*with PROTOS Maclip chinstrap)",5,,,,,,,"Inside helmet shell, forehead area (written/printed)",,205000,https://protos.co.nz/wp-content/uploads/2019/09/PROTOS-Integral-Helmets-Manual.pdf,https://www.protos.at/produkte/protos-arborist,,
PROTOS,PROTOS Integral Arborist - Rood-grijs,ppe,Helmet,ABS (shell),"EN 12492, EN 397, EN 1078*, EN 1077 B*, EN 1731 S, EN 352-3 (*with PROTOS Maclip chinstrap)",5,,,,,,,"Inside helmet shell, forehead area (written/printed)",,205000,https://protos.co.nz/wp-content/uploads/2019/09/PROTOS-Integral-Helmets-Manual.pdf,https://www.protos.at/produkte/protos-arborist,,
PROTOS,PROTOS Integral Arborist - Oranje-geel,ppe,Helmet,ABS (shell),"EN 12492, EN 397, EN 1078*, EN 1077 B*, EN 1731 S, EN 352-3 (*with PROTOS Maclip chinstrap)",5,,,,,,,"Inside helmet shell, forehead area (written/printed)",,205000,https://protos.co.nz/wp-content/uploads/2019/09/PROTOS-Integral-Helmets-Manual.pdf,https://www.protos.at/produkte/protos-arborist,,
PROTOS,PROTOS Integral Arborist - Zwart-geel,ppe,Helmet,ABS (shell),"EN 12492, EN 397, EN 1078*, EN 1077 B*, EN 1731 S, EN 352-3 (*with PROTOS Maclip chinstrap)",5,,,,,,,"Inside helmet shell, forehead area (written/printed)",,205000,https://protos.co.nz/wp-content/uploads/2019/09/PROTOS-Integral-Helmets-Manual.pdf,https://www.protos.at/produkte/protos-arborist,,
PROTOS,PROTOS Integral Arborist - Oranje-grijs,ppe,Helmet,ABS (shell),"EN 12492, EN 397, EN 1078*, EN 1077 B*, EN 1731 S, EN 352-3 (*with PROTOS Maclip chinstrap)",5,,,,,,,"Inside helmet shell, forehead area (written/printed)",,205000,https://protos.co.nz/wp-content/uploads/2019/09/PROTOS-Integral-Helmets-Manual.pdf,https://www.protos.at/produkte/protos-arborist,,
PROTOS,PROTOS Integral Industry,ppe,Helmet,ABS (shell),"EN 397, EN 1078* (*with PROTOS Maclip chinstrap), ANSI Z89.1, AS/NZS 1801",5,,,,,,,"Inside helmet shell, forehead area (written/printed)",,202000,https://protos.co.nz/wp-content/uploads/2019/09/PROTOS-Integral-Helmets-Manual.pdf,https://www.protos.at/produkte/protos-industry,,
PROTOS,PROTOS Integral Industry - Oranje,ppe,Helmet,ABS (shell),"EN 397, EN 1078* (*with PROTOS Maclip chinstrap), ANSI Z89.1, AS/NZS 1801",5,,,,,,,"Inside helmet shell, forehead area (written/printed)",,202000,https://protos.co.nz/wp-content/uploads/2019/09/PROTOS-Integral-Helmets-Manual.pdf,https://www.protos.at/produkte/protos-industry,,
PROTOS,PROTOS Integral Industry - Rood,ppe,Helmet,ABS (shell),"EN 397, EN 1078* (*with PROTOS Maclip chinstrap), ANSI Z89.1, AS/NZS 1801",5,,,,,,,"Inside helmet shell, forehead area (written/printed)",,202000,https://protos.co.nz/wp-content/uploads/2019/09/PROTOS-Integral-Helmets-Manual.pdf,https://www.protos.at/produkte/protos-industry,,
PROTOS,PROTOS Integral Industry - Zwart,ppe,Helmet,ABS (shell),"EN 397, EN 1078* (*with PROTOS Maclip chinstrap), ANSI Z89.1, AS/NZS 1801",5,,,,,,,"Inside helmet shell, forehead area (written/printed)",,202000,https://protos.co.nz/wp-content/uploads/2019/09/PROTOS-Integral-Helmets-Manual.pdf,https://www.protos.at/produkte/protos-industry,,
PROTOS,PROTOS Integral Industry - Zwart-rood,ppe,Helmet,ABS (shell),"EN 397, EN 1078* (*with PROTOS Maclip chinstrap), ANSI Z89.1, AS/NZS 1801",5,,,,,,,"Inside helmet shell, forehead area (written/printed)",,202000,https://protos.co.nz/wp-content/uploads/2019/09/PROTOS-Integral-Helmets-Manual.pdf,https://www.protos.at/produkte/protos-industry,,
PROTOS,PROTOS Integral Industry - Rood-geel,ppe,Helmet,ABS (shell),"EN 397, EN 1078* (*with PROTOS Maclip chinstrap), ANSI Z89.1, AS/NZS 1801",5,,,,,,,"Inside helmet shell, forehead area (written/printed)",,202000,https://protos.co.nz/wp-content/uploads/2019/09/PROTOS-Integral-Helmets-Manual.pdf,https://www.protos.at/produkte/protos-industry,,
PROTOS,PROTOS Integral Industry - Rood-grijs,ppe,Helmet,ABS (shell),"EN 397, EN 1078* (*with PROTOS Maclip chinstrap), ANSI Z89.1, AS/NZS 1801",5,,,,,,,"Inside helmet shell, forehead area (written/printed)",,202000,https://protos.co.nz/wp-content/uploads/2019/09/PROTOS-Integral-Helmets-Manual.pdf,https://www.protos.at/produkte/protos-industry,,
PROTOS,PROTOS Integral Industry - Oranje-geel,ppe,Helmet,ABS (shell),"EN 397, EN 1078* (*with PROTOS Maclip chinstrap), ANSI Z89.1, AS/NZS 1801",5,,,,,,,"Inside helmet shell, forehead area (written/printed)",,202000,https://protos.co.nz/wp-content/uploads/2019/09/PROTOS-Integral-Helmets-Manual.pdf,https://www.protos.at/produkte/protos-industry,,
PROTOS,PROTOS Integral Industry - Zwart-geel,ppe,Helmet,ABS (shell),"EN 397, EN 1078* (*with PROTOS Maclip chinstrap), ANSI Z89.1, AS/NZS 1801",5,,,,,,,"Inside helmet shell, forehead area (written/printed)",,202000,https://protos.co.nz/wp-content/uploads/2019/09/PROTOS-Integral-Helmets-Manual.pdf,https://www.protos.at/produkte/protos-industry,,
PROTOS,PROTOS Integral Industry - Oranje-grijs,ppe,Helmet,ABS (shell),"EN 397, EN 1078* (*with PROTOS Maclip chinstrap), ANSI Z89.1, AS/NZS 1801",5,,,,,,,"Inside helmet shell, forehead area (written/printed)",,202000,https://protos.co.nz/wp-content/uploads/2019/09/PROTOS-Integral-Helmets-Manual.pdf,https://www.protos.at/produkte/protos-industry,,
PROTOS,PROTOS Integral Forest,ppe,Helmet,ABS (shell),"EN 397, EN 352-3, EN 1731 S, ANSI Z89.1, AS/NZS 1801",5,,,,,,,"Inside helmet shell, forehead area (written/printed)",,204000,https://protos.co.nz/wp-content/uploads/2019/09/PROTOS-Integral-Helmets-Manual.pdf,https://www.protos.at/produkte/protos-forest,,
PROTOS,PROTOS Integral Forest - Oranje,ppe,Helmet,ABS (shell),"EN 397, EN 352-3, EN 1731 S, ANSI Z89.1, AS/NZS 1801",5,,,,,,,"Inside helmet shell, forehead area (written/printed)",,204000,https://protos.co.nz/wp-content/uploads/2019/09/PROTOS-Integral-Helmets-Manual.pdf,https://www.protos.at/produkte/protos-forest,,
PROTOS,PROTOS Integral Forest - Rood,ppe,Helmet,ABS (shell),"EN 397, EN 352-3, EN 1731 S, ANSI Z89.1, AS/NZS 1801",5,,,,,,,"Inside helmet shell, forehead area (written/printed)",,204000,https://protos.co.nz/wp-content/uploads/2019/09/PROTOS-Integral-Helmets-Manual.pdf,https://www.protos.at/produkte/protos-forest,,
PROTOS,PROTOS Integral Forest - Zwart,ppe,Helmet,ABS (shell),"EN 397, EN 352-3, EN 1731 S, ANSI Z89.1, AS/NZS 1801",5,,,,,,,"Inside helmet shell, forehead area (written/printed)",,204000,https://protos.co.nz/wp-content/uploads/2019/09/PROTOS-Integral-Helmets-Manual.pdf,https://www.protos.at/produkte/protos-forest,,
PROTOS,PROTOS Integral Forest - Zwart-rood,ppe,Helmet,ABS (shell),"EN 397, EN 352-3, EN 1731 S, ANSI Z89.1, AS/NZS 1801",5,,,,,,,"Inside helmet shell, forehead area (written/printed)",,204000,https://protos.co.nz/wp-content/uploads/2019/09/PROTOS-Integral-Helmets-Manual.pdf,https://www.protos.at/produkte/protos-forest,,
PROTOS,PROTOS Integral Forest - Rood-geel,ppe,Helmet,ABS (shell),"EN 397, EN 352-3, EN 1731 S, ANSI Z89.1, AS/NZS 1801",5,,,,,,,"Inside helmet shell, forehead area (written/printed)",,204000,https://protos.co.nz/wp-content/uploads/2019/09/PROTOS-Integral-Helmets-Manual.pdf,https://www.protos.at/produkte/protos-forest,,
PROTOS,PROTOS Integral Forest - Rood-grijs,ppe,Helmet,ABS (shell),"EN 397, EN 352-3, EN 1731 S, ANSI Z89.1, AS/NZS 1801",5,,,,,,,"Inside helmet shell, forehead area (written/printed)",,204000,https://protos.co.nz/wp-content/uploads/2019/09/PROTOS-Integral-Helmets-Manual.pdf,https://www.protos.at/produkte/protos-forest,,
PROTOS,PROTOS Integral Forest - Oranje-geel,ppe,Helmet,ABS (shell),"EN 397, EN 352-3, EN 1731 S, ANSI Z89.1, AS/NZS 1801",5,,,,,,,"Inside helmet shell, forehead area (written/printed)",,204000,https://protos.co.nz/wp-content/uploads/2019/09/PROTOS-Integral-Helmets-Manual.pdf,https://www.protos.at/produkte/protos-forest,,
PROTOS,PROTOS Integral Forest - Zwart-geel,ppe,Helmet,ABS (shell),"EN 397, EN 352-3, EN 1731 S, ANSI Z89.1, AS/NZS 1801",5,,,,,,,"Inside helmet shell, forehead area (written/printed)",,204000,https://protos.co.nz/wp-content/uploads/2019/09/PROTOS-Integral-Helmets-Manual.pdf,https://www.protos.at/produkte/protos-forest,,
PROTOS,PROTOS Integral Forest - Oranje-grijs,ppe,Helmet,ABS (shell),"EN 397, EN 352-3, EN 1731 S, ANSI Z89.1, AS/NZS 1801",5,,,,,,,"Inside helmet shell, forehead area (written/printed)",,204000,https://protos.co.nz/wp-content/uploads/2019/09/PROTOS-Integral-Helmets-Manual.pdf,https://www.protos.at/produkte/protos-forest,,
Petzl,OK BALL-LOCK,ppe,Connectors,Aluminium,"CE EN 362, CE EN 12275 type B, EAC",,,25 kN,,,,,,,M33A BL,https://www.petzl.com/sfc/servlet.shepherd/version/download/068Tx000009YHfzAAG,https://www.petzl.com/INT/en/Professional/Connectors/OK,,
Petzl,OK SCREW-LOCK,ppe,Connectors,Aluminium,"CE EN 362, CE EN 12275 type B, EAC",,,25 kN,,,,,,,M33A SL,https://www.petzl.com/sfc/servlet.shepherd/version/download/068Tx000009YHfzAAG,https://www.petzl.com/INT/en/Professional/Connectors/OK,,
Petzl,OK TRIACT-LOCK,ppe,Connectors,Aluminium,"CE EN 362, CE EN 12275 type B, EAC",,,25 kN,,,,,,,M33A TL,https://www.petzl.com/sfc/servlet.shepherd/version/download/068Tx000009YHfzAAG,https://www.petzl.com/INT/en/Professional/Connectors/OK,,
Petzl,OK TRIACT-LOCK Black,ppe,Connectors,Aluminium,"CE EN 362, CE EN 12275 type B, EAC",,,25 kN,,,,,,,M33A TLN,https://www.petzl.com/sfc/servlet.shepherd/version/download/068Tx000009YHfzAAG,https://www.petzl.com/INT/en/Professional/Connectors/OK,,
Petzl,OXAN SCREW-LOCK,ppe,Connectors,Steel,"CE EN 362, EAC",,,38 kN,,,,,,,M72A SL,https://www.petzl.com/sfc/servlet.shepherd/version/download/068Tx000009YHfzAAG,https://www.petzl.com/INT/en/Professional/Connectors/OXAN,,
Petzl,OXAN TRIACT-LOCK,ppe,Connectors,Steel,"CE EN 362, EAC",,,38 kN,,,,,,,M72A TL,https://www.petzl.com/sfc/servlet.shepherd/version/download/068Tx000009YHfzAAG,https://www.petzl.com/INT/en/Professional/Connectors/OXAN,,
Petzl,WILLIAM BALL-LOCK,ppe,Connectors,Aluminium,"CE EN 362, CE EN 12275 type B, EAC, NFPA 2500 Technical Use",,,27 kN,,,,,,,M36A BL,https://www.petzl.com/sfc/servlet.shepherd/version/download/068Tx000009YHfzAAG,https://www.petzl.com/INT/en/Professional/Connectors/WILLIAM,,
Petzl,WILLIAM SCREW-LOCK,ppe,Connectors,Aluminium,"CE EN 362, CE EN 12275 type B, EAC, NFPA 2500 Technical Use",,,27 kN,,,,,,,M36A SL,https://www.petzl.com/sfc/servlet.shepherd/version/download/068Tx000009YHfzAAG,https://www.petzl.com/INT/en/Professional/Connectors/WILLIAM,,
Petzl,WILLIAM TRIACT-LOCK,ppe,Connectors,Aluminium,"CE EN 362, CE EN 12275 type B, EAC, NFPA 2500 Technical Use",,,27 kN,,,,,,,M36A TL,https://www.petzl.com/sfc/servlet.shepherd/version/download/068Tx000009YHfzAAG,https://www.petzl.com/INT/en/Professional/Connectors/WILLIAM,,
Petzl,WILLIAM TRIACT-LOCK Black,ppe,Connectors,Aluminium,"CE EN 362, CE EN 12275 type B, EAC, NFPA 2500 Technical Use",,,27 kN,,,,,,,M36A TLN,https://www.petzl.com/sfc/servlet.shepherd/version/download/068Tx000009YHfzAAG,https://www.petzl.com/INT/en/Professional/Connectors/WILLIAM,,
Petzl,MICROFLIP 2.5m,ppe,Fliplines,"Steel, aluminium, polyester","CE EN 358, EAC",,,,,,,,,,L33 025,,https://www.petzl.com/US/en/Professional/Lanyards-and-energy-absorbers/MICROFLIP,,
Petzl,MICROFLIP 4m,ppe,Fliplines,"Steel, aluminium, polyester","CE EN 358, EAC",,,,,,,,,,L33 040,,https://www.petzl.com/US/en/Professional/Lanyards-and-energy-absorbers/MICROFLIP,,
Petzl,MICROFLIP 5.5m,ppe,Fliplines,"Steel, aluminium, polyester","CE EN 358, EAC",,,,,,,,,,L33 055,,https://www.petzl.com/US/en/Professional/Lanyards-and-energy-absorbers/MICROFLIP,,
Petzl,EJECT,ppe,Anchors / Rigging,"Aluminium, nylon, polyester","CE EN 795 B, CE EN 12278, EAC",,,,,,11,13,,,P071,,https://www.petzl.com/US/en/Professional/Anchors/EJECT,,
Petzl,NAJA,ppe,Anchors / Rigging,"Aluminium, nylon, polyester","CE EN 795 B, CE EN 12278, EAC",,,,,,11,13,,,P072,,https://www.petzl.com/US/en/Professional/Anchors/NAJA,,
Petzl,ASTRO BOD FAST,ppe,Harnesses,"Nylon, polyester","CE EN 361, CE EN 358, CE EN 813, CE EN 12841 type B, EAC",10,,,,,,,Label inside waistbelt,,C083AA00 / C083AA01 / C083AA02,,https://www.petzl.com/INT/en/Professional/Harnesses/ASTRO,https://www.petzl.com/INT/en/Professional/safety-alerts/2026-2-23/ASTRO-and-CANYON-GUIDE-harness-safety-alert--Replacement-of-the-ventral-D-ring,
Petzl,NEWTON EasyFit,ppe,Harnesses,"Nylon, polyester","CE EN 361, CE EN 358, CE EN 813, EAC",10,,,,,,,Label inside waistbelt,,C073,,https://www.petzl.com/INT/en/Professional/Harnesses/NEWTON,https://www.petzl.com/US/en/Professional/safety-alerts/2022-10-12/NEWTON-EASYFIT-Harness-Safety-Notice,
Petzl,VOLT size 1,ppe,Harnesses,"Nylon, polyester","CE EN 361, CE EN 358, CE EN 813, EAC",10,,,,,,,Label inside waistbelt,,C052AA00,,https://www.petzl.com/INT/en/Professional/Harnesses/VOLT,,
Petzl,VOLT size 2,ppe,Harnesses,"Nylon, polyester","CE EN 361, CE EN 358, CE EN 813, EAC",10,,,,,,,Label inside waistbelt,,C052AA01,,https://www.petzl.com/INT/en/Professional/Harnesses/VOLT,,
Petzl,GRILLON 2m,ppe,Positioning lanyards,"Nylon, aluminium","CE EN 358, CE EN 12841 type C, EAC, ANSI Z359.3",,,,,,,,,,L052AA00,,https://www.petzl.com/US/en/Professional/Lanyards-and-energy-absorbers/GRILLON,,
Petzl,GRILLON 3m,ppe,Positioning lanyards,"Nylon, aluminium","CE EN 358, CE EN 12841 type C, EAC, ANSI Z359.3",,,,,,,,,,L052AA01,,https://www.petzl.com/US/en/Professional/Lanyards-and-energy-absorbers/GRILLON,,
Petzl,GRILLON 5m,ppe,Positioning lanyards,"Nylon, aluminium","CE EN 358, CE EN 12841 type C, EAC, ANSI Z359.3",,,,,,,,,,L052AA03,,https://www.petzl.com/US/en/Professional/Lanyards-and-energy-absorbers/GRILLON,,
Petzl,GRILLON HOOK 2m,ppe,Positioning lanyards,"Nylon, aluminium","CE EN 358, CE EN 12841 type C, EAC, ANSI Z359.3",,,,,,,,,,L052CA00,,https://www.petzl.com/INT/en/Professional/Lanyards-and-energy-absorbers/GRILLON-HOOK-European-version,,
Petzl,GRILLON HOOK 3m,ppe,Positioning lanyards,"Nylon, aluminium","CE EN 358, CE EN 12841 type C, EAC, ANSI Z359.3",,,,,,,,,,L052CA01,,https://www.petzl.com/INT/en/Professional/Lanyards-and-energy-absorbers/GRILLON-HOOK-European-version,,
Petzl,GRILLON HOOK 5m,ppe,Positioning lanyards,"Nylon, aluminium","CE EN 358, CE EN 12841 type C, EAC, ANSI Z359.3",,,,,,,,,,L052CA03,,https://www.petzl.com/INT/en/Professional/Lanyards-and-energy-absorbers/GRILLON-HOOK-European-version,,
Petzl,ASCENSION Left,ppe,Rope clamps,"Aluminium, stainless steel, plastic","CE EN 567, CE EN 12841 type B, EAC, NFPA 1983 Technical Use",,,,,,8,13,,,B17ALA,,https://www.petzl.com/INT/en/Professional/Rope-clamps/ASCENSION,,
Petzl,ASCENSION Right,ppe,Rope clamps,"Aluminium, stainless steel, plastic","CE EN 567, CE EN 12841 type B, EAC, NFPA 1983 Technical Use",,,,,,8,13,,,B17ARA,,https://www.petzl.com/INT/en/Professional/Rope-clamps/ASCENSION,,
Petzl,GRIGRI,Belay / Descender,Belay devices,"Aluminium, stainless steel, nylon",,,,,,,8.5,11,,,D100,,https://www.petzl.com/US/en/Sport/Belay-Devices-And-Descenders/GRIGRI,,
Petzl,GRILLON (rope clamp body),ppe,Rope clamps,"Aluminium, nylon","CE EN 567, CE EN 12841 type C, EAC",,,,,,,,,,L052,,https://www.petzl.com/US/en/Professional/Lanyards-and-energy-absorbers/GRILLON,,
Petzl,MICROGRAB,ppe,Rope clamps,Aluminium,"CE EN 358, CE EN 567, EAC",,,,,,10,13,,,B53A,,https://www.petzl.com/US/en/Professional/Lanyards-and-energy-absorbers/MICROGRAB,,
Petzl,ASAP,ppe,Mobile fall arresters,"Aluminium, stainless steel","CE EN 12841 type A, CE EN 353-2, EAC",,,,,,10,13,,,B070AA00,,https://www.petzl.com/INT/en/Professional/Mobile-fall-arresters/ASAP,,
Petzl,ASAP LOCK,ppe,Mobile fall arresters,"Aluminium, stainless steel","CE EN 12841 type A, CE EN 353-2, EAC",,,,,,10,13,,,B071BA00,,https://www.petzl.com/INT/en/Professional/Mobile-fall-arresters/ASAP-LOCK,,
Petzl,MICRO SWIVEL,Swivel,Anchors / Rigging,"Aluminium, plastic","CE, EAC",,,23 kN,,,,,,,P58 XSO,,https://www.petzl.com/US/en/Professional/Anchors/MICRO-SWIVEL,,
Petzl,SWIVEL OPEN,ppe,Anchors / Rigging,"Aluminium, nylon","CE, EAC, NFPA 2500 Technical Use",,,23 kN,,,,,,,P58 SO,,https://www.petzl.com/US/en/Professional/Anchors/SWIVEL-OPEN,,
Petzl,PANTIN Right,no ppe,Rope clamps,"Aluminium, stainless steel, nylon",,,,,,,8,13,,,B02CRA,,https://www.petzl.com/INT/en/Professional/Rope-clamps/PANTIN,,
Petzl,ABSORBICA-I VARIO,ppe,Energy absorbers,"Polyester, nylon, aluminium","CE EN 355, EAC, ANSI Z359.13",,,,,140,,,,,L016AB00,,https://www.petzl.com/INT/en/Professional/Lanyards-and-energy-absorbers/ABSORBICA-I-VARIO,,
Petzl,JANE-I 60cm,ppe,Fall arrest lanyards,Nylon,"CE EN 354, CE EN 358, EAC",,,22 kN,,,,,Plastic sheath,,PL050AA00,,https://www.petzl.com/INT/en/Professional/Lanyards-and-energy-absorbers/JANE-I,,
Petzl,JANE-I 100cm,ppe,Fall arrest lanyards,Nylon,"CE EN 354, CE EN 358, EAC",,,22 kN,,,,,Plastic sheath,,PL050AA01,,https://www.petzl.com/INT/en/Professional/Lanyards-and-energy-absorbers/JANE-I,,
Petzl,JANE-I 150cm,ppe,Fall arrest lanyards,Nylon,"CE EN 354, CE EN 358, EAC",,,22 kN,,,,,Plastic sheath,,PL050AA02,,https://www.petzl.com/INT/en/Professional/Lanyards-and-energy-absorbers/JANE-I,,
Petzl,AXIS 11mm 5m Blue,ppe,Ropes,Nylon,"CE EN 1891 type A, EAC, NFPA 2500 Technical Use",,,,,,,,,,L38005B,,https://www.petzl.com/INT/en/Professional/Ropes/AXIS-11-mm,,
Petzl,AXIS 11mm 5m Yellow,ppe,Ropes,Nylon,"CE EN 1891 type A, EAC, NFPA 2500 Technical Use",,,,,,,,,,L38005J,,https://www.petzl.com/INT/en/Professional/Ropes/AXIS-11-mm,,
Petzl,AXIS 11mm 5m Orange,ppe,Ropes,Nylon,"CE EN 1891 type A, EAC, NFPA 2500 Technical Use",,,,,,,,,,L38005O,,https://www.petzl.com/INT/en/Professional/Ropes/AXIS-11-mm,,
Petzl,AXIS 11mm 5m Red,ppe,Ropes,Nylon,"CE EN 1891 type A, EAC, NFPA 2500 Technical Use",,,,,,,,,,L38005R,,https://www.petzl.com/INT/en/Professional/Ropes/AXIS-11-mm,,
Petzl,Am'D,ppe,Connectors,Aluminium,"CE EN 12275, CE EN 362, NFPA 2500 Technical Use, GB/T 23469 / B, UIAA, EAC",UNL,,27 kN,,,,,,,M34A / M34AB,https://www.petzl.com/sfc/servlet.shepherd/version/download/068Tx000009q1ZBIAY,https://www.petzl.com/NL/en/Professional/Connectors/Am-D,,
Petzl,Am'D BALL-LOCK,ppe,Connectors,Aluminium,"CE EN 12275, CE EN 362, NFPA 2500 Technical Use, GB/T 23469 / B, UIAA, EAC",UNL,,27 kN,,,,,,,M34A BL / M34AB BL,https://www.petzl.com/sfc/servlet.shepherd/version/download/068Tx000009q1ZBIAY,https://www.petzl.com/NL/en/Professional/Connectors/Am-D-BALL-LOCK,,
Petzl,Am'D SCREW-LOCK,ppe,Connectors,Aluminium,"CE EN 12275, CE EN 362, NFPA 2500 Technical Use, GB/T 23469 / B, UIAA, EAC",UNL,,27 kN,,,,,,,M34A SL / M34AB SL,https://www.petzl.com/sfc/servlet.shepherd/version/download/068Tx000009q1ZBIAY,https://www.petzl.com/NL/en/Professional/Connectors/Am-D-SCREW-LOCK,,
Petzl,Am'D TRIACT-LOCK,ppe,Connectors,Aluminium,"CE EN 12275, CE EN 362, NFPA 2500 Technical Use, GB/T 23469 / B, UIAA, EAC",UNL,,27 kN,,,,,,,M34A TL / M34AB TL,https://www.petzl.com/sfc/servlet.shepherd/version/download/068Tx000009q1ZBIAY,https://www.petzl.com/NL/en/Professional/Connectors/Am-D-TRIACT-LOCK,,
Petzl,Am'D PIN-LOCK,ppe,Connectors,Aluminium,"CE EN 12275, CE EN 362, NFPA 2500 Technical Use, GB/T 23469 / B, UIAA, EAC",UNL,,27 kN,,,,,,,M34A PL / M34AB PL,https://www.petzl.com/sfc/servlet.shepherd/version/download/068Tx000009q1ZBIAY,https://www.petzl.com/NL/en/Professional/Connectors/Am-D-PIN-LOCK,,
Petzl,FREINO Z,ppe,Connectors,Aluminium,"CE EN 362, CE EN 12275, EAC, NFPA 2500 Technical Use, GB/T 23469 / B",UNL,,23 kN,,,,,,,M042BA00,https://www.petzl.com/sfc/servlet.shepherd/version/download/068Tx00000KqWDCIA3,https://www.petzl.com/NL/en/Professional/Connectors/FREINO-Z,,
Petzl,OMNI,ppe,Connectors,Aluminium,"CE EN 362 B, CE EN 362 M, CE EN 12275 B, GB/T 23469 B",UNL,,25 kN,,,,,,,M037AA00 / M037BA00,https://www.petzl.com/sfc/servlet.shepherd/version/download/068Tx00000AjdPLIAZ,https://www.petzl.com/NL/en/Professional/Connectors/OMNI,,
Petzl,EASHOOK,ppe,Connectors,Aluminium,"CE EN 362, CE EN 12275, GB/T 23469/A and T, EAC",UNL,,25 kN,,,,,,,M043BA00 / M043BA01,https://www.petzl.com/sfc/servlet.shepherd/version/download/068Tx00000HbN3uIAF,https://www.petzl.com/NL/en/Professional/Connectors/EASHOOK,,
Petzl,EASHOOK OPEN,ppe,Connectors,Aluminium,"CE EN 362, CE EN 12275, GB/T 23469/A and T, EAC",UNL,,25 kN,,,,,,,M043AA00 / M043AA01,https://www.petzl.com/sfc/servlet.shepherd/version/download/068Tx00000HbN3uIAF,https://www.petzl.com/NL/en/Professional/Connectors/EASHOOK-OPEN,,
Petzl,VERTIGO TWIST-LOCK,ppe,Connectors,Aluminium,"CE EN 362 B, CE EN 12275 B, CE EN 12275 K, GB/T 23469 B",UNL,,25 kN,,,,,,,M041AA00,https://www.petzl.com/sfc/servlet.shepherd/version/download/068Tx00000LmDrhIAF,https://www.petzl.com/NL/en/Professional/Connectors/VERTIGO-TWIST-LOCK,,
Petzl,MGO OPEN 60,ppe,Connectors,Aluminium,"CE EN 362, EAC, GB/T 23469/A and T",UNL,,23 kN,,,,,,,MGOO 60,https://www.petzl.com/sfc/servlet.shepherd/version/download/0685I000001zBlQQAU,https://www.petzl.com/NL/en/Professional/Connectors/MGO-OPEN,,
Petzl,MGO OPEN 110,ppe,Connectors,Aluminium,"CE EN 362, EAC, GB/T 23469/A and T",UNL,,23 kN,,,,,,,M080AA00,https://www.petzl.com/sfc/servlet.shepherd/version/download/068Tx00000GkYTiIAN,https://www.petzl.com/NL/en/Professional/Connectors/MGO-OPEN,,
Petzl,RING OPEN,ppe,Connectors,"Aluminium, Plastic",CE EN 362,UNL,,23 kN,,,,,,,P28 / M028AA00,https://www.petzl.com/sfc/servlet.shepherd/version/download/068Tx00000K57i5IAB,https://www.petzl.com/NL/en/Professional/Connectors/RING-OPEN,,
Petzl,DELTA,ppe,Connectors,Steel,"CE EN 362 type Q, CE EN 12275",UNL,,27–45 kN,,,,,,,P11 / P11 8 / P11 8B / P11 8BN,https://www.petzl.com/sfc/servlet.shepherd/version/download/068Tx0000064IUQIA2,https://www.petzl.com/NL/en/Professional/Connectors/DELTA,,
Petzl,GO,ppe,Connectors,Steel,"CE EN 362 type Q, GB/T 23469-Q",UNL,,25 kN,,,,,,,P15,https://www.petzl.com/sfc/servlet.shepherd/version/download/068Tx0000064IUQIA2,https://www.petzl.com/NL/en/Professional/Connectors/GO,,
Petzl,OK TRIACT-LOCK,ppe,Connectors,Aluminium,"CE EN 12275 H, CE EN 362, NFPA 2500 Technical Use, GB/T 23469 / H, UIAA, EAC",UNL,,23 kN,,,,,,,M033D TL,https://www.petzl.com/sfc/servlet.shepherd/version/download/068Tx000009q1ZBIAY,https://www.petzl.com/NL/en/Professional/Connectors/OK-TRIACT-LOCK,,
Petzl,OK SCREW-LOCK,ppe,Connectors,Aluminium,"CE EN 12275 H, CE EN 362, NFPA 2500 Technical Use, GB/T 23469 / H, UIAA, EAC",UNL,,23 kN,,,,,,,M033D SL,https://www.petzl.com/sfc/servlet.shepherd/version/download/068Tx000009q1ZBIAY,https://www.petzl.com/NL/en/Professional/Connectors/OK-SCREW-LOCK,,
Petzl,I'D S,ppe,Descenders,Aluminium / Steel / Nylon,"CE EN 341 type 2 class A, CE EN 12841 type C, CE EN 15151-1, ANSI Z359.9, NFPA 2500 General Use",UNL,,,,,10,11.5,,,D020AA00 / D020AA01,https://www.petzl.com/sfc/servlet.shepherd/version/download/068bK00000iezGUQAY,https://www.petzl.com/NL/en/Professional/Descenders/I-D-S,,
Petzl,I'D L,ppe,Descenders,Aluminium / Steel / Nylon,"CE EN 341 type 2 class A, CE EN 12841 type C, ANSI Z359.9/3, NFPA 2500 General Use, EAC",UNL,,,,,12.5,13,,,D020BA00 / D020BA01,https://www.petzl.com/sfc/servlet.shepherd/version/download/068Tx00000D7GmzIAF,https://www.petzl.com/NL/en/Professional/Descenders/I-D-L,,
Petzl,I'D EVAC,ppe,Descenders,Aluminium / Steel / Nylon,"CE EN 341 type 2 class A, CE EN 12841 type C, ANSI Z459.1, ANSI Z359.9/3, NFPA 2500 Technical Use, EAC",UNL,,,,,10,11.5,,,D020CA00 / D020CA01,https://www.petzl.com/sfc/servlet.shepherd/version/download/068Tx000006ht4EIAQ,https://www.petzl.com/NL/en/Professional/Descenders/I-D-EVAC,,
Petzl,RIG,ppe,Descenders,Aluminium / Steel / Nylon,"CE EN 12841 type C, CE EN 341 type 2 class A, CE EN 15151-1, ANSI Z459.1, ANSI Z359.9, NFPA 2500 Technical Use",UNL,,,,,9,11.5,,,D021AB00 / D021BA00 / D021BA01,https://www.petzl.com/sfc/servlet.shepherd/version/download/068bK00000nCT8bQAG,https://www.petzl.com/NL/en/Professional/Descenders/RIG,,
Petzl,MAESTRO S,ppe,Descenders,Aluminium / Steel / Nylon,"CE EN 12841 type C, CE EN 341, NFPA 2500 General Use, ANSI Z359.9, ANSI Z459.1",UNL,,36 kN,,,10.5,11.5,,,D024AB00,https://www.petzl.com/sfc/servlet.shepherd/version/download/068bK00000r4gmvQAA,https://www.petzl.com/NL/en/Professional/Descenders/MAESTRO-S,,
Petzl,MAESTRO L,ppe,Descenders,Aluminium / Steel / Nylon,"CE EN 12841 type C, CE EN 341, NFPA 2500 General Use",UNL,,36 kN,,,12.5,13,,,D024BA00,https://www.petzl.com/sfc/servlet.shepherd/version/download/068bK00000r4gmvQAA,https://www.petzl.com/NL/en/Professional/Descenders/MAESTRO-L,,
Petzl,ZIGZAG,Mechanical Prusik,Descenders (tree care),Aluminium / Steel / Nylon,CE,UNL,,,,,11.5,13,,,D022AA00,https://www.petzl.com/sfc/servlet.shepherd/version/download/068Tx00000HonOkIAJ,https://www.petzl.com/NL/en/Professional/Descenders/ZIGZAG,,
Petzl,ZIGZAG PLUS,Mechanical Prusik,Descenders (tree care),Aluminium / Steel / Nylon,CE,UNL,,,,,11.5,13,,,D022BA00,https://www.petzl.com/sfc/servlet.shepherd/version/download/068Tx00000HonOkIAJ,https://www.petzl.com/NL/en/Professional/Descenders/ZIGZAG-PLUS,,
Petzl,CHICANE,Friction saver (tree care),Descenders (tree care),Aluminium / Steel / Nylon,CE,UNL,,,,,11.5,13,,,D022CA00,https://www.petzl.com/sfc/servlet.shepherd/version/download/068Tx00000HonOkIAJ,https://www.petzl.com/NL/en/Professional/Descenders/CHICANE,,
Petzl,CROLL S,ppe,Rope clamps,Aluminium / Steel / Nylon,"CE EN 567, CE EN 12841 type B, EAC, NFPA 2500 Technical Use",UNL,,,,,8,11,,,B16BAA / B016AA00,https://www.petzl.com/sfc/servlet.shepherd/version/download/068Tx00000QMFRHIA5,https://www.petzl.com/NL/en/Professional/Rope-clamps/CROLL,,
Petzl,CROLL L,ppe,Rope clamps,Aluminium / Steel / Nylon,"CE EN 567, CE EN 12841 type B, EAC, NFPA 2500 Technical Use",UNL,,,,,10,13,,,B16BAA / B016AA00,https://www.petzl.com/sfc/servlet.shepherd/version/download/068Tx00000QMFRHIA5,https://www.petzl.com/NL/en/Professional/Rope-clamps/CROLL,,
Petzl,ASCENSION,ppe,Rope clamps,Aluminium / Steel / Plastic / Rubber / Nylon,"CE EN 567, CE EN 12841 type B, EAC, NFPA 2500 Technical Use",UNL,,,,,8,13,,,B17ALA / B17ARA / B17ALN / B17ARN,https://www.petzl.com/sfc/servlet.shepherd/version/download/068Tx00000KzbaDIAR,https://www.petzl.com/NL/en/Professional/Rope-clamps/ASCENSION,,
Petzl,ASCENTREE,Ascender / Rope clamp,Rope clamps,Aluminium / Steel / Plastic / Rubber / Nylon,CE,UNL,,,,,8,13,,,B19AAA,https://www.petzl.com/sfc/servlet.shepherd/version/download/068Tx00000Kj2GmIAJ,https://www.petzl.com/NL/en/Professional/Rope-clamps/ASCENTREE,,
Petzl,BASIC,ppe,Rope clamps,Aluminium / Steel / Nylon,"CE EN 567, CE EN 12841 type B, EAC",UNL,,,,,8,11,,,B18BAA,https://www.petzl.com/sfc/servlet.shepherd/version/download/068bK00000lgcHBQAY,https://www.petzl.com/NL/en/Professional/Rope-clamps/BASIC,,
Petzl,TIBLOC,ppe,Rope clamps,Steel,"CE EN 567, EAC",UNL,,,,,8,11,,,B01BN,https://www.petzl.com/sfc/servlet.shepherd/version/download/068Tx000003RLoHIAW,https://www.petzl.com/NL/en/Professional/Rope-clamps/TIBLOC,,
Petzl,RESCUCENDER,ppe,Rope clamps,Aluminium / Steel / Nylon,"CE EN 567, CE EN 12841 type B, NFPA 2500 Technical Use, EAC",UNL,,,,,9,13,,,B50A,https://www.petzl.com/sfc/servlet.shepherd/version/download/068Tx00000LCAFfIAP,https://www.petzl.com/NL/en/Professional/Rope-clamps/RESCUCENDER,,
Petzl,PROGRESS ADJUST-Y,ppe,Rope clamps,Aluminium / Nylon / Polyester / HMPE / Elastomer,"CE EN 358, EAC, GB 24543",10,,,,,,,,,L044AA00,https://www.petzl.com/sfc/servlet.shepherd/version/download/068Tx00000DlVc4IAF,https://www.petzl.com/NL/en/Professional/Rope-clamps/PROGRESS-ADJUST-Y,,
Petzl,PANTIN CLICK,no ppe,Rope clamps,Aluminium / Steel / Polyethylene / Polyurethane,,UNL,,,,,,,,,B002AA00 / B002BA00,https://www.petzl.com/sfc/servlet.shepherd/version/download/068Tx00000PWLXoIAP,https://www.petzl.com/NL/en/Professional/Rope-clamps/PANTIN-CLICK,,
Petzl,KNEE GRAB,no ppe,Rope clamps,Aluminium / Steel / Textile,,UNL,,,,,,,,,B022BA00,https://www.petzl.com/sfc/servlet.shepherd/version/download/068bK00000kE1UsQAK,https://www.petzl.com/NL/en/Professional/Rope-clamps/KNEE-GRAB,,
Petzl,KNEE ASCENT Kit,no ppe,Rope clamps,Aluminium / Steel / Textile / Elastomer,,UNL,,,,,,,,,B022AA00,https://www.petzl.com/sfc/servlet.shepherd/version/download/068bK00000kEJusQAG,https://www.petzl.com/NL/en/Professional/Rope-clamps/KNEE-ASCENT-Kit,,
Petzl,KNEE ASCENT Mounting Kit,no ppe,Rope clamps,Plastic / Textile,,10,,,,,,,,,B022EA00,https://www.petzl.com/sfc/servlet.shepherd/version/download/068bK00000kEJusQAG,https://www.petzl.com/NL/en/Professional/Rope-clamps/KNEE-ASCENT-Mounting-Kit,,
Petzl,SPIN S1,ppe,Pulleys,Aluminium / Steel / Nylon,"CE EN 12278, NFPA 2500 Pulley Technical Use, UIAA",UNL,,23 kN,5 kN,,7,11,,,P002AA00 / P002AA01,https://www.petzl.com/sfc/servlet.shepherd/version/download/068Tx00000HPvkTIAT,https://www.petzl.com/NL/en/Professional/Pulleys/SPIN-S1,,
Petzl,SPIN S1 OPEN,ppe,Pulleys,Aluminium / Steel / Nylon,"CE EN 12278, NFPA 2500 Pulley Technical Use, UIAA",UNL,,23 kN,5 kN,,7,11,,,P002BA00,https://www.petzl.com/sfc/servlet.shepherd/version/download/068Tx00000HPvkTIAT,https://www.petzl.com/NL/en/Professional/Pulleys/SPIN-S1-OPEN,,
Petzl,SPIN L1,ppe,Pulleys,Aluminium / Steel / Nylon,"CE EN 12278, NFPA 2500 Pulley General Use, UIAA",UNL,,36 kN,8 kN,,7,13,,,P001BA00 / P001BA01,https://www.petzl.com/sfc/servlet.shepherd/version/download/068Tx00000GhwxFIAR,https://www.petzl.com/NL/en/Professional/Pulleys/SPIN-L1,,
Petzl,SPIN L2,ppe,Pulleys,Aluminium / Steel / Nylon,"CE EN 12278, NFPA 2500 Pulley General Use, UIAA",UNL,,36 kN,8 kN,,7,13,,,P001CA00 / P001CA01,https://www.petzl.com/sfc/servlet.shepherd/version/download/068Tx00000GhwxFIAR,https://www.petzl.com/NL/en/Professional/Pulleys/SPIN-L2,,
Petzl,SPIN L1D,ppe,Pulleys,Aluminium / Steel / Nylon,"CE EN 12278, NFPA 2500 Pulley General Use",UNL,,36 kN,6 kN,,8,13,,,P001AA00,https://www.petzl.com/sfc/servlet.shepherd/version/download/068Tx00000L42FTIAZ,https://www.petzl.com/NL/en/Professional/Pulleys/SPIN-L1D,,
Petzl,RESCUE S,ppe,Pulleys,Aluminium / Steel,"CE EN 12278, NFPA Technical Use, UIAA",UNL,,18 kN,5 kN,,6,11,,,P050AA00 / P050AA01,https://www.petzl.com/sfc/servlet.shepherd/version/download/068Tx00000K6TmzIAF,https://www.petzl.com/NL/en/Professional/Pulleys/RESCUE-S,,
Petzl,RESCUE M,ppe,Pulleys,Aluminium / Steel,"CE EN 12278, NFPA General Use, UIAA",UNL,,36 kN,8 kN,,6,13,,,P050BA00 / P050BA01,https://www.petzl.com/sfc/servlet.shepherd/version/download/068Tx00000K6TmzIAF,https://www.petzl.com/NL/en/Professional/Pulleys/RESCUE-M,,
Petzl,MINDER S1,ppe,Pulleys,Aluminium / Steel,"CE EN 12278, NFPA Technical Use, UIAA",UNL,,23 kN,5 kN,,6,11,,,P060AA00,https://www.petzl.com/sfc/servlet.shepherd/version/download/068Tx00000K6TmzIAF,https://www.petzl.com/NL/en/Professional/Pulleys/MINDER-S1,,
Petzl,MINDER S2,ppe,Pulleys,Aluminium / Steel,"CE EN 12278, NFPA Technical Use, UIAA",UNL,,23 kN,6 kN,,6,11,,,P060BA00,https://www.petzl.com/sfc/servlet.shepherd/version/download/068Tx00000K6TmzIAF,https://www.petzl.com/NL/en/Professional/Pulleys/MINDER-S2,,
Petzl,MINDER L1,ppe,Pulleys,Aluminium / Steel,"CE EN 12278, NFPA General Use",UNL,,36 kN,8 kN,,6,13,,,P060CA00,https://www.petzl.com/sfc/servlet.shepherd/version/download/068Tx00000K6TmzIAF,https://www.petzl.com/NL/en/Professional/Pulleys/MINDER-L1,,
Petzl,MINDER L2,ppe,Pulleys,Aluminium / Steel,"CE EN 12278, NFPA General Use",UNL,,40 kN,12 kN,,6,13,,,P060DA00,https://www.petzl.com/sfc/servlet.shepherd/version/download/068Tx00000K6TmzIAF,https://www.petzl.com/NL/en/Professional/Pulleys/MINDER-L2,,
Petzl,FIXE,ppe,Pulleys,Aluminium / Steel,"CE EN 12278, UIAA",UNL,,23 kN,5 kN,,6,13,,,P006AA00 / P006AA01,https://www.petzl.com/sfc/servlet.shepherd/version/download/068Tx00000K6TmzIAF,https://www.petzl.com/NL/en/Professional/Pulleys/FIXE,,
Petzl,MOBILE,ppe,Pulleys,Aluminium / Steel,"CE EN 12278, UIAA",UNL,,23 kN,5 kN,,6,13,,,P003AA00,https://www.petzl.com/sfc/servlet.shepherd/version/download/068Tx00000K6TmzIAF,https://www.petzl.com/NL/en/Professional/Pulleys/MOBILE,,
Petzl,TANDEM,ppe,Pulleys,Aluminium,"CE EN 12278, UKCA",UNL,,,10 kN,,,13,,,P21,https://www.petzl.com/sfc/servlet.shepherd/version/download/06868000004IFk0AAG,https://www.petzl.com/NL/en/Professional/Pulleys/TANDEM,,
Petzl,TANDEM SPEED,ppe,Pulleys,Steel,"CE EN 12278, UKCA",UNL,,,10 kN,,,13,,,P21 SPE,https://www.petzl.com/sfc/servlet.shepherd/version/download/0686800000GwAqkAAF,https://www.petzl.com/NL/en/Professional/Pulleys/TANDEM-SPEED,,
Petzl,KOOTENAY,ppe,Pulleys,Aluminium / Steel,"CE EN 12278, UKCA",UNL,,,10 kN,,8,19,,,P67,https://www.petzl.com/sfc/servlet.shepherd/version/download/068Tx00000EodPsIAJ,https://www.petzl.com/NL/en/Professional/Pulleys/KOOTENAY,,
Petzl,TWIN RELEASE,ppe,Pulleys,Aluminium / Steel / Nylon,"CE EN 567, CE EN 12278, NFPA 2500 General Use, UKCA",UNL,,36 kN,,,8,13,,,P001DA00,https://www.petzl.com/sfc/servlet.shepherd/version/download/068Tx00000EwLs8IAF,https://www.petzl.com/NL/en/Professional/Pulleys/TWIN-RELEASE,,
Petzl,JAG TRAXION,ppe,Pulleys,Aluminium / Nylon,"CE EN 567, CE EN 12278, NFPA 2500 Technical Use, UKCA",UNL,,16 kN,6 kN,,8,11,,,P54,https://www.petzl.com/sfc/servlet.shepherd/version/download/068Tx00000NHDreIAH,https://www.petzl.com/NL/en/Professional/Pulleys/JAG-TRAXION,,
Petzl,JAG,ppe,Pulleys,Aluminium / Nylon,"CE EN 12278, CE EN 567, NFPA 2500 Technical Use, UKCA",UNL,,16 kN,6 kN,,8,11,,,P45,https://www.petzl.com/sfc/servlet.shepherd/version/download/068Tx00000NHDreIAH,https://www.petzl.com/NL/en/Professional/Pulleys/JAG,,
Petzl,JAG SYSTEM,ppe,Pulleys,Aluminium / Nylon / Polyurethane,"CE EN 358, EAC, NFPA 2500 Technical Use",10,,16 kN,6 kN,,8,8,,,P044AA00 / P044AA01 / P044AA02,https://www.petzl.com/sfc/servlet.shepherd/version/download/068Tx00000NHDreIAH,https://www.petzl.com/NL/en/Professional/Pulleys/JAG-SYSTEM,,
Petzl,PRO TRAXION,ppe,Pulleys,Aluminium / Steel / Nylon,"CE EN 567, CE EN 12278, CE EN 12841 type B, NFPA 2500 Technical Use",UNL,,23 kN,,,8,13,,,P055AA00,https://www.petzl.com/sfc/servlet.shepherd/version/download/068Tx00000IrSjnIAF,https://www.petzl.com/NL/en/Professional/Pulleys/PRO-TRAXION,,
Petzl,MINI TRAXION,ppe,Pulleys,Aluminium / Steel / Nylon,"CE EN 567, CE EN 12278, CE EN 12841 type B, NFPA 2500 Technical Use",UNL,,20 kN,,,7,11,,,P054AA00,https://www.petzl.com/sfc/servlet.shepherd/version/download/068Tx00000KZvuRIAT,https://www.petzl.com/NL/en/Professional/Pulleys/MINI-TRAXION,,
Petzl,ROLLCLIP A,ppe,Pulleys,Aluminium,"CE EN 362, CE EN 12275, CE EN 12278, EAC",UNL,,20 kN,4 kN,,7,13,,,P74 TL / P74,https://www.petzl.com/sfc/servlet.shepherd/version/download/068Tx00000F6OVHIA3,https://www.petzl.com/NL/en/Professional/Pulleys/ROLLCLIP-A,,
Petzl,ROLLCLIP Z,ppe,Pulleys,Aluminium,"CE EN 362, CE EN 12278, EAC",UNL,,20 kN,4 kN,,7,13,,,P75 TL / P75 SL,https://www.petzl.com/sfc/servlet.shepherd/version/download/068Tx00000F6OVHIA3,https://www.petzl.com/NL/en/Professional/Pulleys/ROLLCLIP-Z,,
Petzl,VERTEX,ppe,Helmets,ABS / Nylon / Polycarbonate / Polyester / Polyethylene,"CE EN 397, EN 12492, EN 50365, ANSI Z89.1 Type I Class E, EAC, AS/NZS 1801, GB 2811",10,,,,,,,,,A010AA00 / A010AA01 / A010AA02 / A010AA03 / A010AA04 / A010AA05 / A010AA06,https://www.petzl.com/sfc/servlet.shepherd/version/download/068Tx000005v6InIAI,https://www.petzl.com/NL/en/Professional/Helmets/VERTEX,,
Petzl,VERTEX HI-VIZ,ppe,Helmets,ABS / Nylon / Polycarbonate / Polyester / Polyethylene,"CE EN 397, EN 12492, EN 50365, ANSI Z89.1 Type I Class E, EAC, AS/NZS 1801, GB 2811-2019",10,,,,,,,,,A010DA00 / A010DA01,https://www.petzl.com/sfc/servlet.shepherd/version/download/068Tx000005v6InIAI,https://www.petzl.com/NL/en/Professional/Helmets/VERTEX-HI-VIZ,,
Petzl,VERTEX VENT,ppe,Helmets,ABS / Nylon / Polycarbonate / Polyester / Polyethylene,"CE EN 397, EN 12492, ANSI Z89.1 Type I Class C, EAC, GB 2811-2019",10,,,,,,,,,A010CA00 / A010CA01 / A010CA02 / A010CA03 / A010CA04 / A010CA05 / A010CA06,https://www.petzl.com/sfc/servlet.shepherd/version/download/068Tx000005vASnIAM,https://www.petzl.com/NL/en/Professional/Helmets/VERTEX-VENT,,
Petzl,VERTEX VENT HI-VIZ,ppe,Helmets,ABS / Nylon / Polycarbonate / Polyester / Polyethylene,"CE EN 397, EN 12492, ANSI Z89.1 Type I Class C, UKCA, EAC, GB 2811-2019",10,,,,,,,,,A010EA00 / A010EA01,https://www.petzl.com/sfc/servlet.shepherd/version/download/068Tx000005vASnIAM,https://www.petzl.com/NL/en/Professional/Helmets/VERTEX-VENT-HI-VIZ,,
Petzl,VERTEX CUSTOM,ppe,Helmets,ABS / Nylon / Polycarbonate / Polyester / Polyethylene,"CE EN 397, EN 12492 (depending on version) - see product page",10,,,,,,,,,A010XY,https://www.petzl.com/sfc/servlet.shepherd/version/download/068Tx000005v6InIAI,https://www.petzl.com/NL/en/Professional/Helmets/VERTEX-CUSTOM,,
Petzl,STRATO,ppe,Helmets,ABS / EPP / EPS / Nylon / Polycarbonate / Polyester / Polyethylene,"CE EN 397, EN 12492, EN 50365, ANSI Z89.1 Type I Class E, EAC, GB 2811",10,,,,,,,,,A020AA00 / A020AA01 / A020AA02 / A020AA03,https://www.petzl.com/sfc/servlet.shepherd/version/download/068Tx00000LTsc2IAD,https://www.petzl.com/NL/en/Professional/Helmets/STRATO,,
Petzl,STRATO HI-VIZ,ppe,Helmets,ABS / EPP / EPS / Nylon / Polycarbonate / Polyester / Polyethylene,"CE EN 397, EN 12492, EN 50365, ANSI Z89.1 Type I Class E, EAC, GB 2811-2019",10,,,,,,,,,A020CA00 / A020CA01,https://www.petzl.com/sfc/servlet.shepherd/version/download/068Tx00000LTsc2IAD,https://www.petzl.com/NL/en/Professional/Helmets/STRATO-HI-VIZ,,
Petzl,STRATO VENT,ppe,Helmets,ABS / EPP / EPS / Nylon / Polycarbonate / Polyester / Polyethylene,"CE EN 12492, ANSI Z89.1 Type I Class C",10,,,,,,,,,A020BA00 / A020BA01 / A020BA02 / A020BA03,https://www.petzl.com/sfc/servlet.shepherd/version/download/068Tx00000LTwPVIA1,https://www.petzl.com/NL/en/Professional/Helmets/STRATO-VENT,,
Petzl,STRATO VENT HI-VIZ,ppe,Helmets,ABS / EPP / EPS / Nylon / Polycarbonate / Polyester / Polyethylene,"CE EN 12492, ANSI Z89.1 Type I Class C",10,,,,,,,,,A020DA00 / A020DA01,https://www.petzl.com/sfc/servlet.shepherd/version/download/068Tx00000LTwPVIA1,https://www.petzl.com/NL/en/Professional/Helmets/STRATO-VENT-HI-VIZ,,
Petzl,STRATO CUSTOM,ppe,Helmets,ABS / EPP / EPS / Nylon / Polycarbonate / Polyester / Polyethylene,"CE EN 397, EN 12492 (depending on version) - see product page",10,,,,,,,,,A020XY,https://www.petzl.com/sfc/servlet.shepherd/version/download/068Tx00000LTsc2IAD,https://www.petzl.com/NL/en/Professional/Helmets/STRATO-CUSTOM,,
Petzl,NEWTON European version,ppe,Harnesses,"Nylon, polyester, aluminum","CE EN 361, EAC, JSFAD",10,,,,,,,,,C073AA01 / C073AA02,https://www.petzl.com/sfc/servlet.shepherd/version/download/068bK00000fUZFMQA4,https://www.petzl.com/NL/en/Professional/Harnesses/NEWTON-European-version,,
Petzl,NEWTON International version,ppe,Harnesses,"Nylon, polyester, aluminum, steel","CE EN 361, EAC, ANSI Z359.11, CSA Z259.10, JSFAD, GB 6095-2021",10,,,,,,,,,C073BA01 / C073BA02,https://www.petzl.com/sfc/servlet.shepherd/version/download/068bK00000fX63rQAC,https://www.petzl.com/NL/en/Professional/Harnesses/NEWTON-international-version,,
Petzl,NEWTON FAST European Version,ppe,Harnesses,"Nylon, polyester, aluminum","CE EN 361, EAC, JSFAD",10,,,,,,,,,C073CA01 / C073CA02,https://www.petzl.com/sfc/servlet.shepherd/version/download/068bK00000fUZFMQA4,https://www.petzl.com/NL/en/Professional/Harnesses/NEWTON-FAST-European-Version,,
Petzl,NEWTON FAST International Version,ppe,Harnesses,"Nylon, polyester, aluminum, steel","CE EN 361, EAC, ANSI Z359.11, CSA Z259.10, JSFAD, GB 6095-2021",10,,,,,,,,,C073DA01 / C073DA02 / C073IA00 / C073IA01,https://www.petzl.com/sfc/servlet.shepherd/version/download/068bK00000fX63rQAC,https://www.petzl.com/NL/en/Professional/Harnesses/NEWTON-FAST-International-Version,,
Petzl,NEWTON EASYFIT European Version,ppe,Harnesses,"Nylon, polyester, aluminum","CE EN 361, EAC, JSFAD",10,,,,,,,,,C073EA00 / C073EA01 / C073EA02,https://www.petzl.com/sfc/servlet.shepherd/version/download/068bK00000fUZFMQA4,https://www.petzl.com/NL/en/Professional/Harnesses/NEWTON-EASYFIT-European-Version,,
Petzl,NEWTON EASYFIT International Version,ppe,Harnesses,"Nylon, polyester, aluminum, steel","CE EN 361, EAC, ANSI Z359.11, CSA Z259.10, JSFAD, GB 6095-2021",10,,,,,,,,,C073FA00 / C073FA01 / C073FA02,https://www.petzl.com/sfc/servlet.shepherd/version/download/068bK00000fX63rQAC,https://www.petzl.com/NL/en/Professional/Harnesses/NEWTON-EASYFIT-International-Version,,
Petzl,VOLT LIGHT European Version,ppe,Harnesses,"Nylon, polyester, aluminum, steel","CE EN 361, CE EN 358",10,,,,,,,,,C072GA00 / C072GA01 / C072GA02,https://www.petzl.com/sfc/servlet.shepherd/version/download/068Tx00000NAfb0IAD,https://www.petzl.com/NL/en/Professional/Harnesses/VOLT-LIGHT-European-Version,,
Petzl,VOLT LIGHT International Version,ppe,Harnesses,"Nylon, polyester, aluminum, steel","CE EN 361, CE EN 358, ANSI Z359.11, CSA Z259.10, GB 6095, JSFAD",10,,,,,,,,,C072HA00 / C072HA01 / C072HA02,https://www.petzl.com/sfc/servlet.shepherd/version/download/068Tx00000NAhb9IAD,https://www.petzl.com/NL/en/Professional/Harnesses/VOLT-LIGHT-International-Version,,
Petzl,VOLT European Version,ppe,Harnesses,"Nylon, polyester, aluminum, steel","CE EN 361, CE EN 358, CE EN 813",10,,,,,,,,,C072AB00 / C072AB01 / C072AB02,https://www.petzl.com/sfc/servlet.shepherd/version/download/068Tx00000NAYuTIAX,https://www.petzl.com/NL/en/Professional/Harnesses/VOLT-European-Version,,
Petzl,VOLT International Version,ppe,Harnesses,"Nylon, polyester, aluminum, steel","CE EN 361, CE EN 358, CE EN 813, ANSI Z359.11, CSA Z259.10, GB 6095, JSFAD",10,,,,,,,,,C072CB00 / C072CB01 / C072CB02,https://www.petzl.com/sfc/servlet.shepherd/version/download/068bK00000lMFS1QAO,https://www.petzl.com/NL/en/Professional/Harnesses/VOLT-International-Version,,
Petzl,VOLT WIND European Version,ppe,Harnesses,"Nylon, polyester, aluminum, steel","CE EN 361, CE EN 358, CE EN 813",10,,,,,,,,,C072BB00 / C072BB01 / C072BB02,https://www.petzl.com/sfc/servlet.shepherd/version/download/068Tx00000NAYuTIAX,https://www.petzl.com/NL/en/Professional/Harnesses/VOLT-WIND-European-Version,,
Petzl,VOLT WIND International Version,ppe,Harnesses,"Nylon, polyester, aluminum, steel","CE EN 361, CE EN 358, CE EN 813, ANSI Z359.11, CSA Z259.10, GB 6095, JSFAD",10,,,,,,,,,C072DB00 / C072DB01 / C072DB02,https://www.petzl.com/sfc/servlet.shepherd/version/download/068bK00000lMFS1QAO,https://www.petzl.com/NL/en/Professional/Harnesses/VOLT-WIND-International-Version,,
Petzl,VOLT WIND OFFSHORE,ppe,Harnesses,"Nylon, polyester, aluminum, stainless steel","CE EN 361, CE EN 358, CE EN 813, ANSI Z359.11, CSA Z259.10, GB 6095, JSFAD",10,,,,,,,,,C072FB00 / C072FB01 / C072FB02,https://www.petzl.com/sfc/servlet.shepherd/version/download/068bK00000lMFS1QAO,https://www.petzl.com/NL/en/Professional/Harnesses/VOLT-WIND-OFFSHORE,,
Petzl,VOLT International Version Work Seat,ppe,Harnesses,"Nylon, polyester, aluminum, steel",CE EN 813,10,,,,,,,,,C072EB00,https://www.petzl.com/sfc/servlet.shepherd/version/download/068bK00000lMFS1QAO,https://www.petzl.com/NL/en/Professional/Harnesses/VOLT-International-Version-Work-Seat,,
Petzl,AVAO European Version,ppe,Harnesses,"Nylon, polyester, aluminum, steel","CE EN 361, CE EN 813, CE EN 358",10,,,,,,,,,C071AB00 / C071AB01 / C071AB02,https://www.petzl.com/sfc/servlet.shepherd/version/download/068Tx000008sHXBIA2,https://www.petzl.com/NL/en/Professional/Harnesses/AVAO-European-Version,,
Petzl,AVAO International Version,ppe,Harnesses,"Nylon, polyester, aluminum, steel","CE EN 361, CE EN 813, CE EN 358, ANSI Z359.11, ANSI Z459.1, CSA Z259.10, NFPA 2500 class 3, GB 6095",10,,,,,,,,,C071CB00 / C071CB01 / C071CB02,https://www.petzl.com/sfc/servlet.shepherd/version/download/068Tx000008sMgWIAU,https://www.petzl.com/NL/en/Professional/Harnesses/AVAO-International-Version,,
Petzl,AVAO FAST European Version,ppe,Harnesses,"Nylon, polyester, aluminum, steel","CE EN 361, CE EN 813, CE EN 358",10,,,,,,,,,C071BB00 / C071BB01 / C071BB02,https://www.petzl.com/sfc/servlet.shepherd/version/download/068Tx000008sHXBIA2,https://www.petzl.com/NL/en/Professional/Harnesses/AVAO-FAST-European-Version,,
Petzl,AVAO FAST International Version,ppe,Harnesses,"Nylon, polyester, aluminum, steel","CE EN 361, CE EN 813, CE EN 358, ANSI Z359.11, ANSI Z459.1, CSA Z259.10, NFPA 2500 class 3, GB 6095",10,,,,,,,,,C071DB00 / C071DB01 / C071DB02,https://www.petzl.com/sfc/servlet.shepherd/version/download/068Tx000008sMgWIAU,https://www.petzl.com/NL/en/Professional/Harnesses/AVAO-FAST-International-Version,,
Petzl,AVAO SIT,ppe,Harnesses,"Nylon, polyester, aluminum, steel","CE EN 813, CE EN 358",10,,,,,,,,,C079AB00 / C079AB01 / C079AB02,https://www.petzl.com/sfc/servlet.shepherd/version/download/068Tx000008Dp89IAC,https://www.petzl.com/NL/en/Professional/Harnesses/AVAO-SIT,,
Petzl,AVAO SIT FAST,ppe,Harnesses,"Nylon, polyester, aluminum, steel","CE EN 813, CE EN 358",10,,,,,,,,,C079BB00 / C079BB01 / C079BB02,https://www.petzl.com/sfc/servlet.shepherd/version/download/068Tx000008Dp89IAC,https://www.petzl.com/NL/en/Professional/Harnesses/AVAO-SIT-FAST,,
Petzl,TOP,ppe,Harnesses,"Nylon, polyester, aluminum, steel","CE EN 361 (with AVAO SIT, AVAO SIT FAST, FALCON, FALCON MOUNTAIN, SEQUOIA, SEQUOIA PLUS)",10,,,,,,,,,C081AB00 / C081AB01,https://www.petzl.com/sfc/servlet.shepherd/version/download/068Tx000008rPAAIA2,https://www.petzl.com/NL/en/Professional/Harnesses/TOP,,
Petzl,SEQUOIA SRT,ppe,Harnesses,"Nylon, polyester, polyethylene, aluminum, steel","CE EN 358, CE EN 813, EAC, GB 6095 / W",10,,,,,,,,,C069BA01 / C069BA02,https://www.petzl.co.jp/download/pdf/ifu/C069BA.pdf,https://www.petzl.com/NL/en/Professional/Harnesses/SEQUOIA-SRT,https://www.petzl.com/INT/en/Professional/recalls/2019-12-9/Information--safety-alert-for-SEQUOIA-(C069AA_)And-SEQUOIA-SRT-(C069BA_)-harnesses,
Rock Exotica,Pirate Auto-Lock Carabiner,Locking Carabiner (Auto-Lock),Carabiners & Connectors,Aluminum,CE,,,26 kN (major) / 12 kN (minor) / 7 kN (open gate),,,,,,,C1 A,,https://www.rockexotica.com/products/pirate-auto-lock-carabiner,,
Rock Exotica,Pirate ORCA-Lock Carabiner,Locking Carabiner (ORCA-Lock),Carabiners & Connectors,Aluminum,CE,,,26 kN (major) / 11 kN (minor) / 7 kN (open gate),,,,,,,C1 O,,https://www.rockexotica.com/products/pirate-orca-lock-carabiner,,
Rock Exotica,Pirate Screw-Lock Carabiner,Locking Carabiner (Screw-Lock),Carabiners & Connectors,Aluminum,CE,,,26 kN (major) / 11 kN (minor) / 7 kN (open gate),,,,,,,C1 S,,https://www.rockexotica.com/products/pirate-screw-lock-carabiner,,
Rock Exotica,Pirate WireEye Auto-Lock Carabiner,"Locking Carabiner (Auto-Lock, WireEye)",Carabiners & Connectors,Aluminum,n/a,,,26 kN (major) / 12 kN (minor) / 7 kN (open gate),,,,,,,C1 T,,https://www.rockexotica.com/products/pirate-wireeye-auto-lock-carabiner,,
Rock Exotica,Pirate WireEye Screw-Lock Carabiner,"Locking Carabiner (Screw-Lock, WireEye)",Carabiners & Connectors,Aluminum,CE,,,26 kN (major) / 11 kN (minor) / 7 kN (open gate),,,,,,,C1 WES,,https://www.rockexotica.com/products/pirate-wireeye-screw-lock-carabiner,,
Rock Exotica,rockD Auto-Lock Carabiner,Locking Carabiner (Auto-Lock),Carabiners & Connectors,Aluminum,CE,,,29 kN (major) / 11 kN (minor) / 9 kN (open gate),,,,,,,C2 A,,https://www.rockexotica.com/products/rockd-auto-lock-carabiner,,
Rock Exotica,rockD ORCA-Lock Carabiner,Locking Carabiner (ORCA-Lock),Carabiners & Connectors,Aluminum,CE,,,29 kN (major) / 11 kN (minor) / 9 kN (open gate),,,,,,,C2 O,,https://www.rockexotica.com/products/rockd-orca-lock-carabiner,,
Rock Exotica,rockD Screw-Lock Carabiner,Locking Carabiner (Screw-Lock),Carabiners & Connectors,Aluminum,CE,,,29 kN (major) / 9 kN (minor) / 9 kN (open gate),,,,,,,C2 S,,https://www.rockexotica.com/products/rockd-screw-lock-carabiner,,
Rock Exotica,rockD Twistlock Carabiner,Locking Carabiner (Twist-Lock),Carabiners & Connectors,Aluminum,n/a,,,29 kN (major) / 11 kN (minor) / 9 kN (open gate),,,,,,,C2 T,,https://www.rockexotica.com/products/rockd-twistlock-carabiner,,
Rock Exotica,rockD Lanyard Pin Carabiner,"Locking Carabiner (Auto-Lock, Lanyard Pin)",Carabiners & Connectors,Aluminum,CE,,,30 kN (major) / 11 kN (minor) / 10 kN (open gate),,,,,,,C2 LPA,,https://www.rockexotica.com/products/rockd-lanyard-pin-carabiner,,
Rock Exotica,rockO Auto-Lock Carabiner,Locking Carabiner (Auto-Lock),Carabiners & Connectors,Aluminum,CE,,,24 kN (major) / 11 kN (minor) / 6 kN (open gate),,,,,,,C3 A,,https://www.rockexotica.com/products/rocko-auto-lock-carabiner,,
Rock Exotica,rockO ORCA-Lock Carabiner,Locking Carabiner (ORCA-Lock),Carabiners & Connectors,Aluminum,CE,,,24 kN (major) / 11 kN (minor) / 6 kN (open gate),,,,,,,C3 O,,https://www.rockexotica.com/products/rocko-orca-lock-carabiner,,
Rock Exotica,rockO Screw-Lock Carabiner,Locking Carabiner (Screw-Lock),Carabiners & Connectors,Aluminum,CE,,,24 kN (major) / 9 kN (minor) / 6 kN (open gate),,,,,,,C3 S,,https://www.rockexotica.com/products/rocko-screw-lock-carabiner,,
Rock Exotica,rockO WireEye Auto-Lock Carabiner,"Locking Carabiner (Auto-Lock, WireEye)",Carabiners & Connectors,Aluminum,CE,,,24 kN (major) / 9 kN (minor) / 6 kN (open gate),,,,,,,C3 WEA,,https://www.rockexotica.com/products/rocko-wireeye-auto-lock-carabiner,,
Rock Exotica,rockO Non-Locking Carabiner,no ppe,Carabiners & Connectors,Aluminum,CE,,,22 kN (major) / 10 kN (minor) / 6 kN (open gate),,,,,,,C3 NL,,https://www.rockexotica.com/products/rocko-non-locking-carabiner,,
Rock Exotica,rockD Stainless Auto-Lock Carabiner,ppe,Carabiners & Connectors,Stainless steel,"CE, UIAA",,,41 kN (major) / 17 kN (minor) / 13 kN (open gate),,,,,,,C2S A,,https://www.rockexotica.com/products/rockd-stainless-auto-lock-carabiner,,
Rock Exotica,rockD Stainless Screw-Lock Carabiner,ppe,Carabiners & Connectors,Stainless steel,"CE, UIAA",,,41 kN (major) / 17 kN (minor) / 13 kN (open gate),,,,,,,C2S S,,https://www.rockexotica.com/products/rockd-stainless-screw-lock-carabiner,,
Rock Exotica,rockD ANSI Stainless Carabiner,ppe,Carabiners & Connectors,Stainless steel,ANSI Z359.12,,,40 kN (major) / 14 kN (minor) / 14 kN (open gate),,,,,,,C2S AA,,https://www.rockexotica.com/products/rockd-ansi-stainless-carabiner,,
Rock Exotica,rockD ANSI LPA Stainless Carabiner,ppe,Carabiners & Connectors,Stainless steel,ANSI Z359.12,,,40 kN (major) / 14 kN (minor) / 11 kN (open gate),,,,,,,C2S LPAA,,https://www.rockexotica.com/products/rockd-ansi-lpa-stainless-carabiner,,
Rock Exotica,rockSteel Auto-Lock Carabiner,ppe,Carabiners & Connectors,Steel,"CE, ANSI Z359.12, NFPA G",,,50 kN (major) / 16 kN (minor) / 18 kN (open gate),,,,,,,M31 TL,,https://www.rockexotica.com/products/rocksteel-auto-lock-carabiner,,
Rock Exotica,rockSteel Screw-Lock Carabiner,ppe,Carabiners & Connectors,Steel,"CE, NFPA G",,,"45-48 kN (major, per fabrikant-bron variatie)",,,,,,,M31 SL,,https://www.rockexotica.com/products/rocksteel-screw-lock-carabiner,,
Rock Exotica,Pirate Up-Lock Carabiner,ppe,Carabiners & Connectors,Aluminum,EN 12275,,,26 kN (major) / 12 kN (minor) / 7 kN (open gate),,,,,,,C1 U,,https://www.rockexotica.com/products/pirate-up-lock-carabiner,,
Rock Exotica,rockD Up-Lock Carabiner,Locking Carabiner (Up-Lock),Carabiners & Connectors,Aluminum,CE,,,29 kN (major) / 11 kN (minor) / 9 kN (open gate),,,,,,,C2 U,,https://www.rockexotica.com/products/rockd-up-lock-carabiner,,
Rock Exotica,rockO Up-Lock Carabiner,Locking Carabiner (Up-Lock),Carabiners & Connectors,Aluminum,CE,,,24 kN (major) / 11 kN (minor) / 6 kN (open gate),,,,,,,C3 U,,https://www.rockexotica.com/products/rocko-up-lock-carabiner,,
Rock Exotica,NanoSwivel,Swivel,Swivels,Aluminum,CE,,,23 kN,3 kN,,,,,,S11,,https://www.rockexotica.com/products/nanoswivel,,
Rock Exotica,Orbitor Swivel,Swivel,Swivels,Aluminum,CE,,,26 kN,5 kN,,,,,,S3,,https://www.rockexotica.com/products/orbitor-swivel,,
Rock Exotica,Rotator Round Swivel (Large),Swivel,Swivels,Aluminum,CE,,,36 kN,5 kN,,,,,,S2 L,,https://www.rockexotica.com/products/rotator-round-swivel-large,,
Rock Exotica,Shackle Swivel,Swivel,Swivels,Aluminum / Steel shackle bolt,CE,,,36 kN,5 kN,,,,,,SS1,,https://www.rockexotica.com/products/shackle-swivel,,
Rock Exotica,Stainless Steel Swivel,Swivel,Swivels,Stainless steel,n/a,,,36 kN,5 kN,,,,,,S2S,,https://www.rockexotica.com/products/stainless-steel-swivel-black,,
Rock Exotica,Akimbo,ppe,Climbing Devices (Ascender/Descender),Aluminum,"CE, EN 1891 Type A",,,,"100 kg or 130 kg (afhankelijk van goedgekeurd touwtype, zie fabrikant-lijst)",130,11.5,13,,,RG80,https://www.rockexotica.com/media/wysiwyg/rockexotica/tn/akimbo_user_manual.pdf,https://www.rockexotica.com/products/akimbo,,
Rock Exotica,Akimbo²,ppe,Climbing Devices (Ascender/Descender),Aluminum,"CE, EN 1891 Type A",,,,Afhankelijk van goedgekeurd touwtype (zie fabrikant-lijst),,11.5,12.7,,,RG80-2,,https://www.rockexotica.com/products/akimbo-2,,
Rock Exotica,Unicender,ppe,Climbing Devices (Ascender/Descender),Aluminum,ANSI (geen CE-certificering),,,,,,11,13,,,RG50,,https://www.rockexotica.com/products/unicender,,
Rock Exotica,"Omni-Block 1.1"" Single",Swivel Pulley,Pulleys,Aluminum,CE,,,23 kN,5 kN,,,13,,,,,https://www.rockexotica.com/products/omni-block-swivel-pulleys,https://www.rockexotica.com/omni-recall,https://www.rockexotica.com/omni-recall
Rock Exotica,"Omni-Block 1.5"" Single",Swivel Pulley,Pulleys,Aluminum,CE,,,36 kN,8 kN,,,13,,,,,https://www.rockexotica.com/products/omni-block-swivel-pulleys,,https://www.rockexotica.com/omni-recall
Rock Exotica,"Omni-Block 1.5"" Shackle-Top",Swivel Pulley,Pulleys,Aluminum,n/a,,,36 kN,8 kN,,,13,,,,,https://www.rockexotica.com/products/omni-block-swivel-pulleys,,https://www.rockexotica.com/omni-recall
Rock Exotica,"Omni-Block 1.5"" Stainless Sheave",Swivel Pulley,Pulleys,Aluminum / Stainless steel sheave,CE,,,36 kN,8 kN,,,13,,,,,https://www.rockexotica.com/products/omni-block-swivel-pulleys,,https://www.rockexotica.com/omni-recall
Rock Exotica,"Omni-Block 1.5"" Double",Swivel Pulley,Pulleys,Aluminum,CE,,,36 kN,8 kN,,,13,,,,,https://www.rockexotica.com/products/omni-block-swivel-pulleys,,https://www.rockexotica.com/omni-recall
Rock Exotica,"Omni-Block 2.0"" Single",Swivel Pulley,Pulleys,Aluminum,CE,,,36 kN,8 kN,,,13,,,,,https://www.rockexotica.com/products/omni-block-swivel-pulleys,,https://www.rockexotica.com/omni-recall
Rock Exotica,"Omni-Block 2.0"" Double",Swivel Pulley,Pulleys,Aluminum,CE,,,40 kN,10 kN,,,13,,,,,https://www.rockexotica.com/products/omni-block-swivel-pulleys,,https://www.rockexotica.com/omni-recall
Rock Exotica,"Omni-Block 2.6"" Single",Swivel Pulley,Pulleys,Aluminum,CE,,,80 kN,20 kN,,,13,,,,,https://www.rockexotica.com/products/omni-block-swivel-pulleys,,https://www.rockexotica.com/omni-recall
Rock Exotica,"Machined Mini Pulley 1.1"" Single",ppe,Pulleys,Aluminum,"CE, UIAA",,,30 kN,5 kN,,,11,,,P21,,https://www.rockexotica.com/products/machined-pulley,,
Rock Exotica,"Machined Mini Pulley 1.1"" Double",ppe,Pulleys,Aluminum,"CE, UIAA",,,36 kN,8 kN,,,11,,,P21D,,https://www.rockexotica.com/products/machined-pulley,,
Rock Exotica,"Machined Rescue Pulley 1.5"" Single",Pulley,Pulleys,Aluminum,CE,,,36 kN,8 kN,,,13,,,,,https://www.rockexotica.com/products/machined-pulley,,
Rock Exotica,"Machined Rescue Pulley 1.5"" Double",Pulley,Pulleys,Aluminum,CE,,,36 kN,8 kN,,,13,,,,,https://www.rockexotica.com/products/machined-pulley,,
Rock Exotica,Hydra Triple Attachment Pulley,Pulley / Rigging Plate / Swivel (combi),Pulleys,Aluminum,CE,,,28 kN (2 x 14 kN),5 kN (2 x 2.5 kN),,,13,,,P4,,https://www.rockexotica.com/products/hydra,,
Rock Exotica,"PMP 2.0"" Single (Prusik Minding Pulley)",ppe,Pulleys,Aluminum,"CE, NFPA G",,,44 kN,8 kN,,,13,,,P1,,https://www.rockexotica.com/products/pmp,,
Rock Exotica,"PMP 2.0"" Double (Prusik Minding Pulley)",ppe,Pulleys,Aluminum,"CE, NFPA G",,,44 kN,8 kN,,,13,,,P1 D,,https://www.rockexotica.com/products/pmp,,
Rock Exotica,Kootenay Ultra,Knot Passing Pulley (Double Bearing),Pulleys,Aluminum,CE,,,39 kN,6 kN,,8,19,,,P3,,https://www.rockexotica.com/products/kootenay-ultra,,
Rock Exotica,AZTEK Pulley (individual),"Swivel Pulley (onderdeel AZTEK-systeem, meestal als set gekeurd)",Pulleys,Aluminum,n/a,,,36 kN (2 x 9 kN x 2),8 kN (2 x 2 kN x 2),,,9,,,P41,,https://www.rockexotica.com/products/aztek-kit,,
Rock Exotica,RockGrab,Rope Grab / Lanyard Adjuster,Rope Grabs,Aluminum,n/a,,,,,,9,13,,,RG2,,https://www.rockexotica.com/products/rockgrab,,
Rock Exotica,RockGrab 90°,"Rope Grab / Lanyard Adjuster (90° jaw, horizontale lijn)",Rope Grabs,Aluminum,n/a,,,,,,9,13,,,RG2-90,,https://www.rockexotica.com/products/rockgrab-90,,
Rock Exotica,"RockGrab .625"" 90°","Rope Grab / Lanyard Adjuster (90° jaw, dikkere lijn)",Rope Grabs,Aluminum,n/a,,,,,,13.5,16,,,RG4-90,,https://www.rockexotica.com/products/rockgrab-625-90,,
Rock Exotica,RockGrab MIL,ppe,Rope Grabs,Aluminum,"EN 1891, EN 12841:2006/B, EN 567:2013",,,,,"100 (bij EN 12841/B, 10.5-13mm touw)",8,13,,,RG6,,https://www.rockexotica.com/products/rockgrab-mil,,
Rock Exotica,Transporter,no ppe,Rope Grabs,Aluminum,n/a,,,,,,,,,,,,https://www.rockexotica.com/products/transporter,,
Rock Exotica,Enforcer,no ppe,Rope Grabs,Aluminum / elektronica,n/a,,,,,,,,,,,,https://www.rockexotica.com/enforcer-recall,https://www.rockexotica.com/enforcer-recall,
Rock Exotica,TriRig (Black),Rigging Plate,Rigging Plates,Aluminum,CE,,,36 kN,,,,,,,RP1-B,,https://www.rockexotica.com/product/rigging-plates/tririg-black,,
Rock Exotica,PentaPlate,ppe,Rigging Plates,Aluminum,"CE, NFPA G",,,36 kN,,,,,,,RP2,,https://www.rockexotica.com/product/rigging-plates/pentaplate,,
Rock Exotica,Se7en Rigplate,ppe,Rigging Plates,Aluminum,"CE, NFPA G",,,36 kN,,,,,,,RP3,,https://rockexotica.com/se7en,,
Rock Exotica,RockStar 3D Rigplate,ppe,Rigging Plates,Aluminum,"CE, NFPA G",,,36 kN,,,,,,,RP22,,https://www.rockexotica.com/products/rockstar-3d-rigplate,,
Rock Exotica,The Bolt,ppe,Rigging Plates,Aluminium body / Stainless steel bolt,NFPA G (geen CE),,,36 kN,,,,,,,RP5,,https://www.rockexotica.com/product/rigging-plates/bolt,,
STEIN,SECURA D-Shape Aluminium - Gold,ppe,karabiner,7075 aluminium,EN362,,,30,,,,,engraved on body,,SS-4924172046,https://www.fletcherstewart.com/declarations-of-conformity,https://www.fletcherstewart.com/secura-d-shape-aluminium-gold.html,,
STEIN,SECURA D-Shape Aluminium - Blue,ppe,karabiner,7075 aluminium,EN362,,,30,,,,,engraved on body,,SS-4924172047,https://www.fletcherstewart.com/declarations-of-conformity,https://www.fletcherstewart.com/secura-d-shape-aluminium-blue.html,,
STEIN,SECURA D-Shape Aluminium - Green (Twin Pack),ppe,karabiner,7075 aluminium,EN362,,,30,,,,,engraved on body,,SS-4924172048X2,https://www.fletcherstewart.com/declarations-of-conformity,https://www.fletcherstewart.com/secura-d-shape-aluminium-green-twin.html,,
STEIN,SECURA OVAL Aluminium - Gold,ppe,karabiner,7075 aluminium,EN362,,,25,,,,,engraved on body,,SS-4924172216,https://www.fletcherstewart.com/declarations-of-conformity,https://www.fletcherstewart.com/secura-oval-aluminium-gold.html,,
STEIN,SECURA OVAL Aluminium - Gold (Twin Pack),ppe,karabiner,7075 aluminium,EN362,,,25,,,,,engraved on body,,SS-4924172216X2,https://www.fletcherstewart.com/declarations-of-conformity,https://www.fletcherstewart.com/secura-oval-aluminium-gold-twin.html,,
STEIN,Rope Grab for 12.0mm - 13.0mm Rope,ppe,rope grab,aluminium / steel,EN358:2018,,,,,,12,13,,,SS-4922974400,https://www.fletcherstewart.com/declarations-of-conformity,https://www.fletcherstewart.com/rope-grab-for-12mm-13mm-rope-bolted-cam.html,,
STEIN,VEGA Plus VS2 Harness - Size 1,no ppe,arborist harness,polyester webbing,EN813:2008 / EN358:2018 / ASTM F887-18,,,,150 kg,150,,,label on harness,,,https://www.fletcherstewart.com/declarations-of-conformity,https://www.fletcherstewart.com/vega-plus-vs2-harness-size-2.html,,
STEIN,VEGA Plus VS2 Harness - Size 2,no ppe,arborist harness,polyester webbing,EN813:2008 / EN358:2018 / ASTM F887-18,,,,150 kg,150,,,label on harness,,,https://www.fletcherstewart.com/declarations-of-conformity,https://www.fletcherstewart.com/vega-plus-vs2-harness-size-2.html,,
STEIN,VEGA Plus VS2 Harness - Size 3,no ppe,arborist harness,polyester webbing,EN813:2008 / EN358:2018 / ASTM F887-18,,,,150 kg,150,,,label on harness,,,https://www.fletcherstewart.com/declarations-of-conformity,https://www.fletcherstewart.com/vega-plus-vs2-harness-size-2.html,,
STEIN,Wire Core Work Positioning Lanyard 3.0m,ppe,work positioning lanyard,polyester sheath / steel wire core (7x19 6mm),EN358:2018,,,,100 kg,100,,,,,,https://www.fletcherstewart.com/declarations-of-conformity,https://www.fletcherstewart.com/view-by-brand/stein/climbing-equipment-101/lanyards-fliplines-109/wire-core-flipline-310.html,,
STEIN,Wire Core Work Positioning Lanyard 5.0m,ppe,work positioning lanyard,polyester sheath / steel wire core (7x19 6mm),EN358:2018,,,,100 kg,100,,,,,,https://www.fletcherstewart.com/declarations-of-conformity,https://www.fletcherstewart.com/5-0m-wire-core-lanyard-complete-kit.html,,
STEIN,SCE-X1 Work Positioning Lanyard 3.0m,ppe,work positioning lanyard,polyester / polyamide (SRS-32 11mm),EN354:2010,,,,,,11,11,,,SS-37211X10XX,https://www.fletcherstewart.com/declarations-of-conformity,https://www.fletcherstewart.com/3-0m-x1-sce-lanyard-no-hardware.html,,
STEIN,Arborist Rescue Sling,ppe,rescue sling,polyester webbing 25mm,EN566 / EN795:B,,,22,,,,,,,,https://www.fletcherstewart.com/declarations-of-conformity,https://www.fletcherstewart.com/arborist-rescue-sling.html,,
STEIN,MANTRA ACR-24 Climbing Line 25m Spliced Eye,ppe,climbing line,polyester (24-strand braid / nylon core),EN1891 Type A,10,,,,,11.7,11.7,NFC tag / spliced termination label,,,https://www.fletcherstewart.com/declarations-of-conformity,https://www.fletcherstewart.com/mantra-acr-24-25m-spliced-eye.html,,
STEIN,SCORPIUS ACR-16 Climbing Line 45m Spliced Eye,ppe,climbing line,polyester (16-strand kernmantle),EN1891 Type A,10,,,,,12.4,12.4,serial numbered terminations,,,https://www.fletcherstewart.com/declarations-of-conformity,https://www.fletcherstewart.com/scorpius-acr-16-45m-spliced-eye.html,,
STEIN,ACUDA ACR-24 Climbing Line 35m Spliced Eye,ppe,climbing line,polyester (24-strand braid / nylon core),EN1891 Type A,10,,,,,11.7,11.7,NFC tag / spliced termination label,,,https://www.fletcherstewart.com/declarations-of-conformity,https://www.fletcherstewart.com/acuda-acr-24-35m-spliced-eye.html,,
STEIN,CAMBO SRT Foot Loop - Size S,no ppe,SRT product (not PPE),,,,,,,,,,,,SS-5531027030,https://www.fletcherstewart.com/declarations-of-conformity,https://www.fletcherstewart.com/srt-foot-loop-s.html,,
STEIN,CAMBO SRT Foot Loop - Size M,no ppe,SRT product (not PPE),,,,,,,,,,,,SS-5531027040,https://www.fletcherstewart.com/declarations-of-conformity,https://www.fletcherstewart.com/srt-foot-loop-s.html,,
STEIN,CAMBO SRT Foot Loop - Size L,no ppe,SRT product (not PPE),,,,,,,,,,,,SS-5531027050,https://www.fletcherstewart.com/declarations-of-conformity,https://www.fletcherstewart.com/cambo-srt-foot-loop-l.html,,
STEIN,VEGA Arborist Harness - Size 1,no ppe,arborist harness,polyester webbing,EN813:2008 / EN358:2018 / ASTM F887-18,,,,150 kg,150,,,label on harness,,,https://www.fletcherstewart.com/declarations-of-conformity,https://www.fletcherstewart.com/view-by-brand/stein/climbing-equipment-101/test.html,,
STEIN,VEGA Arborist Harness - Size 2,no ppe,arborist harness,polyester webbing,EN813:2008 / EN358:2018 / ASTM F887-18,,,,150 kg,150,,,label on harness,,,https://www.fletcherstewart.com/declarations-of-conformity,https://www.fletcherstewart.com/view-by-brand/stein/climbing-equipment-101/test.html,,
STEIN,VEGA Arborist Harness - Size 3,no ppe,arborist harness,polyester webbing,EN813:2008 / EN358:2018 / ASTM F887-18,,,,150 kg,150,,,label on harness,,,https://www.fletcherstewart.com/declarations-of-conformity,https://www.fletcherstewart.com/view-by-brand/stein/climbing-equipment-101/test.html,,
STEIN,CAMBO V5 SRT Chest Harness,harness,chest harness (SRT),polyester webbing,,,,,,,,,,,SS-5530027040,https://www.fletcherstewart.com/declarations-of-conformity,https://www.fletcherstewart.com/cambo-v5-chest-harness.html,,
STEIN,ELEVATE Climber Kit - 43mm Gaffs,no ppe,tree climbing spurs,hard anodised aluminium / stainless steel,,,,,,,,,,,SS-46302K2043,https://www.fletcherstewart.com/declarations-of-conformity,https://www.fletcherstewart.com/elevate-climber-kit-67mm-gaffs-blue.html,,
STEIN,ELEVATE Climber Kit - 67mm Gaffs,no ppe,tree climbing spurs,hard anodised aluminium / stainless steel,,,,,,,,,,,SS-46302K2067,https://www.fletcherstewart.com/declarations-of-conformity,https://www.fletcherstewart.com/elevate-climber-kit-67mm-gaffs-blue.html,,
STEIN,X2 Aluminium Climber Kit - 67mm Gaffs,no ppe,tree climbing spurs (discontinued),aluminium / stainless steel,,,,,,,,,,,,https://www.fletcherstewart.com/declarations-of-conformity,https://www.fletcherstewart.com/x2-climber-kit-fitted-with-67mm-gaffs-222.html,,
STEIN,OMEGA-12 Rigging Line ORL-32/12,rigging,rigging line (not PPE),polyester (32-plait sheath / braided core),,,,,,,12,12,,,ORL-32/12,https://www.fletcherstewart.com/declarations-of-conformity,https://www.fletcherstewart.com/omega-10-rigging-line-50m-orl-16-10.html,,
STEIN,RC1000 Lowering Device,rigging,rigging device (not PPE),aluminium,,,,,1000 kg,,,,stamped on device,,,https://www.fletcherstewart.com/declarations-of-conformity,https://www.fletcherstewart.com/arborist-forestry/rigging-equipment/lowering-devices/lowering-devices-187.html,,
STEIN,RC2000 Lowering Device,rigging,rigging device (not PPE),aluminium,,,,,2000 kg,,,,stamped on device,,,https://www.fletcherstewart.com/declarations-of-conformity,https://www.fletcherstewart.com/arborist-forestry/rigging-equipment/lowering-devices/lowering-devices-187.html,,
STEIN,RC2001 Fixed Lowering Device,rigging,rigging device (not PPE),aluminium,,,,,2000 kg,,,16,stamped on device,,,https://www.fletcherstewart.com/declarations-of-conformity,https://www.fletcherstewart.com/rc2001-lowering-device.html,,
STEIN,SMB1000 Lowering Bollard,rigging,rigging device (not PPE),aluminium,,,,,1000 kg,,,14,serial number on protection rubber,,,https://www.fletcherstewart.com/declarations-of-conformity,https://www.fletcherstewart.com/smb1000-lowering-bollard-1.html,,
STEIN,RCW3001 Lowering Device,rigging,rigging device (not PPE),aluminium,,,,,3000 kg,,,19,,,,https://www.fletcherstewart.com/declarations-of-conformity,https://www.fletcherstewart.com/rcw3001-lowering-device-c-w-winch.html,,
STEIN,LD1000 Invert-A-Wrap Floating Friction Device,rigging,rigging device (not PPE),aluminium,,,,,,,,,unique serial number on protection rubber,,,https://www.fletcherstewart.com/declarations-of-conformity,https://www.fletcherstewart.com/ld1000-floating-friction-device.html,,
STEIN,RC3100 Pre-Tension Pulley,rigging,rigging hardware (not PPE),aluminium,,,,,,,,,,,,https://www.manualslib.com/manual/1533212/Stein-Rc-3100.html,https://www.fletcherstewart.com/view-by-brand/stein/rigging-equipment-102/rigging-hardware-117.html,,
STEIN,DJANGO Foot Ascender - Size L,no ppe,foot ascender (not PPE),aluminium / steel,,,,,,,,,,,SS-4922970001,https://www.fletcherstewart.com/declarations-of-conformity,https://www.fletcherstewart.com/catalogsearch/result/index/?p=6&product_manufacturer=5532&q=rope+bag,,
RIGIQ,OMEGA-RQ Rigging Line 12mm - Blue,rigging,rigging line (not PPE),polyester (32-plait sheath / braided core),,,,,,,12,12,,,,https://www.fletcherstewart.com/declarations-of-conformity,https://www.fletcherstewart.com/view-by-brand/rigiq-a-division-of-stein.html,,
RIGIQ,OMEGA-RQ Rigging Line 14mm - Blue,rigging,rigging line (not PPE),polyester (32-plait sheath / braided core),,,,,,,14,14,,,,https://www.fletcherstewart.com/declarations-of-conformity,https://www.fletcherstewart.com/view-by-brand/rigiq-a-division-of-stein.html,,
RIGIQ,OMEGA-RQ Rigging Line 16mm - Blue,rigging,rigging line (not PPE),polyester (32-plait sheath / braided core),,,,,,,16,16,,,,https://www.fletcherstewart.com/declarations-of-conformity,https://www.fletcherstewart.com/view-by-brand/rigiq-a-division-of-stein.html,,
RIGIQ,OMEGA-RQ Rigging Line 12mm - Red,rigging,rigging line (not PPE),polyester (32-plait sheath / braided core),,,,,,,12,12,,,,https://www.fletcherstewart.com/declarations-of-conformity,https://www.fletcherstewart.com/view-by-brand/rigiq-a-division-of-stein.html,,
RIGIQ,OMEGA-RQ Rigging Line 14mm - Orange,rigging,rigging line (not PPE),polyester (32-plait sheath / braided core),,,,,,,14,14,,,,https://www.fletcherstewart.com/declarations-of-conformity,https://www.fletcherstewart.com/view-by-brand/rigiq-a-division-of-stein.html,,
STEIN,COPIOUS ATOL 70cm / 9mm,friction cord,prusik / friction hitch cord,polyester (16-plait cover / polyester core),,,,,,,9,9,,,,https://www.fletcherstewart.com/declarations-of-conformity,https://www.fletcherstewart.com/copious-atol-70cm-sewn-eye-sling.html,,
STEIN,COPIOUS ATOL 75cm / 9mm,friction cord,prusik / friction hitch cord,polyester (16-plait cover / polyester core),,,,,,,9,9,,,,https://www.fletcherstewart.com/declarations-of-conformity,https://www.fletcherstewart.com/copious-atol-70cm-sewn-eye-sling.html,,
STEIN,COPIOUS A-TEC 65cm / 8mm,friction cord,prusik / friction hitch cord,polyester / technora cover / polyester core,,,,,,,8,8,,,,https://www.fletcherstewart.com/declarations-of-conformity,https://www.fletcherstewart.com/copious-a-tec-85cm-8mm.html,,
STEIN,COPIOUS A-TEC 70cm / 8mm,friction cord,prusik / friction hitch cord,polyester / technora cover / polyester core,,,,,,,8,8,,,,https://www.fletcherstewart.com/declarations-of-conformity,https://www.fletcherstewart.com/copious-a-tec-85cm-8mm.html,,
STEIN,COPIOUS A-TEC 75cm / 8mm,friction cord,prusik / friction hitch cord,polyester / technora cover / polyester core,,,,,,,8,8,,,,https://www.fletcherstewart.com/declarations-of-conformity,https://www.fletcherstewart.com/copious-a-tec-85cm-8mm.html,,
STEIN,COPIOUS A-TEC 85cm / 8mm,friction cord,prusik / friction hitch cord,polyester / technora cover / polyester core,,,,,,,8,8,,,,https://www.fletcherstewart.com/declarations-of-conformity,https://www.fletcherstewart.com/copious-a-tec-85cm-8mm.html,,
STEIN,COPIOUS P-TEC 75cm / 10mm,friction cord,prusik / friction hitch cord,polyester / technora cover / polyester core,,,,,,,10,10,,,,https://www.fletcherstewart.com/declarations-of-conformity,https://www.fletcherstewart.com/arborist-forestry/climbing-equipment/accessory-cord-prusiks.html,,
STEIN,COPIOUS P-TEC 85cm / 10mm,friction cord,prusik / friction hitch cord,polyester / technora cover / polyester core,,,,,,,10,10,,,,https://www.fletcherstewart.com/declarations-of-conformity,https://www.fletcherstewart.com/arborist-forestry/climbing-equipment/accessory-cord-prusiks.html,,
STEIN,ATOL Sewn Prusik Loop 50cm,friction cord,prusik loop,polyester (16-plait cover / polyester core),,,,,,,,,,,,https://www.fletcherstewart.com/declarations-of-conformity,https://www.fletcherstewart.com/atol-sewn-prusik-loop-50cm.html,,
STEIN,ATOL Sewn Prusik Loop 65cm,friction cord,prusik loop,polyester (16-plait cover / polyester core),,,,,,,,,,,,https://www.fletcherstewart.com/declarations-of-conformity,https://www.fletcherstewart.com/arborist-forestry/climbing-equipment/accessory-cord-prusiks.html,,
BASHLIN,Twisted Steel Shank Climbers - 150V Velcro Pads,no ppe,tree climbing spurs,twisted steel shank,,,,,,,,,,,,,https://www.fletcherstewart.com/twisted-steel-shank-climbers-fitted-with-150v-pads.html,,
BASHLIN,Twisted Steel Shank Climbers - 140D Leather Pads,no ppe,tree climbing spurs,twisted steel shank,,,,,,,,,,,,,https://www.fletcherstewart.com/twisted-steel-shank-climbers-fitted-with-140d-pads.html,,
BASHLIN,Aluminium Climbers - 140D Leather Pads,no ppe,tree climbing spurs,aluminium shank,,,,,,,,,,,BI-BD14-1,,https://www.fletcherstewart.com/aluminium-climbers-fitted-with-150v-pads-232.html,,
BASHLIN,Aluminium Climbers - 150V Velcro Pads,no ppe,tree climbing spurs,aluminium shank,,,,,,,,,,,BI-BD14-2,,https://www.fletcherstewart.com/aluminium-climbers-fitted-with-150v-pads.html,,
SOVOS,S3200 Safety Helmet - White (01),ppe,safety helmet,polypropylene shell / EPP inner shell,EN397 / EN12492,,,,,,,,,,SV-91000S3201,https://www.fletcherstewart.com/declarations-of-conformity,https://www.fletcherstewart.com/sovos-s3200-safety-helmet.html,,
Samson,VELOCITY SD,ppe,Climbing Ropes,Nylon core; Polyester cover,ANSI Z133,,,24.0 kN (ABS),270 kg,,11,11,,,501,,https://www.samsonrope.com/arborist/velocitysd,,
Samson,VELOCITY,ppe,Climbing Ropes,Nylon core; Polyester cover,ANSI Z133,,,26.7 kN (ABS),,,11,11,,,349,,https://www.samsonrope.com/arborist/velocity,,
Samson,ARBORFREAK SD,ppe,Climbing Ropes,Nylon core; Polypropylene-Polyester blend cover,ANSI Z133,,,,,,12,12,,,381,,https://www.samsonrope.com/arborist/arborfreak-sd,,
Samson,ARBORFREAK,ppe,Climbing Ropes,Nylon core; Polypropylene-Polyester blend cover,ANSI Z133,,,28.9 kN (ABS),370 kg,,12,12,,,380,,https://www.samsonrope.com/arborist/arborfreak,,
Samson,VOYAGER SD,ppe,Climbing Ropes,Nylon core; Polyester cover,ANSI Z133,,,35.6 kN (ABS),,,11.8,11.8,,,502,,https://www.samsonrope.com/arborist/voyagersd,,
Samson,VORTEX SD,ppe,Climbing Ropes,Nylon core; Polyester cover,ANSI Z133,,,39.1 kN (ABS),,,12.7,12.7,,,,,https://samsonrope.com/arborist/vortex-sd,,
Samson,HYPERCLIMB,ppe,Climbing Ropes,Polyester core; Polyester cover,ANSI Z133,,,28.9 kN (ABS),,,11.7,11.7,,,458,,https://www.samsonrope.com/arborist/hyperclimb,,
Samson,PREDATOR,ppe,Climbing Ropes,Nylon core; Polyester cover,ANSI Z133,,,26.7 kN (ABS),,,11.4,11.4,,,,,https://www.samsonrope.com/arborist/predator,,
Samson,MERCURY,ppe,Climbing Ropes,Nylon core; Polyester cover,ANSI Z133; EN 1891 Type A,,,38.25 kN (ABS),,,11,11,,,485,,https://www.samsonrope.com/arborist/mercury,,
Samson,MERCURY XL,ppe,Climbing Ropes,Nylon core; Polyester cover,ANSI Z133; EN 1891 Type A,,,,,,11.6,11.6,,,,,https://www.samsonrope.com/arborist/mercury,,
Samson,TRUE-BLUE,ppe,Climbing Ropes,Polyester,ANSI Z133,,,32.5 kN (ABS),,,12,12,,,344,,https://www.samsonrope.com/arborist/true-blue,,
Samson,TRUE-WHITE,ppe,Climbing Ropes,Polyester,ANSI Z133,,,26.7 kN (ABS),,,12,12,,,,,https://samsonrope.com/arborist/true-white,,
Samson,ARBOR-PLEX,ppe,Climbing Ropes,Polyester; Polyolefin,ANSI Z133,,,26.7 kN (ABS),,,12,12,,,,,https://www.samsonrope.com/arborist/arbor-plex,,
Samson,FORTE,ppe,Climbing Ropes,Nylon core; Polyester cover,ANSI Z133,,,,,,12.7,12.7,,,,,https://www.samsonrope.com/arborist/forte,,
Samson,V-24,ppe,Climbing Ropes,Nylon core; Polyester cover,EN 1891 Type B,,,28 kN (ABS),,,11,11,,,,,https://www.wesspur.com/samson-v-24-11mm-tree-climbing-rope,,
Samson,VOYAGER,ppe,Climbing Ropes,Nylon core; Polyester cover,ANSI Z133,,,35.6 kN (ABS),,,11.8,11.8,,,,,https://www.samsonrope.com/arborist/voyager,,
Samson,VORTEX,ppe,Climbing Ropes,Nylon core; Polyester cover,ANSI Z133,,,39.1 kN (ABS),,,12.7,12.7,,,,,https://www.samsonrope.com/arborist/vortex,,
Samson,ALLEGRO,ppe,Climbing Ropes,Nylon core; Polyester cover,EN 1891 Type A,,,,,,11.6,11.6,,,,,https://www.samsonrope.com/arborist/allegro-allegro-xl,,
Samson,ALLEGRO XL,ppe,Climbing Ropes,Nylon core; Polyester cover,EN 1891 Type A,,,,,,11.9,11.9,,,,,https://www.samsonrope.com/arborist/allegro-allegro-xl,,
Skylotec,IGNITE ARB (XS/M),ppe,Harnesses,Polyester / Aluminium / Polyamide,"EN 358:2018, EN 813:2008",10,,,,140,,,,,G-1150-XS/M,https://products.papertrail.io/downloads/skylotec/General_User_manual.pdf,https://www.skylotec.com/eu_en/IGNITE-ARB/P-G-1150,,
Skylotec,IGNITE ARB (M/XXL),ppe,Harnesses,Polyester / Aluminium / Polyamide,"EN 358:2018, EN 813:2008",10,,,,140,,,,,G-1150-M/XXL,https://products.papertrail.io/downloads/skylotec/General_User_manual.pdf,https://www.skylotec.com/eu_en/IGNITE-ARB/P-G-1150,,
Skylotec,IGNITE ARB TOP (XS/M),ppe,Harnesses,Polyester / Aluminium,EN 361:2002,10,,,,140,,,,,G-1151-XS/M,https://products.papertrail.io/downloads/skylotec/General_User_manual.pdf,https://www.skylotec.com/eu_en/ignite-arb-top-g-1151.html,,
Skylotec,IGNITE ARB TOP (L/5XL),ppe,Harnesses,Polyester / Aluminium,EN 361:2002,10,,,,140,,,,,G-1151-L/5XL,https://products.papertrail.io/downloads/skylotec/General_User_manual.pdf,https://www.skylotec.com/eu_en/ignite-arb-top-g-1151.html,,
Skylotec,IGNITE NIOB 2.0 (XS/M),ppe,Harnesses,Polyester / Aluminium / Polyamide,"EN 361:2002, EN 358:2018, EN 813:2008",10,,,,140,,,,,G-1143-01,https://products.papertrail.io/downloads/skylotec/General_User_manual.pdf,https://www.skylotec.com/eu_en/IGNITE-NIOB-2.0/P-G-1143,,
Skylotec,IGNITE NIOB 2.0 (M/XXL),ppe,Harnesses,Polyester / Aluminium / Polyamide,"EN 361:2002, EN 358:2018, EN 813:2008",10,,,,140,,,,,G-1143-02,https://products.papertrail.io/downloads/skylotec/General_User_manual.pdf,https://www.skylotec.com/eu_en/IGNITE-NIOB-2.0/P-G-1143,,
Skylotec,IGNITE NEON (XS/M),ppe,Harnesses,Polyester / Aluminium / Polyamide,"EN 358:2018, EN 361:2002, EN 813:2008",10,,,,140,,,,,G-1153-XS/M,https://products.papertrail.io/downloads/skylotec/General_User_manual.pdf,https://www.skylotec.com/eu_en/IGNITE-NEON/P-G-US-1153,,
Skylotec,IGNITE NEON (M/XXL),ppe,Harnesses,Polyester / Aluminium / Polyamide,"EN 358:2018, EN 361:2002, EN 813:2008",10,,,,140,,,,,G-1153-M/XXL,https://products.papertrail.io/downloads/skylotec/General_User_manual.pdf,https://www.skylotec.com/eu_en/IGNITE-NEON/P-G-US-1153,,
Skylotec,IGNITE SKYFIZZ (XS/M),ppe,Harnesses,Polyester / Steel / Aluminium,EN 361:2002,10,,,,140,,,,,G-0131-XS/M,https://products.papertrail.io/downloads/skylotec/General_User_manual.pdf,https://www.skylotec.com/eu_en/IGNITE-SKYFIZZ/P-G-0131,,
Skylotec,IGNITE SKYFIZZ (M/XXL),ppe,Harnesses,Polyester / Steel / Aluminium,EN 361:2002,10,,,,140,,,,,G-0131-M/XXL,https://products.papertrail.io/downloads/skylotec/General_User_manual.pdf,https://www.skylotec.com/eu_en/IGNITE-SKYFIZZ/P-G-0131,,
Skylotec,IGNITE SKYFIZZ (XXL/5XL),ppe,Harnesses,Polyester / Steel / Aluminium,EN 361:2002,10,,,,140,,,,,G-0131-XXL/5XL,https://products.papertrail.io/downloads/skylotec/General_User_manual.pdf,https://www.skylotec.com/eu_en/IGNITE-SKYFIZZ/P-G-0131,,
Skylotec,IGNITE NUCLEON (XS/M),ppe,Harnesses,Polyester / Steel / Aluminium,"EN 361:2002, EN 358:2018",10,,,,140,,,,,G-1161-XS/M,https://products.papertrail.io/downloads/skylotec/General_User_manual.pdf,https://www.skylotec.com/eu_en/IGNITE-NUCLEON/P-G-1161,,
Skylotec,IGNITE NUCLEON (M/XXL),ppe,Harnesses,Polyester / Steel / Aluminium,"EN 361:2002, EN 358:2018",10,,,,140,,,,,G-1161-M/XXL,https://products.papertrail.io/downloads/skylotec/General_User_manual.pdf,https://www.skylotec.com/eu_en/IGNITE-NUCLEON/P-G-1161,,
Skylotec,IGNITE NUCLEON (XXL/5XL),ppe,Harnesses,Polyester / Steel / Aluminium,"EN 361:2002, EN 358:2018",10,,,,140,,,,,G-1161-XXL/5XL,https://products.papertrail.io/downloads/skylotec/General_User_manual.pdf,https://www.skylotec.com/eu_en/IGNITE-NUCLEON/P-G-1161,,
Skylotec,IGNITE PROTON WIND (XS/M),ppe,Harnesses,Polyester / Steel / Aluminium,"EN 361:2002, EN 358:2018",10,,,,140,,,,,G-1132-W-XS/M,https://products.papertrail.io/downloads/skylotec/General_User_manual.pdf,https://www.skylotec.com/eu_en/IGNITE-PROTON-WIND/G-1132-W-XS-M,,
Skylotec,IGNITE PROTON WIND (M/XXL),ppe,Harnesses,Polyester / Steel / Aluminium,"EN 361:2002, EN 358:2018",10,,,,140,,,,,G-1132-W-M/XXL,https://products.papertrail.io/downloads/skylotec/General_User_manual.pdf,https://www.skylotec.com/eu_en/IGNITE-PROTON-WIND/G-1132-W-XS-M,,
Skylotec,IGNITE PROTON WIND (XXL/5XL),ppe,Harnesses,Polyester / Steel / Aluminium,"EN 361:2002, EN 358:2018",10,,,,140,,,,,G-1132-W-XXL/5XL,https://products.papertrail.io/downloads/skylotec/General_User_manual.pdf,https://www.skylotec.com/eu_en/IGNITE-PROTON-WIND/G-1132-W-XS-M,,
Skylotec,GRYPHON (S/M),ppe,Harnesses,Polyester / Steel / Aluminium,"EN 361:2002, EN 358:2018, EN 813:2008",10,,,,140,,,,,G-1172-S/M,https://products.papertrail.io/downloads/skylotec/General_User_manual.pdf,https://www.skylotec.com/eu_en/GRYPHON/G-1172-M-L,,
Skylotec,GRYPHON (M/L),ppe,Harnesses,Polyester / Steel / Aluminium,"EN 361:2002, EN 358:2018, EN 813:2008",10,,,,140,,,,,G-1172-M/L,https://products.papertrail.io/downloads/skylotec/General_User_manual.pdf,https://www.skylotec.com/eu_en/GRYPHON/G-1172-M-L,,
Skylotec,GRYPHON ASCENDER (S/M),ppe,Harnesses,Polyester / Steel / Aluminium,"EN 361:2002, EN 358:2018, EN 813:2008",10,,,,140,,,,,G-1176-S/M,https://products.papertrail.io/downloads/skylotec/General_User_manual.pdf,https://www.skylotec.com/eu_en/GRYPHON-ASCENDER/G-1176-S-M,,
Skylotec,GRYPHON ASCENDER (M/L),ppe,Harnesses,Polyester / Steel / Aluminium,"EN 361:2002, EN 358:2018, EN 813:2008",10,,,,140,,,,,G-1176-M/L,https://products.papertrail.io/downloads/skylotec/General_User_manual.pdf,https://www.skylotec.com/eu_en/GRYPHON-ASCENDER/G-1176-S-M,,
Skylotec,CS 8 (XS/M),ppe,Harnesses,Polyester / Aluminium,"EN 358:1999, EN 361:2002, EN 813",10,,,,140,,,,,G-0908-XS/M,https://products.papertrail.io/downloads/skylotec/General_User_manual.pdf,https://www.skylotec.com/eu_en/CS-8/G-0908,,
Skylotec,CS 8 (M/XXL),ppe,Harnesses,Polyester / Aluminium,"EN 358:1999, EN 361:2002, EN 813",10,,,,140,,,,,G-0908-M/XXL,https://products.papertrail.io/downloads/skylotec/General_User_manual.pdf,https://www.skylotec.com/eu_en/CS-8/G-0908,,
Skylotec,XARRIER (XS/S),ppe,Harnesses,Polyester / Aluminium,"EN 358:2018, EN 813:2008",10,,,,140,,,,,G-1173-XS/S,https://products.papertrail.io/downloads/skylotec/General_User_manual.pdf,https://www.skylotec.com/eu_en/XARRIER/P-G-1173,,
Skylotec,XARRIER (M/L),ppe,Harnesses,Polyester / Aluminium,"EN 358:2018, EN 813:2008",10,,,,140,,,,,G-1173-M/L,https://products.papertrail.io/downloads/skylotec/General_User_manual.pdf,https://www.skylotec.com/eu_en/XARRIER/P-G-1173,,
Skylotec,XARRIER (XL/XXL),ppe,Harnesses,Polyester / Aluminium,"EN 358:2018, EN 813:2008",10,,,,140,,,,,G-1173-XL/XXL,https://products.papertrail.io/downloads/skylotec/General_User_manual.pdf,https://www.skylotec.com/eu_en/XARRIER/P-G-1173,,
Skylotec,XARRIER TOP X (One size),ppe,Harnesses,Polyester / Aluminium,EN 361:2002,10,,,,140,,,,,G-1174,https://products.papertrail.io/downloads/skylotec/General_User_manual.pdf,https://www.skylotec.com/eu_en/xarrier-top-x-g-1174.html,,
Skylotec,XARRIER TOP Y (One size),ppe,Harnesses,Polyester / Aluminium,EN 361:2002,10,,,,140,,,,,G-1175,https://products.papertrail.io/downloads/skylotec/General_User_manual.pdf,https://www.skylotec.com/eu_en/xarrier-top-y-g-1175.html,,
Skylotec,AMPURI (XS/M),ppe,Harnesses,Polyester / Aluminium / Polyamide,"EN 361:2002, EN 358:2018, EN 813:2008",10,,,,140,,,,,G-2000-XS/M,https://products.papertrail.io/downloads/skylotec/General_User_manual.pdf,https://www.skylotec.com/eu_en/ampuri,,
Skylotec,AMPURI (M/L),ppe,Harnesses,Polyester / Aluminium / Polyamide,"EN 361:2002, EN 358:2018, EN 813:2008",10,,,,140,,,,,G-2000-M/L,https://products.papertrail.io/downloads/skylotec/General_User_manual.pdf,https://www.skylotec.com/eu_en/ampuri,,
Skylotec,AMPURI (L/XL),ppe,Harnesses,Polyester / Aluminium / Polyamide,"EN 361:2002, EN 358:2018, EN 813:2008",10,,,,140,,,,,G-2000-L/XL,https://products.papertrail.io/downloads/skylotec/General_User_manual.pdf,https://www.skylotec.com/eu_en/ampuri,,
Skylotec,AMPURI WIND (XS/M),ppe,Harnesses,Polyester / Aluminium / Polyamide,"EN 361:2002, EN 358:2018, EN 813:2008",10,,,,140,,,,,G-2000-W-XS/M,https://products.papertrail.io/downloads/skylotec/General_User_manual.pdf,https://www.skylotec.com/eu_en/AMPURI-WIND/P-G-2000-W,,
Skylotec,AMPURI WIND (M/L),ppe,Harnesses,Polyester / Aluminium / Polyamide,"EN 361:2002, EN 358:2018, EN 813:2008",10,,,,140,,,,,G-2000-W-M/L,https://products.papertrail.io/downloads/skylotec/General_User_manual.pdf,https://www.skylotec.com/eu_en/AMPURI-WIND/P-G-2000-W,,
Skylotec,AMPURI WIND (L/XL),ppe,Harnesses,Polyester / Aluminium / Polyamide,"EN 361:2002, EN 358:2018, EN 813:2008",10,,,,140,,,,,G-2000-W-L/XL,https://products.papertrail.io/downloads/skylotec/General_User_manual.pdf,https://www.skylotec.com/eu_en/AMPURI-WIND/P-G-2000-W,,
Skylotec,FALC STANDARD (S/M/XXL),ppe,Harnesses,Polyester / Steel,"EN 361:2002, EN 358:2018",10,,,,140,,,,,G-1155-S/M/XXL,https://products.papertrail.io/downloads/skylotec/General_User_manual.pdf,https://www.skylotec.com/eu_en/FALC-STANDARD/P-G-1155,,
Skylotec,WORK TEC 140 (S/M),ppe,Harnesses,Polyester / Aluminium,"EN 361:2002, EN 358:2018",10,,,,140,,,,,G-1179-S/M,https://products.papertrail.io/downloads/skylotec/General_User_manual.pdf,https://www.skylotec.com/eu_en/WORK-TEC-140/G-1179-S-M,,
Skylotec,WORK TEC 140 (M/XXL),ppe,Harnesses,Polyester / Aluminium,"EN 361:2002, EN 358:2018",10,,,,140,,,,,G-1179-M/XXL,https://products.papertrail.io/downloads/skylotec/General_User_manual.pdf,https://www.skylotec.com/eu_en/WORK-TEC-140/G-1179-S-M,,
Skylotec,WAIST TEC (S/M),ppe,Harnesses,Polyester / Aluminium,EN 358:2018,10,,,,140,,,,,G-1178-S/M,https://products.papertrail.io/downloads/skylotec/General_User_manual.pdf,https://www.skylotec.com/eu_en/products/harnesses/fall-arrest-and-work-positioning-harnesses/,,
Skylotec,WAIST TEC (M/XXL),ppe,Harnesses,Polyester / Aluminium,EN 358:2018,10,,,,140,,,,,G-1178-M/XXL,https://products.papertrail.io/downloads/skylotec/General_User_manual.pdf,https://www.skylotec.com/eu_en/products/harnesses/fall-arrest-and-work-positioning-harnesses/,,
Skylotec,NANOLINK,ppe,Lanyards,Polyester / Steel / Aluminium,"EN 354:2010, EN 355:2002",10,,,,150,,,,,L-0960,,https://www.skylotec.com/eu_en/products/lanyards/energy-absorber/non-retractable-lanyards/,,
Skylotec,NANOLINK Y,ppe,Lanyards,Polyester / Steel / Aluminium,"EN 354:2010, EN 355:2002",10,,,,150,,,,,L-0964,,https://www.skylotec.com/eu_en/products/lanyards/energy-absorber/non-retractable-lanyards/,,
Skylotec,SKYSAFE PRO FLEX,ppe,Lanyards,Polyester / Steel / Aluminium,"EN 354:2010, EN 355:2002, EN 795:2012/B, RFU PPE-R/11.063, RFU PPE-R/11.074",10,,22 kN,,140,,,,,L-0565,,https://www.skylotec.com/eu_en/SKYSAFE-PRO-FLEX/P-L-0565,,
Skylotec,SKYSAFE PRO FLEX Y,ppe,Lanyards,Polyester / Steel / Aluminium,"EN 354:2010, EN 355:2002, EN 795:2012/B, RFU PPE-R/11.063, RFU PPE-R/11.074",10,,22 kN,,140,,,,,L-0623,,https://www.skylotec.com/eu_en/SKYSAFE-PRO-FLEX-Y/P-L-0623,,
Skylotec,SKYSAFE PRO+,ppe,Lanyards,Polyester / Steel / Aluminium,"EN 354:2010, EN 355:2002, EN 795:2012/B, RFU PPE-R/11.074",10,,,,150,,,,,L-0836,,https://www.skylotec.com/eu_en/SKYSAFE-PRO/P-L-0836,,
Skylotec,SKYSAFE PRO+ Y FLEX,ppe,Lanyards,Polyester / Steel / Aluminium,"EN 354:2010, EN 355:2002, EN 795:2012/B, RFU PPE-R/11.074",10,,,,150,,,,,L-0834,,https://skylotec.com/eu_en/skysafe-pro-l-0834-1c8.html,,
Skylotec,SKYSAFE ECO-W,ppe,Lanyards,Polyester / Steel,"EN 354:2010, EN 355:2002",10,,,,110,,,,,L-0855,,https://www.skylotec.com/eu_en/SKYSAFE-ECO-W/L-0855-1,,
Skylotec,SKYSAFE ECO-R,ppe,Lanyards,Polyester / Steel / Aluminium,"EN 354:2010, EN 355:2002",10,,,,110,,,,,L-0857,,https://www.skylotec.com/eu_en/SKYSAFE-ECO-R/P-L-0857,,
Skylotec,PEANUT I,ppe,Lanyards,Polyester / Polyamide / Steel / Aluminium,"EN 360:2002, GS-PS-12:2019, RFU PPE-R/11.060:2018, RFU PPE-R/11.085:2020",10,,,,135,,,,,HSG-021,,https://www.skylotec.com/eu_en/peanut-i-hsg-021-2-5-3.html,,
Skylotec,PEANUT Y,ppe,Lanyards,Polyester / Polyamide / Steel / Aluminium,"EN 360:2002, GS-PS-12:2019, RFU PPE-R/11.060:2018, RFU PPE-R/11.085:2020",10,,,,135,,,,,HSG-022,,https://www.skylotec.com/eu_en/peanut-y-hsg-022-2-5-3.html,,
Skylotec,FLEX I,ppe,Lanyards,Polyester (9.6 mm rope) / Aluminium,EN 358:2018,10,,,,140,9.6,9.6,,,,,https://www.skylotec.com/eu_en/products/lanyards/work-positioning-ropes/,,
Skylotec,FLEX Y,ppe,Lanyards,Polyester (9.6 mm rope) / Aluminium,EN 358:2018,10,,,,140,9.6,9.6,,,,,https://www.skylotec.com/eu_en/products/lanyards/work-positioning-ropes/,,
Skylotec,EASY SPEED,ppe,Fall Arrest Devices,Aluminium / Steel,"EN 353-2, EN 12841-A/B, RFU PPE-R/11.075",,,,,140,10.5,11,,,H-265,,https://www.skylotec.com/eu_en/easy-speed-h-265.html,,
Skylotec,EASY ACCESS,ppe,Fall Arrest Devices,Aluminium / Steel,EN 12841-A,,,,,140,,,,,H-266,,https://www.skylotec.com/eu_en/EASY-ACCESS/P-H-266,,
Skylotec,SCOUT,ppe,Fall Arrest Devices,Stainless Steel,EN 353-2,,,,,150,,,,,L-0828,,https://www.skylotec.com/eu_en/SCOUT/P-L-0828,,
Skylotec,CLAW,ppe,Fall Arrest Devices,Stainless Steel,EN 353-1:2014+A1:2017,,,,,140,8,10,,,CL-001,,https://www.skylotec.com/eu_en/products/fall-arrest-devices/,,
Skylotec,SPEED,ppe,Fall Arrest Devices,Aluminium / Stainless Steel,EN 353-1:2014+A1:2017,,,,,140,,,,,TAC-0002,,https://www.skylotec.com/eu_en/products/fall-arrest-devices/,,
Skylotec,SPEED ATTACH,ppe,Fall Arrest Devices,Aluminium / Stainless Steel,EN 353-1:2014+A1:2017,,,,,140,,,,,TAC-0004,,https://www.skylotec.com/eu_en/products/fall-arrest-devices/,,
Skylotec,HK PLUS,ppe,Fall Arrest Blocks,Polyamide / Steel (galvanized cable),EN 360:2002,10,,,,140,,,,,HSG-050,https://products.papertrail.io/downloads/skylotec/Fall%20Arrest%20Blocks%20User%20Manual.pdf,https://www.skylotec.com/eu_en/HK-PLUS/P-HSG-050,,
Skylotec,GORDON RESCUE,ppe,Fall Arrest Blocks,Aluminium / Steel,"EN 360:2002, EN 341:2011, EN 12841-C",,,,,140,10,12,,,HSG-020-R,https://products.papertrail.io/downloads/skylotec/Fall%20Arrest%20Blocks%20User%20Manual.pdf,https://www.skylotec.com/eu_en/products/fall-arrest-blocks/,,
Skylotec,INCEPTOR GRX,ppe,Helmets,Polycarbonate / Acrylonitrile butadiene styrene / Polystyrene / Polyester,"EN 397:2025 T2, EN 12492:2012",10,,,,,,,,,BE-390,,https://www.skylotec.com/eu_en/INCEPTOR-GRX/BE-390-07,,
Skylotec,INCEPTOR GRX REF,ppe,Helmets,Polycarbonate / Acrylonitrile butadiene styrene / Polystyrene / Polyester,"EN 397:2025 T2, EN 12492:2012",10,,,,,,,,,BE-391,,https://www.skylotec.com/eu_en/inceptor-grx-ref-be-391.html,,
Skylotec,INCEPTOR GRX HIGH VOLTAGE,ppe,Helmets,Polycarbonate / Acrylonitrile butadiene styrene / Polystyrene / Polyester,"EN 397:2025 T2, EN 12492:2012 EXCEPT 4.1.4, EN 50365:2023",10,,,,,,,,,BE-392,,https://www.skylotec.com/eu_en/INCEPTOR-GRX-HIGH-VOLTAGE/BE-392-13,,
Skylotec,INCEPTOR GRX HIGH VOLTAGE REF,ppe,Helmets,Polycarbonate / Acrylonitrile butadiene styrene / Polystyrene / Polyester,"EN 397:2025 T2, EN 12492:2012 EXCEPT 4.1.4, EN 50365:2023",10,,,,,,,,,HP-6303,,https://www.skylotec.com/eu_en/INCEPTOR-GRX-HIGH-VOLTAGE-REF/P-HP-6303,,
Skylotec,ARIES,ppe,Helmets,Polycarbonate / Acrylonitrile butadiene styrene / Polystyrene,"EN 397:2012+A1:2012, EN 50365:2002 class 0",10,,,,,,,,,BE-510,,https://www.skylotec.com/eu_en/ARIES/BE-510-13,,
Skylotec,ARIES AIR,ppe,Helmets,Polycarbonate / Acrylonitrile butadiene styrene / Polystyrene,EN 397:2012+A1:2012,10,,,,,,,,,BE-511,,https://www.skylotec.com/eu_en/ARIES-AIR/P-BE-511,,
Skylotec,FS 51 ST,ppe,Carabiners,Steel,EN 362:2004,,,,,,,,,,H-009,,https://www.skylotec.com/eu_en/fs-51-st-h-009.html,,
Skylotec,FS 90 ALU,ppe,Carabiners,Aluminium,EN 362:2004,,,,,,,,,,H-015,,https://www.skylotec.com/eu_en/fs-90-alu-h-015.html,,
Skylotec,FS 90 ST,ppe,Carabiners,Steel,EN 362:2004/A/T,,,23 kN,,,,,,,H-016,,https://www.skylotec.com/eu_en/fs-90-st-h-016.html,,
Skylotec,FS 92,ppe,Carabiners,Steel,EN 362:2004/T,,,23 kN,,,,,,,H-004,,https://www.skylotec.com/eu_en/products/carabiners/palm-squeeze-carabiner/,,
Skylotec,FS 110 ALU,ppe,Carabiners,Aluminium,EN 362:2004,,,,,,,,,,H-081,,https://www.skylotec.com/eu_en/fs-110-alu-h-081.html,,
Skylotec,KOBRA TRI,ppe,Carabiners,Steel,EN 362:2004/A/T,,,45 kN,,,,,,,H-121,,https://www.skylotec.com/eu_en/kobra-tri-h-121.html,,
Skylotec,STAK TRI,ppe,Carabiners,Aluminium,EN 362:2004,,,,,,,,,,,,https://www.skylotec.com/eu_en/products/carabiners/trilock-carabiner/,,
Skylotec,HMS STEEL TRI,ppe,Carabiners,Steel,EN 362:2004,,,53 kN,,,,,,,H-033,,https://www.skylotec.com/eu_en/hms-steel-tri-h-033-03.html,,
Skylotec,OVAL STEEL TRI,ppe,Carabiners,Steel,EN 362:2004/B,30,,30 kN,,,,,,,H-051,,https://www.skylotec.com/eu_en/products/carabiners/trilock-carabiner/,,
Skylotec,DOUBLE TRI,ppe,Carabiners,Aluminium,"EN 12275:2013/H, EN 362:2004",,,24 kN,,,,,,,H-206,,https://www.skylotec.com/eu_en/products/carabiners/trilock-carabiner/,,
Skylotec,OBX BG,ppe,Carabiners,Aluminium,EN 362:2004,,,24 kN,,,,,,,,,https://www.skylotec.com/eu_en/OBX-Carabiner,,
Skylotec,PASSO-TWIST,ppe,Carabiners,Aluminium,"EN 362:2004, EN 12275:2013/H",,,,,,,,,,,,https://www.skylotec.com/eu_en/products/carabiners/twistlock-carabiner/,,
Skylotec,PASSO TRI,ppe,Carabiners,Aluminium,"EN 12275:2013/H, EN 362:2004",,,,,,,,,,,,https://www.skylotec.com/eu_en/products/carabiners/trilock-carabiner/,,
Skylotec,SIRIUS,ppe,Descenders,Aluminium / Steel,"EN 341:2011/2A, EN 12841-C:2006",30,,,250 kg,141,10,12,,,A-050,,https://www.skylotec.com/eu_en/sirius-a-050.html,,
Skylotec,SPARK,ppe,Descenders,Aluminium / Steel,"EN 341:2011/2A, EN 12841-C:2006, EN 15151-1:2012",30,,,250 kg,141,9,12,,,,,https://www.skylotec.com/eu_en/products/descenders-and-rescue-devices/descenders/,,
Skylotec,SPARROW 200R,ppe,Descenders,Aluminium / Steel / Polyamide,"EN 341:2011/2A, EN 12841-C:2006",,,,210 kg,200,10.5,11,,,A-060,,https://www.skylotec.com/eu_en/SPARROW-200R/P-A-060C,,
Skylotec,LORY PRO,ppe,Descenders,Aluminium / Steel,"EN 341:2011/2A, EN 12841-C:2006, EN 358, EN 795:2012/B",,,,225 kg,141,10,12,,,A-041,,https://www.skylotec.com/eu_en/Lory-PRO/A-041,,
Skylotec,MILAN,ppe,Descenders,Steel / Aluminium,EN 341:2011,30,,,,140,5.9,5.9,,1,,,https://www.skylotec.com/eu_en/products/descenders-and-rescue-devices/evacuation-devices/,,"Every 5 years: Level 2 service by authorised Skylotec partner required (disassembly, brake/rope inspection, resealing)"
Skylotec,STANDARD ROLL,ppe,Pulleys,Aluminium,EN 12278:2007,30,,32 kN,2 kN,,,27,,,H-067,,https://www.skylotec.com/eu_en/products/pulleys/,,
Skylotec,STANDARD ROLL 2L,ppe,Pulleys,Aluminium,EN 12278:2007,30,,32 kN,2 kN,,,13,,,H-072,,https://www.skylotec.com/eu_en/products/pulleys/,,
Skylotec,DOUBLE ROLL 2L,ppe,Pulleys,Aluminium,EN 12278:2007,10,,,2 kN,,,,,,H-068,,https://www.skylotec.com/eu_en/double-roll-2l-h-068.html,,
Skylotec,GET UP,ppe,Rope Clamps,Aluminium / Steel,"EN 567:2013, EN 12841:2006/B",30,,,,140,8,13,,,H-210,,https://www.skylotec.com/eu_en/products/rope-clamps/,,
Skylotec,CRIC,ppe,Rope Clamps,Aluminium / Steel,"EN 567:2013, EN 12841:2006/B, EN 12278:2007",,,,,140,,,,,H-280,,https://www.skylotec.com/eu_en/products/rope-clamps/,,
Skylotec,QUICK TREE L,ppe,Rope Clamps,Aluminium / Steel,EN 567:2013,,,,,140,,,,,H-330,,https://www.skylotec.com/eu_en/products/rope-clamps/,,
Skylotec,QUICK TREE R,ppe,Rope Clamps,Aluminium / Steel,EN 567:2013,,,,,140,,,,,H-331,,https://www.skylotec.com/eu_en/QUICK-TREE-R/H-331,,
Skylotec,CHEESE PLATE L,ppe,Anchors,Aluminium,UIAA 130,,,40 kN,,,,,,,H-261,,https://www.skylotec.com/eu_en/CHEESE-PLATE-L/H-261,,
Skylotec,TWIRL,ppe,Anchors,Aluminium,"EN 354:2010, RFU PPE-R/11.135",,,36 kN,,,,,,,H-256,,https://www.skylotec.com/eu_en/twirl-h-256.html,,
Skylotec,TWISTER,ppe,Anchors,Aluminium,"EN 354:2010, RFU PPE-R/11.135",,,24 kN,,,,,,,H-255,,https://www.skylotec.com/eu_en/products/anchors/swivel/,,
Skylotec,LOOP,ppe,Anchors,Polyamide,"EN 354:2010, EN 566:2017, EN 795-B:2012",10,,35 kN,,,,,,,L-0010,,https://www.skylotec.com/eu_en/products/anchors/slings/,,
Skylotec,LOOP SEP,ppe,Anchors,Polyester,"EN 354:2010, EN 566:2006, EN 795-B:2012",10,,40 kN,,,,,,,,,https://www.skylotec.com/eu_en/products/anchors/slings/,,
Skylotec,SUPER STATIC 10.5,ppe,Ropes and Cords,Polyamide,EN 1891:1998/A,10,,,,,10.5,10.5,,,R-064,,https://www.skylotec.com/eu_en/super-static-10-5-r-064-sw.html,,
Skylotec,SUPER STATIC 11.0,ppe,Ropes and Cords,Polyamide,EN 1891:1998/A,10,,,,,11,11,,,L-0531,,https://www.skylotec.com/eu_en/super-static-11-0-l-0531.html,,
Skylotec,X-TREM DYNAMIK 11.0,ppe,Ropes and Cords,Polyamide,EN 892:2012,10,,,,,11,11,,,R-052,,https://www.skylotec.com/eu_en/X-TREM-DYNAMIK-11.0/R-052-60,,
Sterling,Adjustable Retrievable Anchor - Green,cambium saver,Cambium Savers,HTP polyester ring sling (aluminum ring) + Twaron/Nylon RIT Bound Loop Prusik (aluminum ring),,,,24.1,,,,,,,ANCKT,,https://sterlingrope.com/adjustable-retrievable-anchor/,,
Sterling,Adjustable Retrievable Anchor - Red,cambium saver,Cambium Savers,HTP polyester ring sling (aluminum ring) + Twaron/Nylon RIT Bound Loop Prusik (aluminum ring),,,,24.1,,,,,,,ANCKT,,https://sterlingrope.com/adjustable-retrievable-anchor/,,
Sterling,"1/8"" (3mm) Wire Sling 48""",anchor sling,Anchors,,,,,,,,,,,,HW03WSL48,,https://sterlingrope.com/1-8-3mm-wire-sling-48/,,
Sterling,Stealth Escape Anchor Hook,ppe,Anchors,Aircraft grade 7075 aluminum; stainless steel tip,NFPA 2500 (1983),,,13.5,,,,,,,HWHOOKSTEALTH,,https://sterlingrope.com/stealth-escape-anchor-hook/,,
Sterling,Lightning GT Hook (NFPA),ppe,Anchors,,NFPA,,,,,,,,,,HWHOOKLG,,https://sterlingrope.com/lightning-gt-hook-nfpa/,,
Sterling,HMS Carabiner - Autolock,ppe,Carabiners & Snaphooks,Aluminum,EN 362,,,24,,,,,,,HMSC,https://store-byhk2npena.mybigcommerce.com/content/pdf/Sterling_HMS%26OH%20IFU_01312024.pdf,https://sterlingrope.com/hms-carabiner/,,
Sterling,HMS Carabiner - Screwlock,ppe,Carabiners & Snaphooks,Aluminum,EN 362,,,24,,,,,,,HMSC,https://store-byhk2npena.mybigcommerce.com/content/pdf/Sterling_HMS%26OH%20IFU_01312024.pdf,https://sterlingrope.com/hms-carabiner/,,
Sterling,OH Carabiner - Autolock,ppe,Carabiners & Snaphooks,Aluminum,EN 362,,,24,,,,,,,OHC,https://store-byhk2npena.mybigcommerce.com/content/pdf/Sterling_HMS%26OH%20IFU_01312024.pdf,https://sterlingrope.com/oh-carabiner/,,
Sterling,OH Carabiner - Screwlock,ppe,Carabiners & Snaphooks,Aluminum,EN 362,,,24,,,,,,,OHC,https://store-byhk2npena.mybigcommerce.com/content/pdf/Sterling_HMS%26OH%20IFU_01312024.pdf,https://sterlingrope.com/oh-carabiner/,,
Sterling,SafeD Carabiner - Autolock,ppe,Carabiners & Snaphooks,Aluminum,EN 362; NFPA 2500,,,28,,,,,,,HWCBSD,https://store-byhk2npena.mybigcommerce.com/content/pdf/Sterling_SafeD_8x12_01262024.pdf,https://sterlingrope.com/safed-carabiners/,,
Sterling,SafeD Carabiner - Twistlock,ppe,Carabiners & Snaphooks,Aluminum,EN 362; NFPA 2500,,,28,,,,,,,HWCBSD,https://store-byhk2npena.mybigcommerce.com/content/pdf/Sterling_SafeD_8x12_01262024.pdf,https://sterlingrope.com/safed-carabiners/,,
Sterling,Falcon Talon Carabiner - Screwlock,no ppe,Carabiners & Snaphooks,Aluminum,,,,25.0,,,,,,,FTC,,https://sterlingrope.com/falcon-talon-carabiner/,,
Sterling,Osprey Carabiner - Orange - Screwlock,no ppe,Carabiners & Snaphooks,Aluminum,,,,23.0,,,,,,,OSPC,,https://sterlingrope.com/osprey-carabiner/,,
Sterling,Osprey Carabiner - Black - Screwlock,no ppe,Carabiners & Snaphooks,Aluminum,,,,23.0,,,,,,,OSPC,,https://sterlingrope.com/osprey-carabiner/,,
Sterling,Steel Carabiner - Autolock,ppe,Carabiners & Snaphooks,Steel alloy,NFPA 1983; ANSI Z359.12 (autolock only),,,45.0,,,,,,,STC,,https://sterlingrope.com/steel-carabiner/,,
Sterling,Steel Carabiner - Screwlock,ppe,Carabiners & Snaphooks,Steel alloy,NFPA 1983; ANSI Z359.12 (autolock only),,,45.0,,,,,,,STC,,https://sterlingrope.com/steel-carabiner/,,
Sterling,Eagle Carabiner - Blue - Screwlock,no ppe,Carabiners & Snaphooks,Aluminum,,,,25.0,,,,,,,ELP,,https://sterlingrope.com/eagle-carabiner/,,
Sterling,ASD w/ Pin Carabiner - Autolock,ppe,Carabiners & Snaphooks,Aluminum,ANSI Z359.12,,,30.0,,,,,,,HWANSIDAL,,https://sterlingrope.com/asd-w-pin-carabiner/,,
Sterling,Hawk Carabiner - Black - Autolock,no ppe,Carabiners & Snaphooks,Aluminum,,,,28.0,,,,,,,HAWC,,https://sterlingrope.com/hawk-carabiner/,,
Sterling,Hawk Carabiner - Black - Screwlock,no ppe,Carabiners & Snaphooks,Aluminum,,,,28.0,,,,,,,HAWC,,https://sterlingrope.com/hawk-carabiner/,,
Sterling,Hawk Carabiner - Gold - Autolock,no ppe,Carabiners & Snaphooks,Aluminum,,,,28.0,,,,,,,HAWC,,https://sterlingrope.com/hawk-carabiner/,,
Sterling,Hawk Carabiner - Gold - Screwlock,no ppe,Carabiners & Snaphooks,Aluminum,,,,28.0,,,,,,,HAWC,,https://sterlingrope.com/hawk-carabiner/,,
Sterling,FCX Descent Device,ppe,Descent Control and Rigging,Machined 7075 T6 Aluminum,NFPA 1983 (Escape Descent Device),,,13.5,,,7.5,8.0,,,HWFCX,,https://sterlingrope.com/fcx-descent-device/,,
Sterling,Screwlink,ppe,Descent Control and Rigging,Plated steel,EN 362; EN 12275,,,40,,,,,,,HWSCRWLNK8,,https://sterlingrope.com/screwlink/,,
Sterling,Rescue Figure 8,ppe,Descent Control and Rigging,Aluminum,NFPA 1983,,,22.0,,,,,,,HWR8,,https://sterlingrope.com/rescue-figure-8/,,
Sterling,8 mm Steel Delta Screwlink,ppe,Descent Control and Rigging,Plated steel,EN 362; EN 12275; EN 566,,,30,,,,,,,HWDSL8,,https://sterlingrope.com/8-mm-delta-screwlink-steel/,,
Sterling,ATS Device - Green,rigging,Descent Control and Rigging,Aluminum,,,,23.0,,,,,,,ATSD,https://store-byhk2npena.mybigcommerce.com/content/pdf/CARE_ATS_18x85_2020_Aug_V1.pdf,https://sterlingrope.com/ats-device/,,
Sterling,ATS Device - Black,rigging,Descent Control and Rigging,Aluminum,,,,23.0,,,,,,,ATSD,https://store-byhk2npena.mybigcommerce.com/content/pdf/CARE_ATS_18x85_2020_Aug_V1.pdf,https://sterlingrope.com/ats-device/,,
Sterling,F4 Descent Device - Red - Descent Device (NFPA),ppe,Descent Control and Rigging,,NFPA 1983 (Escape Descent Device),,,13.5,,,7.5,8.0,,,F4DD,,https://sterlingrope.com/f4-device-descent-device/,,
Sterling,"F4 Descent Device - Red - w/ 7"" Tech Ext Lanyard",ppe,Descent Control and Rigging,,NFPA 1983 (Escape Descent Device),,,13.5,,,7.5,8.0,,,F4DD,,https://sterlingrope.com/f4-device-descent-device/,,
Sterling,"F4 Descent Device - Red - w/ 9"" Tech Ext Lanyard",ppe,Descent Control and Rigging,,NFPA 1983 (Escape Descent Device),,,13.5,,,7.5,8.0,,,F4DD,,https://sterlingrope.com/f4-device-descent-device/,,
Sterling,Aztek Omni Block Pulley - Orange/Blue,ppe,Pulleys,Aluminum (machined solid block),EN 12278,,,36.0,9.0 kN,,,8,,,AZTP,,https://sterlingrope.com/aztek-omni-blocks/,,
Sterling,Aztek Omni Block Pulley - Black,ppe,Pulleys,Aluminum (machined solid block),EN 12278,,,36.0,9.0 kN,,,8,,,AZTP,,https://sterlingrope.com/aztek-omni-blocks/,,
Sterling,Aztek Omni Block Pulley - PIN,ppe,Pulleys,Aluminum (machined solid block),EN 12278,,,36.0,9.0 kN,,,8,,,AZTP,,https://sterlingrope.com/aztek-omni-blocks/,,
Tendon,Timber Prusik cord 8.0 - Red,ppe,prusik cord,PES/Technora,"EN 564, EN 566, EN 795B",10,,20,,,8,8,,,,,https://www.mytendon.com/en/tendon-timber-prusik-cord-8-0-red/p-443/,,
Tendon,Timber Prusik cord 10 - Yellow,ppe,prusik cord,PES/Technora,"EN 564, EN 566, EN 795B",10,,25,,,10,10,,,,,https://www.mytendon.com/en/tendon-timber-prusik-cord-10-yellow/p-444/,,
Tendon,Timber 8.0 - Red (cord by the meter),ppe,prusik cord,PES/Technora,EN 564,10,,20,,,8,8,,,,,https://www.mytendon.com/en/tendon-timber-8-0-red/p-454/,,
Tendon,Timber 10.0 - Yellow (cord by the meter),ppe,prusik cord,PES/Technora,EN 564,10,,25,,,10,10,,,,,https://www.mytendon.com/es/tendon-timber-10-0-amarillo/p-455/,,
Tendon,Timber EVO 11 - Yellow,ppe,Climbing Ropes,Polyamide core; Polyester sheath,EN 1891 Type A,10,,30,,,11,11,,,L110TT241S000C,https://www.mytendon.com/UserFiles/Image/1606320539navody-statika-tendon-7-2020.pdf,https://www.mytendon.com/en/tendon-timber-evo-11-yellow/p-481/,,
Tendon,Timber EVO 12.5 - Orange,ppe,Climbing Ropes,Polyamide core; Polyester sheath,EN 1891 Type A,10,,39,,,12.5,12.5,,,L125TT241S000C,https://www.mytendon.com/UserFiles/Image/1606320539navody-statika-tendon-7-2020.pdf,https://www.mytendon.com/en/tendon-timber-evo-12-5-orange/p-483/,,
Teufelberger,Fly 11mm,ppe,Climbing Ropes,Polyester cover / Polyamide core,"CE EN 1891A, ANSI Z133",10,,26.9 kN,,,11,11,,,,https://www.teufelberger.com/en/fiber-ropes/downloads/manufacturer-s-information-tree-care,https://www.teufelberger.com/en/products/fly,,
Teufelberger,Xstatic 11.7mm,ppe,Climbing Ropes,Polyester cover / Nylon core,"CE EN 1891A, ANSI Z133",10,,32 kN,,,11.7,11.7,,,,https://www.teufelberger.com/en/fiber-ropes/downloads/manufacturer-s-information-tree-care,https://www.teufelberger.com/en/xstatic.html,,
Teufelberger,Arbor Elite 11.7mm,ppe,Climbing Ropes,Polyester cover / Polyamide core,CE EN 1891A,10,,,,,11.7,11.7,,,,https://www.teufelberger.com/en/fiber-ropes/downloads/manufacturer-s-information-tree-care,https://www.teufelberger.com/en/arbor-elite.html,,
Teufelberger,PLATINUM arborACCESS 60m,ppe,Climbing Ropes,Polyamide core / Polyester cover,CE EN 1891A,10,,,,,,,,,,https://www.teufelberger.com/en/fiber-ropes/downloads/manufacturer-s-information-tree-care,https://www.teufelberger.com/en/platinum-arboraccess.html,,
Teufelberger,PLATINUM arborACCESS 180m,ppe,Climbing Ropes,Polyamide core / Polyester cover,CE EN 1891A,10,,,,,,,,,,https://www.teufelberger.com/en/fiber-ropes/downloads/manufacturer-s-information-tree-care,https://www.teufelberger.com/en/platinum-arboraccess.html,,
Teufelberger,Patron treeACCESS,ppe,Climbing Ropes,Polyester cover / Polyamide core,CE EN 1891A,10,,,,,,,,,,https://www.teufelberger.com/en/fiber-ropes/downloads/manufacturer-s-information-tree-care,https://www.teufelberger.com/en/patron-treeaccess.html,,
Teufelberger,upMOTION SRT Size S-M,no ppe,Harnesses,Nylon / Polyester,,,,,,,,,,,,https://www.teufelberger.com/en/fiber-ropes/downloads/manufacturer-s-information-tree-care,https://www.teufelberger.com/en/upmotion-srt.html,,
Teufelberger,upMOTION SRT Size L-XL,no ppe,Harnesses,Nylon / Polyester,,,,,,,,,,,,https://www.teufelberger.com/en/fiber-ropes/downloads/manufacturer-s-information-tree-care,https://www.teufelberger.com/en/upmotion-srt.html,,
Teufelberger,antiSHOCK Tool Lanyard,no ppe,Lanyards,Polyester,,,,,,,,,,,,https://www.teufelberger.com/en/fiber-ropes/downloads/manufacturer-s-information-tree-care,https://www.teufelberger.com/en/products-services/tree-care/tool-line.html,,
Teufelberger,hipSTAR Glide Next,ppe,Lanyards,Polyester / Steel wire,"CE EN 358:2018, CE EN 795B:2012, ANSI Z133",10,,,,,11.5,12.9,,,,https://www.teufelberger.com/en/fiber-ropes/downloads/manufacturer-s-information-tree-care,https://www.teufelberger.com/en/products/hipstar-glide,,
Teufelberger,MT canopyANCHOR ring 120cm,ppe,Cambium Savers,Polyester,"CE EN 795B:2012, CEN/TS 16415:2013",10,,,,,,,,,,https://www.teufelberger.com/en/media/contentmanager/content/downloads/TB_IFU_multiTOOL.pdf,https://www.teufelberger.com/en/products/multitool-kit-ring,,
Teufelberger,MT canopyANCHOR fimble 120cm,ppe,Cambium Savers,Polyester,"CE EN 795B:2012, CEN/TS 16415:2013",10,,,,,,,,,,https://www.teufelberger.com/en/media/contentmanager/content/downloads/TB_IFU_multiTOOL.pdf,https://www.teufelberger.com/en/products-services/tree-care/tool-line.html,,
Teufelberger,MT chainANCHOR,ppe,Cambium Savers,Polyester,"CE EN 795B:2012, CEN/TS 16415:2013",10,,,,,,,,,,https://www.teufelberger.com/en/media/contentmanager/content/downloads/TB_IFU_multiTOOL.pdf,https://www.teufelberger.com/en/products/multitool-kit-ring,,
Teufelberger,MT ringSLING 130cm,ppe,Cambium Savers,Polyester,"CE EN 795B:2012, CEN/TS 16415:2013",10,,,,,,,,,,https://www.teufelberger.com/en/media/contentmanager/content/downloads/TB_IFU_multiTOOL.pdf,https://www.teufelberger.com/en/products/ringsling,,
Teufelberger,MT equaLIZA,ppe,Cambium Savers,Polyester,"CE EN 795B:2012, CEN/TS 16415:2013",10,,,,,,,,,,https://www.teufelberger.com/en/media/contentmanager/content/downloads/TB_IFU_multiTOOL.pdf,https://www.teufelberger.com/en/products-services/tree-care/tool-line.html,,
Teufelberger,prusikLOOP (Sirius Loop 10mm),ppe,Prusik Loops,Polyester,CE EN 795B:2012,10,,,,,10,10,,,,https://www.teufelberger.com/en/fiber-ropes/downloads/manufacturer-s-information-tree-care,https://www.teufelberger.com/en/products-services/tree-care/tool-line.html,,
Teufelberger,pullDOWN,no ppe,Retrieval cord (not PPE),Polyester,,,,,,,5,5,,,,https://www.teufelberger.com/en/fiber-ropes/downloads/manufacturer-s-information-tree-care,https://www.teufelberger.com/en/products-services/tree-care/tool-line.html,,
Teufelberger,treeMOTION Pro X Size S,no ppe,Harnesses,Polyester / Aluminium,"EN 813:2024, EN 358:2018, ANSI Z133-2017, ASTM F887-23, CSA Z259.1-05, AS/NZS 1891.1:2020",10,,,,150,,,,0.5,,https://a.storyblok.com/f/312698/x/745f23981f/6801485-rz_ifu_treemotion-essential-x-pro-x-limited-edition_25-04-22-print.pdf,https://www.teufelberger.com/en/products/treemotion-pro-x/,,https://www.teufelberger.com/en/fiber-ropes/services/safety-first-product-recall
Teufelberger,treeMOTION Pro X Size M,no ppe,Harnesses,Polyester / Aluminium,"EN 813:2024, EN 358:2018, ANSI Z133-2017, ASTM F887-23, CSA Z259.1-05, AS/NZS 1891.1:2020",10,,,,150,,,,0.5,,https://a.storyblok.com/f/312698/x/745f23981f/6801485-rz_ifu_treemotion-essential-x-pro-x-limited-edition_25-04-22-print.pdf,https://www.teufelberger.com/en/products/treemotion-pro-x/,,https://www.teufelberger.com/en/fiber-ropes/services/safety-first-product-recall
Teufelberger,treeMOTION Pro X Size L,no ppe,Harnesses,Polyester / Aluminium,"EN 813:2024, EN 358:2018, ANSI Z133-2017, ASTM F887-23, CSA Z259.1-05, AS/NZS 1891.1:2020",10,,,,150,,,,0.5,,https://a.storyblok.com/f/312698/x/745f23981f/6801485-rz_ifu_treemotion-essential-x-pro-x-limited-edition_25-04-22-print.pdf,https://www.teufelberger.com/en/products/treemotion-pro-x/,,https://www.teufelberger.com/en/fiber-ropes/services/safety-first-product-recall
Teufelberger,treeMOTION Essential X Size S,no ppe,Harnesses,Polyester / Aluminium,"EN 813:2024, EN 358:2018, ANSI Z133-2017, ASTM F887-23, CSA Z259.1-05, AS/NZS 1891.1:2020",10,,,,150,,,,0.5,,https://a.storyblok.com/f/312698/x/745f23981f/6801485-rz_ifu_treemotion-essential-x-pro-x-limited-edition_25-04-22-print.pdf,https://www.teufelberger.com/en/products/treemotion-essential-x/,,https://www.teufelberger.com/en/fiber-ropes/services/safety-first-product-recall
Teufelberger,treeMOTION Essential X Size M,no ppe,Harnesses,Polyester / Aluminium,"EN 813:2024, EN 358:2018, ANSI Z133-2017, ASTM F887-23, CSA Z259.1-05, AS/NZS 1891.1:2020",10,,,,150,,,,0.5,,https://a.storyblok.com/f/312698/x/745f23981f/6801485-rz_ifu_treemotion-essential-x-pro-x-limited-edition_25-04-22-print.pdf,https://www.teufelberger.com/en/products/treemotion-essential-x/,,https://www.teufelberger.com/en/fiber-ropes/services/safety-first-product-recall
Teufelberger,treeMOTION Essential X Size L,no ppe,Harnesses,Polyester / Aluminium,"EN 813:2024, EN 358:2018, ANSI Z133-2017, ASTM F887-23, CSA Z259.1-05, AS/NZS 1891.1:2020",10,,,,150,,,,0.5,,https://a.storyblok.com/f/312698/x/745f23981f/6801485-rz_ifu_treemotion-essential-x-pro-x-limited-edition_25-04-22-print.pdf,https://www.teufelberger.com/en/products/treemotion-essential-x/,,https://www.teufelberger.com/en/fiber-ropes/services/safety-first-product-recall
Teufelberger,treeMOTION Limited Edition Size S,no ppe,Harnesses,Polyester / Aluminium,"EN 813:2024, EN 358:2018, ANSI Z133-2017, ASTM F887-23, CSA Z259.1-05, AS/NZS 1891.1:2020",10,,,,150,,,,0.5,,https://a.storyblok.com/f/312698/x/745f23981f/6801485-rz_ifu_treemotion-essential-x-pro-x-limited-edition_25-04-22-print.pdf,https://www.teufelberger.com/en/treemotion-pro-limited-edition-funktionalitat-trifft-auf-modernes-design,,
Teufelberger,treeMOTION Limited Edition Size M,no ppe,Harnesses,Polyester / Aluminium,"EN 813:2024, EN 358:2018, ANSI Z133-2017, ASTM F887-23, CSA Z259.1-05, AS/NZS 1891.1:2020",10,,,,150,,,,0.5,,https://a.storyblok.com/f/312698/x/745f23981f/6801485-rz_ifu_treemotion-essential-x-pro-x-limited-edition_25-04-22-print.pdf,https://www.teufelberger.com/en/treemotion-pro-limited-edition-funktionalitat-trifft-auf-modernes-design,,
Teufelberger,treeMOTION Limited Edition Size L,no ppe,Harnesses,Polyester / Aluminium,"EN 813:2024, EN 358:2018, ANSI Z133-2017, ASTM F887-23, CSA Z259.1-05, AS/NZS 1891.1:2020",10,,,,150,,,,0.5,,https://a.storyblok.com/f/312698/x/745f23981f/6801485-rz_ifu_treemotion-essential-x-pro-x-limited-edition_25-04-22-print.pdf,https://www.teufelberger.com/en/treemotion-pro-limited-edition-funktionalitat-trifft-auf-modernes-design,,
Teufelberger,treeMOTION Pro Size S,no ppe,Harnesses,Polyester / Aluminium,"EN 813:2008, EN 358:2018, ANSI Z133-2017, ASTM F887-20, CSA Z259.1-05, AS/NZS 1891.1:2020",10,,,,150,,,,0.5,,https://a.storyblok.com/f/312698/x/3f214d4a1f/rz_1233_tb_ifu_treemotion-essential_03_22_web.pdf,https://www.teufelberger.com/en/products/treemotion-pro/,,https://www.teufelberger.com/en/fiber-ropes/services/safety-first-product-recall
Teufelberger,treeMOTION Pro Size M,no ppe,Harnesses,Polyester / Aluminium,"EN 813:2008, EN 358:2018, ANSI Z133-2017, ASTM F887-20, CSA Z259.1-05, AS/NZS 1891.1:2020",10,,,,150,,,,0.5,,https://a.storyblok.com/f/312698/x/3f214d4a1f/rz_1233_tb_ifu_treemotion-essential_03_22_web.pdf,https://www.teufelberger.com/en/products/treemotion-pro/,,https://www.teufelberger.com/en/fiber-ropes/services/safety-first-product-recall
Teufelberger,treeMOTION Pro Size L,no ppe,Harnesses,Polyester / Aluminium,"EN 813:2008, EN 358:2018, ANSI Z133-2017, ASTM F887-20, CSA Z259.1-05, AS/NZS 1891.1:2020",10,,,,150,,,,0.5,,https://a.storyblok.com/f/312698/x/3f214d4a1f/rz_1233_tb_ifu_treemotion-essential_03_22_web.pdf,https://www.teufelberger.com/en/products/treemotion-pro/,,https://www.teufelberger.com/en/fiber-ropes/services/safety-first-product-recall
Teufelberger,treeMOTION Essential Size S,no ppe,Harnesses,Polyester / Aluminium,"EN 813:2008, EN 358:2018, ANSI Z133-2017, ASTM F887-20, CSA Z259.1-05, AS/NZS 1891.1:2020",10,,,,150,,,,0.5,,https://a.storyblok.com/f/312698/x/3f214d4a1f/rz_1233_tb_ifu_treemotion-essential_03_22_web.pdf,https://www.teufelberger.com/en/products/treemotion-essential/,,https://www.teufelberger.com/en/fiber-ropes/services/safety-first-product-recall
Teufelberger,treeMOTION Essential Size M,no ppe,Harnesses,Polyester / Aluminium,"EN 813:2008, EN 358:2018, ANSI Z133-2017, ASTM F887-20, CSA Z259.1-05, AS/NZS 1891.1:2020",10,,,,150,,,,0.5,,https://a.storyblok.com/f/312698/x/3f214d4a1f/rz_1233_tb_ifu_treemotion-essential_03_22_web.pdf,https://www.teufelberger.com/en/products/treemotion-essential/,,https://www.teufelberger.com/en/fiber-ropes/services/safety-first-product-recall
Teufelberger,treeMOTION Essential Size L,no ppe,Harnesses,Polyester / Aluminium,"EN 813:2008, EN 358:2018, ANSI Z133-2017, ASTM F887-20, CSA Z259.1-05, AS/NZS 1891.1:2020",10,,,,150,,,,0.5,,https://a.storyblok.com/f/312698/x/3f214d4a1f/rz_1233_tb_ifu_treemotion-essential_03_22_web.pdf,https://www.teufelberger.com/en/products/treemotion-essential/,,https://www.teufelberger.com/en/fiber-ropes/services/safety-first-product-recall
Teufelberger,treeMOTION evo,no ppe,Harnesses,Polyester / Aluminium,"EN 813:2008, EN 358:2018, ANSI Z133-2017, ASTM F887-20, CSA Z259.1-05, AS/NZS 1891.1:2020",8,5,,,120,,,,0.5,,https://a.storyblok.com/f/312698/x/a43ca1d66a/rz_6801029_treemotion_evo_09_20_web.pdf,https://www.teufelberger.com/en/products/treemotion-evo/,,https://www.teufelberger.com/en/fiber-ropes/services/safety-first-product-recall
Teufelberger,treeMOTION S.light,ppe,Harnesses,Polyester / Aluminium,"EN 813, EN 358, ANSI Z133",8,5,,,120,,,,0.5,,https://a.storyblok.com/f/312698/x/fa76350887/18-04-26_6800503_treemotion_treemotion_sl_nd_04_18_web.pdf,https://www.teufelberger.com/en/products/treemotion-s-light/,,
Teufelberger,bMOTION Light Size M-L,ppe,Harnesses,Polyester / Aluminium,"EN 361:2002, ANSI Z359.11-2021",10,,,,,,,,,,https://a.storyblok.com/f/312698/69326f19ce/manufacturer_s_information_and_instructions_for_use_-_bmotion.pdf,https://www.teufelberger.com/en/products/bmotion-light/,,
Teufelberger,bMOTION Light Size L-XL,ppe,Harnesses,Polyester / Aluminium,"EN 361:2002, ANSI Z359.11-2021",10,,,,,,,,,,https://a.storyblok.com/f/312698/69326f19ce/manufacturer_s_information_and_instructions_for_use_-_bmotion.pdf,https://www.teufelberger.com/en/products/bmotion-light/,,
Teufelberger,bMOTION Pro Size M-L,ppe,Harnesses,Polyester / Aluminium,"EN 361:2002, EN 358:2018, ANSI Z359.11-2021",10,,,,,,,,,,https://a.storyblok.com/f/312698/69326f19ce/manufacturer_s_information_and_instructions_for_use_-_bmotion.pdf,https://www.teufelberger.com/en/products/bmotion-pro/,,
Teufelberger,bMOTION Pro Size L-XL,ppe,Harnesses,Polyester / Aluminium,"EN 361:2002, EN 358:2018, ANSI Z359.11-2021",10,,,,,,,,,,https://a.storyblok.com/f/312698/69326f19ce/manufacturer_s_information_and_instructions_for_use_-_bmotion.pdf,https://www.teufelberger.com/en/products/bmotion-pro/,,
Teufelberger,hipSTAR Glide 11.5 mm,ppe,Lanyards,Polyester / Aluminium,"EN 358:2018, EN 795B:2012, ANSI Z133-2017",8,5,,,150,11.5,11.5,,,,https://a.storyblok.com/f/312698/86a6ebacd8/6801658_hipstar_glide_miniglide_04-25-pdf.pdf,https://www.teufelberger.com/en/products/hipstar-glide,,
Teufelberger,hipSTAR Glide 12.9 mm,ppe,Lanyards,Polyester / Aluminium,"EN 358:2018, EN 795B:2012, ANSI Z133-2017, AS 1891.5:2020",8,5,,,150,12.9,12.9,,,,https://a.storyblok.com/f/312698/86a6ebacd8/6801658_hipstar_glide_miniglide_04-25-pdf.pdf,https://www.teufelberger.com/en/products/hipstar-glide,,
Teufelberger,miniGLIDE 10.5 mm,ppe,Lanyards,Polyester / Aluminium,"EN 358:2018, EN 795B:2012",8,5,,,150,10.5,10.5,,,,https://a.storyblok.com/f/312698/86a6ebacd8/6801658_hipstar_glide_miniglide_04-25-pdf.pdf,https://www.teufelberger.com/en/miniglide.html,,
Teufelberger,flipLINE 12.5 mm,ppe,Lanyards,Polyester / Steel wire core,"EN 354:2010, ANSI Z133-2017",,,,,,12.5,12.5,,,7350111,https://a.storyblok.com/f/312698/91e2777fc9/6800698_ifu_flipline_07_19_web.pdf,https://www.teufelberger.com/en/flipline.html,,
Teufelberger,flipLINE 12.5 mm Swivel,ppe,Lanyards,Polyester / Steel wire core / Aluminium swivel,"EN 354:2010, ANSI Z133-2017",,,,,,12.5,12.5,,,7350113,https://a.storyblok.com/f/312698/91e2777fc9/6800698_ifu_flipline_07_19_web.pdf,https://www.teufelberger.com/en/flipline.html,https://www.teufelberger.com/en/fiber-ropes/services/safety-first-product-recall,
Teufelberger,glideHITCH,ppe,Pulley / Hitch-minding Pulley,Aluminium,"EN 12278, UIAA 130",UNL,UNL,35 kN,7 kN,,,13,,,,https://a.storyblok.com/f/312698/c337a6c6b3/glidehitch.pdf,https://www.teufelberger.com/en/products/glidehitch,,
Teufelberger,karaT,ppe,Connector / Carabiner,Aluminium,EN 362:2004,UNL,UNL,25 kN,,,,,,,6120391,https://a.storyblok.com/f/312698/5088be69c8/karat.pdf,https://www.teufelberger.com/en/products/karat/,,
Teufelberger,tBLOCK,rigging,Rigging Pulley (not PPE),Aluminium / Stainless Steel,Machinery Directive 2006/42/EC,UNL,UNL,225 kN,45 kN,,,16,,,,https://a.storyblok.com/f/312698/x/5ebeca103b/232694_tb_tblock_360x300mm-endformat-60x75-faltblatt_lay4.pdf,https://www.teufelberger.com/en/tblock.html,,
Teufelberger,multiSAVER,ppe,Cambium Savers,Polyester / Aluminium,"EN 795B:2012, ANSI Z133-2017",,,25 kN,,,,,,,6801167,https://a.storyblok.com/f/312698/e5d3dbf634/rz_6801167_multisaver_06_18_web.pdf,https://www.teufelberger.com/en/products/multisaver,,
Teufelberger,fImblSAVER,ppe,Cambium Savers,Polyester / Stainless Steel thimbles,"EN 795B, ANSI Z133",,,40 kN,,,,,,,,https://a.storyblok.com/f/312698/174799f255/rz_6800200_fimblsaver_fimblclimb_07_18_web.pdf,https://www.teufelberger.com/en/products/fimblsaver,,
Teufelberger,fImblCLIMB,ppe,Cambium Savers,Polyester / Stainless Steel thimbles,"EN 795B, ANSI Z133",,,30 kN,,,,,,,,https://a.storyblok.com/f/312698/174799f255/rz_6800200_fimblsaver_fimblclimb_07_18_web.pdf,https://www.teufelberger.com/en/fimblclimb.html,,
Teufelberger,pulleySAVER,ppe,Cambium Savers,Polyester / Aluminium (DMM Pinto pulley),"EN 795B, ANSI Z133, AS/NZS 5532",,,,,,,,,,7350496,https://a.storyblok.com/f/312698/99f90f53c1/rz_6801180_pulleysaver__nach_en_ansi_asnzs_07_18_web.pdf,https://www.teufelberger.com/en/products/pulleysaver,,
Teufelberger,multiSLING,ppe,Cambium Savers,Polyester,"EN 795B, ANSI Z133",,,,,,,,,,,https://a.storyblok.com/f/312698/0c67198d7a/rz_6801161_multisling_08_18_web.pdf,https://www.teufelberger.com/en/multisling.html,,
Teufelberger,multiANCHOR,ppe,Cambium Savers,Polyester,"EN 795B, ANSI Z133, AS/NZS 5532",,,,,,,,,,,https://a.storyblok.com/f/312698/f4140706f4/6801176_08-2018_multianchor.pdf,https://www.teufelberger.com/en/products/multianchor,,
Teufelberger,ringLOOP,ppe,Prusik Loops,Polyester,EN 795B,,,,,,,,,,,https://a.storyblok.com/f/312698/0f2c223124/rz_6801166_herstellerinfo_ringloop_05_18_ansicht.pdf,https://www.teufelberger.com/en/products-services/tree-care/tool-line.html,,
Teufelberger,Ocean Polyester e2e 10 mm,ppe,Prusik Loops,Polyester,EN 795B,6,3,,,,10,10,,,,,https://www.teufelberger.com/en/products-services/tree-care/tool-line.html,,
Teufelberger,Ocean Polyester Loop 10 mm,ppe,Prusik Loops,Polyester,EN 795B,6,3,,,,10,10,,,,,https://www.teufelberger.com/en/products-services/tree-care/tool-line.html,,
Teufelberger,Braided Safety Blue 12.7 mm,ppe,Climbing Ropes,Polyester (cover) / Polyamide (core),"EN 1891A, ANSI Z133",,,25.8 kN,,,12.7,12.7,,,,,https://www.teufelberger.com/en/braided-safety-blue.html,https://www.teufelberger.com/en/fiber-ropes/services/safety-first-product-recall,
Teufelberger,CEclimb 11.1 mm,ppe,Climbing Ropes,Polyester (cover) / Nylon (core),"PPE Regulation (EU) 2016/425, ANSI Z133",,,,,,11.1,11.1,,,,https://a.storyblok.com/f/312698/be81202028/rz_6800440_ceclimb_04_21_web.pdf,https://www.teufelberger.com/en/ceclimb.html,,
Teufelberger,CEclimb 12.7 mm,ppe,Climbing Ropes,Polyester (cover) / Nylon (core),"PPE Regulation (EU) 2016/425, ANSI Z133",,,,,,12.7,12.7,,,,https://a.storyblok.com/f/312698/be81202028/rz_6800440_ceclimb_04_21_web.pdf,https://www.teufelberger.com/en/ceclimb.html,,
Teufelberger,skyHOOK Wire Gate,no ppe,Gear Holder (not PPE),Aluminium,Non PPE,UNL,UNL,,,,,,,,,,https://www.teufelberger.com/en/products/skyhook/,,
Teufelberger,skyHOOK Open Gate,no ppe,Gear Holder (not PPE),Aluminium,Non PPE,UNL,UNL,,,,,,,,,,https://www.teufelberger.com/en/products/skyhook/,,
Teufelberger,Sirius Bull Rope 12 mm,rigging,Rigging Ropes,Polyester,Machinery Directive 2006/42/EC,,,35 kN,,,12,12,,,,,https://www.teufelberger.com/en/products/sirius-bull-rope,,
Teufelberger,Sirius Bull Rope 14 mm,rigging,Rigging Ropes,Polyester,Machinery Directive 2006/42/EC,,,52 kN,,,14,14,,,,,https://www.teufelberger.com/en/products/sirius-bull-rope,,
Teufelberger,Sirius Bull Rope 16 mm,rigging,Rigging Ropes,Polyester,Machinery Directive 2006/42/EC,,,63 kN,,,16,16,,,,,https://www.teufelberger.com/en/products/sirius-bull-rope,,
Teufelberger,Sirius Bull Rope 18 mm,rigging,Rigging Ropes,Polyester,Machinery Directive 2006/42/EC,,,77 kN,,,18,18,,,,,https://www.teufelberger.com/en/products/sirius-bull-rope,,
Teufelberger,Sirius Bull Rope 20 mm,rigging,Rigging Ropes,Polyester,Machinery Directive 2006/42/EC,,,88 kN,,,20,20,,,,,https://www.teufelberger.com/en/products/sirius-bull-rope,,
Teufelberger,tREX 9.5 mm,rigging,Rigging Ropes,Polyester,Machinery Directive 2006/42/EC,,,23 kN,,,9.5,9.5,,,,,https://www.teufelberger.com/en/trex.html,,
Teufelberger,tREX 11 mm,rigging,Rigging Ropes,Polyester,Machinery Directive 2006/42/EC,,,30 kN,,,11,11,,,,,https://www.teufelberger.com/en/trex.html,,
Teufelberger,tREX 12.7 mm,rigging,Rigging Ropes,Polyester,Machinery Directive 2006/42/EC,,,39 kN,,,12.7,12.7,,,,,https://www.teufelberger.com/en/trex.html,,
Teufelberger,tREX 15.9 mm,rigging,Rigging Ropes,Polyester,Machinery Directive 2006/42/EC,,,59 kN,,,15.9,15.9,,,,,https://www.teufelberger.com/en/trex.html,,
Teufelberger,tREX 19 mm,rigging,Rigging Ropes,Polyester,Machinery Directive 2006/42/EC,,,81 kN,,,19,19,,,,,https://www.teufelberger.com/en/trex.html,,
Teufelberger,tREX Loopie 12.7 mm,rigging,Rigging Ropes,Polyester,Machinery Directive 2006/42/EC,,,57 kN,,,12.7,12.7,,,,,https://www.teufelberger.com/en/products/trex-loopie,,
Teufelberger,tREX Loopie 15.9 mm,rigging,Rigging Ropes,Polyester,Machinery Directive 2006/42/EC,,,85 kN,,,15.9,15.9,,,,,https://www.teufelberger.com/en/products/trex-loopie,,
Teufelberger,tREX Ploopie 12.7 mm,rigging,Rigging Ropes,Polyester,Machinery Directive 2006/42/EC,,,57 kN,,,12.7,12.7,,,,,https://www.teufelberger.com/en/products/trex-ploopie,,
Teufelberger,tREX Ploopie 15.9 mm,rigging,Rigging Ropes,Polyester,Machinery Directive 2006/42/EC,,,85 kN,,,15.9,15.9,,,,,https://www.teufelberger.com/en/products/trex-ploopie,,
Teufelberger,KM III 9.5 mm,ppe,Climbing Ropes,Polyester (cover) / Polyamide (core),"EN 1891A, NFPA 2500 (1983), ANSI Z133",,,28 kN,,,9.5,9.5,,,,,https://www.teufelberger.com/en/km-iii-treecare.html,,
Teufelberger,KM III 11 mm,ppe,Climbing Ropes,Polyester (cover) / Polyamide (core),"EN 1891A, NFPA 2500 (1983), ANSI Z133",,,33.3 kN,,,11,11,,,,,https://www.teufelberger.com/en/km-iii-treecare.html,,
Teufelberger,KM III Max 11 mm,ppe,Climbing Ropes,Polyester (cover) / Polyamide (core),"EN 1891A, NFPA 2500 (1983)",,,33.3 kN,,,11,11,,,,,https://www.teufelberger.com/en/km-iii-max-rettungs-und-sicherheitsseile.html,,
Teufelberger,Chameleon 10.5 mm,ppe,Climbing Ropes,Nylon (cover) / Nylon (core),EN 1891A,,,32 kN,,,10.5,10.5,,,7360566,,https://www.teufelberger.com/en/products/chameleon,,
Teufelberger,Chameleon 11 mm,ppe,Climbing Ropes,Nylon (cover) / Nylon (core),EN 1891A,,,33 kN,,,11,11,,,,,https://www.teufelberger.com/en/products/chameleon,,
Teufelberger,KM III 13 mm,ppe,Climbing Ropes,Polyester (cover) / Polyamide (core),"EN 1891A, NFPA 2500 (1983), ANSI Z133",,,43.3 kN,,,13,13,,,,,https://www.teufelberger.com/en/km-iii-treecare.html,,
Tree Runner,HMS Steel Trilock Karabiner,ppe,Connectors,Steel,EN 362,,,45,,,,,,,71-255,,https://www.grube.eu/p/tree-runner-hms-steel-trilock-karabiner/286131/,,
Tree Runner,Karabiner (HMS Steel Screwgate),no ppe,Connectors,Steel,,,,45,,,,,,,71-256,,https://www.grube.eu/p/tree-runner-karabiner/798492/,,
Tree Runner,Trilock Oval Carabiner (steel),ppe,Connectors,Steel,EN 362,,,25,,,,,,,71-287-01,,https://www.grube.eu/p/treerunner-trilock-oval-carabiner/183350/,,
Tree Runner,Carabiner Oval Trilock (aluminium),no ppe,Connectors,,,,,27,,,,,,,71-249,,https://www.chrisforestry.co.uk/store/%E2%80%8BTree-Runner-Carabiner-Oval-Trilock-p370122954,,
Tree Runner,HMS Evo Trilock carabiner,ppe,Connectors,Aluminium,"EN 362, EN 12275",,,24,,,,,,,56-562-01,,https://www.grube.eu/p/tree-runner-hms-evo-trilock-carabiner/778811/,,
Tree Runner,MD Trilock Carabiner,ppe,Connectors,Aluminium,"EN 362, EN 12275",,,30,,,,,,,56-737-01,,https://www.grube.eu/p/tree-runner-md-trilock-carabiner/644351/,,
Tree Runner,Soe HMS Carabiner Screwgate,ppe,Connectors,Aluminium,"EN 362, EN 12275",,,22,,,,,,,56-247-02,,https://www.chrisforestry.co.uk/store/%E2%80%8BTree-Runner-Soe-HMS-Carabiner-Screwgate-EN-362-EN-12275-p370228610,,
Tree Runner,HMS Evo Screw carabiner,no ppe,Connectors,,,,,,,,,,,,,,https://www.grube.eu/p/tree-runner-hms-evo-screw-carabiner/567851/,,
Tree Runner,HMS Evo Trilock belay carabiner,no ppe,Connectors,,,,,,,,,,,,,,https://www.grube.eu/p/tree-runner-hms-evo-trilock-belay-carabiner/882510/,,
Tree Runner,HMS Evo Screw belay carabiner,ppe,Connectors,,"EN 362, EN 12275",,,,,,,,,,,,https://www.grube.eu/p/tree-runner-hms-evo-screw-belay-carabiner/320787/,,
Tree Runner,Oval Evo Trilock Carabiner,no ppe,Connectors,,,,,,,,,,,,,,https://www.grube.eu/p/tree-runner-oval-evo-trilock-carabiner/700584/,,
Tree Runner,Oval Evo Screw Carabiner,no ppe,Connectors,,,,,,,,,,,,,,https://www.grube.eu/p/tree-runner-oval-evo-screw-carabiner/450143/,,
Tree Runner,MD Screw Carabiner,no ppe,Connectors,,,,,,,,,,,,,,https://www.grube.eu/p/tree-runner-md-screw-carabiner/892294/,,
Tree Runner,Spin Carabiner,no ppe,Connectors,,,,,,,,,,,,,,https://www.grube.eu/p/tree-runner-spin-carabiner/701680/,,
Tree Runner,Catch 2.0 Aluminium Carabiner,ppe,Connectors,Aluminium,EN 12275,,,,,,,,,,,,https://www.grube.eu/p/tree-runner-catch-20-aluminium-carabiner-en-12275/408282/,,
Tree Runner,Trilock Karabiner - Slightly Curved,ppe,Connectors,,EN 362,,,,,,,,,,,,https://www.grube.de/p/tree-runner-karabiner-trilock-klein-gebogen-alu-en-362/588205/,,
Tree Runner,Oval Screw Gate Link (Grube 668008),no ppe,Connectors,,,,,,,,,,,,,,https://www.grube.eu/p/tree-runner-oval-screw-gate-link/668008/,,
Tree Runner,Oval Screw Gate Link (Grube 939986),no ppe,Connectors,,,,,,,,,,,,,,https://www.grube.eu/p/tree-runner-oval-screw-gate-link/939986/,,
Tree Runner,Oval Screw Gate Link (Grube 266628),no ppe,Connectors,,,,,,,,,,,,,,https://www.grube.eu/p/tree-runner-oval-screw-gate-link/266628/,,
Tree Runner,Oval 60 Screw Equipment Carabiner,no ppe,Connectors,,,,,,,,,,,,,,https://www.grube.eu/p/tree-runner-oval-60-screw-equipment-carabiner/532121/,,
Tree Runner,Oval 60 Snapper Equipment Carabiner,no ppe,Connectors,,,,,,,,,,,,,,https://www.grube.eu/p/tree-runner-oval-60-snapper-equipment-carabiner/104043/,,
Tree Runner,D 80 Screw Equipment Carabiner,no ppe,Connectors,,,,,,,,,,,,,,https://www.grube.eu/p/tree-runner-d-80-screw-equipment-carabiner/865242/,,
Tree Runner,Material Carabiner D80,no ppe,Connectors,,,,,,,,,,,,,,https://www.grube.eu/p/tree-runner-material-carabiner-d80/812611/,,
Tree Runner,Material Carabiner D65,no ppe,Connectors,,,,,,,,,,,,,,https://www.chrisforestry.co.uk/store/%E2%80%8BTree-Runner-Material-Carabiner-D65-p370122942,,
Tree Runner,Climbing Rope 12 mm Red Stripe 20 m,ppe,Ropes,,EN 1891 A,,,34.5,,,12,12,,,,,https://www.grube.eu/p/tree-runner-climbing-rope-12-mm-en-1891-a/875124/,,
Tree Runner,Climbing Rope 12 mm Red Stripe 35 m,ppe,Ropes,,EN 1891 A,,,34.5,,,12,12,,,,,https://www.grube.eu/p/tree-runner-climbing-rope-12-mm-en-1891-a/875124/,,
Tree Runner,Climbing Rope 12 mm Red Stripe 45 m,ppe,Ropes,,EN 1891 A,,,34.5,,,12,12,,,,,https://www.grube.eu/p/tree-runner-climbing-rope-12-mm-en-1891-a/875124/,,
Tree Runner,Climbing Rope 12 mm Red Stripe 50 m,ppe,Ropes,,EN 1891 A,,,34.5,,,12,12,,,,,https://www.grube.eu/p/tree-runner-climbing-rope-12-mm-en-1891-a/875124/,,
Tree Runner,Climbing Rope 12 mm Red Stripe 60 m,ppe,Ropes,,EN 1891 A,,,34.5,,,12,12,,,,,https://www.grube.eu/p/tree-runner-climbing-rope-12-mm-en-1891-a/875124/,,
Tree Runner,Climbing Rope 12 mm Blue Spot 20 m,ppe,Ropes,,EN 1891 A,,,34.5,,,12,12,,,,,https://www.grube.eu/p/tree-runner-climbing-rope-12-mm-en-1891-a/875124/,,
Tree Runner,Climbing Rope 12 mm Blue Spot 35 m,ppe,Ropes,,EN 1891 A,,,34.5,,,12,12,,,,,https://www.grube.eu/p/tree-runner-climbing-rope-12-mm-en-1891-a/875124/,,
Tree Runner,Climbing Rope 12 mm Blue Spot 55 m,ppe,Ropes,,EN 1891 A,,,34.5,,,12,12,,,,,https://www.grube.eu/p/tree-runner-climbing-rope-12-mm-en-1891-a/875124/,,
Tree Runner,Climbing Rope 12 mm Green Crease 35 m,ppe,Ropes,,EN 1891 A,,,34.5,,,12,12,,,,,https://www.grube.eu/p/tree-runner-climbing-rope-12-mm-en-1891-a/875124/,,
Tree Runner,Climbing Rope 12 mm Green Crease 45 m,ppe,Ropes,,EN 1891 A,,,34.5,,,12,12,,,,,https://www.grube.eu/p/tree-runner-climbing-rope-12-mm-en-1891-a/875124/,,
Tree Runner,Climbing Rope 12 mm Green Crease 60 m,ppe,Ropes,,EN 1891 A,,,34.5,,,12,12,,,,,https://www.grube.eu/p/tree-runner-climbing-rope-12-mm-en-1891-a/875124/,,
Tree Runner,Picus tree climbing rope 11.8 mm,climbing rope,Ropes,,,,,,,,11.8,11.8,,,,,https://www.grube.eu/p/tree-runner-picus-tree-climbing-rope-118-mm/777837/,,
Tree Runner,Safe Vision Tree Climbing Rope 11.8 mm,ppe,Ropes,,EN 1891 A,,,,,,11.8,11.8,,,,,https://www.grube.eu/p/tree-runner-safe-vision-tree-climbing-rope-118-mm-en-1891-a/700877/,,
Tree Runner,Safe Vision tree climbing rope 12.8 mm,climbing rope,Ropes,,,,,,,,12.8,12.8,,,,,https://www.grube.eu/p/tree-runner-safe-vision-tree-climbing-rope-128-mm/333812/,,
Tree Runner,Safe Vision Static Line,static rope,Ropes,,,,,,,,,,,,,,https://www.grube.eu/p/tree-runner-safe-vision-static-line/801862/,,
Tree Runner,Safe Plus Tree Climbing Rope,climbing rope,Ropes,,,,,,,,,,,,,,https://www.grube.eu/p/tree-runner-safe-plus-tree-climbing-rope/342091/,,
Tree Runner,Static ascension rope 9 mm,static rope,Ropes,,,,,,,,9,9,,,,,https://www.grube.eu/p/tree-runner-static-ascension-rope-9-mm/145372/,,
Tree Runner,Static ascension rope 12 mm,static rope,Ropes,,,,,,,,12,12,,,,,https://www.grube.eu/p/tree-runner-static-ascension-rope-12-mm/588211/,,
Tree Runner,Static Climbing Rope,ppe,Ropes,,EN 1891 A,,,,,,,,,,,,https://www.grube.eu/p/tree-runner-static-climbing-rope-en-1891-a/835220/,,
Tree Runner,General Purpose Rope 12 mm,utility rope (non-PPE),Ropes,,,,,,,,12,12,,,,,https://www.grube.eu/p/tree-runner-general-purpose-rope-12-mm/131248/,,
Tree Runner,Rig Rope with a Splice,rigging,rigging rope (non-PPE),,,,,,,,,,,,,,https://www.grube.eu/p/tree-runner-rig-rope-with-a-splice/173271/,,
Tree Runner,Rig Rope without a Splice,rigging,rigging rope (non-PPE),,,,,,,,,,,,,,https://www.grube.eu/p/tree-runner-rig-rope-without-a-splice/632220/,,
Tree Runner,Safe Prusik Clamping Knot 9.1 mm 70 cm,ppe,Prusik cords,Heat-resistant hybrid fibres and polyester (sheath),EN 566,,,,,,9.1,9.1,,,,,https://www.grube.eu/p/tree-runner-safe-prusik-clamping-knot-91-mm-en-566/239757/,,
Tree Runner,Safe Prusik Clamping Knot 9.1 mm 90 cm,ppe,Prusik cords,Heat-resistant hybrid fibres and polyester (sheath),EN 566,,,,,,9.1,9.1,,,,,https://www.grube.eu/p/tree-runner-safe-prusik-clamping-knot-91-mm-en-566/239757/,,
Tree Runner,Amber belay/lanyard,ppe,Lanyards,,EN 354,,,,,,,,,,,,https://www.grube.eu/p/tree-runner-amber-belaylanyard-en-354/626736/,,
Tree Runner,Super Flex Steel Lanyard 12.7 mm,wire core flipline,Lanyards,,,,,,,,12.7,12.7,,,,,https://www.grube.eu/p/tree-runner-super-flex-steel-lanyard-127-mm/932932/,,
Tree Runner,Super Flex Sidewinder Steel Lanyard 12.7 mm,wire core flipline,Lanyards,,,,,,,,12.7,12.7,,,,,https://www.grube.eu/p/tree-runner-super-flex-sidewinder-steel-lanyard-127-mm/961033/,,
Tree Runner,EN1358 15 mm Steel Core Lanyard,wire core flipline,Lanyards,,,,,,,,15,15,,,,,https://www.grube.eu/p/tree-runner-en1358-15mm-steel-core-lanyard/355273/,,
Tree Runner,Webbing Sling,webbing sling,Slings,,,,,,,,,,,,,,https://www.grube.eu/p/tree-runner-webbing-sling/684886/,,
Tree Runner,Climbing Clamp right hand (red),ppe,Ascenders,,EN 567,,,,,,10,13,,,,,https://www.grube.eu/p/tree-runner-climbing-clamp-en-567/459800/,,
Tree Runner,Climbing Clamp left hand (grey),ppe,Ascenders,,EN 567,,,,,,10,13,,,,,https://www.grube.eu/p/tree-runner-climbing-clamp-en-567/459800/,,
Tree Runner,Sky Foot Ascender,no ppe,Ascenders,,,,,,,,,,,,,,https://www.grube.eu/p/tree-runner-sky-foot-ascender/990558/,,
Tree Runner,Abseil Figure-of-eight,figure eight descender,Descenders,,,,,35,,,,,,,71-240,,https://www.grube.eu/p/abseil-figure-of-eight/943953/,,
Tree Runner,fix Pulley 26 kN,ppe,Pulleys,,EN 12278,,,26,,,,,,,,,https://www.grube.eu/p/tree-runner-fix-pulley-26-kn-en-12278/427004/,,
Tree Runner,Small Pulley,rigging,Pulleys,,,,,20,,,,12,,,71-247,,https://www.grube.eu/p/tree-runner-small-pulley/372808/,,
Tree Runner,Tandem Pulley 28 kN,rigging,Pulleys,Steel,,,,28,,,,13,,,,,https://www.chrisforestry.co.uk/store/Tree-Runner-Tandem-Pulley-28-kN-p370228676,,
Tree Runner,Triple Attachment Pulley 2,rigging,Pulleys,,,,,,,,,,,,,,https://www.grube.eu/p/tree-runner-triple-attachment-pulley-2/118984/,,
Tree Runner,P 500 Rigging Bollard,rigging,rigging bollard (non-PPE),,,,,,,,,,,,,,https://www.grube.eu/p/tree-runner-p-500-rigging-bollard/247579/,,
Tree Runner,P 3000 Rigging Bollard,rigging,rigging bollard (non-PPE),,,,,,,,,,,,,,https://www.grube.eu/p/tree-runner-p-3000-rigging-bollard/786648/,,
Tree Runner,P3000 Abseil Brake / Rigging Bollard,rigging,rigging bollard (non-PPE),,,,,,,,,,,,,,https://www.grube.eu/p/tree-runner-p3000-abseil-brake-rigging-bollard/826414/,,
Tree Runner,P500 Lowering Device / Abseil Brake,rigging,rigging bollard (non-PPE),,,,,,,,,,,,,,https://www.grube.eu/p/tree-runner-p500-lowering-device-abseil-brake/754443/,,
Tree Runner,Rigging Device / Abseil Brake,rigging,rigging bollard (non-PPE),,,,,,,,,,,,,,https://www.grube.eu/p/tree-runner-rigging-device-abseil-brake/517210/,,
TreeUP,TH-020,ppe,Harnesses,"Polyamide tapes, Aluminium buckles","CE EN 358, CE EN 813",10,10,,,100,,,Label on harness,,TH12001,https://protekt.uk/instrukcje/pasy%20i%20urz%C4%85dzenia%20do%20pracy%20w%20podparciu/PB70_TH020_30_50_Manua_EN.pdf?mod=1687174232,https://protekt.uk/belt-for-supported-and-suspended-work~p1025~c5261,,
TreeUP,TH-030mX size S,ppe,Harnesses,"Polyester tapes, Galvanized steel buckles","CE EN 358, CE EN 813",10,10,,,100,,,Label on harness,,TH 130 21,https://protekt.uk/instrukcje/_EN/TH030mX_TH050mX_Manual_EN.pdf?mod=1691500816,https://protekt.uk/sit-harness-for-tree-climbers~p8160~c5261,,
TreeUP,TH-030mX size M-XL,ppe,Harnesses,"Polyester tapes, Galvanized steel buckles","CE EN 358, CE EN 813",10,10,,,100,,,Label on harness,,TH 130 21,https://protekt.uk/instrukcje/_EN/TH030mX_TH050mX_Manual_EN.pdf?mod=1691500816,https://protekt.uk/sit-harness-for-tree-climbers~p8158~c5261,,
TreeUP,TH-030mX size XXL,ppe,Harnesses,"Polyester tapes, Galvanized steel buckles","CE EN 358, CE EN 813",10,10,,,100,,,Label on harness,,TH 130 21,https://protekt.uk/instrukcje/_EN/TH030mX_TH050mX_Manual_EN.pdf?mod=1691500816,https://protekt.uk/sit-harness-for-tree-climbers~p8159~c5261,,
TreeUP,TH-050mX size S,ppe,Harnesses,"Polyester tapes, Galvanized steel buckles","CE EN 358, CE EN 813",10,10,,,100,,,Label on harness,,,https://protekt.uk/instrukcje/_EN/TH030mX_TH050mX_Manual_EN.pdf?mod=1691500816,https://protekt.uk/sit-harness-for-tree-climbers~p7703~c5261,,
TreeUP,TH-050mX size M-XL,ppe,Harnesses,"Polyester tapes, Galvanized steel buckles","CE EN 358, CE EN 813",10,10,,,100,,,Label on harness,,,https://protekt.uk/instrukcje/_EN/TH030mX_TH050mX_Manual_EN.pdf?mod=1691500816,https://protekt.uk/sit-harness-for-tree-climbers~p7703~c5261,,
TreeUP,TH-050mX size XXL,ppe,Harnesses,"Polyester tapes, Galvanized steel buckles","CE EN 358, CE EN 813",10,10,,,100,,,Label on harness,,,https://protekt.uk/instrukcje/_EN/TH030mX_TH050mX_Manual_EN.pdf?mod=1691500816,https://protekt.uk/sit-harness-for-tree-climbers~p7703~c5261,,
TreeUP,TH-030 size S,ppe,Harnesses,"Polyamide tapes, Aluminium buckles","CE EN 358, CE EN 813",10,10,,,100,,,Label on harness,,TH13001,https://protekt.uk/instrukcje/pasy%20i%20urz%C4%85dzenia%20do%20pracy%20w%20podparciu/PB70_TH020_30_50_Manua_EN.pdf?mod=1687174232,https://protekt.uk/belt-for-supported-and-suspended-work~p6824~c5261,,
TreeUP,TH-030 size M-XL,ppe,Harnesses,"Polyamide tapes, Aluminium buckles","CE EN 358, CE EN 813",10,10,,,100,,,Label on harness,,TH13001,https://protekt.uk/instrukcje/pasy%20i%20urz%C4%85dzenia%20do%20pracy%20w%20podparciu/PB70_TH020_30_50_Manua_EN.pdf?mod=1687174232,https://protekt.uk/belt-for-supported-and-suspended-work~p1028~c5261,,
TreeUP,TH-030 size XXL,ppe,Harnesses,"Polyamide tapes, Aluminium buckles","CE EN 358, CE EN 813",10,10,,,100,,,Label on harness,,TH13001,https://protekt.uk/instrukcje/pasy%20i%20urz%C4%85dzenia%20do%20pracy%20w%20podparciu/PB70_TH020_30_50_Manua_EN.pdf?mod=1687174232,https://protekt.uk/belt-for-supported-and-suspended-work~p1029~c5261,,
TreeUP,TH-050 size M-XL,ppe,Harnesses,"Polyamide tapes, Aluminium buckles","CE EN 358, CE EN 813",10,10,,,100,,,Label on harness,,,https://protekt.uk/instrukcje/pasy%20i%20urz%C4%85dzenia%20do%20pracy%20w%20podparciu/PB70_TH020_30_50_Manua_EN.pdf?mod=1687174232,https://protekt.uk/sit-harness-for-tree-climbers~p1031~c5261,,
TreeUP,TH-050X size M-XL,ppe,Harnesses,"Polyamide tapes, Aluminium buckles","CE EN 358, CE EN 813",10,10,,,100,,,Label on harness,,,https://protekt.uk/instrukcje/pasy%20i%20urz%C4%85dzenia%20do%20pracy%20w%20podparciu/PB70_TH020_30_50_Manua_EN.pdf?mod=1687174232,https://protekt.uk/sit-harness-for-tree-climbers~p6461~c5261,,
TreeUP,P-90,ppe,Harnesses,"Polyamide tapes, Steel D-rings","CE EN 361, CE EN 358, CE EN 813",10,10,,,100,,,Label on harness,,,https://protekt.uk/instrukcje/szelki/P60/P60_60C_60EC_Manual_EN.pdf?mod=1687174232,https://protekt.uk/safety-harness~p896~c40,,
TreeUP,P-90mX,ppe,Harnesses,"Polyamide tapes, Steel D-rings","CE EN 361, CE EN 358, CE EN 813",10,10,,,100,,,Label on harness,,,https://protekt.uk/instrukcje/szelki/mX/P81mX1_Manual_EN.pdf?mod=1687174237,https://protekt.uk/safety-harness~p7412~c40,,
TreeUP,PROT 30 2m,ppe,Positioning lanyards,"Steel core, Polyester sheath 16mm, Steel carabiners",CE EN 358,10,10,25-30 kN,,100,16,16,,,AF160200,https://protekt.uk/instrukcje/PROT30_Instrukcja_Uzytkowania_PL_EN358_2018.pdf?mod=1687174268,https://protekt.uk/work-positioning-device~p1093~c5519,,
TreeUP,PROT 30 3m,ppe,Positioning lanyards,"Steel core, Polyester sheath 16mm, Steel carabiners",CE EN 358,10,10,25-30 kN,,100,16,16,,,AF160300,https://protekt.uk/instrukcje/PROT30_Instrukcja_Uzytkowania_PL_EN358_2018.pdf?mod=1687174268,https://protekt.uk/work-positioning-device~p1094~c5519,,
TreeUP,PROT 30 4m,ppe,Positioning lanyards,"Steel core, Polyester sheath 16mm, Steel carabiners",CE EN 358,10,10,25-30 kN,,100,16,16,,,AF160400,https://protekt.uk/instrukcje/PROT30_Instrukcja_Uzytkowania_PL_EN358_2018.pdf?mod=1687174268,https://protekt.uk/work-positioning-device~p1095~c5519,,
TreeUP,PROT 30 5m,ppe,Positioning lanyards,"Steel core, Polyester sheath 16mm, Steel carabiners",CE EN 358,10,10,25-30 kN,,100,16,16,,,AF160500,https://protekt.uk/instrukcje/PROT30_Instrukcja_Uzytkowania_PL_EN358_2018.pdf?mod=1687174268,https://protekt.uk/work-positioning-device~p1096~c5519,,
TreeUP,TU 100,rigging,Rigging devices,Galvanized steel,,,,50 kN,10 kN,,10,14,,,TU100,,https://protekt.uk/port-a-wrap-lowering-device~p1353~c5270,,
TreeUP,TU 110,rigging,Rigging devices,Galvanized steel,,,,50 kN,10 kN,,10,14,,,TU110,,https://protekt.uk/port-a-wrap-lowering-device~p1355~c5270,,
TreeUP,TU 200,rigging,Rigging devices,Galvanized steel,,,,50 kN,10 kN,,10,14,,,TU200,,https://protekt.uk/port-a-wrap-lowering-device~p1356~c5270,,
TreeUP,TU 201,rigging,Rigging devices,Stainless steel,,,,50 kN,10 kN,,10,20,,,TU201,,https://protekt.uk/port-a-wrap-lowering-device~p1357~c5270,,
TreeUP,TU 400 Black,no ppe,Pulleys,"Forged aluminium, Stainless steel axle",CE EN 12278,,,100 kN,20 kN,,,18,,,TU400,https://protekt.uk/instrukcje/_EN/TU40X_Manual_EN.pdf?mod=1702994415,https://protekt.uk/small-pulley-with-through-hole-and-pin-lock~p1284~c5389,,
TreeUP,TU 400 Red,no ppe,Pulleys,"Forged aluminium, Stainless steel axle",CE EN 12278,,,100 kN,20 kN,,,18,,,TU400,https://protekt.uk/instrukcje/_EN/TU40X_Manual_EN.pdf?mod=1702994415,https://protekt.uk/small-pulley-with-through-hole-and-pin-lock~p1283~c5389,,
TreeUP,TU 400 Blue,no ppe,Pulleys,"Forged aluminium, Stainless steel axle",CE EN 12278,,,100 kN,20 kN,,,18,,,TU400,https://protekt.uk/instrukcje/_EN/TU40X_Manual_EN.pdf?mod=1702994415,https://protekt.uk/small-pulley-with-through-hole-and-pin-lock~p1282~c5389,,
TreeUP,TU 400 Gold,no ppe,Pulleys,"Forged aluminium, Stainless steel axle",CE EN 12278,,,100 kN,20 kN,,,18,,,TU400,https://protekt.uk/instrukcje/_EN/TU40X_Manual_EN.pdf?mod=1702994415,https://protekt.uk/small-pulley-with-through-hole-and-pin-lock~p1285~c5389,,
TreeUP,TU 129 10mm,ppe,climbing line,"Polyester sheath, Polyamide core",CE EN 1891 Class A,10,10,22 kN,,100,10,10,,,TU129,,https://protekt.uk/workstation-rope~p5601~c5276,,
TreeUP,TU 129 10.5mm,ppe,climbing line,"Polyester sheath, Polyamide core",CE EN 1891 Class A,10,10,22 kN,,100,10.5,10.5,,,TU129,,https://protekt.uk/workstation-rope~p5601~c5276,,
TreeUP,TU 130 13mm,ppe,climbing line,"Polyester sheath, Polyamide core",CE EN 1891 Class A,10,10,24 kN,,100,13,13,,,TU130,,https://protekt.uk/workstation-rope~p1530~c5276,,
TreeUP,TU 131 10mm,ppe,climbing line,"Polyester sheath, Polyamide core",CE EN 1891 Class A,10,10,,,100,10,10,,,TU131,,https://protekt.uk/workstation-rope~p1525~c5276,,
TreeUP,TU 131 10.5mm,ppe,climbing line,"Polyester sheath, Polyamide core",CE EN 1891 Class A,10,10,,,100,10.5,10.5,,,TU131,,https://protekt.uk/workstation-rope~p1525~c5276,,
TreeUP,TU 131 11mm,ppe,climbing line,"Polyester sheath, Polyamide core",CE EN 1891 Class A,10,10,,,100,11,11,,,TU131,,https://protekt.uk/workstation-rope~p1525~c5276,,
TreeUP,TU 131 11.5mm,ppe,climbing line,"Polyester sheath, Polyamide core",CE EN 1891 Class A,10,10,,,100,11.5,11.5,,,TU131,,https://protekt.uk/workstation-rope~p1525~c5276,,
TreeUP,TU 131 12mm,ppe,climbing line,"Polyester sheath, Polyamide core",CE EN 1891 Class A,10,10,,,100,12,12,,,TU131,,https://protekt.uk/workstation-rope~p1525~c5276,,
TreeUP,TU 900 0.4m,ppe,Friction Savers,"Polyester tape 25mm, Steel ring, Aluminium ring",CE EN 795 Type B,10,10,,,,,,,,TU900040,,https://protekt.uk/cambium-protector~p4198~c5268,,
TreeUP,TU 900 0.6m,ppe,Friction Savers,"Polyester tape 25mm, Steel ring, Aluminium ring",CE EN 795 Type B,10,10,,,,,,,,TU900060,,https://protekt.uk/cambium-protector~p4198~c5268,,
TreeUP,TU 900 0.8m,ppe,Friction Savers,"Polyester tape 25mm, Steel ring, Aluminium ring",CE EN 795 Type B,10,10,,,,,,,,TU900080,,https://protekt.uk/cambium-protector~p4198~c5268,,
TreeUP,TU 900 1.0m,ppe,Friction Savers,"Polyester tape 25mm, Steel ring, Aluminium ring",CE EN 795 Type B,10,10,,,,,,,,TU900100,,https://protekt.uk/cambium-protector~p4198~c5268,,
TreeUP,TU 900 1.2m,ppe,Friction Savers,"Polyester tape 25mm, Steel ring, Aluminium ring",CE EN 795 Type B,10,10,,,,,,,,TU900120,,https://protekt.uk/cambium-protector~p4198~c5268,,
TreeUP,TU 900 1.4m,ppe,Friction Savers,"Polyester tape 25mm, Steel ring, Aluminium ring",CE EN 795 Type B,10,10,,,,,,,,TU900140,,https://protekt.uk/cambium-protector~p4198~c5268,,
TreeUP,TU 900 1.7m,ppe,Friction Savers,"Polyester tape 25mm, Steel ring, Aluminium ring",CE EN 795 Type B,10,10,,,,,,,,TU900170,,https://protekt.uk/cambium-protector~p4198~c5268,,
TreeUP,P-71E,ppe,Harnesses,"Polyamide elastic tapes, Steel D-rings","CE EN 361, CE EN 358",10,10,,,100,,,Label on harness,,P71E,,https://protekt.uk/safety-harness-with-elastic-webbing~p863~c5262,,
TreeUP,TU 440,no ppe,Pulleys,Aluminium,CE EN 12278,,,,,,,18,,,TU440,,https://protekt.uk/arborist-pulley~p1351~c5389,,
TreeUP,PL 101,no ppe,Pulleys,Aluminium,CE EN 12278,,,,,,,,,,PL101,,https://protekt.uk/pulley~p1280~c5271,,
TreeUP,TU 415,rigging,Pulleys,"Aluminium, Steel hook",,,,,10 kN,,,,,,TU415,,https://protekt.uk/pulley-with-hook-1000kg~p1321~c5271,,
TreeUP,TU 416,rigging,Pulleys,"Aluminium, Steel hook",,,,,20 kN,,,,,,TU416,,https://protekt.uk/pulley-with-hook-2000kg~p1322~c5271,,
TreeUP,DR 1,no ppe,Climbing spikes,"Steel, Leather/felt padding",,,,,,,,,,,DR1,,https://protekt.uk/steel-tree-climbing-spikes~p1245~c20,,
TreeUP,DR 2,no ppe,Climbing spikes,"Steel, Leather/felt padding",,,,,,,,,,,DR2,,https://protekt.uk/steel-tree-climbing-spikes-with-adjustable-height~p1246~c20,,
TreeUP,DR 2A,no ppe,Climbing spikes,"Aluminium, Leather/felt padding",,,,,,,,,,,DR2A,,https://protekt.uk/aluminium-tree-climbing-spikes-with-adjustable-height~p1247~c20,,
TreeUP,DR 3,no ppe,Climbing spikes,"Steel, Leather/felt padding",,,,,,,,,,,DR3,,https://protekt.uk/steel-tree-climbing-spikes-with-adjustable-height~p1248~c20,,
TreeUP,DR 3A,no ppe,Climbing spikes,"Aluminium, Leather/felt padding",,,,,,,,,,,DR3A,,https://protekt.uk/aluminium-tree-climbing-spikes-with-adjustable-height~p1249~c20,,
TreeUP,DR 4,no ppe,Climbing spikes,"Steel, Leather/felt padding",,,,,,,,,,,DR4,,https://protekt.uk/steel-tree-climbing-spikes~p1250~c20,,
Yale Cordage,XTC-12 Code Yellow 13mm,ppe,climbing line,Polyester / Polyolefin,ANSI Z133,,,26.7 kN,,,13,13,,,,,https://www.yalecordage.com/product-category/climbing-lines/,,
Yale Cordage,XTC-12 White 13mm,ppe,climbing line,Polyester / Polyolefin,ANSI Z133,,,26.7 kN,,,13,13,,,,,https://www.yalecordage.com/product-category/climbing-lines/,,
Yale Cordage,XTC-12 Spearmint 13mm,ppe,climbing line,Polyester / Polyolefin,ANSI Z133,,,26.7 kN,,,13,13,,,,,https://www.yalecordage.com/product-category/climbing-lines/,,
Yale Cordage,XTC-12 Plus 13mm,ppe,climbing line,Polyester / Polyolefin,ANSI Z133,,,26.7 kN,,,13,13,,,,,https://www.yalecordage.com/product-category/climbing-lines/,,
Yale Cordage,XTC-12 Fire 13mm,ppe,climbing line,Polyester / Polyolefin,ANSI Z133,,,26.7 kN,,,13,13,,,,,https://www.yalecordage.com/product-category/climbing-lines/,,
Yale Cordage,XTC-12 Buzzzline 13mm,ppe,climbing line,Polyester / Polyolefin,ANSI Z133,,,32.9 kN,,,13,13,,,,,https://www.yalecordage.com/product-category/climbing-lines/,,
Yale Cordage,XTC-16 White 13mm,ppe,climbing line,100% Polyester Kernmantle,"CE EN 1891 Type B, ANSI Z133",,,27.6 kN,,,13,13,,,,,https://www.yalecordage.com/product-category/climbing-lines/,,
Yale Cordage,XTC-16 Plus 13mm,ppe,climbing line,100% Polyester Kernmantle,"CE EN 1891 Type B, ANSI Z133",,,27.6 kN,,,13,13,,,,,https://www.yalecordage.com/product-category/climbing-lines/,,
Yale Cordage,XTC-16 Spearmint 13mm,ppe,climbing line,100% Polyester Kernmantle,"CE EN 1891 Type B, ANSI Z133",,,27.6 kN,,,13,13,,,,,https://www.yalecordage.com/product-category/climbing-lines/,,
Yale Cordage,XTC-16 Fire 13mm,ppe,climbing line,100% Polyester Kernmantle,"CE EN 1891 Type B, ANSI Z133",,,27.6 kN,,,13,13,,,,,https://www.yalecordage.com/product-category/climbing-lines/,,
Yale Cordage,XTC-24 Blaze 11mm,ppe,climbing line,Polyester double braid,"CE EN 1891 Type B, ANSI Z133",,,24.9 kN,,,11,11,,,,,https://www.yalecordage.com/product-category/climbing-lines/,,
Yale Cordage,XTC-24 Bandit 11mm,ppe,climbing line,Polyester double braid,"CE EN 1891 Type B, ANSI Z133",,,24.9 kN,,,11,11,,,,,https://www.yalecordage.com/product-category/climbing-lines/,,
Yale Cordage,XTC-24 Blue Moon 11.7mm,ppe,climbing line,Polyester double braid,ANSI Z133,,,28.9 kN,,,11.7,11.7,,,,,https://www.yalecordage.com/product-category/climbing-lines/,,
Yale Cordage,XTC-24 Arrow Frog 11.7mm,ppe,climbing line,Polyester double braid,ANSI Z133,,,28.9 kN,,,11.7,11.7,,,,,https://www.yalecordage.com/product-category/climbing-lines/,,
Yale Cordage,XTC-24 Blue Tongue 11.7mm,ppe,climbing line,Polyester double braid,ANSI Z133,,,28.9 kN,,,11.7,11.7,,,,,https://www.yalecordage.com/product-category/climbing-lines/,,
Yale Cordage,XTC-24 Calamine 11.7mm,ppe,climbing line,Polyester double braid,ANSI Z133,,,28.9 kN,,,11.7,11.7,,,,,https://www.yalecordage.com/product-category/climbing-lines/,,
Yale Cordage,XTC-24 CE Sunburst Orange 11.7mm,ppe,climbing line,Polyester/Nylon double braid,"CE EN 1891 Type A, ANSI Z133",,,28.9 kN,,,11.7,11.7,,,,,https://www.yalecordage.com/product-category/climbing-lines/,,
Yale Cordage,XTC-24 CE Sunburst Yellow 11.7mm,ppe,climbing line,Polyester/Nylon double braid,"CE EN 1891 Type A, ANSI Z133",,,28.9 kN,,,11.7,11.7,,,,,https://www.yalecordage.com/product-category/climbing-lines/,,
Yale Cordage,XTC-24 CE Imori Orange 12mm,ppe,climbing line,Polyester/Nylon double braid,"CE EN 1891 Type A, ANSI Z133",,,27.6 kN,,,12,12,,,,,https://www.yalecordage.com/product-category/climbing-lines/,,
Yale Cordage,XTC-24 CE Imori Green 12mm,ppe,climbing line,Polyester/Nylon double braid,"CE EN 1891 Type A, ANSI Z133",,,27.6 kN,,,12,12,,,,,https://www.yalecordage.com/product-category/climbing-lines/,,
Yale Cordage,XTC-24 CE Blaze 11mm,ppe,climbing line,Polyester double braid,"CE EN 1891 Type B, ANSI Z133",,,24.9 kN,,,11,11,,,,,https://www.yalecordage.com/product-category/climbing-lines/,,
Yale Cordage,XTC-32 Blue 32 11.5mm,ppe,climbing line,Polyester double braid,ANSI Z133,,,,,,11.5,11.5,,,,,https://www.yalecordage.com/product-category/climbing-lines/,,
Yale Cordage,XTC-32 Blue 32 11.7mm,ppe,climbing line,Polyester double braid,ANSI Z133,,,,,,11.7,11.7,,,,,https://www.yalecordage.com/product-category/climbing-lines/,,
Yale Cordage,XTC-48 Kernmaster Code Orange 10mm,ppe,climbing line,Polyester/Nylon Kernmantle,"CE EN 1891 Type A, ANSI Z133",,,17.8 kN,,,10,10,,,,,https://www.yalecordage.com/product-category/climbing-lines/,,
Yale Cordage,XTC-48 Kernmaster Code Green 10mm,ppe,climbing line,Polyester/Nylon Kernmantle,"CE EN 1891 Type A, ANSI Z133",,,17.8 kN,,,10,10,,,,,https://www.yalecordage.com/product-category/climbing-lines/,,
Yale Cordage,XTC-48 Kernmaster Code Orange 11mm,ppe,climbing line,Polyester/Nylon Kernmantle,"CE EN 1891 Type A, ANSI Z133",,,27.6 kN,,,11,11,,,,,https://www.yalecordage.com/product-category/climbing-lines/,,
Yale Cordage,XTC-48 Kernmaster Code Green 11mm,ppe,climbing line,Polyester/Nylon Kernmantle,"CE EN 1891 Type A, ANSI Z133",,,27.6 kN,,,11,11,,,,,https://www.yalecordage.com/product-category/climbing-lines/,,
Yale Cordage,XTC-48 Kernmaster Code Orange 11.7mm,ppe,climbing line,Polyester/Nylon Kernmantle,"CE EN 1891 Type A, ANSI Z133",,,31.6 kN,,,11.7,11.7,,,,,https://www.yalecordage.com/product-category/climbing-lines/,,
Yale Cordage,XTC-48 Kernmaster Code Green 11.7mm,ppe,climbing line,Polyester/Nylon Kernmantle,"CE EN 1891 Type A, ANSI Z133",,,31.6 kN,,,11.7,11.7,,,,,https://www.yalecordage.com/product-category/climbing-lines/,,
Yale Cordage,XTC-48 Kernmaster Code Orange 12mm,ppe,climbing line,Polyester/Nylon Kernmantle,"CE EN 1891 Type A, ANSI Z133",,,40.9 kN,,,12,12,,,,,https://www.yalecordage.com/product-category/climbing-lines/,,
Yale Cordage,XTC-48 Kernmaster Code Green 12mm,ppe,climbing line,Polyester/Nylon Kernmantle,"CE EN 1891 Type A, ANSI Z133",,,40.9 kN,,,12,12,,,,,https://www.yalecordage.com/product-category/climbing-lines/,,
Yale Cordage,XTC-48 Kernmaster Code Orange 16mm,ppe,climbing line,Polyester/Nylon Kernmantle,"CE EN 1891 Type A, ANSI Z133",,,55.6 kN,,,16,16,,,,,https://www.yalecordage.com/product-category/climbing-lines/,,
Yale Cordage,XTC-48 Kernmaster Code Green 16mm,ppe,climbing line,Polyester/Nylon Kernmantle,"CE EN 1891 Type A, ANSI Z133",,,55.6 kN,,,16,16,,,,,https://www.yalecordage.com/product-category/climbing-lines/,,
Yale Cordage,XTC-48 Kernmaster Phantom Green 11mm,ppe,climbing line,Polyester/Nylon Kernmantle,"CE EN 1891 Type A, ANSI Z133",,,27.6 kN,,,11,11,,,,,https://www.yalecordage.com/product-category/climbing-lines/,,
Yale Cordage,XTC-48 Kernmaster Phantom Pink 11mm,ppe,climbing line,Polyester/Nylon Kernmantle,"CE EN 1891 Type A, ANSI Z133",,,27.6 kN,,,11,11,,,,,https://www.yalecordage.com/product-category/climbing-lines/,,
Yale Cordage,XTC-48 Scandere Red 11.7mm,ppe,climbing line,Polyester/Nylon Kernmantle,"CE EN 1891 Type A, ANSI Z133",,,31.6 kN,,,11.7,11.7,,,,,https://www.yalecordage.com/product-category/climbing-lines/,,
Yale Cordage,XTC-48 Scandere Purple 11.7mm,ppe,climbing line,Polyester/Nylon Kernmantle,"CE EN 1891 Type A, ANSI Z133",,,31.6 kN,,,11.7,11.7,,,,,https://www.yalecordage.com/product-category/climbing-lines/,,
Yale Cordage,XTC-48 Scandere Yellow 11.7mm,ppe,climbing line,Polyester/Nylon Kernmantle,"CE EN 1891 Type A, ANSI Z133",,,31.6 kN,,,11.7,11.7,,,,,https://www.yalecordage.com/product-category/climbing-lines/,,
Yale Cordage,XTC-48 R.I.N.G. Rope 10.5mm,ppe,climbing line,Technora / Polyester,CE EN 359,,,,,,10.5,10.5,,,,,https://www.yalecordage.com/product-category/climbing-lines/,,
Yale Cordage,XTC-48 R.I.N.G. Rope 11.5mm,ppe,climbing line,Technora / Polyester,CE EN 359,,,29.9 kN,,,11.5,11.5,,,,,https://www.yalecordage.com/product-category/climbing-lines/,,
Yale Cordage,XTC-48 Tech-Kern 11.4mm,Climbing line,climbing line,Technora Aramid Kernmantle,,,,93.4 kN,,,11.4,11.4,,,,,https://www.yalecordage.com/product-category/climbing-lines/,,
Yale Cordage,Bee Line Polyester Core 10mm,Hitch cord,hitch cord / prusik,Technora jacket / Polyester core,,,,,,,10,10,,,,,https://www.yalecordage.com/product-category/climbing-lines/,,
Yale Cordage,Bee Line Vectran Core 8mm,Hitch cord,hitch cord / prusik,Technora jacket / Vectran core,,,,,,,8,8,,,,,https://www.yalecordage.com/product-category/climbing-lines/,,
Yale Cordage,Bee Line Vectran Core 10mm,Hitch cord,hitch cord / prusik,Technora jacket / Vectran core,,,,,,,10,10,,,,,https://www.yalecordage.com/product-category/climbing-lines/,,
Yale Cordage,Bee Line Black 10mm,Hitch cord,hitch cord / prusik,Technora jacket / Vectran core,,,,,,,10,10,,,,,https://www.yalecordage.com/product-category/climbing-lines/,,
Yale Cordage,"Portland Braid 1/2"" (13mm)",rigging,rigging line (not PPE),100% Polyester double braid,,,,44.5 kN,,,13,13,,,,,https://www.yalecordage.com/featured-industries/arboriculture,,
Yale Cordage,"Portland Braid 9/16"" (14mm)",rigging,rigging line (not PPE),100% Polyester double braid,,,,49.4 kN,,,14,14,,,,,https://www.yalecordage.com/featured-industries/arboriculture,,
Yale Cordage,"Portland Braid 5/8"" (16mm)",rigging,rigging line (not PPE),100% Polyester double braid,,,,66.3 kN,,,16,16,,,,,https://www.yalecordage.com/featured-industries/arboriculture,,
Yale Cordage,"Portland Braid 3/4"" (19mm)",rigging,rigging line (not PPE),100% Polyester double braid,,,,80.1 kN,,,19,19,,,,,https://www.yalecordage.com/featured-industries/arboriculture,,
Yale Cordage,"Portland Braid 7/8"" (22mm)",rigging,rigging line (not PPE),100% Polyester double braid,,,,131.0 kN,,,22,22,,,,,https://www.yalecordage.com/featured-industries/arboriculture,,
Yale Cordage,"Double Esterlon 1/2"" (13mm)",rigging,rigging line (not PPE),100% Polyester double braid,,,,48.1 kN,,,13,13,,,,,https://www.yalecordage.com/featured-industries/arboriculture,,
Yale Cordage,"Double Esterlon 9/16"" (14mm)",rigging,rigging line (not PPE),100% Polyester double braid,,,,59.1 kN,,,14,14,,,,,https://www.yalecordage.com/featured-industries/arboriculture,,
Yale Cordage,"Double Esterlon 5/8"" (16mm)",rigging,rigging line (not PPE),100% Polyester double braid,,,,75.6 kN,,,16,16,,,,,https://www.yalecordage.com/featured-industries/arboriculture,,
Yale Cordage,"Double Esterlon 3/4"" (19mm)",rigging,rigging line (not PPE),100% Polyester double braid,,,,92.6 kN,,,19,19,,,,,https://www.yalecordage.com/featured-industries/arboriculture,,
Yale Cordage,"Double Esterlon 7/8"" (22mm)",rigging,rigging line (not PPE),100% Polyester double braid,,,,137.9 kN,,,22,22,,,,,https://www.yalecordage.com/featured-industries/arboriculture,,
Yale Cordage,"Polydyne 1/2"" (13mm)",rigging,rigging line (not PPE),Polyester/Nylon double braid,,,,49.0 kN,,,13,13,,,,,https://www.yalecordage.com/featured-industries/arboriculture,,
Yale Cordage,"Polydyne 9/16"" (14mm)",rigging,rigging line (not PPE),Polyester/Nylon double braid,,,,66.7 kN,,,14,14,,,,,https://www.yalecordage.com/featured-industries/arboriculture,,
Yale Cordage,"Polydyne 5/8"" (16mm)",rigging,rigging line (not PPE),Polyester/Nylon double braid,,,,84.1 kN,,,16,16,,,,,https://www.yalecordage.com/featured-industries/arboriculture,,
Yale Cordage,"Polydyne 3/4"" (19mm)",rigging,rigging line (not PPE),Polyester/Nylon double braid,,,,115.7 kN,,,19,19,,,,,https://www.yalecordage.com/featured-industries/arboriculture,,
Yale Cordage,"Polydyne 7/8"" (22mm)",rigging,rigging line (not PPE),Polyester/Nylon double braid,,,,149.5 kN,,,22,22,,,,,https://www.yalecordage.com/featured-industries/arboriculture,,
Yale Cordage,"Optimus 3/8"" (10mm)",rigging,rigging line (not PPE),100% Solution Dyed Polyester hollow braid,,,,,,,10,10,,,,,https://www.yalecordage.com/featured-industries/arboriculture,,
Yale Cordage,"Optimus 7/16"" (11mm)",rigging,rigging line (not PPE),100% Solution Dyed Polyester hollow braid,,,,,,,11,11,,,,,https://www.yalecordage.com/featured-industries/arboriculture,,
Yale Cordage,"Optimus 1/2"" (13mm)",rigging,rigging line (not PPE),100% Solution Dyed Polyester hollow braid,,,,,,,13,13,,,,,https://www.yalecordage.com/featured-industries/arboriculture,,
Yale Cordage,"Optimus 9/16"" (14mm)",rigging,rigging line (not PPE),100% Solution Dyed Polyester hollow braid,,,,,,,14,14,,,,,https://www.yalecordage.com/featured-industries/arboriculture,,
Yale Cordage,"Optimus 5/8"" (16mm)",rigging,rigging line (not PPE),100% Solution Dyed Polyester hollow braid,,,,,,,16,16,,,,,https://www.yalecordage.com/featured-industries/arboriculture,,
Yale Cordage,"Optimus 3/4"" (19mm)",rigging,rigging line (not PPE),100% Solution Dyed Polyester hollow braid,,,,,,,19,19,,,,,https://www.yalecordage.com/featured-industries/arboriculture,,
Yale Cordage,"Optimus 7/8"" (22mm)",rigging,rigging line (not PPE),100% Solution Dyed Polyester hollow braid,,,,,,,22,22,,,,,https://www.yalecordage.com/featured-industries/arboriculture,,
Yale Cordage,"Yalex 1/4"" (6mm)",rigging,rigging line (not PPE),100% Polyester hollow braid,,,,,,,6,6,,,,,https://www.yalecordage.com/featured-industries/arboriculture,,
Yale Cordage,"Yalex 3/8"" (10mm)",rigging,rigging line (not PPE),100% Polyester hollow braid,,,,,,,10,10,,,,,https://www.yalecordage.com/featured-industries/arboriculture,,
Yale Cordage,"Yalex 7/16"" (11mm)",rigging,rigging line (not PPE),100% Polyester hollow braid,,,,,,,11,11,,,,,https://www.yalecordage.com/featured-industries/arboriculture,,
Yale Cordage,"Yalex 1/2"" (13mm)",rigging,rigging line (not PPE),100% Polyester hollow braid,,,,,,,13,13,,,,,https://www.yalecordage.com/featured-industries/arboriculture,,
Yale Cordage,"Yalex 9/16"" (14mm)",rigging,rigging line (not PPE),100% Polyester hollow braid,,,,,,,14,14,,,,,https://www.yalecordage.com/featured-industries/arboriculture,,
Yale Cordage,"Yalex 5/8"" (16mm)",rigging,rigging line (not PPE),100% Polyester hollow braid,,,,,,,16,16,,,,,https://www.yalecordage.com/featured-industries/arboriculture,,
Yale Cordage,"Yalex 3/4"" (19mm)",rigging,rigging line (not PPE),100% Polyester hollow braid,,,,,,,19,19,,,,,https://www.yalecordage.com/featured-industries/arboriculture,,
Yale Cordage,"Yalex 7/8"" (22mm)",rigging,rigging line (not PPE),100% Polyester hollow braid,,,,,,,22,22,,,,,https://www.yalecordage.com/featured-industries/arboriculture,,
Yale Cordage,"Yalex 2"" (51mm)",rigging,rigging line (not PPE),100% Polyester hollow braid,,,,,,,51,51,,,,,https://www.yalecordage.com/featured-industries/arboriculture,,
Yale Cordage,"XTC-12 Rigging 5/8"" (16mm)",ppe,rigging line (not PPE),Polyester / Polyolefin,ANSI Z133,,,,,,16,16,,,,,https://www.yalecordage.com/featured-industries/arboriculture,,
Yale Cordage,"XTC-12 Rigging 3/4"" (19mm)",ppe,rigging line (not PPE),Polyester / Polyolefin,ANSI Z133,,,,,,19,19,,,,,https://www.yalecordage.com/featured-industries/arboriculture,,
Yale Cordage,XTC-12 White 13mm - 37m - 1 eye,ppe,climbing line,polyester/polyolefin (12-strand single braid),ANSI Z133,,,26.7,,,13,13,,,,https://www.yalecordage.com/splicing-instructions/rope-selection-and-inspection-guide/,https://www.yalecordage.com/product-category/climbing-lines/,,
Yale Cordage,XTC-12 White 13mm - 45m - 1 eye,ppe,climbing line,polyester/polyolefin (12-strand single braid),ANSI Z133,,,26.7,,,13,13,,,,https://www.yalecordage.com/splicing-instructions/rope-selection-and-inspection-guide/,https://www.yalecordage.com/product-category/climbing-lines/,,
Yale Cordage,XTC-12 White 13mm - 60m - 1 eye,ppe,climbing line,polyester/polyolefin (12-strand single braid),ANSI Z133,,,26.7,,,13,13,,,,https://www.yalecordage.com/splicing-instructions/rope-selection-and-inspection-guide/,https://www.yalecordage.com/product-category/climbing-lines/,,
Yale Cordage,XTC-12 White 13mm - 37m - 2 eyes,ppe,climbing line,polyester/polyolefin (12-strand single braid),ANSI Z133,,,26.7,,,13,13,,,,https://www.yalecordage.com/splicing-instructions/rope-selection-and-inspection-guide/,https://www.yalecordage.com/product-category/climbing-lines/,,
Yale Cordage,XTC-12 White 13mm - 45m - 2 eyes,ppe,climbing line,polyester/polyolefin (12-strand single braid),ANSI Z133,,,26.7,,,13,13,,,,https://www.yalecordage.com/splicing-instructions/rope-selection-and-inspection-guide/,https://www.yalecordage.com/product-category/climbing-lines/,,
Yale Cordage,XTC-12 White 13mm - 60m - 2 eyes,ppe,climbing line,polyester/polyolefin (12-strand single braid),ANSI Z133,,,26.7,,,13,13,,,,https://www.yalecordage.com/splicing-instructions/rope-selection-and-inspection-guide/,https://www.yalecordage.com/product-category/climbing-lines/,,
Yale Cordage,XTC-12 White 13mm - bulk (per meter),ppe,climbing line,polyester/polyolefin (12-strand single braid),ANSI Z133,,,26.7,,,13,13,,,,https://www.yalecordage.com/splicing-instructions/rope-selection-and-inspection-guide/,https://www.yalecordage.com/product-category/climbing-lines/,,
Yale Cordage,XTC-12 Buzzzline 13mm - 37m - 1 eye,ppe,climbing line,polyester (12-strand single braid),ANSI Z133,,,32.9,,,13,13,,,,https://www.yalecordage.com/splicing-instructions/rope-selection-and-inspection-guide/,https://www.yalecordage.com/product-category/climbing-lines/,,
Yale Cordage,XTC-12 Buzzzline 13mm - 45m - 1 eye,ppe,climbing line,polyester (12-strand single braid),ANSI Z133,,,32.9,,,13,13,,,,https://www.yalecordage.com/splicing-instructions/rope-selection-and-inspection-guide/,https://www.yalecordage.com/product-category/climbing-lines/,,
Yale Cordage,XTC-12 Buzzzline 13mm - 60m - 1 eye,ppe,climbing line,polyester (12-strand single braid),ANSI Z133,,,32.9,,,13,13,,,,https://www.yalecordage.com/splicing-instructions/rope-selection-and-inspection-guide/,https://www.yalecordage.com/product-category/climbing-lines/,,
Yale Cordage,XTC-12 Buzzzline 13mm - 37m - 2 eyes,ppe,climbing line,polyester (12-strand single braid),ANSI Z133,,,32.9,,,13,13,,,,https://www.yalecordage.com/splicing-instructions/rope-selection-and-inspection-guide/,https://www.yalecordage.com/product-category/climbing-lines/,,
Yale Cordage,XTC-12 Buzzzline 13mm - 45m - 2 eyes,ppe,climbing line,polyester (12-strand single braid),ANSI Z133,,,32.9,,,13,13,,,,https://www.yalecordage.com/splicing-instructions/rope-selection-and-inspection-guide/,https://www.yalecordage.com/product-category/climbing-lines/,,
Yale Cordage,XTC-12 Buzzzline 13mm - 60m - 2 eyes,ppe,climbing line,polyester (12-strand single braid),ANSI Z133,,,32.9,,,13,13,,,,https://www.yalecordage.com/splicing-instructions/rope-selection-and-inspection-guide/,https://www.yalecordage.com/product-category/climbing-lines/,,
Yale Cordage,XTC-12 Buzzzline 13mm - bulk (per meter),ppe,climbing line,polyester (12-strand single braid),ANSI Z133,,,32.9,,,13,13,,,,https://www.yalecordage.com/splicing-instructions/rope-selection-and-inspection-guide/,https://www.yalecordage.com/product-category/climbing-lines/,,
Yale Cordage,XTC-16 Fire 12.7mm - 37m - 1 eye,ppe,climbing line,polyester (16-strand kernmantle / twisted polyester core),ANSI Z133 / EN1891 Type B,,,30,,,12.7,12.7,,,,https://www.yalecordage.com/splicing-instructions/rope-selection-and-inspection-guide/,https://www.yalecordage.com/product/xtc-16-fire-spearmint-plus/,,
Yale Cordage,XTC-16 Fire 12.7mm - 45m - 1 eye,ppe,climbing line,polyester (16-strand kernmantle / twisted polyester core),ANSI Z133 / EN1891 Type B,,,30,,,12.7,12.7,,,,https://www.yalecordage.com/splicing-instructions/rope-selection-and-inspection-guide/,https://www.yalecordage.com/product/xtc-16-fire-spearmint-plus/,,
Yale Cordage,XTC-16 Fire 12.7mm - 60m - 1 eye,ppe,climbing line,polyester (16-strand kernmantle / twisted polyester core),ANSI Z133 / EN1891 Type B,,,30,,,12.7,12.7,,,,https://www.yalecordage.com/splicing-instructions/rope-selection-and-inspection-guide/,https://www.yalecordage.com/product/xtc-16-fire-spearmint-plus/,,
Yale Cordage,XTC-16 Fire 12.7mm - 37m - 2 eyes,ppe,climbing line,polyester (16-strand kernmantle / twisted polyester core),ANSI Z133 / EN1891 Type B,,,30,,,12.7,12.7,,,,https://www.yalecordage.com/splicing-instructions/rope-selection-and-inspection-guide/,https://www.yalecordage.com/product/xtc-16-fire-spearmint-plus/,,
Yale Cordage,XTC-16 Fire 12.7mm - 45m - 2 eyes,ppe,climbing line,polyester (16-strand kernmantle / twisted polyester core),ANSI Z133 / EN1891 Type B,,,30,,,12.7,12.7,,,,https://www.yalecordage.com/splicing-instructions/rope-selection-and-inspection-guide/,https://www.yalecordage.com/product/xtc-16-fire-spearmint-plus/,,
Yale Cordage,XTC-16 Fire 12.7mm - bulk (per meter),ppe,climbing line,polyester (16-strand kernmantle / twisted polyester core),ANSI Z133 / EN1891 Type B,,,30,,,12.7,12.7,,,,https://www.yalecordage.com/splicing-instructions/rope-selection-and-inspection-guide/,https://www.yalecordage.com/product/xtc-16-fire-spearmint-plus/,,
Yale Cordage,XTC-16 Plus 12.7mm - 37m - 1 eye,ppe,climbing line,polyester (16-strand kernmantle / twisted polyester core),EN1891 Type A / ANSI Z133,,,30,,,12.7,12.7,,,,https://www.yalecordage.com/splicing-instructions/rope-selection-and-inspection-guide/,https://www.yalecordage.com/product/xtc-16-fire-spearmint-plus/,,
Yale Cordage,XTC-16 Plus 12.7mm - 45m - 1 eye,ppe,climbing line,polyester (16-strand kernmantle / twisted polyester core),EN1891 Type A / ANSI Z133,,,30,,,12.7,12.7,,,,https://www.yalecordage.com/splicing-instructions/rope-selection-and-inspection-guide/,https://www.yalecordage.com/product/xtc-16-fire-spearmint-plus/,,
Yale Cordage,XTC-16 Plus 12.7mm - 60m - 1 eye,ppe,climbing line,polyester (16-strand kernmantle / twisted polyester core),EN1891 Type A / ANSI Z133,,,30,,,12.7,12.7,,,,https://www.yalecordage.com/splicing-instructions/rope-selection-and-inspection-guide/,https://www.yalecordage.com/product/xtc-16-fire-spearmint-plus/,,
Yale Cordage,XTC-16 Plus 12.7mm - 37m - 2 eyes,ppe,climbing line,polyester (16-strand kernmantle / twisted polyester core),EN1891 Type A / ANSI Z133,,,30,,,12.7,12.7,,,,https://www.yalecordage.com/splicing-instructions/rope-selection-and-inspection-guide/,https://www.yalecordage.com/product/xtc-16-fire-spearmint-plus/,,
Yale Cordage,XTC-16 Plus 12.7mm - 45m - 2 eyes,ppe,climbing line,polyester (16-strand kernmantle / twisted polyester core),EN1891 Type A / ANSI Z133,,,30,,,12.7,12.7,,,,https://www.yalecordage.com/splicing-instructions/rope-selection-and-inspection-guide/,https://www.yalecordage.com/product/xtc-16-fire-spearmint-plus/,,
Yale Cordage,XTC-16 Plus 12.7mm - 60m - 2 eyes,ppe,climbing line,polyester (16-strand kernmantle / twisted polyester core),EN1891 Type A / ANSI Z133,,,30,,,12.7,12.7,,,,https://www.yalecordage.com/splicing-instructions/rope-selection-and-inspection-guide/,https://www.yalecordage.com/product/xtc-16-fire-spearmint-plus/,,
Yale Cordage,XTC-16 Plus 12.7mm - bulk (per meter),ppe,climbing line,polyester (16-strand kernmantle / twisted polyester core),EN1891 Type A / ANSI Z133,,,30,,,12.7,12.7,,,,https://www.yalecordage.com/splicing-instructions/rope-selection-and-inspection-guide/,https://www.yalecordage.com/product/xtc-16-fire-spearmint-plus/,,
Yale Cordage,XTC-16 Spearmint 12.7mm - 37m - 1 eye,ppe,climbing line,polyester (16-strand kernmantle / twisted polyester core),EN1891 Type A / ANSI Z133,,,30,,,12.7,12.7,,,,https://www.yalecordage.com/splicing-instructions/rope-selection-and-inspection-guide/,https://www.yalecordage.com/product/xtc-16-fire-spearmint-plus/,,
Yale Cordage,XTC-16 Spearmint 12.7mm - 45m - 1 eye,ppe,climbing line,polyester (16-strand kernmantle / twisted polyester core),EN1891 Type A / ANSI Z133,,,30,,,12.7,12.7,,,,https://www.yalecordage.com/splicing-instructions/rope-selection-and-inspection-guide/,https://www.yalecordage.com/product/xtc-16-fire-spearmint-plus/,,
Yale Cordage,XTC-16 Spearmint 12.7mm - 60m - 1 eye,ppe,climbing line,polyester (16-strand kernmantle / twisted polyester core),EN1891 Type A / ANSI Z133,,,30,,,12.7,12.7,,,,https://www.yalecordage.com/splicing-instructions/rope-selection-and-inspection-guide/,https://www.yalecordage.com/product/xtc-16-fire-spearmint-plus/,,
Yale Cordage,XTC-16 Spearmint 12.7mm - 37m - 2 eyes,ppe,climbing line,polyester (16-strand kernmantle / twisted polyester core),EN1891 Type A / ANSI Z133,,,30,,,12.7,12.7,,,,https://www.yalecordage.com/splicing-instructions/rope-selection-and-inspection-guide/,https://www.yalecordage.com/product/xtc-16-fire-spearmint-plus/,,
Yale Cordage,XTC-16 Spearmint 12.7mm - 45m - 2 eyes,ppe,climbing line,polyester (16-strand kernmantle / twisted polyester core),EN1891 Type A / ANSI Z133,,,30,,,12.7,12.7,,,,https://www.yalecordage.com/splicing-instructions/rope-selection-and-inspection-guide/,https://www.yalecordage.com/product/xtc-16-fire-spearmint-plus/,,
Yale Cordage,XTC-16 Spearmint 12.7mm - 60m - 2 eyes,ppe,climbing line,polyester (16-strand kernmantle / twisted polyester core),EN1891 Type A / ANSI Z133,,,30,,,12.7,12.7,,,,https://www.yalecordage.com/splicing-instructions/rope-selection-and-inspection-guide/,https://www.yalecordage.com/product/xtc-16-fire-spearmint-plus/,,
Yale Cordage,XTC-16 Spearmint 12.7mm - bulk (per meter),ppe,climbing line,polyester (16-strand kernmantle / twisted polyester core),EN1891 Type A / ANSI Z133,,,30,,,12.7,12.7,,,,https://www.yalecordage.com/splicing-instructions/rope-selection-and-inspection-guide/,https://www.yalecordage.com/product/xtc-16-fire-spearmint-plus/,,
Yale Cordage,XTC-24 Blue Moon 11.7mm - 37m - 1 eye,ppe,climbing line,polyester (24-strand double braid / polyester core),ANSI Z133,,,28.9,,,11.7,11.7,,,,https://www.yalecordage.com/splicing-instructions/rope-selection-and-inspection-guide/,https://www.yalecordage.com/product/blue-moon/,,
Yale Cordage,XTC-24 Blue Moon 11.7mm - 45m - 1 eye,ppe,climbing line,polyester (24-strand double braid / polyester core),ANSI Z133,,,28.9,,,11.7,11.7,,,,https://www.yalecordage.com/splicing-instructions/rope-selection-and-inspection-guide/,https://www.yalecordage.com/product/blue-moon/,,
Yale Cordage,XTC-24 Blue Moon 11.7mm - 60m - 1 eye,ppe,climbing line,polyester (24-strand double braid / polyester core),ANSI Z133,,,28.9,,,11.7,11.7,,,,https://www.yalecordage.com/splicing-instructions/rope-selection-and-inspection-guide/,https://www.yalecordage.com/product/blue-moon/,,
Yale Cordage,XTC-24 Blue Moon 11.7mm - 37m - 2 eyes,ppe,climbing line,polyester (24-strand double braid / polyester core),ANSI Z133,,,28.9,,,11.7,11.7,,,,https://www.yalecordage.com/splicing-instructions/rope-selection-and-inspection-guide/,https://www.yalecordage.com/product/blue-moon/,,
Yale Cordage,XTC-24 Blue Moon 11.7mm - 45m - 2 eyes,ppe,climbing line,polyester (24-strand double braid / polyester core),ANSI Z133,,,28.9,,,11.7,11.7,,,,https://www.yalecordage.com/splicing-instructions/rope-selection-and-inspection-guide/,https://www.yalecordage.com/product/blue-moon/,,
Yale Cordage,XTC-24 Blue Moon 11.7mm - 60m - 2 eyes,ppe,climbing line,polyester (24-strand double braid / polyester core),ANSI Z133,,,28.9,,,11.7,11.7,,,,https://www.yalecordage.com/splicing-instructions/rope-selection-and-inspection-guide/,https://www.yalecordage.com/product/blue-moon/,,
Yale Cordage,XTC-24 Blue Moon 11.7mm - bulk (per meter),ppe,climbing line,polyester (24-strand double braid / polyester core),ANSI Z133,,,28.9,,,11.7,11.7,,,,https://www.yalecordage.com/splicing-instructions/rope-selection-and-inspection-guide/,https://www.yalecordage.com/product/blue-moon/,,
Yale Cordage,XTC-24 Blaze 11mm - 37m - 1 eye,ppe,climbing line,polyester (24-strand double braid / polyester core),ANSI Z133 / EN1891 Type B,,,24.9,,,11,11,,,,https://www.yalecordage.com/splicing-instructions/rope-selection-and-inspection-guide/,https://www.yalecordage.com/product-category/climbing-lines/,,
Yale Cordage,XTC-24 Blaze 11mm - 45m - 1 eye,ppe,climbing line,polyester (24-strand double braid / polyester core),ANSI Z133 / EN1891 Type B,,,24.9,,,11,11,,,,https://www.yalecordage.com/splicing-instructions/rope-selection-and-inspection-guide/,https://www.yalecordage.com/product-category/climbing-lines/,,
Yale Cordage,XTC-24 Blaze 11mm - 60m - 1 eye,ppe,climbing line,polyester (24-strand double braid / polyester core),ANSI Z133 / EN1891 Type B,,,24.9,,,11,11,,,,https://www.yalecordage.com/splicing-instructions/rope-selection-and-inspection-guide/,https://www.yalecordage.com/product-category/climbing-lines/,,
Yale Cordage,XTC-24 Blaze 11mm - bulk (per meter),ppe,climbing line,polyester (24-strand double braid / polyester core),ANSI Z133 / EN1891 Type B,,,24.9,,,11,11,,,,https://www.yalecordage.com/splicing-instructions/rope-selection-and-inspection-guide/,https://www.yalecordage.com/product-category/climbing-lines/,,
Yale Cordage,XTC-24 Bandit 11mm - 37m - 1 eye,ppe,climbing line,polyester (24-strand double braid / polyester core),ANSI Z133 / EN1891 Type B,,,24.9,,,11,11,,,,https://www.yalecordage.com/splicing-instructions/rope-selection-and-inspection-guide/,https://www.yalecordage.com/product-category/climbing-lines/,,
Yale Cordage,XTC-24 Bandit 11mm - 45m - 1 eye,ppe,climbing line,polyester (24-strand double braid / polyester core),ANSI Z133 / EN1891 Type B,,,24.9,,,11,11,,,,https://www.yalecordage.com/splicing-instructions/rope-selection-and-inspection-guide/,https://www.yalecordage.com/product-category/climbing-lines/,,
Yale Cordage,XTC-24 Bandit 11mm - 60m - 1 eye,ppe,climbing line,polyester (24-strand double braid / polyester core),ANSI Z133 / EN1891 Type B,,,24.9,,,11,11,,,,https://www.yalecordage.com/splicing-instructions/rope-selection-and-inspection-guide/,https://www.yalecordage.com/product-category/climbing-lines/,,
Yale Cordage,XTC-24 Bandit 11mm - bulk (per meter),ppe,climbing line,polyester (24-strand double braid / polyester core),ANSI Z133 / EN1891 Type B,,,24.9,,,11,11,,,,https://www.yalecordage.com/splicing-instructions/rope-selection-and-inspection-guide/,https://www.yalecordage.com/product-category/climbing-lines/,,
Yale Cordage,XTC-24 CE Blue Tongue 11.7mm - 37m - 1 eye,ppe,climbing line,polyester / nylon core (24-strand double braid),EN1891 Type A / ANSI Z133,,,28.9,,,11.7,11.7,,,,https://www.yalecordage.com/splicing-instructions/rope-selection-and-inspection-guide/,https://www.yalecordage.com/product/xtc-24-ce-blue-tongue/,,
Yale Cordage,XTC-24 CE Blue Tongue 11.7mm - 45m - 1 eye,ppe,climbing line,polyester / nylon core (24-strand double braid),EN1891 Type A / ANSI Z133,,,28.9,,,11.7,11.7,,,,https://www.yalecordage.com/splicing-instructions/rope-selection-and-inspection-guide/,https://www.yalecordage.com/product/xtc-24-ce-blue-tongue/,,
Yale Cordage,XTC-24 CE Blue Tongue 11.7mm - 60m - 1 eye,ppe,climbing line,polyester / nylon core (24-strand double braid),EN1891 Type A / ANSI Z133,,,28.9,,,11.7,11.7,,,,https://www.yalecordage.com/splicing-instructions/rope-selection-and-inspection-guide/,https://www.yalecordage.com/product/xtc-24-ce-blue-tongue/,,
Yale Cordage,XTC-24 CE Blue Tongue 11.7mm - bulk (per meter),ppe,climbing line,polyester / nylon core (24-strand double braid),EN1891 Type A / ANSI Z133,,,28.9,,,11.7,11.7,,,,https://www.yalecordage.com/splicing-instructions/rope-selection-and-inspection-guide/,https://www.yalecordage.com/product/xtc-24-ce-blue-tongue/,,
Yale Cordage,XTC-24 CE Sunburst Orange 11.7mm - 37m - 1 eye,ppe,climbing line,polyester / nylon core (24-strand double braid),EN1891 Type A / ANSI Z133,,,29,,,11.7,11.7,,,,https://www.yalecordage.com/splicing-instructions/rope-selection-and-inspection-guide/,https://www.yalecordage.com/product/xtc-24-ce-sunburst,,
Yale Cordage,XTC-24 CE Sunburst Orange 11.7mm - 45m - 1 eye,ppe,climbing line,polyester / nylon core (24-strand double braid),EN1891 Type A / ANSI Z133,,,29,,,11.7,11.7,,,,https://www.yalecordage.com/splicing-instructions/rope-selection-and-inspection-guide/,https://www.yalecordage.com/product/xtc-24-ce-sunburst,,
Yale Cordage,XTC-24 CE Sunburst Orange 11.7mm - 60m - 1 eye,ppe,climbing line,polyester / nylon core (24-strand double braid),EN1891 Type A / ANSI Z133,,,29,,,11.7,11.7,,,,https://www.yalecordage.com/splicing-instructions/rope-selection-and-inspection-guide/,https://www.yalecordage.com/product/xtc-24-ce-sunburst,,
Yale Cordage,XTC-24 CE Sunburst Orange 11.7mm - bulk (per meter),ppe,climbing line,polyester / nylon core (24-strand double braid),EN1891 Type A / ANSI Z133,,,29,,,11.7,11.7,,,,https://www.yalecordage.com/splicing-instructions/rope-selection-and-inspection-guide/,https://www.yalecordage.com/product/xtc-24-ce-sunburst,,
Yale Cordage,XTC-24 CE Sunburst Yellow 11.7mm - 37m - 1 eye,ppe,climbing line,polyester / nylon core (24-strand double braid),EN1891 Type A / ANSI Z133,,,29,,,11.7,11.7,,,,https://www.yalecordage.com/splicing-instructions/rope-selection-and-inspection-guide/,https://www.yalecordage.com/product/xtc-24-ce-sunburst,,
Yale Cordage,XTC-24 CE Sunburst Yellow 11.7mm - 45m - 1 eye,ppe,climbing line,polyester / nylon core (24-strand double braid),EN1891 Type A / ANSI Z133,,,29,,,11.7,11.7,,,,https://www.yalecordage.com/splicing-instructions/rope-selection-and-inspection-guide/,https://www.yalecordage.com/product/xtc-24-ce-sunburst,,
Yale Cordage,XTC-24 CE Sunburst Yellow 11.7mm - 60m - 1 eye,ppe,climbing line,polyester / nylon core (24-strand double braid),EN1891 Type A / ANSI Z133,,,29,,,11.7,11.7,,,,https://www.yalecordage.com/splicing-instructions/rope-selection-and-inspection-guide/,https://www.yalecordage.com/product/xtc-24-ce-sunburst,,
Yale Cordage,XTC-24 CE Sunburst Yellow 11.7mm - bulk (per meter),ppe,climbing line,polyester / nylon core (24-strand double braid),EN1891 Type A / ANSI Z133,,,29,,,11.7,11.7,,,,https://www.yalecordage.com/splicing-instructions/rope-selection-and-inspection-guide/,https://www.yalecordage.com/product/xtc-24-ce-sunburst,,
Yale Cordage,XTC-24 CE Calamine 11.7mm - 37m - 1 eye,ppe,climbing line,polyester / nylon core (24-strand double braid),EN1891 Type A / ANSI Z133,,,29,,,11.7,11.7,,,,https://www.yalecordage.com/splicing-instructions/rope-selection-and-inspection-guide/,https://www.yalecordage.com/product-category/climbing-lines/,,
Yale Cordage,XTC-24 CE Calamine 11.7mm - 45m - 1 eye,ppe,climbing line,polyester / nylon core (24-strand double braid),EN1891 Type A / ANSI Z133,,,29,,,11.7,11.7,,,,https://www.yalecordage.com/splicing-instructions/rope-selection-and-inspection-guide/,https://www.yalecordage.com/product-category/climbing-lines/,,
Yale Cordage,XTC-24 CE Calamine 11.7mm - 60m - 1 eye,ppe,climbing line,polyester / nylon core (24-strand double braid),EN1891 Type A / ANSI Z133,,,29,,,11.7,11.7,,,,https://www.yalecordage.com/splicing-instructions/rope-selection-and-inspection-guide/,https://www.yalecordage.com/product-category/climbing-lines/,,
Yale Cordage,XTC-24 CE Calamine 11.7mm - bulk (per meter),ppe,climbing line,polyester / nylon core (24-strand double braid),EN1891 Type A / ANSI Z133,,,29,,,11.7,11.7,,,,https://www.yalecordage.com/splicing-instructions/rope-selection-and-inspection-guide/,https://www.yalecordage.com/product-category/climbing-lines/,,
Yale Cordage,XTC-24 CE Imori Orange 12mm - 37m - 1 eye,ppe,climbing line,"polyester / nylon core (24-strand double braid, taslanized cover)",EN1891 Type A / ANSI Z133,,,29,,,12,12,,,,https://www.yalecordage.com/splicing-instructions/rope-selection-and-inspection-guide/,https://www.yalecordage.com/product-category/climbing-lines/,,
Yale Cordage,XTC-24 CE Imori Orange 12mm - 45m - 1 eye,ppe,climbing line,"polyester / nylon core (24-strand double braid, taslanized cover)",EN1891 Type A / ANSI Z133,,,29,,,12,12,,,,https://www.yalecordage.com/splicing-instructions/rope-selection-and-inspection-guide/,https://www.yalecordage.com/product-category/climbing-lines/,,
Yale Cordage,XTC-24 CE Imori Orange 12mm - bulk (per meter),ppe,climbing line,"polyester / nylon core (24-strand double braid, taslanized cover)",EN1891 Type A / ANSI Z133,,,29,,,12,12,,,,https://www.yalecordage.com/splicing-instructions/rope-selection-and-inspection-guide/,https://www.yalecordage.com/product-category/climbing-lines/,,
Yale Cordage,XTC-24 CE Imori Green 12mm - 37m - 1 eye,ppe,climbing line,"polyester / nylon core (24-strand double braid, taslanized cover)",EN1891 Type A / ANSI Z133,,,29,,,12,12,,,,https://www.yalecordage.com/splicing-instructions/rope-selection-and-inspection-guide/,https://www.yalecordage.com/product-category/climbing-lines/,,
Yale Cordage,XTC-24 CE Imori Green 12mm - 45m - 1 eye,ppe,climbing line,"polyester / nylon core (24-strand double braid, taslanized cover)",EN1891 Type A / ANSI Z133,,,29,,,12,12,,,,https://www.yalecordage.com/splicing-instructions/rope-selection-and-inspection-guide/,https://www.yalecordage.com/product-category/climbing-lines/,,
Yale Cordage,XTC-24 CE Imori Green 12mm - bulk (per meter),ppe,climbing line,"polyester / nylon core (24-strand double braid, taslanized cover)",EN1891 Type A / ANSI Z133,,,29,,,12,12,,,,https://www.yalecordage.com/splicing-instructions/rope-selection-and-inspection-guide/,https://www.yalecordage.com/product-category/climbing-lines/,,
Yale Cordage,XTC-32 Blue 32 11.5mm - 37m - 1 eye,ppe,climbing line,polyester (32-strand double braid / polyester core),ANSI Z133,,,,,,11.5,11.5,,,,https://www.yalecordage.com/splicing-instructions/rope-selection-and-inspection-guide/,https://www.yalecordage.com/product-category/climbing-lines/,,
Yale Cordage,XTC-32 Blue 32 11.5mm - 45m - 1 eye,ppe,climbing line,polyester (32-strand double braid / polyester core),ANSI Z133,,,,,,11.5,11.5,,,,https://www.yalecordage.com/splicing-instructions/rope-selection-and-inspection-guide/,https://www.yalecordage.com/product-category/climbing-lines/,,
Yale Cordage,XTC-32 Blue 32 11.5mm - 60m - 1 eye,ppe,climbing line,polyester (32-strand double braid / polyester core),ANSI Z133,,,,,,11.5,11.5,,,,https://www.yalecordage.com/splicing-instructions/rope-selection-and-inspection-guide/,https://www.yalecordage.com/product-category/climbing-lines/,,
Yale Cordage,XTC-32 Blue 32 11.5mm - bulk (per meter),ppe,climbing line,polyester (32-strand double braid / polyester core),ANSI Z133,,,,,,11.5,11.5,,,,https://www.yalecordage.com/splicing-instructions/rope-selection-and-inspection-guide/,https://www.yalecordage.com/product-category/climbing-lines/,,
Yale Cordage,XTC-32 Blue 32 11.7mm - 37m - 1 eye,ppe,climbing line,polyester (32-strand double braid / polyester core),ANSI Z133,,,,,,11.7,11.7,,,,https://www.yalecordage.com/splicing-instructions/rope-selection-and-inspection-guide/,https://www.yalecordage.com/product-category/climbing-lines/,,
Yale Cordage,XTC-32 Blue 32 11.7mm - 45m - 1 eye,ppe,climbing line,polyester (32-strand double braid / polyester core),ANSI Z133,,,,,,11.7,11.7,,,,https://www.yalecordage.com/splicing-instructions/rope-selection-and-inspection-guide/,https://www.yalecordage.com/product-category/climbing-lines/,,
Yale Cordage,XTC-32 Blue 32 11.7mm - 60m - 1 eye,ppe,climbing line,polyester (32-strand double braid / polyester core),ANSI Z133,,,,,,11.7,11.7,,,,https://www.yalecordage.com/splicing-instructions/rope-selection-and-inspection-guide/,https://www.yalecordage.com/product-category/climbing-lines/,,
Yale Cordage,XTC-32 Blue 32 11.7mm - bulk (per meter),ppe,climbing line,polyester (32-strand double braid / polyester core),ANSI Z133,,,,,,11.7,11.7,,,,https://www.yalecordage.com/splicing-instructions/rope-selection-and-inspection-guide/,https://www.yalecordage.com/product-category/climbing-lines/,,
Yale Cordage,XTC-48 Kernmaster 10mm - 37m - 1 eye,ppe,climbing line,polyester (48-strand) / nylon core,EN1891 Type A / ANSI Z133,,,17.8,,,10,10,,,,https://www.yalecordage.com/splicing-instructions/rope-selection-and-inspection-guide/,https://www.yalecordage.com/product-category/climbing-lines/,,
Yale Cordage,XTC-48 Kernmaster 10mm - 45m - 1 eye,ppe,climbing line,polyester (48-strand) / nylon core,EN1891 Type A / ANSI Z133,,,17.8,,,10,10,,,,https://www.yalecordage.com/splicing-instructions/rope-selection-and-inspection-guide/,https://www.yalecordage.com/product-category/climbing-lines/,,
Yale Cordage,XTC-48 Kernmaster 10mm - 60m - 1 eye,ppe,climbing line,polyester (48-strand) / nylon core,EN1891 Type A / ANSI Z133,,,17.8,,,10,10,,,,https://www.yalecordage.com/splicing-instructions/rope-selection-and-inspection-guide/,https://www.yalecordage.com/product-category/climbing-lines/,,
Yale Cordage,XTC-48 Kernmaster 10mm - bulk (per meter),ppe,climbing line,polyester (48-strand) / nylon core,EN1891 Type A / ANSI Z133,,,17.8,,,10,10,,,,https://www.yalecordage.com/splicing-instructions/rope-selection-and-inspection-guide/,https://www.yalecordage.com/product-category/climbing-lines/,,
Yale Cordage,XTC-48 Kernmaster Phantom 11mm - 37m - 1 eye,ppe,climbing line,polyester (48-strand) / nylon core,EN1891 Type A / ANSI Z133,,,31.6,,,11,11,,,,https://www.yalecordage.com/splicing-instructions/rope-selection-and-inspection-guide/,https://www.yalecordage.com/product-category/climbing-lines/,,
Yale Cordage,XTC-48 Kernmaster Phantom 11mm - 45m - 1 eye,ppe,climbing line,polyester (48-strand) / nylon core,EN1891 Type A / ANSI Z133,,,31.6,,,11,11,,,,https://www.yalecordage.com/splicing-instructions/rope-selection-and-inspection-guide/,https://www.yalecordage.com/product-category/climbing-lines/,,
Yale Cordage,XTC-48 Kernmaster Phantom 11mm - 60m - 1 eye,ppe,climbing line,polyester (48-strand) / nylon core,EN1891 Type A / ANSI Z133,,,31.6,,,11,11,,,,https://www.yalecordage.com/splicing-instructions/rope-selection-and-inspection-guide/,https://www.yalecordage.com/product-category/climbing-lines/,,
Yale Cordage,XTC-48 Kernmaster Phantom 11mm - bulk (per meter),ppe,climbing line,polyester (48-strand) / nylon core,EN1891 Type A / ANSI Z133,,,31.6,,,11,11,,,,https://www.yalecordage.com/splicing-instructions/rope-selection-and-inspection-guide/,https://www.yalecordage.com/product-category/climbing-lines/,,
Yale Cordage,XTC-48 Kernmaster 12mm - 37m - 1 eye,ppe,climbing line,polyester (48-strand) / nylon core,EN1891 Type A / ANSI Z133,,,40.9,,,12,12,,,,https://www.yalecordage.com/splicing-instructions/rope-selection-and-inspection-guide/,https://www.yalecordage.com/product-category/climbing-lines/,,
Yale Cordage,XTC-48 Kernmaster 12mm - 45m - 1 eye,ppe,climbing line,polyester (48-strand) / nylon core,EN1891 Type A / ANSI Z133,,,40.9,,,12,12,,,,https://www.yalecordage.com/splicing-instructions/rope-selection-and-inspection-guide/,https://www.yalecordage.com/product-category/climbing-lines/,,
Yale Cordage,XTC-48 Kernmaster 12mm - 60m - 1 eye,ppe,climbing line,polyester (48-strand) / nylon core,EN1891 Type A / ANSI Z133,,,40.9,,,12,12,,,,https://www.yalecordage.com/splicing-instructions/rope-selection-and-inspection-guide/,https://www.yalecordage.com/product-category/climbing-lines/,,
Yale Cordage,XTC-48 Kernmaster 12mm - bulk (per meter),ppe,climbing line,polyester (48-strand) / nylon core,EN1891 Type A / ANSI Z133,,,40.9,,,12,12,,,,https://www.yalecordage.com/splicing-instructions/rope-selection-and-inspection-guide/,https://www.yalecordage.com/product-category/climbing-lines/,,
Yale Cordage,XTC-48 Scandere 11.7mm - 37m - 1 eye,ppe,climbing line,polyester (48-strand) / nylon core,EN1891 Type A / ANSI Z133,,,31.6,,,11.7,11.7,,,,https://www.yalecordage.com/splicing-instructions/rope-selection-and-inspection-guide/,https://www.yalecordage.com/product-category/climbing-lines/,,
Yale Cordage,XTC-48 Scandere 11.7mm - 45m - 1 eye,ppe,climbing line,polyester (48-strand) / nylon core,EN1891 Type A / ANSI Z133,,,31.6,,,11.7,11.7,,,,https://www.yalecordage.com/splicing-instructions/rope-selection-and-inspection-guide/,https://www.yalecordage.com/product-category/climbing-lines/,,
Yale Cordage,XTC-48 Scandere 11.7mm - 60m - 1 eye,ppe,climbing line,polyester (48-strand) / nylon core,EN1891 Type A / ANSI Z133,,,31.6,,,11.7,11.7,,,,https://www.yalecordage.com/splicing-instructions/rope-selection-and-inspection-guide/,https://www.yalecordage.com/product-category/climbing-lines/,,
Yale Cordage,XTC-48 Scandere 11.7mm - bulk (per meter),ppe,climbing line,polyester (48-strand) / nylon core,EN1891 Type A / ANSI Z133,,,31.6,,,11.7,11.7,,,,https://www.yalecordage.com/splicing-instructions/rope-selection-and-inspection-guide/,https://www.yalecordage.com/product-category/climbing-lines/,,
Yale Cordage,R.I.N.G. Rope 10.5mm - 37m - 1 eye,ppe,climbing line,Technora over-braid / kernmantle construction,EN359,,,,,,10.5,10.5,,,,https://www.yalecordage.com/splicing-instructions/rope-selection-and-inspection-guide/,https://www.yalecordage.com/product-category/climbing-lines/,,
Yale Cordage,R.I.N.G. Rope 10.5mm - 45m - 1 eye,ppe,climbing line,Technora over-braid / kernmantle construction,EN359,,,,,,10.5,10.5,,,,https://www.yalecordage.com/splicing-instructions/rope-selection-and-inspection-guide/,https://www.yalecordage.com/product-category/climbing-lines/,,
Yale Cordage,R.I.N.G. Rope 10.5mm - 60m - 1 eye,ppe,climbing line,Technora over-braid / kernmantle construction,EN359,,,,,,10.5,10.5,,,,https://www.yalecordage.com/splicing-instructions/rope-selection-and-inspection-guide/,https://www.yalecordage.com/product-category/climbing-lines/,,
Yale Cordage,R.I.N.G. Rope 10.5mm - bulk (per meter),ppe,climbing line,Technora over-braid / kernmantle construction,EN359,,,,,,10.5,10.5,,,,https://www.yalecordage.com/splicing-instructions/rope-selection-and-inspection-guide/,https://www.yalecordage.com/product-category/climbing-lines/,,
Yale Cordage,R.I.N.G. Rope 11.5mm - 37m - 1 eye,ppe,climbing line,Technora over-braid / kernmantle construction,EN359,,,29.9,,,11.5,11.5,,,,https://www.yalecordage.com/splicing-instructions/rope-selection-and-inspection-guide/,https://www.yalecordage.com/product-category/climbing-lines/,,
Yale Cordage,R.I.N.G. Rope 11.5mm - 45m - 1 eye,ppe,climbing line,Technora over-braid / kernmantle construction,EN359,,,29.9,,,11.5,11.5,,,,https://www.yalecordage.com/splicing-instructions/rope-selection-and-inspection-guide/,https://www.yalecordage.com/product-category/climbing-lines/,,
Yale Cordage,R.I.N.G. Rope 11.5mm - 60m - 1 eye,ppe,climbing line,Technora over-braid / kernmantle construction,EN359,,,29.9,,,11.5,11.5,,,,https://www.yalecordage.com/splicing-instructions/rope-selection-and-inspection-guide/,https://www.yalecordage.com/product-category/climbing-lines/,,
Yale Cordage,R.I.N.G. Rope 11.5mm - bulk (per meter),ppe,climbing line,Technora over-braid / kernmantle construction,EN359,,,29.9,,,11.5,11.5,,,,https://www.yalecordage.com/splicing-instructions/rope-selection-and-inspection-guide/,https://www.yalecordage.com/product-category/climbing-lines/,,
Yale Cordage,Bee Line Vectran Core 8mm - bulk (per meter),climbing rope,hitch cord / prusik,Technora jacket / Vectran core,,,,,,,8,8,,,,https://www.yalecordage.com/splicing-instructions/rope-selection-and-inspection-guide/,https://www.yalecordage.com/product-category/climbing-lines/,,
Yale Cordage,Bee Line Vectran Core 10mm - bulk (per meter),climbing rope,hitch cord / prusik,Technora jacket / Vectran core,,,,,,,10,10,,,,https://www.yalecordage.com/splicing-instructions/rope-selection-and-inspection-guide/,https://www.yalecordage.com/product-category/climbing-lines/,,
Yale Cordage,Bee Line Polyester Core 10mm - bulk (per meter),climbing rope,hitch cord / prusik,Technora/polyester jacket / polyester core,,,,,,,10,10,,,,https://www.yalecordage.com/splicing-instructions/rope-selection-and-inspection-guide/,https://www.yalecordage.com/product-category/climbing-lines/,,
Yale Cordage,"Portland Braid 1/2"" Polyester Double Braid - bulk (per meter)",rigging,rigging line (not PPE),polyester (double braid),,,,,,,13,13,,,,https://www.yalecordage.com/splicing-instructions/rope-selection-and-inspection-guide/,https://www.yalecordage.com/product-category/rigging-lines/,,
Yale Cordage,"Double Esterlon 1/2"" Polyester Double Braid - bulk (per meter)",rigging,rigging line (not PPE),"polyester (double braid, low elongation core)",,,,,,,13,13,,,,https://www.yalecordage.com/splicing-instructions/rope-selection-and-inspection-guide/,https://www.yalecordage.com/product-category/rigging-lines/,,
Yale Cordage,"Polydyne 1/2"" Nylon/Polyester Double Braid - bulk (per meter)",rigging,rigging line (not PPE),nylon core / polyester cover (double braid),,,,,,,13,13,,,,https://www.yalecordage.com/splicing-instructions/rope-selection-and-inspection-guide/,https://www.yalecordage.com/product-category/rigging-lines/,,
Yale Cordage,"Optimus 3/8"" Polyester Hollow Braid - bulk (per meter)",rigging,rigging line (not PPE),"polyester (12-strand hollow braid, solution-dyed)",,,,,,,9.5,9.5,,,,https://www.yalecordage.com/splicing-instructions/rope-selection-and-inspection-guide/,https://www.yalecordage.com/product-category/rigging-lines/,,
Yale Cordage,"Yalex 1/2"" Polyester Hollow Braid - bulk (per meter)",rigging,rigging line (not PPE),polyester (12-strand hollow braid),,,,,,,13,13,,,,https://www.yalecordage.com/splicing-instructions/rope-selection-and-inspection-guide/,https://www.yalecordage.com/product-category/rigging-lines/,,
Teufelberger,Tachyon 11.5mm,ppe,Climbing Ropes,Polyester cover / Polyamide core,"EN 1891A, ANSI Z133",,,24.45 kN,,,11.5,11.5,,,,https://www.teufelberger.com/en/fiber-ropes/downloads/manufacturer-s-information-tree-care,https://www.teufelberger.com/en/tachyon.html,,
Teufelberger,Tachyon 11.5mm 35m 1 spLIFE eye,ppe,Climbing Ropes,Polyester cover / Polyamide core,"EN 1891A, ANSI Z133",,,24.0 kN,,,11.5,11.5,,,,https://www.teufelberger.com/en/fiber-ropes/downloads/manufacturer-s-information-tree-care,https://www.teufelberger.com/en/tachyon.html,,
Teufelberger,Tachyon 11.5mm 45m 1 spLIFE eye,ppe,Climbing Ropes,Polyester cover / Polyamide core,"EN 1891A, ANSI Z133",,,24.0 kN,,,11.5,11.5,,,,https://www.teufelberger.com/en/fiber-ropes/downloads/manufacturer-s-information-tree-care,https://www.teufelberger.com/en/tachyon.html,,
Teufelberger,Tachyon 11.5mm 60m 1 spLIFE eye,ppe,Climbing Ropes,Polyester cover / Polyamide core,"EN 1891A, ANSI Z133",,,24.0 kN,,,11.5,11.5,,,,https://www.teufelberger.com/en/fiber-ropes/downloads/manufacturer-s-information-tree-care,https://www.teufelberger.com/en/tachyon.html,,
Teufelberger,Tachyon 11.5mm 35m 2 spLIFE eyes,ppe,Climbing Ropes,Polyester cover / Polyamide core,"EN 1891A, ANSI Z133",,,24.0 kN,,,11.5,11.5,,,,https://www.teufelberger.com/en/fiber-ropes/downloads/manufacturer-s-information-tree-care,https://www.teufelberger.com/en/tachyon.html,,
Teufelberger,Tachyon 11.5mm 45m 2 spLIFE eyes,ppe,Climbing Ropes,Polyester cover / Polyamide core,"EN 1891A, ANSI Z133",,,24.0 kN,,,11.5,11.5,,,,https://www.teufelberger.com/en/fiber-ropes/downloads/manufacturer-s-information-tree-care,https://www.teufelberger.com/en/tachyon.html,,
Teufelberger,Tachyon 11.5mm 60m 2 spLIFE eyes,ppe,Climbing Ropes,Polyester cover / Polyamide core,"EN 1891A, ANSI Z133",,,24.0 kN,,,11.5,11.5,,,,https://www.teufelberger.com/en/fiber-ropes/downloads/manufacturer-s-information-tree-care,https://www.teufelberger.com/en/tachyon.html,,
Courant,Kanopa 12.1mm,ppe,Climbing Ropes,Polyester sheath; X-Braid Polyamide core,EN 1891 Type A,,10,31,,,12.1,12.1,,,,,https://vertical-living.mycourant.com/en/tree-care-material/tree-care-ropes/climbing-ropes/kanopa-121mm,,
Courant,Kanopa 12.1mm 35m 1 spliced eye,ppe,Climbing Ropes,Polyester sheath; X-Braid Polyamide core,EN 1891 Type A,,10,23.5,,,12.1,12.1,In-eye splice label,,,,https://vertical-living.mycourant.com/en/tree-care-material/tree-care-ropes/climbing-ropes/kanopa-121mm,,
Courant,Kanopa 12.1mm 45m 1 spliced eye,ppe,Climbing Ropes,Polyester sheath; X-Braid Polyamide core,EN 1891 Type A,,10,23.5,,,12.1,12.1,In-eye splice label,,,,https://vertical-living.mycourant.com/en/tree-care-material/tree-care-ropes/climbing-ropes/kanopa-121mm,,
Courant,Kanopa 12.1mm 60m 1 spliced eye,ppe,Climbing Ropes,Polyester sheath; X-Braid Polyamide core,EN 1891 Type A,,10,23.5,,,12.1,12.1,In-eye splice label,,MHF30BZC060,,https://vertical-living.mycourant.com/en/tree-care-material/tree-care-ropes/climbing-ropes/kanopa-121mm,,
Courant,Kanopa 12.1mm 35m 2 spliced eyes,ppe,Climbing Ropes,Polyester sheath; X-Braid Polyamide core,EN 1891 Type A,,10,23.5,,,12.1,12.1,In-eye splice label,,,,https://vertical-living.mycourant.com/en/tree-care-material/tree-care-ropes/climbing-ropes/kanopa-121mm,,
Courant,Kanopa 12.1mm 45m 2 spliced eyes,ppe,Climbing Ropes,Polyester sheath; X-Braid Polyamide core,EN 1891 Type A,,10,23.5,,,12.1,12.1,In-eye splice label,,,,https://vertical-living.mycourant.com/en/tree-care-material/tree-care-ropes/climbing-ropes/kanopa-121mm,,
Courant,Kanopa 12.1mm 60m 2 spliced eyes,ppe,Climbing Ropes,Polyester sheath; X-Braid Polyamide core,EN 1891 Type A,,10,23.5,,,12.1,12.1,In-eye splice label,,,,https://vertical-living.mycourant.com/en/tree-care-material/tree-care-ropes/climbing-ropes/kanopa-121mm,,
Courant,Komora 11.7mm,ppe,Climbing Ropes,Polyester sheath; X-Braid Polyamide core,EN 1891 Type A,,10,30,,,11.7,11.7,,,,,https://vertical-living.mycourant.com/en/tree-care-material/tree-care-ropes/climbing-ropes/komora-117mm,,
Courant,Komora 11.7mm 35m 1 spliced eye,ppe,Climbing Ropes,Polyester sheath; X-Braid Polyamide core,EN 1891 Type A,,10,19,,,11.7,11.7,In-eye splice label,,,,https://vertical-living.mycourant.com/en/tree-care-material/tree-care-ropes/climbing-ropes/komora-117mm,,
Courant,Komora 11.7mm 45m 1 spliced eye,ppe,Climbing Ropes,Polyester sheath; X-Braid Polyamide core,EN 1891 Type A,,10,19,,,11.7,11.7,In-eye splice label,,MJF30CZC045,,https://vertical-living.mycourant.com/en/tree-care-material/tree-care-ropes/climbing-ropes/komora-117mm,,
Courant,Komora 11.7mm 60m 1 spliced eye,ppe,Climbing Ropes,Polyester sheath; X-Braid Polyamide core,EN 1891 Type A,,10,19,,,11.7,11.7,In-eye splice label,,MJF30CZC060,,https://vertical-living.mycourant.com/en/tree-care-material/tree-care-ropes/climbing-ropes/komora-117mm,,
Courant,Komora 11.7mm 35m 2 spliced eyes,ppe,Climbing Ropes,Polyester sheath; X-Braid Polyamide core,EN 1891 Type A,,10,19,,,11.7,11.7,In-eye splice label,,,,https://vertical-living.mycourant.com/en/tree-care-material/tree-care-ropes/climbing-ropes/komora-117mm,,
Courant,Komora 11.7mm 45m 2 spliced eyes,ppe,Climbing Ropes,Polyester sheath; X-Braid Polyamide core,EN 1891 Type A,,10,19,,,11.7,11.7,In-eye splice label,,,,https://vertical-living.mycourant.com/en/tree-care-material/tree-care-ropes/climbing-ropes/komora-117mm,,
Courant,Komora 11.7mm 60m 2 spliced eyes,ppe,Climbing Ropes,Polyester sheath; X-Braid Polyamide core,EN 1891 Type A,,10,19,,,11.7,11.7,In-eye splice label,,,,https://vertical-living.mycourant.com/en/tree-care-material/tree-care-ropes/climbing-ropes/komora-117mm,,
Courant,Kalimba 11.9mm,ppe,Climbing Ropes,24-strand Polyester sheath; X-Braid Polyamide core,EN 1891 Type A,,10,35,,,11.9,11.9,,,,,https://vertical-living.mycourant.com/en/tree-care-material/tree-care-ropes,,https://vertical-living.mycourant.com/media/43826/1/0/1/AVIS+D'INSPECTION+-+INSPECTION+NOTICE+-+Kalimba.pdf
Courant,Kalimba 11.9mm 35m 1 spliced eye,ppe,Climbing Ropes,24-strand Polyester sheath; X-Braid Polyamide core,EN 1891 Type A,,10,23,,,11.9,11.9,In-eye splice label,,,,https://vertical-living.mycourant.com/en/tree-care-material/tree-care-ropes,https://sherrilltree.com/tips-from-the-canopy/courant-spliced-kalmiba,https://vertical-living.mycourant.com/media/43826/1/0/1/AVIS+D'INSPECTION+-+INSPECTION+NOTICE+-+Kalimba.pdf
Courant,Kalimba 11.9mm 45m 1 spliced eye,ppe,Climbing Ropes,24-strand Polyester sheath; X-Braid Polyamide core,EN 1891 Type A,,10,23,,,11.9,11.9,In-eye splice label,,,,https://vertical-living.mycourant.com/en/tree-care-material/tree-care-ropes,https://sherrilltree.com/tips-from-the-canopy/courant-spliced-kalmiba,https://vertical-living.mycourant.com/media/43826/1/0/1/AVIS+D'INSPECTION+-+INSPECTION+NOTICE+-+Kalimba.pdf
Courant,Kalimba 11.9mm 60m 1 spliced eye,ppe,Climbing Ropes,24-strand Polyester sheath; X-Braid Polyamide core,EN 1891 Type A,,10,23,,,11.9,11.9,In-eye splice label,,,,https://vertical-living.mycourant.com/en/tree-care-material/tree-care-ropes,https://sherrilltree.com/tips-from-the-canopy/courant-spliced-kalmiba,https://vertical-living.mycourant.com/media/43826/1/0/1/AVIS+D'INSPECTION+-+INSPECTION+NOTICE+-+Kalimba.pdf
Courant,Kalimba 11.9mm 35m 2 spliced eyes,ppe,Climbing Ropes,24-strand Polyester sheath; X-Braid Polyamide core,EN 1891 Type A,,10,23,,,11.9,11.9,In-eye splice label,,,,https://vertical-living.mycourant.com/en/tree-care-material/tree-care-ropes,https://sherrilltree.com/tips-from-the-canopy/courant-spliced-kalmiba,https://vertical-living.mycourant.com/media/43826/1/0/1/AVIS+D'INSPECTION+-+INSPECTION+NOTICE+-+Kalimba.pdf
Courant,Kalimba 11.9mm 45m 2 spliced eyes,ppe,Climbing Ropes,24-strand Polyester sheath; X-Braid Polyamide core,EN 1891 Type A,,10,23,,,11.9,11.9,In-eye splice label,,,,https://vertical-living.mycourant.com/en/tree-care-material/tree-care-ropes,https://sherrilltree.com/tips-from-the-canopy/courant-spliced-kalmiba,https://vertical-living.mycourant.com/media/43826/1/0/1/AVIS+D'INSPECTION+-+INSPECTION+NOTICE+-+Kalimba.pdf
Courant,Kalimba 11.9mm 60m 2 spliced eyes,ppe,Climbing Ropes,24-strand Polyester sheath; X-Braid Polyamide core,EN 1891 Type A,,10,23,,,11.9,11.9,In-eye splice label,,,,https://vertical-living.mycourant.com/en/tree-care-material/tree-care-ropes,https://sherrilltree.com/tips-from-the-canopy/courant-spliced-kalmiba,https://vertical-living.mycourant.com/media/43826/1/0/1/AVIS+D'INSPECTION+-+INSPECTION+NOTICE+-+Kalimba.pdf
Courant,Japora 11.5mm,ppe,Climbing Ropes,24-strand Polyester sheath; braided Polyamide core,EN 1891 Type A,,10,23.8,,,11.5,11.5,,,,,https://vertical-living.mycourant.com/en/tree-care-material/tree-care-ropes/climbing-ropes/japora-115mm,,
Courant,Japora 11.5mm 35m 1 spliced eye,ppe,Climbing Ropes,24-strand Polyester sheath; braided Polyamide core,EN 1891 Type A,,10,20,,,11.5,11.5,In-eye splice label,,,,https://vertical-living.mycourant.com/en/tree-care-material/tree-care-ropes/climbing-ropes/japora-115mm,,
Courant,Japora 11.5mm 45m 1 spliced eye,ppe,Climbing Ropes,24-strand Polyester sheath; braided Polyamide core,EN 1891 Type A,,10,20,,,11.5,11.5,In-eye splice label,,,,https://vertical-living.mycourant.com/en/tree-care-material/tree-care-ropes/climbing-ropes/japora-115mm,,
Courant,Japora 11.5mm 60m 1 spliced eye,ppe,Climbing Ropes,24-strand Polyester sheath; braided Polyamide core,EN 1891 Type A,,10,20,,,11.5,11.5,In-eye splice label,,,,https://vertical-living.mycourant.com/en/tree-care-material/tree-care-ropes/climbing-ropes/japora-115mm,,
Courant,Japora 11.5mm 35m 2 spliced eyes,ppe,Climbing Ropes,24-strand Polyester sheath; braided Polyamide core,EN 1891 Type A,,10,20,,,11.5,11.5,In-eye splice label,,,,https://vertical-living.mycourant.com/en/tree-care-material/tree-care-ropes/climbing-ropes/japora-115mm,,
Courant,Japora 11.5mm 45m 2 spliced eyes,ppe,Climbing Ropes,24-strand Polyester sheath; braided Polyamide core,EN 1891 Type A,,10,20,,,11.5,11.5,In-eye splice label,,,,https://vertical-living.mycourant.com/en/tree-care-material/tree-care-ropes/climbing-ropes/japora-115mm,,
Courant,Japora 11.5mm 60m 2 spliced eyes,ppe,Climbing Ropes,24-strand Polyester sheath; braided Polyamide core,EN 1891 Type A,,10,20,,,11.5,11.5,In-eye splice label,,,,https://vertical-living.mycourant.com/en/tree-care-material/tree-care-ropes/climbing-ropes/japora-115mm,,
Courant,Ozora 12.5mm,ppe,Climbing Ropes,24-strand Polyester sheath; braided Polyamide core,EN 1891 Type A,,10,26,,,12.5,12.5,,,,,https://vertical-living.mycourant.com/en/tree-care-material/tree-care-ropes/climbing-ropes/ozora-125mm,,
Courant,Ozora 12.5mm 35m 1 spliced eye,ppe,Climbing Ropes,24-strand Polyester sheath; braided Polyamide core,EN 1891 Type A,,10,22,,,12.5,12.5,In-eye splice label,,,,https://vertical-living.mycourant.com/en/tree-care-material/tree-care-ropes/climbing-ropes/ozora-125mm,,
Courant,Ozora 12.5mm 45m 1 spliced eye,ppe,Climbing Ropes,24-strand Polyester sheath; braided Polyamide core,EN 1891 Type A,,10,22,,,12.5,12.5,In-eye splice label,,,,https://vertical-living.mycourant.com/en/tree-care-material/tree-care-ropes/climbing-ropes/ozora-125mm,,
Courant,Ozora 12.5mm 60m 1 spliced eye,ppe,Climbing Ropes,24-strand Polyester sheath; braided Polyamide core,EN 1891 Type A,,10,22,,,12.5,12.5,In-eye splice label,,,,https://vertical-living.mycourant.com/en/tree-care-material/tree-care-ropes/climbing-ropes/ozora-125mm,,
Courant,Ozora 12.5mm 35m 2 spliced eyes,ppe,Climbing Ropes,24-strand Polyester sheath; braided Polyamide core,EN 1891 Type A,,10,22,,,12.5,12.5,In-eye splice label,,,,https://vertical-living.mycourant.com/en/tree-care-material/tree-care-ropes/climbing-ropes/ozora-125mm,,
Courant,Ozora 12.5mm 45m 2 spliced eyes,ppe,Climbing Ropes,24-strand Polyester sheath; braided Polyamide core,EN 1891 Type A,,10,22,,,12.5,12.5,In-eye splice label,,,,https://vertical-living.mycourant.com/en/tree-care-material/tree-care-ropes/climbing-ropes/ozora-125mm,,
Courant,Ozora 12.5mm 60m 2 spliced eyes,ppe,Climbing Ropes,24-strand Polyester sheath; braided Polyamide core,EN 1891 Type A,,10,22,,,12.5,12.5,In-eye splice label,,,,https://vertical-living.mycourant.com/en/tree-care-material/tree-care-ropes/climbing-ropes/ozora-125mm,,
Teufelberger,drenaLINE 11.8mm,ppe,Climbing Ropes,Polyester (cover) / Nylon (core),"EN 1891A, ANSI Z133",,,35,,,11.8,11.8,,,,https://www.teufelberger.com/en/fiber-ropes/downloads/manufacturer-s-information-tree-care,https://www.teufelberger.com/en/drenaline.html,,
Teufelberger,drenaLINE 11.8mm 35m 1 spLIFE eye,ppe,Climbing Ropes,Polyester (cover) / Nylon (core),"EN 1891A, ANSI Z133",,,20,,,11.8,11.8,In-eye splice label,,,https://www.teufelberger.com/en/fiber-ropes/downloads/manufacturer-s-information-tree-care,https://www.teufelberger.com/en/drenaline.html,,
Teufelberger,drenaLINE 11.8mm 45m 1 spLIFE eye,ppe,Climbing Ropes,Polyester (cover) / Nylon (core),"EN 1891A, ANSI Z133",,,20,,,11.8,11.8,In-eye splice label,,,https://www.teufelberger.com/en/fiber-ropes/downloads/manufacturer-s-information-tree-care,https://www.teufelberger.com/en/drenaline.html,,
Teufelberger,drenaLINE 11.8mm 60m 1 spLIFE eye,ppe,Climbing Ropes,Polyester (cover) / Nylon (core),"EN 1891A, ANSI Z133",,,20,,,11.8,11.8,In-eye splice label,,,https://www.teufelberger.com/en/fiber-ropes/downloads/manufacturer-s-information-tree-care,https://www.teufelberger.com/en/drenaline.html,,
Tendon,Timber EVO 11.5 - Orange/Yellow,ppe,Climbing Ropes,Polyester (sheath) / Nylon (core),"EN 1891 Type A, CE 1019",,,30,,,11.5,11.5,,,,,https://www.mytendon.com/en/tendon-timber-evo-11-5-orange-yellow/p-445/,,
Tendon,Timber EVO 11.5 - Orange/Yellow 30m 1 spliced eye,ppe,Climbing Ropes,Polyester (sheath) / Nylon (core),"EN 1891 Type A, CE 1019",,,,,,11.5,11.5,In-eye splice label,,,,https://www.mytendon.com/en/tendon-timber-evo-11-5-orange-yellow/p-445/,,
Tendon,Timber EVO 11.5 - Orange/Yellow 50m 1 spliced eye,ppe,Climbing Ropes,Polyester (sheath) / Nylon (core),"EN 1891 Type A, CE 1019",,,,,,11.5,11.5,In-eye splice label,,,,https://www.mytendon.com/en/tendon-timber-evo-11-5-orange-yellow/p-445/,,
Teufelberger,Xstatic 11.7mm 45m 1 sewn eye (ISC),ppe,Climbing Ropes,Polyester cover / Nylon core,"EN1891A, ANSI Z133",,,,,,11.7,11.7,,,KT282-ROP0029B-045,,https://www.iscwales.com/Products/Detail/teufelberger-xstatic-rope-assemblysewn-termination/,,
Teufelberger,Xstatic 11.7mm 60m 1 sewn eye (ISC),ppe,Climbing Ropes,Polyester cover / Nylon core,"EN1891A, ANSI Z133",,,,,,11.7,11.7,,,KT282-ROP0029B-060,,https://www.iscwales.com/Products/Detail/teufelberger-xstatic-rope-assemblysewn-termination/,,
Teufelberger,Xstatic 11.7mm 70m 1 sewn eye (ISC),ppe,Climbing Ropes,Polyester cover / Nylon core,"EN1891A, ANSI Z133",,,,,,11.7,11.7,,,KT282-ROP0029B-070,,https://www.iscwales.com/Products/Detail/teufelberger-xstatic-rope-assemblysewn-termination/,,
Teufelberger,Xstatic 11.7mm 100m 1 sewn eye (ISC),ppe,Climbing Ropes,Polyester cover / Nylon core,"EN1891A, ANSI Z133",,,,,,11.7,11.7,,,KT282-ROP0029B-100,,https://www.iscwales.com/Products/Detail/teufelberger-xstatic-rope-assemblysewn-termination/,,
Teufelberger,Braided Safety Blue 12.7mm 35m 2 spliced eyes,ppe,Climbing Ropes,Polyester (cover) / Polyamide (core),"EN 1891A, ANSI Z133",,,,,,12.7,12.7,,,,,https://www.teufelberger.com/en/braided-safety-blue.html,https://www.teufelberger.com/en/fiber-ropes/services/safety-first-product-recall,
Teufelberger,Gravity 11.5mm,ppe,Climbing Ropes,Polyester (cover) / Polyamide (core),"EN 1891A, ANSI Z133",,,32,,,11.5,11.5,,,,https://www.teufelberger.com/en/fiber-ropes/downloads/manufacturer-s-information-tree-care,https://www.teufelberger.com/en/company/news/2026/gravity-the-next-generation-tree-climbing-rope,,
Teufelberger,Gravity 11.5mm 35m 1 spLIFE eye,ppe,Climbing Ropes,Polyester (cover) / Polyamide (core),"EN 1891A, ANSI Z133",,,17,,,11.5,11.5,In-eye splice label,,,https://www.teufelberger.com/en/fiber-ropes/downloads/manufacturer-s-information-tree-care,https://www.teufelberger.com/en/company/news/2026/gravity-the-next-generation-tree-climbing-rope,,
Teufelberger,Gravity 11.5mm 45m 1 spLIFE eye,ppe,Climbing Ropes,Polyester (cover) / Polyamide (core),"EN 1891A, ANSI Z133",,,17,,,11.5,11.5,In-eye splice label,,,https://www.teufelberger.com/en/fiber-ropes/downloads/manufacturer-s-information-tree-care,https://www.teufelberger.com/en/company/news/2026/gravity-the-next-generation-tree-climbing-rope,,
Teufelberger,Gravity 11.5mm 60m 1 spLIFE eye,ppe,Climbing Ropes,Polyester (cover) / Polyamide (core),"EN 1891A, ANSI Z133",,,17,,,11.5,11.5,In-eye splice label,,,https://www.teufelberger.com/en/fiber-ropes/downloads/manufacturer-s-information-tree-care,https://www.teufelberger.com/en/company/news/2026/gravity-the-next-generation-tree-climbing-rope,,
Teufelberger,Gravity 11.5mm 35m 2 spLIFE eyes,ppe,Climbing Ropes,Polyester (cover) / Polyamide (core),"EN 1891A, ANSI Z133",,,17,,,11.5,11.5,In-eye splice label,,,https://www.teufelberger.com/en/fiber-ropes/downloads/manufacturer-s-information-tree-care,https://www.teufelberger.com/en/company/news/2026/gravity-the-next-generation-tree-climbing-rope,,
Teufelberger,Gravity 11.5mm 45m 2 spLIFE eyes,ppe,Climbing Ropes,Polyester (cover) / Polyamide (core),"EN 1891A, ANSI Z133",,,17,,,11.5,11.5,In-eye splice label,,,https://www.teufelberger.com/en/fiber-ropes/downloads/manufacturer-s-information-tree-care,https://www.teufelberger.com/en/company/news/2026/gravity-the-next-generation-tree-climbing-rope,,
Teufelberger,Gravity 11.5mm 60m 2 spLIFE eyes,ppe,Climbing Ropes,Polyester (cover) / Polyamide (core),"EN 1891A, ANSI Z133",,,17,,,11.5,11.5,In-eye splice label,,,https://www.teufelberger.com/en/fiber-ropes/downloads/manufacturer-s-information-tree-care,https://www.teufelberger.com/en/company/news/2026/gravity-the-next-generation-tree-climbing-rope,,
Miller,"H700 Premium Full-Body Harness with Lightweight Aluminum Hardware, 5 Points of Adjustment, Back D-Ring and Quick-Connect Chest & Leg Buckles - Size XS",ppe,harness,"Polyester webbing, Aluminum hardware",OSHA 1926.502; ANSI Z359.11-2021; CSA Z259.10,,,"22 kN (webbing/D-ring), 18 kN (buckle)",,190.5,,,,,H7IC1A0,https://prod-edam.honeywell.com/content/dam/honeywell-edam/sps/his/en-us/products/fall-protection/documents/miller-h700-full-body-harness-industry-comfort-ic/sps-his-hppe-fall-h700-harness-datasheet.pdf,https://us.pipglobal.com/en/products/?scID=2584&ccID=11785&pID=172990,,
Miller,"H700 Premium Full-Body Harness with Lightweight Aluminum Hardware, 5 Points of Adjustment, Back D-Ring and Quick-Connect Chest & Leg Buckles - Size S/M",ppe,harness,"Polyester webbing, Aluminum hardware",OSHA 1926.502; ANSI Z359.11-2021; CSA Z259.10,,,"22 kN (webbing/D-ring), 18 kN (buckle)",,190.5,,,,,H7IC1A1,https://prod-edam.honeywell.com/content/dam/honeywell-edam/sps/his/en-us/products/fall-protection/documents/miller-h700-full-body-harness-industry-comfort-ic/sps-his-hppe-fall-h700-harness-datasheet.pdf,https://us.pipglobal.com/en/products/?scID=2584&ccID=11785&pID=172990,,
Miller,"H700 Premium Full-Body Harness with Lightweight Aluminum Hardware, 5 Points of Adjustment, Back D-Ring and Quick-Connect Chest & Leg Buckles - Size L-XL",ppe,harness,"Polyester webbing, Aluminum hardware",OSHA 1926.502; ANSI Z359.11-2021; CSA Z259.10,,,"22 kN (webbing/D-ring), 18 kN (buckle)",,190.5,,,,,H7IC1A2,https://prod-edam.honeywell.com/content/dam/honeywell-edam/sps/his/en-us/products/fall-protection/documents/miller-h700-full-body-harness-industry-comfort-ic/sps-his-hppe-fall-h700-harness-datasheet.pdf,https://us.pipglobal.com/en/products/?scID=2584&ccID=11785&pID=172990,,
Miller,"H700 Premium Full-Body Harness with Lightweight Aluminum Hardware, 5 Points of Adjustment, Back D-Ring and Quick-Connect Chest & Leg Buckles - Size 2XL",ppe,harness,"Polyester webbing, Aluminum hardware",OSHA 1926.502; ANSI Z359.11-2021; CSA Z259.10,,,"22 kN (webbing/D-ring), 18 kN (buckle)",,190.5,,,,,H7IC1A3,https://prod-edam.honeywell.com/content/dam/honeywell-edam/sps/his/en-us/products/fall-protection/documents/miller-h700-full-body-harness-industry-comfort-ic/sps-his-hppe-fall-h700-harness-datasheet.pdf,https://us.pipglobal.com/en/products/?scID=2584&ccID=11785&pID=172990,,
Miller,"H700 Premium Full-Body Harness with Lightweight Aluminum Hardware, 5 Points of Adjustment, Back D-Ring and Quick-Connect Chest & Leg Buckles - Size 4XL",ppe,harness,"Polyester webbing, Aluminum hardware",OSHA 1926.502; ANSI Z359.11-2021; CSA Z259.10,,,"22 kN (webbing/D-ring), 18 kN (buckle)",,190.5,,,,,H7IC1A4,https://prod-edam.honeywell.com/content/dam/honeywell-edam/sps/his/en-us/products/fall-protection/documents/miller-h700-full-body-harness-industry-comfort-ic/sps-his-hppe-fall-h700-harness-datasheet.pdf,https://us.pipglobal.com/en/products/?scID=2584&ccID=11785&pID=172990,,
Miller,"H700 Premium Full-Body Harness with Lightweight Aluminum Hardware, 5 Points of Adjustment, Back/Front D-Rings and Quick-Connect Chest & Leg Buckles - Size XS",ppe,harness,"Polyester webbing, Aluminum hardware",OSHA 1926.502; ANSI Z359.11-2021; CSA Z259.10,,,"22 kN (webbing/D-ring), 18 kN (buckle)",,190.5,,,,,H7IC2A0,https://prod-edam.honeywell.com/content/dam/honeywell-edam/sps/his/en-us/products/fall-protection/documents/miller-h700-full-body-harness-industry-comfort-ic/sps-his-hppe-fall-h700-harness-datasheet.pdf,https://us.pipglobal.com/en/products/?scID=2584&ccID=11785&pID=172997,,
Miller,"H700 Premium Full-Body Harness with Lightweight Aluminum Hardware, 5 Points of Adjustment, Back/Front D-Rings and Quick-Connect Chest & Leg Buckles - Size S/M",ppe,harness,"Polyester webbing, Aluminum hardware",OSHA 1926.502; ANSI Z359.11-2021; CSA Z259.10,,,"22 kN (webbing/D-ring), 18 kN (buckle)",,190.5,,,,,H7IC2A1,https://prod-edam.honeywell.com/content/dam/honeywell-edam/sps/his/en-us/products/fall-protection/documents/miller-h700-full-body-harness-industry-comfort-ic/sps-his-hppe-fall-h700-harness-datasheet.pdf,https://us.pipglobal.com/en/products/?scID=2584&ccID=11785&pID=172997,,
Miller,"H700 Premium Full-Body Harness with Lightweight Aluminum Hardware, 5 Points of Adjustment, Back/Front D-Rings and Quick-Connect Chest & Leg Buckles - Size L/XL",ppe,harness,"Polyester webbing, Aluminum hardware",OSHA 1926.502; ANSI Z359.11-2021; CSA Z259.10,,,"22 kN (webbing/D-ring), 18 kN (buckle)",,190.5,,,,,H7IC2A2,https://prod-edam.honeywell.com/content/dam/honeywell-edam/sps/his/en-us/products/fall-protection/documents/miller-h700-full-body-harness-industry-comfort-ic/sps-his-hppe-fall-h700-harness-datasheet.pdf,https://us.pipglobal.com/en/products/?scID=2584&ccID=11785&pID=172997,,
Miller,"H700 Premium Full-Body Harness with Lightweight Aluminum Hardware, 5 Points of Adjustment, Back/Front D-Rings and Quick-Connect Chest & Leg Buckles - Size 2XL",ppe,harness,"Polyester webbing, Aluminum hardware",OSHA 1926.502; ANSI Z359.11-2021; CSA Z259.10,,,"22 kN (webbing/D-ring), 18 kN (buckle)",,190.5,,,,,H7IC2A3,https://prod-edam.honeywell.com/content/dam/honeywell-edam/sps/his/en-us/products/fall-protection/documents/miller-h700-full-body-harness-industry-comfort-ic/sps-his-hppe-fall-h700-harness-datasheet.pdf,https://us.pipglobal.com/en/products/?scID=2584&ccID=11785&pID=172997,,
Miller,"H700 Premium Full-Body Harness with Lightweight Aluminum Hardware, 5 Points of Adjustment, Back/Front D-Rings and Quick-Connect Chest & Leg Buckles - Size 4XL",ppe,harness,"Polyester webbing, Aluminum hardware",OSHA 1926.502; ANSI Z359.11-2021; CSA Z259.10,,,"22 kN (webbing/D-ring), 18 kN (buckle)",,190.5,,,,,H7IC2A4,https://prod-edam.honeywell.com/content/dam/honeywell-edam/sps/his/en-us/products/fall-protection/documents/miller-h700-full-body-harness-industry-comfort-ic/sps-his-hppe-fall-h700-harness-datasheet.pdf,https://us.pipglobal.com/en/products/?scID=2584&ccID=11785&pID=172997,,
Miller,"H700 Premium Full-Body Harness with Lightweight Aluminum Hardware, 5 Points of Adjustment, Back/Front/Side D-Rings and Quick-Connect Chest & Leg Buckles - Size XS",ppe,harness,"Polyester webbing, Aluminum hardware",OSHA 1926.502; ANSI Z359.11-2021; CSA Z259.10,,,"22 kN (webbing/D-ring), 18 kN (buckle)",,190.5,,,,,H7IC3A0,https://prod-edam.honeywell.com/content/dam/honeywell-edam/sps/his/en-us/products/fall-protection/documents/miller-h700-full-body-harness-industry-comfort-ic/sps-his-hppe-fall-h700-harness-datasheet.pdf,https://us.pipglobal.com/en/products/?scID=2584&ccID=11785&pID=173007,,
Miller,"H700 Premium Full-Body Harness with Lightweight Aluminum Hardware, 5 Points of Adjustment, Back/Front/Side D-Rings and Quick-Connect Chest & Leg Buckles - Size S/M",ppe,harness,"Polyester webbing, Aluminum hardware",OSHA 1926.502; ANSI Z359.11-2021; CSA Z259.10,,,"22 kN (webbing/D-ring), 18 kN (buckle)",,190.5,,,,,H7IC3A1,https://prod-edam.honeywell.com/content/dam/honeywell-edam/sps/his/en-us/products/fall-protection/documents/miller-h700-full-body-harness-industry-comfort-ic/sps-his-hppe-fall-h700-harness-datasheet.pdf,https://us.pipglobal.com/en/products/?scID=2584&ccID=11785&pID=173007,,
Miller,"H700 Premium Full-Body Harness with Lightweight Aluminum Hardware, 5 Points of Adjustment, Back/Front/Side D-Rings and Quick-Connect Chest & Leg Buckles - Size OS",ppe,harness,"Polyester webbing, Aluminum hardware",OSHA 1926.502; ANSI Z359.11-2021; CSA Z259.10,,,"22 kN (webbing/D-ring), 18 kN (buckle)",,190.5,,,,,H7IC3A2,https://prod-edam.honeywell.com/content/dam/honeywell-edam/sps/his/en-us/products/fall-protection/documents/miller-h700-full-body-harness-industry-comfort-ic/sps-his-hppe-fall-h700-harness-datasheet.pdf,https://us.pipglobal.com/en/products/?scID=2584&ccID=11785&pID=173007,,
Miller,"H700 Premium Full-Body Harness with Lightweight Aluminum Hardware, 5 Points of Adjustment, Back/Front/Side D-Rings and Quick-Connect Chest & Leg Buckles - Size 2XL",ppe,harness,"Polyester webbing, Aluminum hardware",OSHA 1926.502; ANSI Z359.11-2021; CSA Z259.10,,,"22 kN (webbing/D-ring), 18 kN (buckle)",,190.5,,,,,H7IC3A3,https://prod-edam.honeywell.com/content/dam/honeywell-edam/sps/his/en-us/products/fall-protection/documents/miller-h700-full-body-harness-industry-comfort-ic/sps-his-hppe-fall-h700-harness-datasheet.pdf,https://us.pipglobal.com/en/products/?scID=2584&ccID=11785&pID=173007,,
Miller,"H700 Premium Full-Body Harness with Lightweight Aluminum Hardware, 5 Points of Adjustment, Back/Front/Side D-Rings and Quick-Connect Chest & Leg Buckles - Size 4XL",ppe,harness,"Polyester webbing, Aluminum hardware",OSHA 1926.502; ANSI Z359.11-2021; CSA Z259.10,,,"22 kN (webbing/D-ring), 18 kN (buckle)",,190.5,,,,,H7IC3A4,https://prod-edam.honeywell.com/content/dam/honeywell-edam/sps/his/en-us/products/fall-protection/documents/miller-h700-full-body-harness-industry-comfort-ic/sps-his-hppe-fall-h700-harness-datasheet.pdf,https://us.pipglobal.com/en/products/?scID=2584&ccID=11785&pID=173007,,
Miller,"H700 Construction Comfort Full-Body Harness with Aluminum Hardware, 5 Points of Adjustment, Back/Front/Side D-Rings, Tongue Leg Buckles, Quick-Connect Chest Buckle - Size XS",ppe,harness,"Polyester webbing, Aluminum hardware",OSHA 1926.502; ANSI Z359.11-2021; CSA Z259.10,,,"22 kN (webbing/D-ring), 18 kN (buckle)",,190.5,,,,,H7CC1A0,https://prod-edam.honeywell.com/content/dam/honeywell-edam/sps/his/en-us/products/fall-protection/documents/miller-h700-full-body-harness-industry-comfort-ic/sps-his-hppe-fall-h700-harness-datasheet.pdf,https://us.pipglobal.com/en/products/?scID=2584&ccID=11785&pID=172967,,
Miller,"H700 Construction Comfort Full-Body Harness with Aluminum Hardware, 5 Points of Adjustment, Back/Front/Side D-Rings, Tongue Leg Buckles, Quick-Connect Chest Buckle - Size S/M",ppe,harness,"Polyester webbing, Aluminum hardware",OSHA 1926.502; ANSI Z359.11-2021; CSA Z259.10,,,"22 kN (webbing/D-ring), 18 kN (buckle)",,190.5,,,,,H7CC1A1,https://prod-edam.honeywell.com/content/dam/honeywell-edam/sps/his/en-us/products/fall-protection/documents/miller-h700-full-body-harness-industry-comfort-ic/sps-his-hppe-fall-h700-harness-datasheet.pdf,https://us.pipglobal.com/en/products/?scID=2584&ccID=11785&pID=172967,,
Miller,"H700 Construction Comfort Full-Body Harness with Aluminum Hardware, 5 Points of Adjustment, Back/Front/Side D-Rings, Tongue Leg Buckles, Quick-Connect Chest Buckle - Size UNIV",ppe,harness,"Polyester webbing, Aluminum hardware",OSHA 1926.502; ANSI Z359.11-2021; CSA Z259.10,,,"22 kN (webbing/D-ring), 18 kN (buckle)",,190.5,,,,,H7CC1A2,https://prod-edam.honeywell.com/content/dam/honeywell-edam/sps/his/en-us/products/fall-protection/documents/miller-h700-full-body-harness-industry-comfort-ic/sps-his-hppe-fall-h700-harness-datasheet.pdf,https://us.pipglobal.com/en/products/?scID=2584&ccID=11785&pID=172967,,
Miller,"H700 Construction Comfort Full-Body Harness with Aluminum Hardware, 5 Points of Adjustment, Back/Front/Side D-Rings, Tongue Leg Buckles, Quick-Connect Chest Buckle - Size XXL",ppe,harness,"Polyester webbing, Aluminum hardware",OSHA 1926.502; ANSI Z359.11-2021; CSA Z259.10,,,"22 kN (webbing/D-ring), 18 kN (buckle)",,190.5,,,,,H7CC1A3,https://prod-edam.honeywell.com/content/dam/honeywell-edam/sps/his/en-us/products/fall-protection/documents/miller-h700-full-body-harness-industry-comfort-ic/sps-his-hppe-fall-h700-harness-datasheet.pdf,https://us.pipglobal.com/en/products/?scID=2584&ccID=11785&pID=172967,,
Miller,"H700 Construction Comfort Full-Body Harness with Aluminum Hardware, 5 Points of Adjustment, Back/Front/Side D-Rings, Tongue Leg Buckles, Quick-Connect Chest Buckle - Size 3/4XL",ppe,harness,"Polyester webbing, Aluminum hardware",OSHA 1926.502; ANSI Z359.11-2021; CSA Z259.10,,,"22 kN (webbing/D-ring), 18 kN (buckle)",,190.5,,,,,H7CC1A4,https://prod-edam.honeywell.com/content/dam/honeywell-edam/sps/his/en-us/products/fall-protection/documents/miller-h700-full-body-harness-industry-comfort-ic/sps-his-hppe-fall-h700-harness-datasheet.pdf,https://us.pipglobal.com/en/products/?scID=2584&ccID=11785&pID=172967,,
Miller,"H700 Construction Comfort Full-Body Harness with Aluminum Hardware, 5 Points of Adjustment, Back/Side D-Rings, Tongue Leg Buckles, Quick-Connect Chest Buckle - Size XS",ppe,harness,"Polyester webbing, Aluminum hardware",OSHA 1926.502; ANSI Z359.11-2021; CSA Z259.10,,,"22 kN (webbing/D-ring), 18 kN (buckle)",,190.5,,,,,H7CC2A0,https://prod-edam.honeywell.com/content/dam/honeywell-edam/sps/his/en-us/products/fall-protection/documents/miller-h700-full-body-harness-industry-comfort-ic/sps-his-hppe-fall-h700-harness-datasheet.pdf,https://us.pipglobal.com/en/products/?scID=2584&ccID=11785&pID=172975,,
Miller,"H700 Construction Comfort Full-Body Harness with Aluminum Hardware, 5 Points of Adjustment, Back/Side D-Rings, Tongue Leg Buckles, Quick-Connect Chest Buckle - Size S/M",ppe,harness,"Polyester webbing, Aluminum hardware",OSHA 1926.502; ANSI Z359.11-2021; CSA Z259.10,,,"22 kN (webbing/D-ring), 18 kN (buckle)",,190.5,,,,,H7CC2A1,https://prod-edam.honeywell.com/content/dam/honeywell-edam/sps/his/en-us/products/fall-protection/documents/miller-h700-full-body-harness-industry-comfort-ic/sps-his-hppe-fall-h700-harness-datasheet.pdf,https://us.pipglobal.com/en/products/?scID=2584&ccID=11785&pID=172975,,
Miller,"H700 Construction Comfort Full-Body Harness with Aluminum Hardware, 5 Points of Adjustment, Back/Side D-Rings, Tongue Leg Buckles, Quick-Connect Chest Buckle - Size UNIV",ppe,harness,"Polyester webbing, Aluminum hardware",OSHA 1926.502; ANSI Z359.11-2021; CSA Z259.10,,,"22 kN (webbing/D-ring), 18 kN (buckle)",,190.5,,,,,H7CC2A2,https://prod-edam.honeywell.com/content/dam/honeywell-edam/sps/his/en-us/products/fall-protection/documents/miller-h700-full-body-harness-industry-comfort-ic/sps-his-hppe-fall-h700-harness-datasheet.pdf,https://us.pipglobal.com/en/products/?scID=2584&ccID=11785&pID=172975,,
Miller,"H700 Construction Comfort Full-Body Harness with Aluminum Hardware, 5 Points of Adjustment, Back/Side D-Rings, Tongue Leg Buckles, Quick-Connect Chest Buckle - Size XXL",ppe,harness,"Polyester webbing, Aluminum hardware",OSHA 1926.502; ANSI Z359.11-2021; CSA Z259.10,,,"22 kN (webbing/D-ring), 18 kN (buckle)",,190.5,,,,,H7CC2A3,https://prod-edam.honeywell.com/content/dam/honeywell-edam/sps/his/en-us/products/fall-protection/documents/miller-h700-full-body-harness-industry-comfort-ic/sps-his-hppe-fall-h700-harness-datasheet.pdf,https://us.pipglobal.com/en/products/?scID=2584&ccID=11785&pID=172975,,
Miller,"H700 Construction Comfort Full-Body Harness with Aluminum Hardware, 5 Points of Adjustment, Back/Side D-Rings, Tongue Leg Buckles, Quick-Connect Chest Buckle - Size 3/4XL",ppe,harness,"Polyester webbing, Aluminum hardware",OSHA 1926.502; ANSI Z359.11-2021; CSA Z259.10,,,"22 kN (webbing/D-ring), 18 kN (buckle)",,190.5,,,,,H7CC2A4,https://prod-edam.honeywell.com/content/dam/honeywell-edam/sps/his/en-us/products/fall-protection/documents/miller-h700-full-body-harness-industry-comfort-ic/sps-his-hppe-fall-h700-harness-datasheet.pdf,https://us.pipglobal.com/en/products/?scID=2584&ccID=11785&pID=172975,,
Miller,"H700 Construction Comfort Full-Body Harness with Aluminum Hardware, 5 Points of Adjustment, Back/Front/Side D-Rings, Quick-Connect Leg & Chest Buckles - Size XS",ppe,harness,"Polyester webbing, Aluminum hardware",OSHA 1926.502; ANSI Z359.11-2021; CSA Z259.10,,,"22 kN (webbing/D-ring), 18 kN (buckle)",,190.5,,,,,H7CC3A0,https://prod-edam.honeywell.com/content/dam/honeywell-edam/sps/his/en-us/products/fall-protection/documents/miller-h700-full-body-harness-industry-comfort-ic/sps-his-hppe-fall-h700-harness-datasheet.pdf,https://us.pipglobal.com/en/products/?scID=2584&ccID=11785&pID=172977,,
Miller,"H700 Construction Comfort Full-Body Harness with Aluminum Hardware, 5 Points of Adjustment, Back/Front/Side D-Rings, Quick-Connect Leg & Chest Buckles - Size S/M",ppe,harness,"Polyester webbing, Aluminum hardware",OSHA 1926.502; ANSI Z359.11-2021; CSA Z259.10,,,"22 kN (webbing/D-ring), 18 kN (buckle)",,190.5,,,,,H7CC3A1,https://prod-edam.honeywell.com/content/dam/honeywell-edam/sps/his/en-us/products/fall-protection/documents/miller-h700-full-body-harness-industry-comfort-ic/sps-his-hppe-fall-h700-harness-datasheet.pdf,https://us.pipglobal.com/en/products/?scID=2584&ccID=11785&pID=172977,,
Miller,"H700 Construction Comfort Full-Body Harness with Aluminum Hardware, 5 Points of Adjustment, Back/Front/Side D-Rings, Quick-Connect Leg & Chest Buckles - Size UNIV",ppe,harness,"Polyester webbing, Aluminum hardware",OSHA 1926.502; ANSI Z359.11-2021; CSA Z259.10,,,"22 kN (webbing/D-ring), 18 kN (buckle)",,190.5,,,,,H7CC3A2,https://prod-edam.honeywell.com/content/dam/honeywell-edam/sps/his/en-us/products/fall-protection/documents/miller-h700-full-body-harness-industry-comfort-ic/sps-his-hppe-fall-h700-harness-datasheet.pdf,https://us.pipglobal.com/en/products/?scID=2584&ccID=11785&pID=172977,,
Miller,"H700 Construction Comfort Full-Body Harness with Aluminum Hardware, 5 Points of Adjustment, Back/Front/Side D-Rings, Quick-Connect Leg & Chest Buckles - Size XXL",ppe,harness,"Polyester webbing, Aluminum hardware",OSHA 1926.502; ANSI Z359.11-2021; CSA Z259.10,,,"22 kN (webbing/D-ring), 18 kN (buckle)",,190.5,,,,,H7CC3A3,https://prod-edam.honeywell.com/content/dam/honeywell-edam/sps/his/en-us/products/fall-protection/documents/miller-h700-full-body-harness-industry-comfort-ic/sps-his-hppe-fall-h700-harness-datasheet.pdf,https://us.pipglobal.com/en/products/?scID=2584&ccID=11785&pID=172977,,
Miller,"H700 Construction Comfort Full-Body Harness with Aluminum Hardware, 5 Points of Adjustment, Back/Front/Side D-Rings, Quick-Connect Leg & Chest Buckles - Size 3/4XL",ppe,harness,"Polyester webbing, Aluminum hardware",OSHA 1926.502; ANSI Z359.11-2021; CSA Z259.10,,,"22 kN (webbing/D-ring), 18 kN (buckle)",,190.5,,,,,H7CC3A4,https://prod-edam.honeywell.com/content/dam/honeywell-edam/sps/his/en-us/products/fall-protection/documents/miller-h700-full-body-harness-industry-comfort-ic/sps-his-hppe-fall-h700-harness-datasheet.pdf,https://us.pipglobal.com/en/products/?scID=2584&ccID=11785&pID=172977,,
Miller,"H500 CC1 Full-Body Harness, Tongue Leg & Mating Chest Buckles, Back, Side D-Ring(s), Steel Hardware - Size S/M",ppe,harness,"Polyester webbing, Steel hardware",OSHA 1926.502; ANSI Z359.11-2021; CSA Z259.10-2018,,,22 kN (webbing/D-ring),,190.5,,,,,H5CC311021,https://prod-edam.honeywell.com/content/dam/honeywell-edam/sps/hppe/en-us/products/fall-protection/harnesses-belts-and-accessories/miller-h500-harness/hon-ia-ppe-sp560-rev-a-harness-h500.pdf,https://automation.honeywell.com/us/en/products/personal-protective-equipment/fall-protection/harnesses/miller-h500-harness-construction-comfort-cc,,
Miller,"H500 CC1 Full-Body Harness, Tongue Leg & Mating Chest Buckles, Back, Side D-Ring(s), Steel Hardware - Size UNIV",ppe,harness,"Polyester webbing, Steel hardware",OSHA 1926.502; ANSI Z359.11-2021; CSA Z259.10-2018,,,22 kN (webbing/D-ring),,190.5,,,,,H5CC311022,https://prod-edam.honeywell.com/content/dam/honeywell-edam/sps/hppe/en-us/products/fall-protection/harnesses-belts-and-accessories/miller-h500-harness/hon-ia-ppe-sp560-rev-a-harness-h500.pdf,https://automation.honeywell.com/us/en/products/personal-protective-equipment/fall-protection/harnesses/miller-h500-harness-construction-comfort-cc,,
Miller,"H500 CC1 Full-Body Harness, Tongue Leg & Mating Chest Buckles, Back, Side D-Ring(s), Steel Hardware - Size XXL",ppe,harness,"Polyester webbing, Steel hardware",OSHA 1926.502; ANSI Z359.11-2021; CSA Z259.10-2018,,,22 kN (webbing/D-ring),,190.5,,,,,H5CC311023,https://prod-edam.honeywell.com/content/dam/honeywell-edam/sps/hppe/en-us/products/fall-protection/harnesses-belts-and-accessories/miller-h500-harness/hon-ia-ppe-sp560-rev-a-harness-h500.pdf,https://automation.honeywell.com/us/en/products/personal-protective-equipment/fall-protection/harnesses/miller-h500-harness-construction-comfort-cc,,
Miller,"H500 CC2 Full-Body Harness, Tongue Leg & Mating Chest Buckles, Back, Front, Side D-Ring(s), Steel Hardware - Size S/M",ppe,harness,"Polyester webbing, Steel hardware",OSHA 1926.502; ANSI Z359.11-2021; CSA Z259.10-2018,,,22 kN (webbing/D-ring),,190.5,,,,,H5CC311121,https://prod-edam.honeywell.com/content/dam/honeywell-edam/sps/hppe/en-us/products/fall-protection/harnesses-belts-and-accessories/miller-h500-harness/hon-ia-ppe-sp560-rev-a-harness-h500.pdf,https://automation.honeywell.com/us/en/products/personal-protective-equipment/fall-protection/harnesses/miller-h500-harness-construction-comfort-cc,,
Miller,"H500 CC2 Full-Body Harness, Tongue Leg & Mating Chest Buckles, Back, Front, Side D-Ring(s), Steel Hardware - Size UNIV",ppe,harness,"Polyester webbing, Steel hardware",OSHA 1926.502; ANSI Z359.11-2021; CSA Z259.10-2018,,,22 kN (webbing/D-ring),,190.5,,,,,H5CC311122,https://prod-edam.honeywell.com/content/dam/honeywell-edam/sps/hppe/en-us/products/fall-protection/harnesses-belts-and-accessories/miller-h500-harness/hon-ia-ppe-sp560-rev-a-harness-h500.pdf,https://automation.honeywell.com/us/en/products/personal-protective-equipment/fall-protection/harnesses/miller-h500-harness-construction-comfort-cc,,
Miller,"H500 CC2 Full-Body Harness, Tongue Leg & Mating Chest Buckles, Back, Front, Side D-Ring(s), Steel Hardware - Size XXL",ppe,harness,"Polyester webbing, Steel hardware",OSHA 1926.502; ANSI Z359.11-2021; CSA Z259.10-2018,,,22 kN (webbing/D-ring),,190.5,,,,,H5CC311123,https://prod-edam.honeywell.com/content/dam/honeywell-edam/sps/hppe/en-us/products/fall-protection/harnesses-belts-and-accessories/miller-h500-harness/hon-ia-ppe-sp560-rev-a-harness-h500.pdf,https://automation.honeywell.com/us/en/products/personal-protective-equipment/fall-protection/harnesses/miller-h500-harness-construction-comfort-cc,,
Miller,"H500 CC3 Full-Body Harness, Tongue Leg & Mating Chest Buckles, Back, Front, Side D-Ring(s), Aluminum Hardware - Size S/M",ppe,harness,"Polyester webbing, Aluminum hardware",OSHA 1926.502; ANSI Z359.11-2021; CSA Z259.10-2018,,,22 kN (webbing/D-ring),,190.5,,,,,H5CC312221,https://prod-edam.honeywell.com/content/dam/honeywell-edam/sps/hppe/en-us/products/fall-protection/harnesses-belts-and-accessories/miller-h500-harness/hon-ia-ppe-sp560-rev-a-harness-h500.pdf,https://automation.honeywell.com/us/en/products/personal-protective-equipment/fall-protection/harnesses/miller-h500-harness-construction-comfort-cc,,
Miller,"H500 CC3 Full-Body Harness, Tongue Leg & Mating Chest Buckles, Back, Front, Side D-Ring(s), Aluminum Hardware - Size UNIV",ppe,harness,"Polyester webbing, Aluminum hardware",OSHA 1926.502; ANSI Z359.11-2021; CSA Z259.10-2018,,,22 kN (webbing/D-ring),,190.5,,,,,H5CC312222,https://prod-edam.honeywell.com/content/dam/honeywell-edam/sps/hppe/en-us/products/fall-protection/harnesses-belts-and-accessories/miller-h500-harness/hon-ia-ppe-sp560-rev-a-harness-h500.pdf,https://automation.honeywell.com/us/en/products/personal-protective-equipment/fall-protection/harnesses/miller-h500-harness-construction-comfort-cc,,
Miller,"H500 CC3 Full-Body Harness, Tongue Leg & Mating Chest Buckles, Back, Front, Side D-Ring(s), Aluminum Hardware - Size XXL",ppe,harness,"Polyester webbing, Aluminum hardware",OSHA 1926.502; ANSI Z359.11-2021; CSA Z259.10-2018,,,22 kN (webbing/D-ring),,190.5,,,,,H5CC312223,https://prod-edam.honeywell.com/content/dam/honeywell-edam/sps/hppe/en-us/products/fall-protection/harnesses-belts-and-accessories/miller-h500-harness/hon-ia-ppe-sp560-rev-a-harness-h500.pdf,https://automation.honeywell.com/us/en/products/personal-protective-equipment/fall-protection/harnesses/miller-h500-harness-construction-comfort-cc,,
Miller,"H500 CC4 Full-Body Harness, Quick-Connect Leg & Quick-Connect Chest Buckles, Back, Front, Side D-Ring(s), Aluminum Hardware - Size S/M",ppe,harness,"Polyester webbing, Aluminum hardware",OSHA 1926.502; ANSI Z359.11-2021; CSA Z259.10-2018,,,22 kN (webbing/D-ring),,190.5,,,,,H5CC222221,https://prod-edam.honeywell.com/content/dam/honeywell-edam/sps/hppe/en-us/products/fall-protection/harnesses-belts-and-accessories/miller-h500-harness/hon-ia-ppe-sp560-rev-a-harness-h500.pdf,https://automation.honeywell.com/us/en/products/personal-protective-equipment/fall-protection/harnesses/miller-h500-harness-construction-comfort-cc,,
Miller,"H500 CC4 Full-Body Harness, Quick-Connect Leg & Quick-Connect Chest Buckles, Back, Front, Side D-Ring(s), Aluminum Hardware - Size UNIV",ppe,harness,"Polyester webbing, Aluminum hardware",OSHA 1926.502; ANSI Z359.11-2021; CSA Z259.10-2018,,,22 kN (webbing/D-ring),,190.5,,,,,H5CC222222,https://prod-edam.honeywell.com/content/dam/honeywell-edam/sps/hppe/en-us/products/fall-protection/harnesses-belts-and-accessories/miller-h500-harness/hon-ia-ppe-sp560-rev-a-harness-h500.pdf,https://automation.honeywell.com/us/en/products/personal-protective-equipment/fall-protection/harnesses/miller-h500-harness-construction-comfort-cc,,
Miller,"H500 CC4 Full-Body Harness, Quick-Connect Leg & Quick-Connect Chest Buckles, Back, Front, Side D-Ring(s), Aluminum Hardware - Size XXL",ppe,harness,"Polyester webbing, Aluminum hardware",OSHA 1926.502; ANSI Z359.11-2021; CSA Z259.10-2018,,,22 kN (webbing/D-ring),,190.5,,,,,H5CC222223,https://prod-edam.honeywell.com/content/dam/honeywell-edam/sps/hppe/en-us/products/fall-protection/harnesses-belts-and-accessories/miller-h500-harness/hon-ia-ppe-sp560-rev-a-harness-h500.pdf,https://automation.honeywell.com/us/en/products/personal-protective-equipment/fall-protection/harnesses/miller-h500-harness-construction-comfort-cc,,
Miller,"H500 CC5 Full-Body Harness, Quick-Connect Leg & Quick-Connect Chest Buckles, Back, Side D-Ring(s), Aluminum Hardware - Size S/M",ppe,harness,"Polyester webbing, Aluminum hardware",OSHA 1926.502; ANSI Z359.11-2021; CSA Z259.10-2018,,,22 kN (webbing/D-ring),,190.5,,,,,H5CC222021,https://prod-edam.honeywell.com/content/dam/honeywell-edam/sps/hppe/en-us/products/fall-protection/harnesses-belts-and-accessories/miller-h500-harness/hon-ia-ppe-sp560-rev-a-harness-h500.pdf,https://automation.honeywell.com/us/en/products/personal-protective-equipment/fall-protection/harnesses/miller-h500-harness-construction-comfort-cc,,
Miller,"H500 CC5 Full-Body Harness, Quick-Connect Leg & Quick-Connect Chest Buckles, Back, Side D-Ring(s), Aluminum Hardware - Size UNIV",ppe,harness,"Polyester webbing, Aluminum hardware",OSHA 1926.502; ANSI Z359.11-2021; CSA Z259.10-2018,,,22 kN (webbing/D-ring),,190.5,,,,,H5CC222022,https://prod-edam.honeywell.com/content/dam/honeywell-edam/sps/hppe/en-us/products/fall-protection/harnesses-belts-and-accessories/miller-h500-harness/hon-ia-ppe-sp560-rev-a-harness-h500.pdf,https://automation.honeywell.com/us/en/products/personal-protective-equipment/fall-protection/harnesses/miller-h500-harness-construction-comfort-cc,,
Miller,"H500 CC5 Full-Body Harness, Quick-Connect Leg & Quick-Connect Chest Buckles, Back, Side D-Ring(s), Aluminum Hardware - Size XXL",ppe,harness,"Polyester webbing, Aluminum hardware",OSHA 1926.502; ANSI Z359.11-2021; CSA Z259.10-2018,,,22 kN (webbing/D-ring),,190.5,,,,,H5CC222023,https://prod-edam.honeywell.com/content/dam/honeywell-edam/sps/hppe/en-us/products/fall-protection/harnesses-belts-and-accessories/miller-h500-harness/hon-ia-ppe-sp560-rev-a-harness-h500.pdf,https://automation.honeywell.com/us/en/products/personal-protective-equipment/fall-protection/harnesses/miller-h500-harness-construction-comfort-cc,,
Miller,"H500 CC6 Full-Body Harness, Quick-Connect Leg & Quick-Connect Chest Buckles, Back, Front, Side D-Ring(s), Steel Hardware - Size S/M",ppe,harness,"Polyester webbing, Steel hardware",OSHA 1926.502; ANSI Z359.11-2021; CSA Z259.10-2018,,,22 kN (webbing/D-ring),,190.5,,,,,H5CC221121,https://prod-edam.honeywell.com/content/dam/honeywell-edam/sps/hppe/en-us/products/fall-protection/harnesses-belts-and-accessories/miller-h500-harness/hon-ia-ppe-sp560-rev-a-harness-h500.pdf,https://automation.honeywell.com/us/en/products/personal-protective-equipment/fall-protection/harnesses/miller-h500-harness-construction-comfort-cc,,
Miller,"H500 CC6 Full-Body Harness, Quick-Connect Leg & Quick-Connect Chest Buckles, Back, Front, Side D-Ring(s), Steel Hardware - Size UNIV",ppe,harness,"Polyester webbing, Steel hardware",OSHA 1926.502; ANSI Z359.11-2021; CSA Z259.10-2018,,,22 kN (webbing/D-ring),,190.5,,,,,H5CC221122,https://prod-edam.honeywell.com/content/dam/honeywell-edam/sps/hppe/en-us/products/fall-protection/harnesses-belts-and-accessories/miller-h500-harness/hon-ia-ppe-sp560-rev-a-harness-h500.pdf,https://automation.honeywell.com/us/en/products/personal-protective-equipment/fall-protection/harnesses/miller-h500-harness-construction-comfort-cc,,
Miller,"H500 CC6 Full-Body Harness, Quick-Connect Leg & Quick-Connect Chest Buckles, Back, Front, Side D-Ring(s), Steel Hardware - Size XXL",ppe,harness,"Polyester webbing, Steel hardware",OSHA 1926.502; ANSI Z359.11-2021; CSA Z259.10-2018,,,22 kN (webbing/D-ring),,190.5,,,,,H5CC221123,https://prod-edam.honeywell.com/content/dam/honeywell-edam/sps/hppe/en-us/products/fall-protection/harnesses-belts-and-accessories/miller-h500-harness/hon-ia-ppe-sp560-rev-a-harness-h500.pdf,https://automation.honeywell.com/us/en/products/personal-protective-equipment/fall-protection/harnesses/miller-h500-harness-construction-comfort-cc,,
Miller,"H500 CC7 Full-Body Harness, Tongue Leg & Mating Chest Buckles, Back D-Ring(s), Steel Hardware - Size S/M",ppe,harness,"Polyester webbing, Steel hardware",OSHA 1926.502; ANSI Z359.11-2021; CSA Z259.10-2018,,,22 kN (webbing/D-ring),,190.5,,,,,H5CC311001,https://prod-edam.honeywell.com/content/dam/honeywell-edam/sps/hppe/en-us/products/fall-protection/harnesses-belts-and-accessories/miller-h500-harness/hon-ia-ppe-sp560-rev-a-harness-h500.pdf,https://automation.honeywell.com/us/en/products/personal-protective-equipment/fall-protection/harnesses/miller-h500-harness-construction-comfort-cc,,
Miller,"H500 CC7 Full-Body Harness, Tongue Leg & Mating Chest Buckles, Back D-Ring(s), Steel Hardware - Size UNIV",ppe,harness,"Polyester webbing, Steel hardware",OSHA 1926.502; ANSI Z359.11-2021; CSA Z259.10-2018,,,22 kN (webbing/D-ring),,190.5,,,,,H5CC311002,https://prod-edam.honeywell.com/content/dam/honeywell-edam/sps/hppe/en-us/products/fall-protection/harnesses-belts-and-accessories/miller-h500-harness/hon-ia-ppe-sp560-rev-a-harness-h500.pdf,https://automation.honeywell.com/us/en/products/personal-protective-equipment/fall-protection/harnesses/miller-h500-harness-construction-comfort-cc,,
Miller,"H500 CC7 Full-Body Harness, Tongue Leg & Mating Chest Buckles, Back D-Ring(s), Steel Hardware - Size XXL",ppe,harness,"Polyester webbing, Steel hardware",OSHA 1926.502; ANSI Z359.11-2021; CSA Z259.10-2018,,,22 kN (webbing/D-ring),,190.5,,,,,H5CC311003,https://prod-edam.honeywell.com/content/dam/honeywell-edam/sps/hppe/en-us/products/fall-protection/harnesses-belts-and-accessories/miller-h500-harness/hon-ia-ppe-sp560-rev-a-harness-h500.pdf,https://automation.honeywell.com/us/en/products/personal-protective-equipment/fall-protection/harnesses/miller-h500-harness-construction-comfort-cc,,
Miller,"H500 CS1 Full-Body Harness, Tongue Leg & Mating Chest Buckles, Back, Side D-Ring(s), Steel Hardware - Size S/M",ppe,harness,"Polyester webbing, Steel hardware",OSHA 1926.502; ANSI Z359.11-2021; CSA Z259.10-2018,,,22 kN (webbing/D-ring),,190.5,,,,,H5CS311021,https://prod-edam.honeywell.com/content/dam/honeywell-edam/sps/hppe/en-us/products/fall-protection/harnesses-belts-and-accessories/miller-h500-harness/hon-ia-ppe-sp560-rev-a-harness-h500.pdf,https://automation.honeywell.com/us/en/products/personal-protective-equipment/fall-protection/harnesses/miller-h500-harness-construction-standard-cs,,
Miller,"H500 CS1 Full-Body Harness, Tongue Leg & Mating Chest Buckles, Back, Side D-Ring(s), Steel Hardware - Size UNIV",ppe,harness,"Polyester webbing, Steel hardware",OSHA 1926.502; ANSI Z359.11-2021; CSA Z259.10-2018,,,22 kN (webbing/D-ring),,190.5,,,,,H5CS311022,https://prod-edam.honeywell.com/content/dam/honeywell-edam/sps/hppe/en-us/products/fall-protection/harnesses-belts-and-accessories/miller-h500-harness/hon-ia-ppe-sp560-rev-a-harness-h500.pdf,https://automation.honeywell.com/us/en/products/personal-protective-equipment/fall-protection/harnesses/miller-h500-harness-construction-standard-cs,,
Miller,"H500 CS1 Full-Body Harness, Tongue Leg & Mating Chest Buckles, Back, Side D-Ring(s), Steel Hardware - Size XXL",ppe,harness,"Polyester webbing, Steel hardware",OSHA 1926.502; ANSI Z359.11-2021; CSA Z259.10-2018,,,22 kN (webbing/D-ring),,190.5,,,,,H5CS311023,https://prod-edam.honeywell.com/content/dam/honeywell-edam/sps/hppe/en-us/products/fall-protection/harnesses-belts-and-accessories/miller-h500-harness/hon-ia-ppe-sp560-rev-a-harness-h500.pdf,https://automation.honeywell.com/us/en/products/personal-protective-equipment/fall-protection/harnesses/miller-h500-harness-construction-standard-cs,,
Miller,"H500 CS1S Full-Body Harness, Tongue Leg & Mating Chest Buckles, Back, Side, Shoulder D-Ring(s), Steel Hardware - Size S/M",ppe,harness,"Polyester webbing, Steel hardware",OSHA 1926.502; ANSI Z359.11-2021; CSA Z259.10-2018,,,22 kN (webbing/D-ring),,190.5,,,,,H5CS31102S1,https://prod-edam.honeywell.com/content/dam/honeywell-edam/sps/hppe/en-us/products/fall-protection/harnesses-belts-and-accessories/miller-h500-harness/hon-ia-ppe-sp560-rev-a-harness-h500.pdf,https://automation.honeywell.com/us/en/products/personal-protective-equipment/fall-protection/harnesses/miller-h500-harness-construction-standard-cs,,
Miller,"H500 CS1S Full-Body Harness, Tongue Leg & Mating Chest Buckles, Back, Side, Shoulder D-Ring(s), Steel Hardware - Size UNIV",ppe,harness,"Polyester webbing, Steel hardware",OSHA 1926.502; ANSI Z359.11-2021; CSA Z259.10-2018,,,22 kN (webbing/D-ring),,190.5,,,,,H5CS31102S2,https://prod-edam.honeywell.com/content/dam/honeywell-edam/sps/hppe/en-us/products/fall-protection/harnesses-belts-and-accessories/miller-h500-harness/hon-ia-ppe-sp560-rev-a-harness-h500.pdf,https://automation.honeywell.com/us/en/products/personal-protective-equipment/fall-protection/harnesses/miller-h500-harness-construction-standard-cs,,
Miller,"H500 CS1S Full-Body Harness, Tongue Leg & Mating Chest Buckles, Back, Side, Shoulder D-Ring(s), Steel Hardware - Size XXL",ppe,harness,"Polyester webbing, Steel hardware",OSHA 1926.502; ANSI Z359.11-2021; CSA Z259.10-2018,,,22 kN (webbing/D-ring),,190.5,,,,,H5CS31102S3,https://prod-edam.honeywell.com/content/dam/honeywell-edam/sps/hppe/en-us/products/fall-protection/harnesses-belts-and-accessories/miller-h500-harness/hon-ia-ppe-sp560-rev-a-harness-h500.pdf,https://automation.honeywell.com/us/en/products/personal-protective-equipment/fall-protection/harnesses/miller-h500-harness-construction-standard-cs,,
Miller,"H500 CS2 Full-Body Harness, Tongue Leg & Mating Chest Buckles, Back, Front, Side D-Ring(s), Steel Hardware - Size S/M",ppe,harness,"Polyester webbing, Steel hardware",OSHA 1926.502; ANSI Z359.11-2021; CSA Z259.10-2018,,,22 kN (webbing/D-ring),,190.5,,,,,H5CS311121,https://prod-edam.honeywell.com/content/dam/honeywell-edam/sps/hppe/en-us/products/fall-protection/harnesses-belts-and-accessories/miller-h500-harness/hon-ia-ppe-sp560-rev-a-harness-h500.pdf,https://automation.honeywell.com/us/en/products/personal-protective-equipment/fall-protection/harnesses/miller-h500-harness-construction-standard-cs,,
Miller,"H500 CS2 Full-Body Harness, Tongue Leg & Mating Chest Buckles, Back, Front, Side D-Ring(s), Steel Hardware - Size UNIV",ppe,harness,"Polyester webbing, Steel hardware",OSHA 1926.502; ANSI Z359.11-2021; CSA Z259.10-2018,,,22 kN (webbing/D-ring),,190.5,,,,,H5CS311122,https://prod-edam.honeywell.com/content/dam/honeywell-edam/sps/hppe/en-us/products/fall-protection/harnesses-belts-and-accessories/miller-h500-harness/hon-ia-ppe-sp560-rev-a-harness-h500.pdf,https://automation.honeywell.com/us/en/products/personal-protective-equipment/fall-protection/harnesses/miller-h500-harness-construction-standard-cs,,
Miller,"H500 CS2 Full-Body Harness, Tongue Leg & Mating Chest Buckles, Back, Front, Side D-Ring(s), Steel Hardware - Size XXL",ppe,harness,"Polyester webbing, Steel hardware",OSHA 1926.502; ANSI Z359.11-2021; CSA Z259.10-2018,,,22 kN (webbing/D-ring),,190.5,,,,,H5CS311123,https://prod-edam.honeywell.com/content/dam/honeywell-edam/sps/hppe/en-us/products/fall-protection/harnesses-belts-and-accessories/miller-h500-harness/hon-ia-ppe-sp560-rev-a-harness-h500.pdf,https://automation.honeywell.com/us/en/products/personal-protective-equipment/fall-protection/harnesses/miller-h500-harness-construction-standard-cs,,
Miller,"H500 CS3 Full-Body Harness, Quick-Connect Leg & Quick-Connect Chest Buckles, Back, Side D-Ring(s), Steel Hardware - Size S/M",ppe,harness,"Polyester webbing, Steel hardware",OSHA 1926.502; ANSI Z359.11-2021; CSA Z259.10-2018,,,22 kN (webbing/D-ring),,190.5,,,,,H5CS221021,https://prod-edam.honeywell.com/content/dam/honeywell-edam/sps/hppe/en-us/products/fall-protection/harnesses-belts-and-accessories/miller-h500-harness/hon-ia-ppe-sp560-rev-a-harness-h500.pdf,https://automation.honeywell.com/us/en/products/personal-protective-equipment/fall-protection/harnesses/miller-h500-harness-construction-standard-cs,,
Miller,"H500 CS3 Full-Body Harness, Quick-Connect Leg & Quick-Connect Chest Buckles, Back, Side D-Ring(s), Steel Hardware - Size UNIV",ppe,harness,"Polyester webbing, Steel hardware",OSHA 1926.502; ANSI Z359.11-2021; CSA Z259.10-2018,,,22 kN (webbing/D-ring),,190.5,,,,,H5CS221022,https://prod-edam.honeywell.com/content/dam/honeywell-edam/sps/hppe/en-us/products/fall-protection/harnesses-belts-and-accessories/miller-h500-harness/hon-ia-ppe-sp560-rev-a-harness-h500.pdf,https://automation.honeywell.com/us/en/products/personal-protective-equipment/fall-protection/harnesses/miller-h500-harness-construction-standard-cs,,
Miller,"H500 CS3 Full-Body Harness, Quick-Connect Leg & Quick-Connect Chest Buckles, Back, Side D-Ring(s), Steel Hardware - Size XXL",ppe,harness,"Polyester webbing, Steel hardware",OSHA 1926.502; ANSI Z359.11-2021; CSA Z259.10-2018,,,22 kN (webbing/D-ring),,190.5,,,,,H5CS221023,https://prod-edam.honeywell.com/content/dam/honeywell-edam/sps/hppe/en-us/products/fall-protection/harnesses-belts-and-accessories/miller-h500-harness/hon-ia-ppe-sp560-rev-a-harness-h500.pdf,https://automation.honeywell.com/us/en/products/personal-protective-equipment/fall-protection/harnesses/miller-h500-harness-construction-standard-cs,,
Miller,"H500 IC1 Full-Body Harness, Tongue Leg & Mating Chest Buckles, Back D-Ring(s), Steel Hardware - Size S/M",ppe,harness,"Polyester webbing, Steel hardware",OSHA 1926.502; ANSI Z359.11-2021; CSA Z259.10-2018,,,22 kN (webbing/D-ring),,190.5,,,,,H5IC311001,https://prod-edam.honeywell.com/content/dam/honeywell-edam/sps/hppe/en-us/products/fall-protection/harnesses-belts-and-accessories/miller-h500-harness/hon-ia-ppe-sp560-rev-a-harness-h500.pdf,https://automation.honeywell.com/us/en/products/personal-protective-equipment/fall-protection/harnesses/miller-h500-harness-industry-comfort-ic,,
Miller,"H500 IC1 Full-Body Harness, Tongue Leg & Mating Chest Buckles, Back D-Ring(s), Steel Hardware - Size UNIV",ppe,harness,"Polyester webbing, Steel hardware",OSHA 1926.502; ANSI Z359.11-2021; CSA Z259.10-2018,,,22 kN (webbing/D-ring),,190.5,,,,,H5IC311002,https://prod-edam.honeywell.com/content/dam/honeywell-edam/sps/hppe/en-us/products/fall-protection/harnesses-belts-and-accessories/miller-h500-harness/hon-ia-ppe-sp560-rev-a-harness-h500.pdf,https://automation.honeywell.com/us/en/products/personal-protective-equipment/fall-protection/harnesses/miller-h500-harness-industry-comfort-ic,,
Miller,"H500 IC1 Full-Body Harness, Tongue Leg & Mating Chest Buckles, Back D-Ring(s), Steel Hardware - Size XXL",ppe,harness,"Polyester webbing, Steel hardware",OSHA 1926.502; ANSI Z359.11-2021; CSA Z259.10-2018,,,22 kN (webbing/D-ring),,190.5,,,,,H5IC311003,https://prod-edam.honeywell.com/content/dam/honeywell-edam/sps/hppe/en-us/products/fall-protection/harnesses-belts-and-accessories/miller-h500-harness/hon-ia-ppe-sp560-rev-a-harness-h500.pdf,https://automation.honeywell.com/us/en/products/personal-protective-equipment/fall-protection/harnesses/miller-h500-harness-industry-comfort-ic,,
Miller,"H500 IC2 Full-Body Harness, Quick-Connect Leg & Quick-Connect Chest Buckles, Back D-Ring(s), Steel Hardware - Size S/M",ppe,harness,"Polyester webbing, Steel hardware",OSHA 1926.502; ANSI Z359.11-2021; CSA Z259.10-2018,,,22 kN (webbing/D-ring),,190.5,,,,,H5IC221001,https://prod-edam.honeywell.com/content/dam/honeywell-edam/sps/hppe/en-us/products/fall-protection/harnesses-belts-and-accessories/miller-h500-harness/hon-ia-ppe-sp560-rev-a-harness-h500.pdf,https://automation.honeywell.com/us/en/products/personal-protective-equipment/fall-protection/harnesses/miller-h500-harness-industry-comfort-ic,,
Miller,"H500 IC2 Full-Body Harness, Quick-Connect Leg & Quick-Connect Chest Buckles, Back D-Ring(s), Steel Hardware - Size UNIV",ppe,harness,"Polyester webbing, Steel hardware",OSHA 1926.502; ANSI Z359.11-2021; CSA Z259.10-2018,,,22 kN (webbing/D-ring),,190.5,,,,,H5IC221002,https://prod-edam.honeywell.com/content/dam/honeywell-edam/sps/hppe/en-us/products/fall-protection/harnesses-belts-and-accessories/miller-h500-harness/hon-ia-ppe-sp560-rev-a-harness-h500.pdf,https://automation.honeywell.com/us/en/products/personal-protective-equipment/fall-protection/harnesses/miller-h500-harness-industry-comfort-ic,,
Miller,"H500 IC2 Full-Body Harness, Quick-Connect Leg & Quick-Connect Chest Buckles, Back D-Ring(s), Steel Hardware - Size XXL",ppe,harness,"Polyester webbing, Steel hardware",OSHA 1926.502; ANSI Z359.11-2021; CSA Z259.10-2018,,,22 kN (webbing/D-ring),,190.5,,,,,H5IC221003,https://prod-edam.honeywell.com/content/dam/honeywell-edam/sps/hppe/en-us/products/fall-protection/harnesses-belts-and-accessories/miller-h500-harness/hon-ia-ppe-sp560-rev-a-harness-h500.pdf,https://automation.honeywell.com/us/en/products/personal-protective-equipment/fall-protection/harnesses/miller-h500-harness-industry-comfort-ic,,
Miller,"H500 IC3 Full-Body Harness, Quick-Connect Leg & Quick-Connect Chest Buckles, Back, Side D-Ring(s), Aluminum Hardware - Size S/M",ppe,harness,"Polyester webbing, Aluminum hardware",OSHA 1926.502; ANSI Z359.11-2021; CSA Z259.10-2018,,,22 kN (webbing/D-ring),,190.5,,,,,H5IC222021,https://prod-edam.honeywell.com/content/dam/honeywell-edam/sps/hppe/en-us/products/fall-protection/harnesses-belts-and-accessories/miller-h500-harness/hon-ia-ppe-sp560-rev-a-harness-h500.pdf,https://automation.honeywell.com/us/en/products/personal-protective-equipment/fall-protection/harnesses/miller-h500-harness-industry-comfort-ic,,
Miller,"H500 IC3 Full-Body Harness, Quick-Connect Leg & Quick-Connect Chest Buckles, Back, Side D-Ring(s), Aluminum Hardware - Size UNIV",ppe,harness,"Polyester webbing, Aluminum hardware",OSHA 1926.502; ANSI Z359.11-2021; CSA Z259.10-2018,,,22 kN (webbing/D-ring),,190.5,,,,,H5IC222022,https://prod-edam.honeywell.com/content/dam/honeywell-edam/sps/hppe/en-us/products/fall-protection/harnesses-belts-and-accessories/miller-h500-harness/hon-ia-ppe-sp560-rev-a-harness-h500.pdf,https://automation.honeywell.com/us/en/products/personal-protective-equipment/fall-protection/harnesses/miller-h500-harness-industry-comfort-ic,,
Miller,"H500 IC3 Full-Body Harness, Quick-Connect Leg & Quick-Connect Chest Buckles, Back, Side D-Ring(s), Aluminum Hardware - Size XXL",ppe,harness,"Polyester webbing, Aluminum hardware",OSHA 1926.502; ANSI Z359.11-2021; CSA Z259.10-2018,,,22 kN (webbing/D-ring),,190.5,,,,,H5IC222023,https://prod-edam.honeywell.com/content/dam/honeywell-edam/sps/hppe/en-us/products/fall-protection/harnesses-belts-and-accessories/miller-h500-harness/hon-ia-ppe-sp560-rev-a-harness-h500.pdf,https://automation.honeywell.com/us/en/products/personal-protective-equipment/fall-protection/harnesses/miller-h500-harness-industry-comfort-ic,,
Miller,"H500 IC4 Full-Body Harness, Quick-Connect Leg & Quick-Connect Chest Buckles, Back, Side D-Ring(s), Steel Hardware - Size S/M",ppe,harness,"Polyester webbing, Steel hardware",OSHA 1926.502; ANSI Z359.11-2021; CSA Z259.10-2018,,,22 kN (webbing/D-ring),,190.5,,,,,H5IC221021,https://prod-edam.honeywell.com/content/dam/honeywell-edam/sps/hppe/en-us/products/fall-protection/harnesses-belts-and-accessories/miller-h500-harness/hon-ia-ppe-sp560-rev-a-harness-h500.pdf,https://automation.honeywell.com/us/en/products/personal-protective-equipment/fall-protection/harnesses/miller-h500-harness-industry-comfort-ic,,
Miller,"H500 IC4 Full-Body Harness, Quick-Connect Leg & Quick-Connect Chest Buckles, Back, Side D-Ring(s), Steel Hardware - Size UNIV",ppe,harness,"Polyester webbing, Steel hardware",OSHA 1926.502; ANSI Z359.11-2021; CSA Z259.10-2018,,,22 kN (webbing/D-ring),,190.5,,,,,H5IC221022,https://prod-edam.honeywell.com/content/dam/honeywell-edam/sps/hppe/en-us/products/fall-protection/harnesses-belts-and-accessories/miller-h500-harness/hon-ia-ppe-sp560-rev-a-harness-h500.pdf,https://automation.honeywell.com/us/en/products/personal-protective-equipment/fall-protection/harnesses/miller-h500-harness-industry-comfort-ic,,
Miller,"H500 IC4 Full-Body Harness, Quick-Connect Leg & Quick-Connect Chest Buckles, Back, Side D-Ring(s), Steel Hardware - Size XXL",ppe,harness,"Polyester webbing, Steel hardware",OSHA 1926.502; ANSI Z359.11-2021; CSA Z259.10-2018,,,22 kN (webbing/D-ring),,190.5,,,,,H5IC221023,https://prod-edam.honeywell.com/content/dam/honeywell-edam/sps/hppe/en-us/products/fall-protection/harnesses-belts-and-accessories/miller-h500-harness/hon-ia-ppe-sp560-rev-a-harness-h500.pdf,https://automation.honeywell.com/us/en/products/personal-protective-equipment/fall-protection/harnesses/miller-h500-harness-industry-comfort-ic,,
Miller,"H500 IC5 Full-Body Harness, Tongue Leg & Mating Chest Buckles, Back, Front, Side D-Ring(s), Steel Hardware - Size S/M",ppe,harness,"Polyester webbing, Steel hardware",OSHA 1926.502; ANSI Z359.11-2021; CSA Z259.10-2018,,,22 kN (webbing/D-ring),,190.5,,,,,H5IC311121,https://prod-edam.honeywell.com/content/dam/honeywell-edam/sps/hppe/en-us/products/fall-protection/harnesses-belts-and-accessories/miller-h500-harness/hon-ia-ppe-sp560-rev-a-harness-h500.pdf,https://automation.honeywell.com/us/en/products/personal-protective-equipment/fall-protection/harnesses/miller-h500-harness-industry-comfort-ic,,
Miller,"H500 IC5 Full-Body Harness, Tongue Leg & Mating Chest Buckles, Back, Front, Side D-Ring(s), Steel Hardware - Size UNIV",ppe,harness,"Polyester webbing, Steel hardware",OSHA 1926.502; ANSI Z359.11-2021; CSA Z259.10-2018,,,22 kN (webbing/D-ring),,190.5,,,,,H5IC311122,https://prod-edam.honeywell.com/content/dam/honeywell-edam/sps/hppe/en-us/products/fall-protection/harnesses-belts-and-accessories/miller-h500-harness/hon-ia-ppe-sp560-rev-a-harness-h500.pdf,https://automation.honeywell.com/us/en/products/personal-protective-equipment/fall-protection/harnesses/miller-h500-harness-industry-comfort-ic,,
Miller,"H500 IC5 Full-Body Harness, Tongue Leg & Mating Chest Buckles, Back, Front, Side D-Ring(s), Steel Hardware - Size XXL",ppe,harness,"Polyester webbing, Steel hardware",OSHA 1926.502; ANSI Z359.11-2021; CSA Z259.10-2018,,,22 kN (webbing/D-ring),,190.5,,,,,H5IC311123,https://prod-edam.honeywell.com/content/dam/honeywell-edam/sps/hppe/en-us/products/fall-protection/harnesses-belts-and-accessories/miller-h500-harness/hon-ia-ppe-sp560-rev-a-harness-h500.pdf,https://automation.honeywell.com/us/en/products/personal-protective-equipment/fall-protection/harnesses/miller-h500-harness-industry-comfort-ic,,
Miller,"H500 IC6 Full-Body Harness, Quick-Connect Leg & Quick-Connect Chest Buckles, Back, Front D-Ring(s), Steel Hardware - Size S/M",ppe,harness,"Polyester webbing, Steel hardware",OSHA 1926.502; ANSI Z359.11-2021; CSA Z259.10-2018,,,22 kN (webbing/D-ring),,190.5,,,,,H5IC221101,https://prod-edam.honeywell.com/content/dam/honeywell-edam/sps/hppe/en-us/products/fall-protection/harnesses-belts-and-accessories/miller-h500-harness/hon-ia-ppe-sp560-rev-a-harness-h500.pdf,https://automation.honeywell.com/us/en/products/personal-protective-equipment/fall-protection/harnesses/miller-h500-harness-industry-comfort-ic,,
Miller,"H500 IC6 Full-Body Harness, Quick-Connect Leg & Quick-Connect Chest Buckles, Back, Front D-Ring(s), Steel Hardware - Size UNIV",ppe,harness,"Polyester webbing, Steel hardware",OSHA 1926.502; ANSI Z359.11-2021; CSA Z259.10-2018,,,22 kN (webbing/D-ring),,190.5,,,,,H5IC221102,https://prod-edam.honeywell.com/content/dam/honeywell-edam/sps/hppe/en-us/products/fall-protection/harnesses-belts-and-accessories/miller-h500-harness/hon-ia-ppe-sp560-rev-a-harness-h500.pdf,https://automation.honeywell.com/us/en/products/personal-protective-equipment/fall-protection/harnesses/miller-h500-harness-industry-comfort-ic,,
Miller,"H500 IC6 Full-Body Harness, Quick-Connect Leg & Quick-Connect Chest Buckles, Back, Front D-Ring(s), Steel Hardware - Size XXL",ppe,harness,"Polyester webbing, Steel hardware",OSHA 1926.502; ANSI Z359.11-2021; CSA Z259.10-2018,,,22 kN (webbing/D-ring),,190.5,,,,,H5IC221103,https://prod-edam.honeywell.com/content/dam/honeywell-edam/sps/hppe/en-us/products/fall-protection/harnesses-belts-and-accessories/miller-h500-harness/hon-ia-ppe-sp560-rev-a-harness-h500.pdf,https://automation.honeywell.com/us/en/products/personal-protective-equipment/fall-protection/harnesses/miller-h500-harness-industry-comfort-ic,,
Miller,"H500 IS1P Full-Body Harness, Tongue Leg & Mating Chest Buckles, Back D-Ring(s), Steel Hardware - Size S/M",ppe,harness,"Polyester webbing, Steel hardware",OSHA 1926.502; ANSI Z359.11-2021; CSA Z259.10-2018,,,22 kN (webbing/D-ring),,190.5,,,,,H5ISP311001,https://prod-edam.honeywell.com/content/dam/honeywell-edam/sps/hppe/en-us/products/fall-protection/harnesses-belts-and-accessories/miller-h500-harness/hon-ia-ppe-sp560-rev-a-harness-h500.pdf,https://automation.honeywell.com/us/en/products/personal-protective-equipment/fall-protection/harnesses/miller-h500-harness-industry-standard-is,,
Miller,"H500 IS1P Full-Body Harness, Tongue Leg & Mating Chest Buckles, Back D-Ring(s), Steel Hardware - Size UNIV",ppe,harness,"Polyester webbing, Steel hardware",OSHA 1926.502; ANSI Z359.11-2021; CSA Z259.10-2018,,,22 kN (webbing/D-ring),,190.5,,,,,H5ISP311002,https://prod-edam.honeywell.com/content/dam/honeywell-edam/sps/hppe/en-us/products/fall-protection/harnesses-belts-and-accessories/miller-h500-harness/hon-ia-ppe-sp560-rev-a-harness-h500.pdf,https://automation.honeywell.com/us/en/products/personal-protective-equipment/fall-protection/harnesses/miller-h500-harness-industry-standard-is,,
Miller,"H500 IS1P Full-Body Harness, Tongue Leg & Mating Chest Buckles, Back D-Ring(s), Steel Hardware - Size XXL",ppe,harness,"Polyester webbing, Steel hardware",OSHA 1926.502; ANSI Z359.11-2021; CSA Z259.10-2018,,,22 kN (webbing/D-ring),,190.5,,,,,H5ISP311003,https://prod-edam.honeywell.com/content/dam/honeywell-edam/sps/hppe/en-us/products/fall-protection/harnesses-belts-and-accessories/miller-h500-harness/hon-ia-ppe-sp560-rev-a-harness-h500.pdf,https://automation.honeywell.com/us/en/products/personal-protective-equipment/fall-protection/harnesses/miller-h500-harness-industry-standard-is,,
Miller,"H500 IS2P Full-Body Harness, Tongue Leg & Mating Chest Buckles, Back, Side D-Ring(s), Steel Hardware - Size S/M",ppe,harness,"Polyester webbing, Steel hardware",OSHA 1926.502; ANSI Z359.11-2021; CSA Z259.10-2018,,,22 kN (webbing/D-ring),,190.5,,,,,H5ISP311021,https://prod-edam.honeywell.com/content/dam/honeywell-edam/sps/hppe/en-us/products/fall-protection/harnesses-belts-and-accessories/miller-h500-harness/hon-ia-ppe-sp560-rev-a-harness-h500.pdf,https://automation.honeywell.com/us/en/products/personal-protective-equipment/fall-protection/harnesses/miller-h500-harness-industry-standard-is,,
Miller,"H500 IS2P Full-Body Harness, Tongue Leg & Mating Chest Buckles, Back, Side D-Ring(s), Steel Hardware - Size UNIV",ppe,harness,"Polyester webbing, Steel hardware",OSHA 1926.502; ANSI Z359.11-2021; CSA Z259.10-2018,,,22 kN (webbing/D-ring),,190.5,,,,,H5ISP311022,https://prod-edam.honeywell.com/content/dam/honeywell-edam/sps/hppe/en-us/products/fall-protection/harnesses-belts-and-accessories/miller-h500-harness/hon-ia-ppe-sp560-rev-a-harness-h500.pdf,https://automation.honeywell.com/us/en/products/personal-protective-equipment/fall-protection/harnesses/miller-h500-harness-industry-standard-is,,
Miller,"H500 IS2P Full-Body Harness, Tongue Leg & Mating Chest Buckles, Back, Side D-Ring(s), Steel Hardware - Size XXL",ppe,harness,"Polyester webbing, Steel hardware",OSHA 1926.502; ANSI Z359.11-2021; CSA Z259.10-2018,,,22 kN (webbing/D-ring),,190.5,,,,,H5ISP311023,https://prod-edam.honeywell.com/content/dam/honeywell-edam/sps/hppe/en-us/products/fall-protection/harnesses-belts-and-accessories/miller-h500-harness/hon-ia-ppe-sp560-rev-a-harness-h500.pdf,https://automation.honeywell.com/us/en/products/personal-protective-equipment/fall-protection/harnesses/miller-h500-harness-industry-standard-is,,
Miller,"H500 IS3 Full-Body Harness, Tongue Leg & Mating Chest Buckles, Back, Front D-Ring(s), Steel Hardware - Size S/M",ppe,harness,"Polyester webbing, Steel hardware",OSHA 1926.502; ANSI Z359.11-2021; CSA Z259.10-2018,,,22 kN (webbing/D-ring),,190.5,,,,,H5IS311101,https://prod-edam.honeywell.com/content/dam/honeywell-edam/sps/hppe/en-us/products/fall-protection/harnesses-belts-and-accessories/miller-h500-harness/hon-ia-ppe-sp560-rev-a-harness-h500.pdf,https://automation.honeywell.com/us/en/products/personal-protective-equipment/fall-protection/harnesses/miller-h500-harness-industry-standard-is,,
Miller,"H500 IS3 Full-Body Harness, Tongue Leg & Mating Chest Buckles, Back, Front D-Ring(s), Steel Hardware - Size UNIV",ppe,harness,"Polyester webbing, Steel hardware",OSHA 1926.502; ANSI Z359.11-2021; CSA Z259.10-2018,,,22 kN (webbing/D-ring),,190.5,,,,,H5IS311102,https://prod-edam.honeywell.com/content/dam/honeywell-edam/sps/hppe/en-us/products/fall-protection/harnesses-belts-and-accessories/miller-h500-harness/hon-ia-ppe-sp560-rev-a-harness-h500.pdf,https://automation.honeywell.com/us/en/products/personal-protective-equipment/fall-protection/harnesses/miller-h500-harness-industry-standard-is,,
Miller,"H500 IS3 Full-Body Harness, Tongue Leg & Mating Chest Buckles, Back, Front D-Ring(s), Steel Hardware - Size XXL",ppe,harness,"Polyester webbing, Steel hardware",OSHA 1926.502; ANSI Z359.11-2021; CSA Z259.10-2018,,,22 kN (webbing/D-ring),,190.5,,,,,H5IS311103,https://prod-edam.honeywell.com/content/dam/honeywell-edam/sps/hppe/en-us/products/fall-protection/harnesses-belts-and-accessories/miller-h500-harness/hon-ia-ppe-sp560-rev-a-harness-h500.pdf,https://automation.honeywell.com/us/en/products/personal-protective-equipment/fall-protection/harnesses/miller-h500-harness-industry-standard-is,,
Miller,"H500 IS3S Full-Body Harness, Tongue Leg & Mating Chest Buckles, Back, Front, Shoulder D-Ring(s), Steel Hardware - Size S/M",ppe,harness,"Polyester webbing, Steel hardware",OSHA 1926.502; ANSI Z359.11-2021; CSA Z259.10-2018,,,22 kN (webbing/D-ring),,190.5,,,,,H5IS31110S1,https://prod-edam.honeywell.com/content/dam/honeywell-edam/sps/hppe/en-us/products/fall-protection/harnesses-belts-and-accessories/miller-h500-harness/hon-ia-ppe-sp560-rev-a-harness-h500.pdf,https://automation.honeywell.com/us/en/products/personal-protective-equipment/fall-protection/harnesses/miller-h500-harness-industry-standard-is,,
Miller,"H500 IS3S Full-Body Harness, Tongue Leg & Mating Chest Buckles, Back, Front, Shoulder D-Ring(s), Steel Hardware - Size UNIV",ppe,harness,"Polyester webbing, Steel hardware",OSHA 1926.502; ANSI Z359.11-2021; CSA Z259.10-2018,,,22 kN (webbing/D-ring),,190.5,,,,,H5IS31110S2,https://prod-edam.honeywell.com/content/dam/honeywell-edam/sps/hppe/en-us/products/fall-protection/harnesses-belts-and-accessories/miller-h500-harness/hon-ia-ppe-sp560-rev-a-harness-h500.pdf,https://automation.honeywell.com/us/en/products/personal-protective-equipment/fall-protection/harnesses/miller-h500-harness-industry-standard-is,,
Miller,"H500 IS3S Full-Body Harness, Tongue Leg & Mating Chest Buckles, Back, Front, Shoulder D-Ring(s), Steel Hardware - Size XXL",ppe,harness,"Polyester webbing, Steel hardware",OSHA 1926.502; ANSI Z359.11-2021; CSA Z259.10-2018,,,22 kN (webbing/D-ring),,190.5,,,,,H5IS31110S3,https://prod-edam.honeywell.com/content/dam/honeywell-edam/sps/hppe/en-us/products/fall-protection/harnesses-belts-and-accessories/miller-h500-harness/hon-ia-ppe-sp560-rev-a-harness-h500.pdf,https://automation.honeywell.com/us/en/products/personal-protective-equipment/fall-protection/harnesses/miller-h500-harness-industry-standard-is,,
Miller,"H500 IS4 Full-Body Harness, Tongue Leg & Mating Chest Buckles, Back, Front, Side D-Ring(s), Steel Hardware - Size S/M",ppe,harness,"Polyester webbing, Steel hardware",OSHA 1926.502; ANSI Z359.11-2021; CSA Z259.10-2018,,,22 kN (webbing/D-ring),,190.5,,,,,H5IS311121,https://prod-edam.honeywell.com/content/dam/honeywell-edam/sps/hppe/en-us/products/fall-protection/harnesses-belts-and-accessories/miller-h500-harness/hon-ia-ppe-sp560-rev-a-harness-h500.pdf,https://automation.honeywell.com/us/en/products/personal-protective-equipment/fall-protection/harnesses/miller-h500-harness-industry-standard-is,,
Miller,"H500 IS4 Full-Body Harness, Tongue Leg & Mating Chest Buckles, Back, Front, Side D-Ring(s), Steel Hardware - Size UNIV",ppe,harness,"Polyester webbing, Steel hardware",OSHA 1926.502; ANSI Z359.11-2021; CSA Z259.10-2018,,,22 kN (webbing/D-ring),,190.5,,,,,H5IS311122,https://prod-edam.honeywell.com/content/dam/honeywell-edam/sps/hppe/en-us/products/fall-protection/harnesses-belts-and-accessories/miller-h500-harness/hon-ia-ppe-sp560-rev-a-harness-h500.pdf,https://automation.honeywell.com/us/en/products/personal-protective-equipment/fall-protection/harnesses/miller-h500-harness-industry-standard-is,,
Miller,"H500 IS4 Full-Body Harness, Tongue Leg & Mating Chest Buckles, Back, Front, Side D-Ring(s), Steel Hardware - Size XXL",ppe,harness,"Polyester webbing, Steel hardware",OSHA 1926.502; ANSI Z359.11-2021; CSA Z259.10-2018,,,22 kN (webbing/D-ring),,190.5,,,,,H5IS311123,https://prod-edam.honeywell.com/content/dam/honeywell-edam/sps/hppe/en-us/products/fall-protection/harnesses-belts-and-accessories/miller-h500-harness/hon-ia-ppe-sp560-rev-a-harness-h500.pdf,https://automation.honeywell.com/us/en/products/personal-protective-equipment/fall-protection/harnesses/miller-h500-harness-industry-standard-is,,
Miller,"H500 IS5P Full-Body Harness, Quick-Connect Leg & Quick-Connect Chest Buckles, Back D-Ring(s), Steel Hardware - Size S/M",ppe,harness,"Polyester webbing, Steel hardware",OSHA 1926.502; ANSI Z359.11-2021; CSA Z259.10-2018,,,22 kN (webbing/D-ring),,190.5,,,,,H5ISP221001,https://prod-edam.honeywell.com/content/dam/honeywell-edam/sps/hppe/en-us/products/fall-protection/harnesses-belts-and-accessories/miller-h500-harness/hon-ia-ppe-sp560-rev-a-harness-h500.pdf,https://automation.honeywell.com/us/en/products/personal-protective-equipment/fall-protection/harnesses/miller-h500-harness-industry-standard-is,,
Miller,"H500 IS5P Full-Body Harness, Quick-Connect Leg & Quick-Connect Chest Buckles, Back D-Ring(s), Steel Hardware - Size UNIV",ppe,harness,"Polyester webbing, Steel hardware",OSHA 1926.502; ANSI Z359.11-2021; CSA Z259.10-2018,,,22 kN (webbing/D-ring),,190.5,,,,,H5ISP221002,https://prod-edam.honeywell.com/content/dam/honeywell-edam/sps/hppe/en-us/products/fall-protection/harnesses-belts-and-accessories/miller-h500-harness/hon-ia-ppe-sp560-rev-a-harness-h500.pdf,https://automation.honeywell.com/us/en/products/personal-protective-equipment/fall-protection/harnesses/miller-h500-harness-industry-standard-is,,
Miller,"H500 IS5P Full-Body Harness, Quick-Connect Leg & Quick-Connect Chest Buckles, Back D-Ring(s), Steel Hardware - Size XXL",ppe,harness,"Polyester webbing, Steel hardware",OSHA 1926.502; ANSI Z359.11-2021; CSA Z259.10-2018,,,22 kN (webbing/D-ring),,190.5,,,,,H5ISP221003,https://prod-edam.honeywell.com/content/dam/honeywell-edam/sps/hppe/en-us/products/fall-protection/harnesses-belts-and-accessories/miller-h500-harness/hon-ia-ppe-sp560-rev-a-harness-h500.pdf,https://automation.honeywell.com/us/en/products/personal-protective-equipment/fall-protection/harnesses/miller-h500-harness-industry-standard-is,,
Miller,"H500 IS6P Full-Body Harness, Mating Leg & Mating Chest Buckles, Back D-Ring(s), Steel Hardware - Size S/M",ppe,harness,"Polyester webbing, Steel hardware",OSHA 1926.502; ANSI Z359.11-2021; CSA Z259.10-2018,,,22 kN (webbing/D-ring),,190.5,,,,,H5ISP111001,https://prod-edam.honeywell.com/content/dam/honeywell-edam/sps/hppe/en-us/products/fall-protection/harnesses-belts-and-accessories/miller-h500-harness/hon-ia-ppe-sp560-rev-a-harness-h500.pdf,https://automation.honeywell.com/us/en/products/personal-protective-equipment/fall-protection/harnesses/miller-h500-harness-industry-standard-is,,
Miller,"H500 IS6P Full-Body Harness, Mating Leg & Mating Chest Buckles, Back D-Ring(s), Steel Hardware - Size UNIV",ppe,harness,"Polyester webbing, Steel hardware",OSHA 1926.502; ANSI Z359.11-2021; CSA Z259.10-2018,,,22 kN (webbing/D-ring),,190.5,,,,,H5ISP111002,https://prod-edam.honeywell.com/content/dam/honeywell-edam/sps/hppe/en-us/products/fall-protection/harnesses-belts-and-accessories/miller-h500-harness/hon-ia-ppe-sp560-rev-a-harness-h500.pdf,https://automation.honeywell.com/us/en/products/personal-protective-equipment/fall-protection/harnesses/miller-h500-harness-industry-standard-is,,
Miller,"H500 IS6P Full-Body Harness, Mating Leg & Mating Chest Buckles, Back D-Ring(s), Steel Hardware - Size XXL",ppe,harness,"Polyester webbing, Steel hardware",OSHA 1926.502; ANSI Z359.11-2021; CSA Z259.10-2018,,,22 kN (webbing/D-ring),,190.5,,,,,H5ISP111003,https://prod-edam.honeywell.com/content/dam/honeywell-edam/sps/hppe/en-us/products/fall-protection/harnesses-belts-and-accessories/miller-h500-harness/hon-ia-ppe-sp560-rev-a-harness-h500.pdf,https://automation.honeywell.com/us/en/products/personal-protective-equipment/fall-protection/harnesses/miller-h500-harness-industry-standard-is,,
Miller,"H500 IS7P Full-Body Harness, Mating Leg & Mating Chest Buckles, Back, Side D-Ring(s), Steel Hardware - Size S/M",ppe,harness,"Polyester webbing, Steel hardware",OSHA 1926.502; ANSI Z359.11-2021; CSA Z259.10-2018,,,22 kN (webbing/D-ring),,190.5,,,,,H5ISP111021,https://prod-edam.honeywell.com/content/dam/honeywell-edam/sps/hppe/en-us/products/fall-protection/harnesses-belts-and-accessories/miller-h500-harness/hon-ia-ppe-sp560-rev-a-harness-h500.pdf,https://automation.honeywell.com/us/en/products/personal-protective-equipment/fall-protection/harnesses/miller-h500-harness-industry-standard-is,,
Miller,"H500 IS7P Full-Body Harness, Mating Leg & Mating Chest Buckles, Back, Side D-Ring(s), Steel Hardware - Size UNIV",ppe,harness,"Polyester webbing, Steel hardware",OSHA 1926.502; ANSI Z359.11-2021; CSA Z259.10-2018,,,22 kN (webbing/D-ring),,190.5,,,,,H5ISP111022,https://prod-edam.honeywell.com/content/dam/honeywell-edam/sps/hppe/en-us/products/fall-protection/harnesses-belts-and-accessories/miller-h500-harness/hon-ia-ppe-sp560-rev-a-harness-h500.pdf,https://automation.honeywell.com/us/en/products/personal-protective-equipment/fall-protection/harnesses/miller-h500-harness-industry-standard-is,,
Miller,"H500 IS7P Full-Body Harness, Mating Leg & Mating Chest Buckles, Back, Side D-Ring(s), Steel Hardware - Size XXL",ppe,harness,"Polyester webbing, Steel hardware",OSHA 1926.502; ANSI Z359.11-2021; CSA Z259.10-2018,,,22 kN (webbing/D-ring),,190.5,,,,,H5ISP111023,https://prod-edam.honeywell.com/content/dam/honeywell-edam/sps/hppe/en-us/products/fall-protection/harnesses-belts-and-accessories/miller-h500-harness/hon-ia-ppe-sp560-rev-a-harness-h500.pdf,https://automation.honeywell.com/us/en/products/personal-protective-equipment/fall-protection/harnesses/miller-h500-harness-industry-standard-is,,
Miller,"H500 IS8P Full-Body Harness, Tongue Leg & Quick-Connect Chest Buckles, Back D-Ring(s), Steel Hardware - Size S/M",ppe,harness,"Polyester webbing, Steel hardware",OSHA 1926.502; ANSI Z359.11-2021; CSA Z259.10-2018,,,22 kN (webbing/D-ring),,190.5,,,,,H5ISP321001,https://prod-edam.honeywell.com/content/dam/honeywell-edam/sps/hppe/en-us/products/fall-protection/harnesses-belts-and-accessories/miller-h500-harness/hon-ia-ppe-sp560-rev-a-harness-h500.pdf,https://automation.honeywell.com/us/en/products/personal-protective-equipment/fall-protection/harnesses/miller-h500-harness-industry-standard-is,,
Miller,"H500 IS8P Full-Body Harness, Tongue Leg & Quick-Connect Chest Buckles, Back D-Ring(s), Steel Hardware - Size UNIV",ppe,harness,"Polyester webbing, Steel hardware",OSHA 1926.502; ANSI Z359.11-2021; CSA Z259.10-2018,,,22 kN (webbing/D-ring),,190.5,,,,,H5ISP321002,https://prod-edam.honeywell.com/content/dam/honeywell-edam/sps/hppe/en-us/products/fall-protection/harnesses-belts-and-accessories/miller-h500-harness/hon-ia-ppe-sp560-rev-a-harness-h500.pdf,https://automation.honeywell.com/us/en/products/personal-protective-equipment/fall-protection/harnesses/miller-h500-harness-industry-standard-is,,
Miller,"H500 IS8P Full-Body Harness, Tongue Leg & Quick-Connect Chest Buckles, Back D-Ring(s), Steel Hardware - Size XXL",ppe,harness,"Polyester webbing, Steel hardware",OSHA 1926.502; ANSI Z359.11-2021; CSA Z259.10-2018,,,22 kN (webbing/D-ring),,190.5,,,,,H5ISP321003,https://prod-edam.honeywell.com/content/dam/honeywell-edam/sps/hppe/en-us/products/fall-protection/harnesses-belts-and-accessories/miller-h500-harness/hon-ia-ppe-sp560-rev-a-harness-h500.pdf,https://automation.honeywell.com/us/en/products/personal-protective-equipment/fall-protection/harnesses/miller-h500-harness-industry-standard-is,,
Miller,"H500 IS9P Full-Body Harness, Quick-Connect Leg & Quick-Connect Chest Buckles, Back, Side D-Ring(s), Steel Hardware - Size S/M",ppe,harness,"Polyester webbing, Steel hardware",OSHA 1926.502; ANSI Z359.11-2021; CSA Z259.10-2018,,,22 kN (webbing/D-ring),,190.5,,,,,H5ISP221021,https://prod-edam.honeywell.com/content/dam/honeywell-edam/sps/hppe/en-us/products/fall-protection/harnesses-belts-and-accessories/miller-h500-harness/hon-ia-ppe-sp560-rev-a-harness-h500.pdf,https://automation.honeywell.com/us/en/products/personal-protective-equipment/fall-protection/harnesses/miller-h500-harness-industry-standard-is,,
Miller,"H500 IS9P Full-Body Harness, Quick-Connect Leg & Quick-Connect Chest Buckles, Back, Side D-Ring(s), Steel Hardware - Size UNIV",ppe,harness,"Polyester webbing, Steel hardware",OSHA 1926.502; ANSI Z359.11-2021; CSA Z259.10-2018,,,22 kN (webbing/D-ring),,190.5,,,,,H5ISP221022,https://prod-edam.honeywell.com/content/dam/honeywell-edam/sps/hppe/en-us/products/fall-protection/harnesses-belts-and-accessories/miller-h500-harness/hon-ia-ppe-sp560-rev-a-harness-h500.pdf,https://automation.honeywell.com/us/en/products/personal-protective-equipment/fall-protection/harnesses/miller-h500-harness-industry-standard-is,,
Miller,"H500 IS9P Full-Body Harness, Quick-Connect Leg & Quick-Connect Chest Buckles, Back, Side D-Ring(s), Steel Hardware - Size XXL",ppe,harness,"Polyester webbing, Steel hardware",OSHA 1926.502; ANSI Z359.11-2021; CSA Z259.10-2018,,,22 kN (webbing/D-ring),,190.5,,,,,H5ISP221023,https://prod-edam.honeywell.com/content/dam/honeywell-edam/sps/hppe/en-us/products/fall-protection/harnesses-belts-and-accessories/miller-h500-harness/hon-ia-ppe-sp560-rev-a-harness-h500.pdf,https://automation.honeywell.com/us/en/products/personal-protective-equipment/fall-protection/harnesses/miller-h500-harness-industry-standard-is,,
Miller,"H500 IS10 Full-Body Harness, Tongue Leg & Quick-Connect Chest Buckles, Back, Front D-Ring(s), Steel Hardware - Size S/M",ppe,harness,"Polyester webbing, Steel hardware",OSHA 1926.502; ANSI Z359.11-2021; CSA Z259.10-2018,,,22 kN (webbing/D-ring),,190.5,,,,,H5IS321101,https://prod-edam.honeywell.com/content/dam/honeywell-edam/sps/hppe/en-us/products/fall-protection/harnesses-belts-and-accessories/miller-h500-harness/hon-ia-ppe-sp560-rev-a-harness-h500.pdf,https://automation.honeywell.com/us/en/products/personal-protective-equipment/fall-protection/harnesses/miller-h500-harness-industry-standard-is,,
Miller,"H500 IS10 Full-Body Harness, Tongue Leg & Quick-Connect Chest Buckles, Back, Front D-Ring(s), Steel Hardware - Size UNIV",ppe,harness,"Polyester webbing, Steel hardware",OSHA 1926.502; ANSI Z359.11-2021; CSA Z259.10-2018,,,22 kN (webbing/D-ring),,190.5,,,,,H5IS321102,https://prod-edam.honeywell.com/content/dam/honeywell-edam/sps/hppe/en-us/products/fall-protection/harnesses-belts-and-accessories/miller-h500-harness/hon-ia-ppe-sp560-rev-a-harness-h500.pdf,https://automation.honeywell.com/us/en/products/personal-protective-equipment/fall-protection/harnesses/miller-h500-harness-industry-standard-is,,
Miller,"H500 IS10 Full-Body Harness, Tongue Leg & Quick-Connect Chest Buckles, Back, Front D-Ring(s), Steel Hardware - Size XXL",ppe,harness,"Polyester webbing, Steel hardware",OSHA 1926.502; ANSI Z359.11-2021; CSA Z259.10-2018,,,22 kN (webbing/D-ring),,190.5,,,,,H5IS321103,https://prod-edam.honeywell.com/content/dam/honeywell-edam/sps/hppe/en-us/products/fall-protection/harnesses-belts-and-accessories/miller-h500-harness/hon-ia-ppe-sp560-rev-a-harness-h500.pdf,https://automation.honeywell.com/us/en/products/personal-protective-equipment/fall-protection/harnesses/miller-h500-harness-industry-standard-is,,
Miller,"H500 IS11 Full-Body Harness, Tongue Leg & Quick-Connect Chest Buckles, Back, Front, Side D-Ring(s), Steel Hardware - Size S/M",ppe,harness,"Polyester webbing, Steel hardware",OSHA 1926.502; ANSI Z359.11-2021; CSA Z259.10-2018,,,22 kN (webbing/D-ring),,190.5,,,,,H5IS321111,https://prod-edam.honeywell.com/content/dam/honeywell-edam/sps/hppe/en-us/products/fall-protection/harnesses-belts-and-accessories/miller-h500-harness/hon-ia-ppe-sp560-rev-a-harness-h500.pdf,https://automation.honeywell.com/us/en/products/personal-protective-equipment/fall-protection/harnesses/miller-h500-harness-industry-standard-is,,
Miller,"H500 IS11 Full-Body Harness, Tongue Leg & Quick-Connect Chest Buckles, Back, Front, Side D-Ring(s), Steel Hardware - Size UNIV",ppe,harness,"Polyester webbing, Steel hardware",OSHA 1926.502; ANSI Z359.11-2021; CSA Z259.10-2018,,,22 kN (webbing/D-ring),,190.5,,,,,H5IS321112,https://prod-edam.honeywell.com/content/dam/honeywell-edam/sps/hppe/en-us/products/fall-protection/harnesses-belts-and-accessories/miller-h500-harness/hon-ia-ppe-sp560-rev-a-harness-h500.pdf,https://automation.honeywell.com/us/en/products/personal-protective-equipment/fall-protection/harnesses/miller-h500-harness-industry-standard-is,,
Miller,"H500 IS11 Full-Body Harness, Tongue Leg & Quick-Connect Chest Buckles, Back, Front, Side D-Ring(s), Steel Hardware - Size XXL",ppe,harness,"Polyester webbing, Steel hardware",OSHA 1926.502; ANSI Z359.11-2021; CSA Z259.10-2018,,,22 kN (webbing/D-ring),,190.5,,,,,H5IS321113,https://prod-edam.honeywell.com/content/dam/honeywell-edam/sps/hppe/en-us/products/fall-protection/harnesses-belts-and-accessories/miller-h500-harness/hon-ia-ppe-sp560-rev-a-harness-h500.pdf,https://automation.honeywell.com/us/en/products/personal-protective-equipment/fall-protection/harnesses/miller-h500-harness-industry-standard-is,,
Tractel,HT22 mtM harness,ppe,Harnesses,"Lightweight webbing, adjustable straps",EN 361,,,,,,,,,,,,https://www.tractel.com/global/product/harness-ht22/42834,,
Tractel,HT22 mtXL harness,ppe,Harnesses,"Lightweight webbing, adjustable straps",EN 361,,,,,,,,,,,,https://www.tractel.com/global/product/harness-ht22/42834,,
Tractel,HT22R Fall Arrest Harness,ppe,Harnesses,"Lightweight webbing, adjustable straps, rescue strap",EN 361,,,,,,,,,,,,https://www.tractel.com/global/product/ht22r-fall-arrest-harness/43827,,
Tractel,Blocfor 1.8m (with steigerhaak),ppe,Self-Retracting Lifeline,Webbing or cable,"EN 360, ESD system (impact <600 daN)",,,,,150,,,,,,,https://www.tractel.com/global/product-applications/blocfor,,
Tractel,Blocfor 1.8m ESD 150kg,ppe,Self-Retracting Lifeline,Webbing,"EN 360, ESD system (impact <600 daN even at full extension)",,,,,150,,,,,,,https://www.tractel.com/global/product/blocfor-1.8a-esd-150kg/202213,,
Tractel,Blocfor 6 ESD 150kg,ppe,Self-Retracting Lifeline,Webbing or cable,"EN 360, ESD system (impact <600 daN)",,,,,150,,,,,,,https://www.tractel.com/global/product/blocfor-6-esd-150-kg/6223,,
Tractel,Blocfor 10m staalkabel ESD,ppe,Self-Retracting Lifeline,Galvanized steel cable,"EN 360, ESD system (impact <600 daN)",,,,,150,,,,,,,https://www.tractel.com/global/product/blocfor-10r-evo-esd-150-kg/176218,,
Tractel,Blocfor 10m synthetische kabel ESD,ppe,Self-Retracting Lifeline,Synthetic rope,"EN 360, ESD system (impact <600 daN)",,,,,150,,,,,,,https://www.tractel.com/global/product-applications/blocfor,,
Tractel,Blocfor 20 ESD 150kg,ppe,Self-Retracting Lifeline,Galvanized steel cable or webbing,"EN 360, ESD system (impact <600 daN)",,,,,150,,,,,,,https://www.tractel.com/global/product-applications/blocfor,,
Tractel,Blocfor 30R ESD 150kg,ppe,Self-Retracting Lifeline with Rescue Winch,Galvanized steel cable,"EN 360, EN 1496 (rescue), ESD system",,,,,150,,,,,,,https://www.tractel.com/global/product/blocfor-30r-esd-150kg/10591,,
Tractel,HT34 harness (S),ppe,Harnesses,,"EN 361, EN 358",20,,,,150,,,,,,https://www.tractel.com/PIM/Manuals/HSP/Harness/Harnesses_ET_HT_2021_Range/Archive%20harness/IM_HT%20UNIVERSAL-150KG_150695_IND00.pdf_.pdf,https://www.tractel.com/en/product/harness-ht34/43859,,
Tractel,HT34 harness (M),ppe,Harnesses,,"EN 361, EN 358",20,,,,150,,,,,,https://www.tractel.com/PIM/Manuals/HSP/Harness/Harnesses_ET_HT_2021_Range/Archive%20harness/IM_HT%20UNIVERSAL-150KG_150695_IND00.pdf_.pdf,https://www.tractel.com/en/product/harness-ht34/43859,,
Tractel,HT34 harness (XL),ppe,Harnesses,,"EN 361, EN 358",20,,,,150,,,,,,https://www.tractel.com/PIM/Manuals/HSP/Harness/Harnesses_ET_HT_2021_Range/Archive%20harness/IM_HT%20UNIVERSAL-150KG_150695_IND00.pdf_.pdf,https://www.tractel.com/en/product/harness-ht34/43859,,
Tractel,HT44 harness (S),ppe,Harnesses,,EN 361,20,,,,150,,,,,,https://www.tractel.com/PIM/Manuals/HSP/Harness/Harnesses_ET_HT_2021_Range/Archive%20harness/IM_HT%20UNIVERSAL-150KG_150695_IND00.pdf_.pdf,https://www.tractel.com/en/product/harness-ht44/43877,,
Tractel,HT44 harness (M),ppe,Harnesses,,EN 361,20,,,,150,,,,,,https://www.tractel.com/PIM/Manuals/HSP/Harness/Harnesses_ET_HT_2021_Range/Archive%20harness/IM_HT%20UNIVERSAL-150KG_150695_IND00.pdf_.pdf,https://www.tractel.com/en/product/harness-ht44/43877,,
Tractel,HT44 harness (XL),ppe,Harnesses,,EN 361,20,,,,150,,,,,,https://www.tractel.com/PIM/Manuals/HSP/Harness/Harnesses_ET_HT_2021_Range/Archive%20harness/IM_HT%20UNIVERSAL-150KG_150695_IND00.pdf_.pdf,https://www.tractel.com/en/product/harness-ht44/43877,,
Tractel,HT45 harness (S),ppe,Harnesses,,EN 361,20,,,,150,,,,,,https://www.tractel.com/PIM/Manuals/HSP/Harness/Harnesses_ET_HT_2021_Range/Archive%20harness/IM_HT%20UNIVERSAL-150KG_150695_IND00.pdf_.pdf,https://www.tractel.com/blocfor_duo_landing/product/harness-ht45/200842,,
Tractel,HT45 harness (M),ppe,Harnesses,,EN 361,20,,,,150,,,,,,https://www.tractel.com/PIM/Manuals/HSP/Harness/Harnesses_ET_HT_2021_Range/Archive%20harness/IM_HT%20UNIVERSAL-150KG_150695_IND00.pdf_.pdf,https://www.tractel.com/blocfor_duo_landing/product/harness-ht45/200842,,
Tractel,HT45 harness (XL),ppe,Harnesses,,EN 361,20,,,,150,,,,,,https://www.tractel.com/PIM/Manuals/HSP/Harness/Harnesses_ET_HT_2021_Range/Archive%20harness/IM_HT%20UNIVERSAL-150KG_150695_IND00.pdf_.pdf,https://www.tractel.com/blocfor_duo_landing/product/harness-ht45/200842,,
Tractel,HT46 harness (S),ppe,Harnesses,Polyester,EN 361,20,,,,150,,,,,,https://www.tractel.com/PIM/Manuals/HSP/Harness/Harnesses_ET_HT_2021_Range/Archive%20harness/IM_HT%20UNIVERSAL-150KG_150695_IND00.pdf_.pdf,https://www.tractel.com/global/product/harness-ht46/44277,,
Tractel,HT46 harness (M),ppe,Harnesses,Polyester,EN 361,20,,,,150,,,,,,https://www.tractel.com/PIM/Manuals/HSP/Harness/Harnesses_ET_HT_2021_Range/Archive%20harness/IM_HT%20UNIVERSAL-150KG_150695_IND00.pdf_.pdf,https://www.tractel.com/global/product/harness-ht46/44277,,
Tractel,HT46 harness (XL),ppe,Harnesses,Polyester,EN 361,20,,,,150,,,,,,https://www.tractel.com/PIM/Manuals/HSP/Harness/Harnesses_ET_HT_2021_Range/Archive%20harness/IM_HT%20UNIVERSAL-150KG_150695_IND00.pdf_.pdf,https://www.tractel.com/global/product/harness-ht46/44277,,
Tractel,HT45 harness (XXL),ppe,Harnesses,,EN 361,20,,,,150,,,,,,https://www.tractel.com/PIM/Manuals/HSP/Harness/Harnesses_ET_HT_2021_Range/Archive%20harness/IM_HT%20UNIVERSAL-150KG_150695_IND00.pdf_.pdf,https://www.tractel.com/blocfor_duo_landing/product/harness-ht45/200842,,
Tractel,HT46 harness (XXL),ppe,Harnesses,Polyester,EN 361,20,,,,150,,,,,,https://www.tractel.com/PIM/Manuals/HSP/Harness/Harnesses_ET_HT_2021_Range/Archive%20harness/IM_HT%20UNIVERSAL-150KG_150695_IND00.pdf_.pdf,https://www.tractel.com/global/product/harness-ht46/44277,,
Tractel,HT55 Confined Space harness (S),ppe,Harnesses (Confined Space),"Polyester, Aluminium",EN 361,20,,,,150,,,,,,https://www.tractel.com/PIM/Manuals/HSP/Harness/Harnesses_ET_HT_2021_Range/Archive%20harness/IM_HT%20UNIVERSAL-150KG_150695_IND00.pdf_.pdf,https://www.tractel.com/global/product/harness-ht55-confined-space/45401,,
Tractel,HT55 Confined Space harness (M),ppe,Harnesses (Confined Space),"Polyester, Aluminium",EN 361,20,,,,150,,,,,,https://www.tractel.com/PIM/Manuals/HSP/Harness/Harnesses_ET_HT_2021_Range/Archive%20harness/IM_HT%20UNIVERSAL-150KG_150695_IND00.pdf_.pdf,https://www.tractel.com/global/product/harness-ht55-confined-space/45401,,
Tractel,HT55 Confined Space harness (XL),ppe,Harnesses (Confined Space),"Polyester, Aluminium",EN 361,20,,,,150,,,,,,https://www.tractel.com/PIM/Manuals/HSP/Harness/Harnesses_ET_HT_2021_Range/Archive%20harness/IM_HT%20UNIVERSAL-150KG_150695_IND00.pdf_.pdf,https://www.tractel.com/global/product/harness-ht55-confined-space/45401,,
Tractel,HT55 Confined Space harness (XXL),ppe,Harnesses (Confined Space),"Polyester, Aluminium",EN 361,20,,,,150,,,,,,https://www.tractel.com/PIM/Manuals/HSP/Harness/Harnesses_ET_HT_2021_Range/Archive%20harness/IM_HT%20UNIVERSAL-150KG_150695_IND00.pdf_.pdf,https://www.tractel.com/global/product/harness-ht55-confined-space/45401,,
Tractel,HT56 harness (S),ppe,Harnesses,,EN 361,20,,,,150,,,,,,https://www.tractel.com/PIM/Manuals/HSP/Harness/Harnesses_ET_HT_2021_Range/Archive%20harness/IM_HT%20UNIVERSAL-150KG_150695_IND00.pdf_.pdf,https://www.tractel.com/en/product/harness-ht56/44308,,
Tractel,HT56 harness (M),ppe,Harnesses,,EN 361,20,,,,150,,,,,,https://www.tractel.com/PIM/Manuals/HSP/Harness/Harnesses_ET_HT_2021_Range/Archive%20harness/IM_HT%20UNIVERSAL-150KG_150695_IND00.pdf_.pdf,https://www.tractel.com/en/product/harness-ht56/44308,,
Tractel,HT56 harness (XL),ppe,Harnesses,,EN 361,20,,,,150,,,,,,https://www.tractel.com/PIM/Manuals/HSP/Harness/Harnesses_ET_HT_2021_Range/Archive%20harness/IM_HT%20UNIVERSAL-150KG_150695_IND00.pdf_.pdf,https://www.tractel.com/en/product/harness-ht56/44308,,
Tractel,HT56 harness (XXL),ppe,Harnesses,,EN 361,20,,,,150,,,,,,https://www.tractel.com/PIM/Manuals/HSP/Harness/Harnesses_ET_HT_2021_Range/Archive%20harness/IM_HT%20UNIVERSAL-150KG_150695_IND00.pdf_.pdf,https://www.tractel.com/en/product/harness-ht56/44308,,
Tractel,HT120 harness (S),ppe,Harnesses,,EN 361,20,,,,150,,,,,,https://www.tractel.com/PIM/Manuals/HSP/Harness/Harnesses_ET_HT_2021_Range/Archive%20harness/IM_HT%20UNIVERSAL-150KG_150695_IND00.pdf_.pdf,https://www.tractel.com/en/product/harness-ht120/44322,,
Tractel,HT120 harness (M),ppe,Harnesses,,EN 361,20,,,,150,,,,,,https://www.tractel.com/PIM/Manuals/HSP/Harness/Harnesses_ET_HT_2021_Range/Archive%20harness/IM_HT%20UNIVERSAL-150KG_150695_IND00.pdf_.pdf,https://www.tractel.com/en/product/harness-ht120/44322,,
Tractel,HT120 harness (XL),ppe,Harnesses,,EN 361,20,,,,150,,,,,,https://www.tractel.com/PIM/Manuals/HSP/Harness/Harnesses_ET_HT_2021_Range/Archive%20harness/IM_HT%20UNIVERSAL-150KG_150695_IND00.pdf_.pdf,https://www.tractel.com/en/product/harness-ht120/44322,,
Tractel,HT10 harness (S),ppe,Harnesses (Essential series),,EN 361,20,,,,150,,,,,,https://www.tractel.com/PIM/Manuals/HSP/Harness/Harnesses_ET_HT_2021_Range/HT%20Standard%20150kg/NOT_150735___150735_IND00.pdf,https://www.tractel.com/en/product/harness-ht10/41971,,
Tractel,HT10 harness (M),ppe,Harnesses (Essential series),,EN 361,20,,,,150,,,,,,https://www.tractel.com/PIM/Manuals/HSP/Harness/Harnesses_ET_HT_2021_Range/HT%20Standard%20150kg/NOT_150735___150735_IND00.pdf,https://www.tractel.com/en/product/harness-ht10/41971,,
Tractel,HT10 harness (XL),ppe,Harnesses (Essential series),,EN 361,20,,,,150,,,,,,https://www.tractel.com/PIM/Manuals/HSP/Harness/Harnesses_ET_HT_2021_Range/HT%20Standard%20150kg/NOT_150735___150735_IND00.pdf,https://www.tractel.com/en/product/harness-ht10/41971,,
Tractel,HT11 harness (S),ppe,Harnesses (Essential series),Polyester webbing,EN 361,20,,,,150,,,,,,https://www.tractel.com/PIM/Manuals/HSP/Harness/Harnesses_ET_HT_2021_Range/HT%20Standard%20150kg/NOT_150735___150735_IND00.pdf,https://www.tractel.com/en/product/harness-ht11/43836,,
Tractel,HT11 harness (M),ppe,Harnesses (Essential series),Polyester webbing,EN 361,20,,,,150,,,,,,https://www.tractel.com/PIM/Manuals/HSP/Harness/Harnesses_ET_HT_2021_Range/HT%20Standard%20150kg/NOT_150735___150735_IND00.pdf,https://www.tractel.com/en/product/harness-ht11/43836,,
Tractel,HT11 harness (XL),ppe,Harnesses (Essential series),Polyester webbing,EN 361,20,,,,150,,,,,,https://www.tractel.com/PIM/Manuals/HSP/Harness/Harnesses_ET_HT_2021_Range/HT%20Standard%20150kg/NOT_150735___150735_IND00.pdf,https://www.tractel.com/en/product/harness-ht11/43836,,
Tractel,HT21 harness (S),ppe,Harnesses (Essential series),,EN 361,20,,,,150,,,,,,https://www.tractel.com/PIM/Manuals/HSP/Harness/Harnesses_ET_HT_2021_Range/HT%20Standard%20150kg/NOT_150735___150735_IND00.pdf,https://www.tractel.com/en/product/harness-ht21/43842,,
Tractel,HT21 harness (M),ppe,Harnesses (Essential series),,EN 361,20,,,,150,,,,,,https://www.tractel.com/PIM/Manuals/HSP/Harness/Harnesses_ET_HT_2021_Range/HT%20Standard%20150kg/NOT_150735___150735_IND00.pdf,https://www.tractel.com/en/product/harness-ht21/43842,,
Tractel,HT21 harness (XL),ppe,Harnesses (Essential series),,EN 361,20,,,,150,,,,,,https://www.tractel.com/PIM/Manuals/HSP/Harness/Harnesses_ET_HT_2021_Range/HT%20Standard%20150kg/NOT_150735___150735_IND00.pdf,https://www.tractel.com/en/product/harness-ht21/43842,,
Tractel,HT Access harness (S),ppe,Harnesses (Specialist series),,"EN 361, EN 358, EN 813",20,,,,150,,,,,,,https://www.tractel.com/global/product/harness-ht-access/162630,,
Tractel,HT Access harness (M),ppe,Harnesses (Specialist series),,"EN 361, EN 358, EN 813",20,,,,150,,,,,,,https://www.tractel.com/global/product/harness-ht-access/162630,,
Tractel,HT Access harness (XL),ppe,Harnesses (Specialist series),,"EN 361, EN 358, EN 813",20,,,,150,,,,,,,https://www.tractel.com/global/product/harness-ht-access/162630,,
Tractel,HT Access harness (XXL),ppe,Harnesses (Specialist series),,"EN 361, EN 358, EN 813",20,,,,150,,,,,,,https://www.tractel.com/global/product/harness-ht-access/162630,,
Tractel,HT Easyclimb harness (S),ppe,Harnesses (Specialist series),,"EN 361, EN 358",20,,,,,,,,,,,https://www.tractel.com/blocfor_duo_landing/product/harness-ht-easyclimb/5838,,
Tractel,HT Easyclimb harness (M),ppe,Harnesses (Specialist series),,"EN 361, EN 358",20,,,,,,,,,,,https://www.tractel.com/blocfor_duo_landing/product/harness-ht-easyclimb/5838,,
Tractel,HT Easyclimb harness (XL),ppe,Harnesses (Specialist series),,"EN 361, EN 358",20,,,,,,,,,,,https://www.tractel.com/blocfor_duo_landing/product/harness-ht-easyclimb/5838,,
Tractel,HT Promast harness (S),ppe,Harnesses (Specialist series),,"EN 361, EN 358, EN 813",20,,,,150,,,,,,,https://www.tractel.com/blocfor_duo_landing/product/harness-ht-promast/5834,,
Tractel,HT Promast harness (M),ppe,Harnesses (Specialist series),,"EN 361, EN 358, EN 813",20,,,,150,,,,,,,https://www.tractel.com/blocfor_duo_landing/product/harness-ht-promast/5834,,
Tractel,HT Promast harness (XL),ppe,Harnesses (Specialist series),,"EN 361, EN 358, EN 813",20,,,,150,,,,,,,https://www.tractel.com/blocfor_duo_landing/product/harness-ht-promast/5834,,
Tractel,HT Electra harness,ppe,Harnesses (Specialist series),Polyester,"EN 361, EN 358",20,,,,,,,,,,,https://www.tractel.com/en/product/harness-ht-electra/5835,,
Tractel,HT Secours harness,ppe,Harnesses (Specialist series),,"EN 361, EN 358, EN 813",20,,,,,,,,,,,https://www.tractel.com/global/product/harness-ht-secours/5833,,
Tractel,HT Ladytrac harness (S/M),ppe,Harnesses (Specialist series),,EN 361,20,,,,,,,,,,,https://www.tractel.com/global/product/harness-ht-ladytrac/5829,,
Tractel,HT Ladytrac harness (XL),ppe,Harnesses (Specialist series),,EN 361,20,,,,,,,,,,,https://www.tractel.com/global/product/harness-ht-ladytrac/5829,,
Tractel,HT Ladytrac B harness (S/M),ppe,Harnesses (Specialist series),"Polyester, Aluminium","EN 361, EN 358",20,,,,150,,,,,,,https://www.tractel.com/global/product/harness-ht-ladytrac/5829,,
Tractel,HT Ladytrac B harness (XL),ppe,Harnesses (Specialist series),"Polyester, Aluminium","EN 361, EN 358",20,,,,150,,,,,,,https://www.tractel.com/global/product/harness-ht-ladytrac/5829,,
Tractel,HT Transport harness (S),ppe,Harnesses (Specialist series),Polyester (45mm webbing),"EN 361, EN 358, EN 813",20,,,,150,,,,,,,https://www.tractel.com/global/product/harness-ht-transport/5836,,
Tractel,HT Transport harness (M),ppe,Harnesses (Specialist series),Polyester (45mm webbing),"EN 361, EN 358, EN 813",20,,,,150,,,,,,,https://www.tractel.com/global/product/harness-ht-transport/5836,,
Tractel,HT Transport harness (XL),ppe,Harnesses (Specialist series),Polyester (45mm webbing),"EN 361, EN 358, EN 813",20,,,,150,,,,,,,https://www.tractel.com/global/product/harness-ht-transport/5836,,
Tractel,HT Greentool harness (S),ppe,Harnesses (Specialist series),,"EN 361, EN 358, EN 813",20,,,,150,,,,,,,https://tractel.com/en/product/harness-ht-greentool/5837,,
Tractel,HT Greentool harness (M),ppe,Harnesses (Specialist series),,"EN 361, EN 358, EN 813",20,,,,150,,,,,,,https://tractel.com/en/product/harness-ht-greentool/5837,,
Tractel,HT Greentool harness (XL),ppe,Harnesses (Specialist series),,"EN 361, EN 358, EN 813",20,,,,150,,,,,,,https://tractel.com/en/product/harness-ht-greentool/5837,,
Tractel,LSA Fall Arrester (1.50m),ppe,Lanyards (Shock Absorbing),Polyester (30mm webbing),EN 355,20,,,,150,,,,,,,https://www.tractel.com/global/product/lsa---fall-arrester/46916,,
Tractel,LSAD Fall Arrester (1.50m),ppe,"Lanyards (Shock Absorbing, Double)",Polyester (30mm webbing),"EN 355, PPE-R/11.062, PPE-R/11.063, PPE-R/11.074",20,,,,150,,,,,,,https://www.tractel.com/global/product/lsad---fall-arrester/46929,,
Tractel,LSA Fall Arrester (2.00m),ppe,Lanyards (Shock Absorbing),Polyester (30mm webbing),EN 355,20,,,,150,,,,,,,https://www.tractel.com/global/product/lsa---fall-arrester/46916,,
Tractel,LSAD Fall Arrester (2.00m),ppe,"Lanyards (Shock Absorbing, Double)",Polyester (30mm webbing),"EN 355, PPE-R/11.062, PPE-R/11.063, PPE-R/11.074",20,,,,150,,,,,,,https://www.tractel.com/global/product/lsad---fall-arrester/46929,,
Tractel,LDA 12 Braided Rope Lanyard (1.5m),ppe,"Lanyards (Shock Absorbing, Rope)","Braided polyamide rope, 12mm",EN 355,20,,,,,12,12,,,,,https://www.tractel.com/pl/product/lda-12/46977,,
Tractel,LDA 12 Braided Rope Lanyard (2.0m),ppe,"Lanyards (Shock Absorbing, Rope)","Braided polyamide rope, 12mm",EN 355,20,,,,,12,12,,,,,https://www.tractel.com/pl/product/lda-12/46977,,
Tractel,LD 11 Braided Rope Lanyard,ppe,"Lanyards (Restraint/Positioning, Rope)","Braided rope, 11mm",EN 354,20,,,,,11,11,,,,,https://www.tractel.com/en/product/ld-11---braided-rope-lanyard/46807,,
Tractel,LSE Elastic Webbing Lanyard,ppe,"Lanyards (Restraint/Positioning, Elastic)","Elastic polyester webbing, 35mm",EN 354,20,,,,150,,,,,,,https://www.tractel.com/en/product/lse---elastic-webbing-lanyard/46890,,
Tractel,AS30S Anchor Sling (0.6m),ppe,Anchor Points (EN795-B),"Polyester webbing, 30mm","EN 795 Type B, CEN/TS 16415:2013",20,,,,,,,,,,,https://www.tractel.com/global/product/anchor-as30s/6467,,
Tractel,AS30S Anchor Sling (1m),ppe,Anchor Points (EN795-B),"Polyester webbing, 30mm","EN 795 Type B, CEN/TS 16415:2013",20,,,,,,,,,,,https://www.tractel.com/global/product/anchor-as30s/6467,,
Tractel,AS30S Anchor Sling (1.5m),ppe,Anchor Points (EN795-B),"Polyester webbing, 30mm","EN 795 Type B, CEN/TS 16415:2013",20,,,,,,,,,,,https://www.tractel.com/global/product/anchor-as30s/6467,,
Tractel,AS30S Anchor Sling (2m),ppe,Anchor Points (EN795-B),"Polyester webbing, 30mm","EN 795 Type B, CEN/TS 16415:2013",20,,,,,,,,,,,https://www.tractel.com/global/product/anchor-as30s/6467,,
Tractel,AS19S Anchor Sling (0.6m),ppe,Anchor Points (EN795-B),"Polyester webbing, 19mm","EN 795 Type B, CEN/TS 16415:2013",20,,20 kN,,,,,,,,,https://www.tractel.com/global/product/anchor-as19s/5880,,
Tractel,AS19S Anchor Sling (0.8m),ppe,Anchor Points (EN795-B),"Polyester webbing, 19mm","EN 795 Type B, CEN/TS 16415:2013",20,,20 kN,,,,,,,,,https://www.tractel.com/global/product/anchor-as19s/5880,,
Tractel,AS19S Anchor Sling (1m),ppe,Anchor Points (EN795-B),"Polyester webbing, 19mm","EN 795 Type B, CEN/TS 16415:2013",20,,20 kN,,,,,,,,,https://www.tractel.com/global/product/anchor-as19s/5880,,
Tractel,Rollclamp (M),ppe,"Anchor Points (EN795-B, Mobile beam anchor)",,EN 795 Class B,20,,,,,,,,,,,https://www.tractel.com/global/product/rollclamp/5881,,
Tractel,Rollclamp (L),ppe,"Anchor Points (EN795-B, Mobile beam anchor)",,EN 795 Class B,20,,,,,,,,,,,https://www.tractel.com/global/product/rollclamp/5881,,
Tractel,M10 Steel Connector,ppe,Connectors,Steel (bichromated),EN 362,20,,,,150,,,,,,,https://www.tractel.com/de/product/m10-stahl-karabinerhaken/4231,,
Tractel,M11 Steel Connector,ppe,Connectors,Steel,EN 362,20,,,,150,,,,,,,https://www.tractel.com/de/product/m11-stahl-karabinerhaken/4234,,
Tractel,M22 Aluminium Connector,ppe,Connectors,Aluminium (light alloy),EN 362,20,,26 kN,,,,,,,,,https://www.tractel.com/en/product/m22-aluminium-connector/4245,,
Tractel,M47 Steel Connector,ppe,Connectors,Steel (zinc plated),EN 362,20,,23 kN,,,,,,,,,https://www.tractel.com/en/product/m47-steel-connector/4238,,
Tractel,M53 Steel Connector,ppe,Connectors,Steel (zinc plated),EN 362,20,,25 kN,,,,,,,,,https://www.tractel.com/de/product/m53-stahl-karabinerhaken/4239,,
Tractel,M60 Steel Connector,ppe,Connectors,Steel (zinc plated),EN 362,20,,30 kN,,,,,,,,,https://www.tractel.com/global/product/m60-steel-connector/4240,,
Tractel,Stopfor B,ppe,Fall Arresters (Flexible Anchor Line),Aluminium,EN 353-2,20,,,,150,14,14,,,,,https://www.tractel.com/global/product/stopfor-b/5869,,
Tractel,Stopfor BF,ppe,Fall Arresters (Flexible Anchor Line),Anodised Aluminium,EN 353-2,20,,,,150,14,14,,,,,https://www.tractel.com/global/product/stopfor-bf/8420,,
Tractel,Stopfor SL,ppe,Fall Arresters (Flexible Anchor Line),Stainless steel,EN 353-2,20,,,,150,14,14,,,,,https://www.tractel.com/global/product/stopfor-sl/8426,,
Tractel,Stopfor MSP,ppe,Fall Arresters (Flexible Anchor Line),Galvanised steel,EN 353-2,20,,,,150,14,14,,,,,https://www.tractel.com/global/product/stopfor-msp/8419,,
Tractel,Stopcable S (150kg),ppe,Fall Arresters (Rigid/Cable Anchor Line),,EN 353-1,20,,,,150,,,,,,,https://www.tractel.com/global/product/stopcable-s-150-kg/175791,,
Distel,Alu 3.1,no_ppe,Tree Crampons,Aluminium,,,,,,130-150,,,,,,https://www.distelforst.de/wp-content/uploads/2025/09/EN_Distel_Installation_instructions-spare_parts.pdf,https://www.grube.eu/p/distel-alu-31-comfort-climbing-irons/173747/,,
Distel,Carbon 3.1,no_ppe,Tree Crampons,Carbon Fiber,,,,,,130-150,,,,,,https://www.distelforst.de/wp-content/uploads/2025/09/EN_Distel_Installation_instructions-spare_parts.pdf,https://www.grube.eu/p/distel-carbon-31-comfort-climbing-irons/925879/,,
Distel,Alu Plus,no_ppe,Tree Crampons,Aluminium,,,,,,130-150,,,,,,https://www.distelforst.de/wp-content/uploads/2025/09/EN_Distel_Installation_instructions-spare_parts.pdf,https://www.grube.eu/p/distel-aluminium-plus-comfort-climbing-irons/602889/,,
Distel,Steel,no_ppe,Tree Crampons,Steel,,,,,,130-150,,,,,,https://www.distelforst.de/wp-content/uploads/2025/09/EN_Distel_Installation_instructions-spare_parts.pdf,https://www.grube.eu/p/distel-steel-comfort-climbing-irons/879485/,,
