id,brand,name,product_type,category,material,standard,manufacturer_code,max_age_use_years,max_age_mfr_years,breaking_strength,working_load_limit,max_user_weight_kg,rope_diameter_min_mm,rope_diameter_max_mm,serial_number_location,interval_override_months,manual_url,product_page_url,recall_url,inspection_notice_url,notes
6c31278c-727e-4baf-9ebe-60fc8d2a2f4f,ART,BlackBird,ppe,Ascenders & Descenders,Aluminium / Stainless Steel,EN 12841 B/C,BB10,7,,,,150,11.2,13,,,https://climb-art.de/shared-assets/manuals/2025_BED_BB_EU_DRUCK_NEU_NOV.pdf,https://climb-art.de/en/products/blackbird-2-2/,,"FLAG: official manual link 404 on climb-art.de (both known URLs). FLAG: min user weight 60kg has no column. FLAG: active ART safety notice (Oct 2025, bearing pin) exists but no official climb-art.de-hosted PDF found yet.",
71027fa6-aa88-4ef2-b20f-425b54ec0da7,ART,Cocoon 5,ppe,Pulleys,Aluminium,EN 12278,,10,,28 kN,,,,14,,,https://climb-art.de/wp-content/uploads/2020/10/Manual-Cocoon-5.pdf,https://climb-art.de/en/products/cocoon-5/,,,
cae082d9-dcb5-4eaf-90a9-c4dc7d542bc8,ART,DoubleSnapper 3,no_ppe,Anchor Devices,Aluminium,,,,,,,,,,,,https://climb-art.de/wp-content/uploads/2020/10/Manual-DoubleSnapper-3.pdf,https://climb-art.de/en/products/doublesnapper-3/,,,
bc50893e-4b0f-4230-a183-89afdb943fd7,ART,Link 2,no_ppe,Friction Savers,Aluminium,,,,,,,,,,,,,https://climb-art.de/en/products/link-2/,,,
11396194-ed66-4c17-9be7-2f982d17f75d,ART,LockJack 2 Sport,ppe,Ascenders & Descenders,Aluminium / Textile,EN 358,,7,,23 kN,,100,11,13,,,https://climb-art.de/wp-content/uploads/2020/10/Manual-LockJack-2-Sport.pdf,https://climb-art.de/en/products/lockjack-2/,,Textile parts must be replaced after 5 years to achieve maximum service life of metal parts,
a4c6e287-0cf2-4aea-8b22-c50a2e76e139,ART,LockJack Dyneema sling,ppe,Ascenders & Descenders,Dyneema,,,5,,,,,,,,,,https://climb-art.de/en/replacement-parts/,,,
74bac492-8f28-4035-917b-55cfd6e3e95a,ART,Positioner 2 Basic,ppe,Work Positioning Devices,Aluminium,EN 567,,7,,23 kN,,100,11,13,,,https://climb-art.de/wp-content/uploads/2020/10/Manual-Positioner-2.pdf,https://climb-art.de/en/products/positioner-2/,,,
addc8520-1c22-4632-a147-2c0742956c46,ART,Positioner 2 Swivel,ppe,Work Positioning Devices,Aluminium,EN 567,,7,,23 kN,,100,11,13,,,https://climb-art.de/wp-content/uploads/2020/10/Manual-Positioner-2.pdf,https://climb-art.de/en/products/positioner-2/,,,
0a5e55ac-7bff-4f7c-a256-6a48f7f85751,ART,RopeGuide 2010 Cocoon 150cm,ppe,Friction Savers,"Aluminium, Polyester/Dyneema rope",EN 795 B,,10,,24 kN,,,,,,,https://climb-art.de/wp-content/uploads/2020/10/Manual-RopeGuide-2010.pdf,https://climb-art.de/en/products/ropeguide-2010/,,Textile parts must be replaced after 5 years to achieve maximum service life of metal parts,
ca5949cc-3fde-4cb9-bf64-ca1c84d5a843,ART,RopeGuide 2010 Cocoon 300cm,ppe,Friction Savers,"Aluminium, Polyester/Dyneema rope",EN 795 B,,10,,24 kN,,,,,,,https://climb-art.de/wp-content/uploads/2020/10/Manual-RopeGuide-2010.pdf,https://climb-art.de/en/products/ropeguide-2010/,,Textile parts must be replaced after 5 years to achieve maximum service life of metal parts,
9d7c19e6-b5b1-4247-94e0-0e983a98f59b,ART,RopeGuide 2010 Link 150cm,ppe,Friction Savers,"Aluminium, Polyester/Dyneema rope",EN 795 B,,10,,24 kN,,,,,,,https://climb-art.de/wp-content/uploads/2020/10/Manual-RopeGuide-2010.pdf,https://climb-art.de/en/products/ropeguide-2010/,,Textile parts must be replaced after 5 years to achieve maximum service life of metal parts,
9373b3d3-ba0a-4e4e-8915-b74054b2a87d,ART,RopeGuide 2010 Link 300cm,ppe,Friction Savers,"Aluminium, Polyester/Dyneema rope",EN 795 B,,10,,24 kN,,,,,,,https://climb-art.de/wp-content/uploads/2020/10/Manual-RopeGuide-2010.pdf,https://climb-art.de/en/products/ropeguide-2010/,,Textile parts must be replaced after 5 years to achieve maximum service life of metal parts,
41035fdf-f443-44f9-8e2a-5856d24856c5,ART,RopeGuide 2010 rope sling 150cm,ppe,Friction Savers,Polyester/Dyneema,,,5,,,,,,,,,,https://climb-art.de/en/replacement-parts/,,,
155c9de8-80ac-4241-b36e-0984fcf61c57,ART,RopeGuide 2010 rope sling 300cm,ppe,Friction Savers,Polyester/Dyneema,,,5,,,,,,,,,,https://climb-art.de/en/replacement-parts/,,,
854f07c4-7b63-4679-bfa3-c9b59a49ba54,ART,RopeGuide TwinLine,ppe,Friction Savers,Aluminium / Polyester rope,"EN 795 B, CEN/TS 16415:2013, EN 355",,10,,18 kN,,,10,12,,,https://climb-art.de/wp-content/uploads/2020/10/Manual-RopeGuide-TwinLine.pdf,https://climb-art.de/en/products/ropeguide-twinline/,,Textile parts must be replaced after 5 years to achieve maximum service life of metal parts,
d4ed1592-5117-4707-8486-7249806e4dfa,ART,SnakeAnchor 250 cm,ppe,Anchor Devices,Polyester rope (8 mm parallel sewn),,,5,,,4 kN,,,,,,https://climb-art.de/wp-content/uploads/2020/10/Manual-SnakeAnchor.pdf,https://climb-art.de/en/products/snakeanchor/,,,
af4fd5d3-148a-41ba-9273-d17abed21e62,ART,SnakeAnchor 500 cm,ppe,Anchor Devices,Polyester rope (8 mm parallel sewn),,,5,,,4 kN,,,,,,https://climb-art.de/wp-content/uploads/2020/10/Manual-SnakeAnchor.pdf,https://climb-art.de/en/products/snakeanchor/,,,
4455a4f9-d36b-4258-b1ab-a23985e7850e,ART,SnakeTail,ppe,Anchor Devices,Dyneema / Polyester rope (8 mm),"EN 795 B, EN 354",,5,,25 kN,4 kN,,,,,,https://climb-art.de/wp-content/uploads/2020/10/Manual-SnakeTail.pdf,https://climb-art.de/en/products/snaketail/,,,
d270c5e0-4317-4029-afc6-214eb8a136bb,ART,SpiderJack 2.1,ppe,Ascenders & Descenders,Aluminium / Dyneema,EN 358,,7,,25 kN,,,11,13,,,https://climb-art.de/shared-assets/manuals/Manual-SpiderJack-2.pdf,https://climb-art.de/en/products/spiderjack-2-1/,,Textile parts must be replaced after 5 years to achieve maximum service life of metal parts,
902097b2-9552-4cb2-8f7e-22e1b4afbbad,ART,SpiderJack 3,ppe,Ascenders & Descenders,"Stainless steel, Aluminium",CE EN 358,,10,,22 kN,200 kg,,11,14,,,https://climb-art.de/wp-content/uploads/2020/10/Manual-SpiderJack-3.pdf,https://climb-art.de/en/products/spiderjack-3/,,FLAG: max_user_weight_kg conflicting in our old sources (100 vs 200) - please verify on product page,
bde5fd01-e731-4afb-b020-36611a771cdd,ART,SpliceAnchor 125cm,ppe,Friction Savers,Polyester/Dyneema,,,5,,,,,12,12,,,,https://climb-art.de/en/replacement-parts/,,,
ddfad6dc-5f26-4bdb-b311-b5a615859d31,ART,SpliceAnchor 250cm,ppe,Friction Savers,Polyester/Dyneema,,,5,,,,,12,12,,,,https://climb-art.de/en/replacement-parts/,,,
20e501a3-dae0-44d8-a2b9-36dc38055a97,ART,SpliceAnchor 450cm,ppe,Friction Savers,Polyester/Dyneema,,,5,,,,,12,12,,,,https://climb-art.de/en/replacement-parts/,,,
b4502195-5998-4498-91da-6d080bd3793d,ART,Trapeze 5,no_ppe,Anchor Devices,"Aluminium, Stainless steel",,,,,,,,,,,,,https://climb-art.de/en/products/trapeze-5/,,,
df347703-9842-4e33-bc17-4acf01fc70e5,ART,TurnBase,ppe,Pulleys,Aluminium,EN 12278,,10,,24 kN,,,,14,,,https://climb-art.de/wp-content/uploads/2020/10/Manual-TurnBase.pdf,https://climb-art.de/en/products/turnbase/,,,
22032801-18a5-46a8-bd7a-93f32b36a63f,ART,ZipAbsorber 1,ppe,Friction Savers,Textile / Plastic,CE EN 355,,5,,,,,,,,,,https://climb-art.de/en/replacement-parts/,,,
1a48a1a7-7e89-4959-b9d3-c6dd94704f57,ASAT,RD2 Rescue Descender/PCP,ppe,Descenders,Aluminium / Stainless steel,EN 12841:2006-C,RD2,999,999,,150 kg (200 kg rescue),,10.5,11,,,https://atheightuk.com/wp-content/uploads/2022/05/RD2-instruction-manual-EN.pdf,https://atheightuk.com/product/rd2-rescue-descender-pcp/,,,
ddac1ab3-4f44-42ba-8f9d-d430b0e6d6cc,At Height,Beam Trolley CT100.2,rigging,Rigging & Anchors,,,CT100.2,,,,,,,,,,,,,,
1a51a164-b54a-4ec1-8116-c1d3808082d6,At Height,Blocker Rope Grab,ppe,Rope Grabs,,EN 353-2 / EN 358,BRG01,,,,,,10.5,13,,,,,,,
da8ef2ac-d2ee-42b0-a643-dce7a44b3c22,At Height,Drill Winch DW2,no_ppe,Powered Winch - NOT PPE,,Machinery Directive 2006/42/EC,DW2,,,,200 kg (with 11 mm rope),,8,11,,,,https://atheightuk.com/product/drill-winch/,,,
e49236d0-e768-4645-8fc9-b140fb2731ec,At Height,Drill Winch DW3 (Pro),no_ppe,Powered Winch - NOT PPE,,Machinery Directive 2006/42/EC,DW3,,,,200 kg,,10.5,11,,,,https://atheightuk.com/product/drill-winch/,,,
c3e9f3a7-5c8f-4234-86e8-3a8848caa155,At Height,K01 Mini Accessory Karabiner - screwgate,no_ppe,Karabiner,Aluminium,,K01SG,,,8 kN,,,,,,,,,,,
993c16bf-404f-4ac4-b60a-af629c02dbf7,At Height,K01 Mini Accessory Karabiner - straight gate,no_ppe,Karabiner,Aluminium,,K01SA,,,8 kN,,,,,,,,,,,
6cac8cf1-e041-4945-b11b-f4cc59955e7e,At Height,K10 Steel Oval Karabiner - double action,ppe,Karabiner,Steel,EN 362:2004/B,K10DA,999,999,25 kN,,,,,,,https://atheightuk.com/wp-content/uploads/2020/08/Karabiner-UIM-Final.pdf,https://atheightuk.com/product/steel-karabiner-screwgate-2/,,,
bb5c8e4b-5713-4729-836f-d0b299cad835,At Height,K10 Steel Oval Karabiner - screwgate,ppe,Karabiner,Steel,EN 362:2004/B,K10SG,999,999,25 kN,,,,,,,https://atheightuk.com/wp-content/uploads/2020/08/Karabiner-UIM-Final.pdf,https://atheightuk.com/product/steel-karabiner-screwgate-2/,,,
628d59ce-35d1-4a8d-ab83-cdf776f53f4d,At Height,K10 Steel Oval Karabiner - triple action,ppe,Karabiner,Steel,EN 362:2004/B,K10TA,999,999,25 kN,,,,,,,https://atheightuk.com/wp-content/uploads/2020/08/Karabiner-UIM-Final.pdf,https://atheightuk.com/product/steel-karabiner-screwgate-2/,,,
6ff0c0af-911c-4a6d-91ec-a35b0f015396,At Height,K15 Aluminium Oval Karabiner - double action,ppe,Karabiner,Aluminium,EN 362:2004/B,K15DA,999,999,25 kN,,,,,,,https://atheightuk.com/wp-content/uploads/2020/08/Karabiner-UIM-Final.pdf,,,,
3de96c76-7dea-43fd-a47b-fb596b7fc705,At Height,K15 Aluminium Oval Karabiner - screwgate,ppe,Karabiner,Aluminium,EN 362:2004/B,K15SG,999,999,25 kN,,,,,,,https://atheightuk.com/wp-content/uploads/2020/08/Karabiner-UIM-Final.pdf,,,,
a7f31e03-8b4e-43b9-8fd6-39f220f6fbf7,At Height,K15 Aluminium Oval Karabiner - triple action,ppe,Karabiner,Aluminium,EN 362:2004/B,K15TA,999,999,25 kN,,,,,,,https://atheightuk.com/wp-content/uploads/2020/08/Karabiner-UIM-Final.pdf,,,,
b7872654-cc7e-4581-b36c-f699cb7ba4b4,At Height,K20 Steel Offset Oval Karabiner - double action,ppe,Karabiner,Steel,"EN 362:2004/B, ANSI (TA version)",K20DA,999,999,36 kN,,,,,,,https://atheightuk.com/wp-content/uploads/2020/08/Karabiner-UIM-Final.pdf,https://atheightuk.com/product/k20-steel-offset-oval-karabiner/,,,
093caa35-c653-46a8-a46f-4b18c36aa8a8,At Height,K20 Steel Offset Oval Karabiner - screwgate,ppe,Karabiner,Steel,"EN 362:2004/B, ANSI (TA version)",K20SG,999,999,36 kN,,,,,,,https://atheightuk.com/wp-content/uploads/2020/08/Karabiner-UIM-Final.pdf,https://atheightuk.com/product/k20-steel-offset-oval-karabiner/,,,
09c63486-99a9-477e-8b13-e13d19a7bb89,At Height,K20 Steel Offset Oval Karabiner - triple action,ppe,Karabiner,Steel,"EN 362:2004/B, ANSI (TA version)",K20TA,999,999,36 kN,,,,,,,https://atheightuk.com/wp-content/uploads/2020/08/Karabiner-UIM-Final.pdf,https://atheightuk.com/product/k20-steel-offset-oval-karabiner/,,,
fee72559-59cc-4537-ae54-b78616085973,At Height,K25 CurlyWirly Twisted Aluminium Karabiner - screwgate,ppe,Karabiner,Aluminium,EN 362:2004/B,K25SG,999,999,25 kN,,,,,,,https://atheightuk.com/wp-content/uploads/2020/08/Karabiner-UIM-Final.pdf,https://atheightuk.com/product/k25-curlywirly-twisted-aluminium-karabiner/,,,
5dda72e4-348e-4e46-903e-9b916440ddf1,At Height,K25 CurlyWirly Twisted Aluminium Karabiner - triple action,ppe,Karabiner,Aluminium,EN 362:2004/B,K25TA,999,999,25 kN,,,,,,,https://atheightuk.com/wp-content/uploads/2020/08/Karabiner-UIM-Final.pdf,https://atheightuk.com/product/k25-curlywirly-twisted-aluminium-karabiner/,,,
89d6cd7d-5566-45e6-b4b8-7c4e6c7f0971,At Height,K30 Steel Modified HMS Karabiner - screwgate,ppe,Karabiner,Steel,EN 362:2004/B,K30SG,999,999,50 kN,,,,,,,https://atheightuk.com/wp-content/uploads/2020/08/Karabiner-UIM-Final.pdf,https://atheightuk.com/product/k30-steel-modified-hms-karabiner/,,,
d8961820-eb92-4891-be76-1169b0a5b600,At Height,K30 Steel Modified HMS Karabiner - triple action,ppe,Karabiner,Steel,EN 362:2004/B,K30TA,999,999,50 kN,,,,,,,https://atheightuk.com/wp-content/uploads/2020/08/Karabiner-UIM-Final.pdf,https://atheightuk.com/product/k30-steel-modified-hms-karabiner/,,,
1c742511-64a1-4054-866d-741eb87b3a26,At Height,K50 Steel Large D Karabiner - double action,ppe,Karabiner,Steel,EN 362:2004/B,K50DA,999,999,65 kN,,,,,,,https://atheightuk.com/wp-content/uploads/2020/08/Karabiner-UIM-Final.pdf,https://atheightuk.com/product/k50-steel-large-d-shape-karabiner/,,,
ceb8eda1-080e-4508-95f5-52c8355c604e,At Height,K50 Steel Large D Karabiner - screwgate,ppe,Karabiner,Steel,EN 362:2004/B,K50SG,999,999,65 kN,,,,,,,https://atheightuk.com/wp-content/uploads/2020/08/Karabiner-UIM-Final.pdf,https://atheightuk.com/product/k50-steel-large-d-shape-karabiner/,,,
070ae564-7b31-4ef6-abe1-8fc8a1b1158d,At Height,K50 Steel Large D Karabiner - triple action,ppe,Karabiner,Steel,EN 362:2004/B,K50TA,999,999,65 kN,,,,,,,https://atheightuk.com/wp-content/uploads/2020/08/Karabiner-UIM-Final.pdf,https://atheightuk.com/product/k50-steel-large-d-shape-karabiner/,,,
a762479b-691c-4992-917d-5ae98a08b5dd,At Height,PulleyOne P36,ppe,Pulleys,Aluminium,EN 12278:2007,P36,,,36 kN,,,,11.5,,,,https://atheightuk.com/product/pulleyone/,,,
81585166-72f2-4eab-9512-b0962e8f0003,At Height,PulleyOne P36B - premium bearing,ppe,Pulleys,Aluminium,EN 12278:2007,P36B,,,36 kN,,,,11.5,,,,https://atheightuk.com/product/pulleyone/,,,
d64fb842-1458-4fb1-9d94-7f83a8d70358,At Height,Rope Grab 9-13mm - bolted axle,ppe,Rope Grabs,,EN 567,RG20,,,,,,9,13,,,,https://atheightuk.com/product/rope-grabs/,,,
ce2e3a00-b7e5-404e-b7c3-08b7f23efa59,At Height,Rope Grab 9-13mm - removable axle,ppe,Rope Grabs,,EN 567,RG21,,,,,,9,13,,,,https://atheightuk.com/product/rope-grabs/,,,
9e7c36b5-78e4-4217-b023-f8f7c43a57d3,At Height,The Choker K30 Steel Modified HMS Karabiner - triple action - Green,ppe,Karabiner,Steel,EN 362:2004/B,K30TA-PC01,999,999,50 kN,,,,,,,https://atheightuk.com/wp-content/uploads/2020/08/Karabiner-UIM-Final.pdf,https://atheightuk.com/product/k30-steel-modified-hms-karabiner/,,,
bca9cdc2-261d-46e9-8da3-12f56ebdf59d,At Height,The Choker K30 Steel Modified HMS Karabiner - triple action - Red,ppe,Karabiner,Steel,EN 362:2004/B,K30TA-PC02,999,999,50 kN,,,,,,,https://atheightuk.com/wp-content/uploads/2020/08/Karabiner-UIM-Final.pdf,https://atheightuk.com/product/k30-steel-modified-hms-karabiner/,,,
b184f974-6a1b-4c3f-87bd-3a568f13d9a6,At Height,Wire Anchor Sling 0.5 m (galvanised),rigging,Rigging & Anchors,Galvanised steel,,WASG050,,,,,,,,,,,https://atheightuk.com/product/wire-anchor-sling/,,,
bce04dec-5fcf-4792-9b12-7b64e2d4855a,At Height,Wire Anchor Sling 1 m (galvanised),rigging,Rigging & Anchors,Galvanised steel,,WASG100,,,,,,,,,,,https://atheightuk.com/product/wire-anchor-sling/,,,
18123092-619c-42e4-ac69-e4926ba34de4,At Height,"Wire Anchor Sling 1 m (stainless, thimble eye)",rigging,Rigging & Anchors,Stainless steel,,WASS100T,,,,,,,,,,,https://atheightuk.com/product/wire-anchor-sling/,,,
8a2b7860-878d-4fca-b849-18be3d99d413,At Height,Wire Anchor Sling 1.5 m (galvanised),rigging,Rigging & Anchors,Galvanised steel,,WASG150,,,,,,,,,,,https://atheightuk.com/product/wire-anchor-sling/,,,
3ffdf330-b506-464e-ba16-9d75953675a2,At Height,"Wire Anchor Sling 1.5 m (stainless, thimble eye)",rigging,Rigging & Anchors,Stainless steel,,WASS150T,,,,,,,,,,,https://atheightuk.com/product/wire-anchor-sling/,,,
0fe97040-ba44-42f0-a2ae-e5c2d1f9b447,At Height,Wire Anchor Sling 2 m (galvanised),rigging,Rigging & Anchors,Galvanised steel,,WASG200,,,,,,,,,,,https://atheightuk.com/product/wire-anchor-sling/,,,
1462c16e-c976-43c7-bb8a-b58d5b5bf2ba,At Height,"Wire Anchor Sling 2 m (stainless, thimble eye)",rigging,Rigging & Anchors,Stainless steel,,WASS200T,,,,,,,,,,,https://atheightuk.com/product/wire-anchor-sling/,,,
6da7c5a7-5d12-4ce7-a234-8413a9798445,At Height,Wire Anchor Sling 3 m (galvanised),rigging,Rigging & Anchors,Galvanised steel,,WASG300,,,,,,,,,,,https://atheightuk.com/product/wire-anchor-sling/,,,
00f37d25-de30-487f-a0dc-0c9a90b0f087,At Height,Wire Anchor Sling 4 m (galvanised),rigging,Rigging & Anchors,Galvanised steel,,WASG400,,,,,,,,,,,https://atheightuk.com/product/wire-anchor-sling/,,,
8998c587-ed16-44e9-856e-edd2b110ec44,At Height,Work Seat WS01,no_ppe,Work Seat - NOT PPE,,,WS01,,,,,,,,,,,,,,
d2f821d0-eb60-411d-9f15-c734a068f958,BASHLIN,Aluminium Climbers - 140D Leather Pads,no_ppe,tree climbing spurs,aluminium shank,,BI-BD14-1,,,,,,,,,,,https://www.fletcherstewart.com/aluminium-climbers-fitted-with-150v-pads-232.html,,,
5e4441f1-7bb1-461d-b0c3-0ee603b917be,BASHLIN,Aluminium Climbers - 150V Velcro Pads,no_ppe,tree climbing spurs,aluminium shank,,BI-BD14-2,,,,,,,,,,,https://www.fletcherstewart.com/aluminium-climbers-fitted-with-150v-pads.html,,,
40dbb90b-3158-48d3-894e-8167938097a1,BASHLIN,Twisted Steel Shank Climbers - 140D Leather Pads,no_ppe,tree climbing spurs,twisted steel shank,,,,,,,,,,,,,https://www.fletcherstewart.com/twisted-steel-shank-climbers-fitted-with-140d-pads.html,,,
f83c283c-ffd3-41a9-8068-48fa2374d241,BASHLIN,Twisted Steel Shank Climbers - 150V Velcro Pads,no_ppe,tree climbing spurs,twisted steel shank,,,,,,,,,,,,,https://www.fletcherstewart.com/twisted-steel-shank-climbers-fitted-with-150v-pads.html,,,
e2caa5dc-9188-4dd7-ad94-e60452cc6969,Beal,Access Unicore 10.5mm,ppe,climbing line,Polyamide,CE EN 1891 Type A,,10,,27 kN,,,10.5,10.5,TIP label / serial number on product,,,https://www.beal-planet.com/en/products/access-10-5mm-unicore,,,
ca2e0bed-d634-4821-9210-a4c9eb25e92a,Beal,Access Unicore 11mm,ppe,climbing line,Polyamide,CE EN 1891 Type A,,10,,30 kN,,,11,11,TIP label / serial number on product,,,https://int.beal-planet.com/products/access-11mm-unicore,,,
6fa89c2a-4389-4c49-b4b4-ce34323701e9,Beal,Air Smith 3-Matic,ppe,Connectors,Steel,"CE EN 362, CE EN 12275",,10,,52 kN,,,,,TIP label / serial number on product,,,https://www.beal-planet.com/en/products/air-smith-3-matic,,,
3df848dd-9eda-4c39-9a1d-632c82bd5cba,Beal,Air Smith Screw-Lock,ppe,Connectors,Steel,"CE EN 362, CE EN 12275",,10,,52 kN,,,,,TIP label / serial number on product,,,https://www.beal-planet.com/en/products/air-smith,,,
74128aaa-1964-4d96-8550-b4f38c58ee56,Beal,Air Top,ppe,Harnesses,Polyamide,CE EN 361 (in combination with sit harness),,10,,,,,,,TIP label / serial number on product,,,https://www.beal-planet.com/en/products/air-top,,,
4d2895d1-fba4-434e-a9de-086aa9b32f55,Beal,Antipodes 11.5mm,ppe,climbing line,Polyamide,CE EN 1891 Type A,,10,,,,,11.5,11.5,TIP label / serial number on product,,,https://www.beal-planet.com/en/products/antipodes-11-5mm,,,
e2c231d0-22c7-439b-b5d9-98e6a6d33806,Beal,Bonsai 13mm,ppe,climbing line,Polyamide,CE EN 1891 Type A,,10,,,,,13,13,TIP label / serial number on product,,,https://www.beal-planet.com/en/products/bonsai-13mm,,,
86e65308-eae9-4627-a0e8-c70e3f67ee9c,Beal,Contract 10.5mm,ppe,climbing line,Polyamide,CE EN 1891 Type A,,10,,27 kN,,,10.5,10.5,TIP label / serial number on product,,,https://www.beal-planet.com/en/products/contract-10-5mm,,,
9204431a-7bfe-4901-88d3-b445e63c7c01,Beal,Dynapro Double 2m,ppe,Fall arrest lanyards,Polyester / Nylon,"CE EN 355, CE EN 362",,10,,,,100,,,TIP label / serial number on product,,,https://www.beal-planet.com/en/products/dynapro-double,,,
04cb6c54-1d8b-4b4c-b9ce-37cf3a09ae5a,Beal,Dynapro Single 2m,ppe,Fall arrest lanyards,Polyester / Nylon,"CE EN 355, CE EN 362",,10,,,,100,,,TIP label / serial number on product,,,https://www.beal-planet.com/en/products/dynapro-single,,,
ffececc8-6c1b-4360-9e44-0e3e17290a3a,Beal,Flat Sling 18mm 40cm,ppe,Slings,Polyamide,"CE EN 566, CE EN 795B, CE EN 354",,10,,22 kN,,,,,TIP label / serial number on product,,,https://us.beal-planet.com/products/flat-18mm,,,
d6a9dfe1-563a-4408-b75b-6ca612716fed,Beal,Flat Sling 18mm 60cm,ppe,Slings,Polyamide,"CE EN 566, CE EN 795B, CE EN 354",,10,,22 kN,,,,,TIP label / serial number on product,,,https://us.beal-planet.com/products/flat-18mm,,,
b0824e31-141c-436c-a474-c8238e0b6dbd,Beal,Flat Sling 18mm 80cm,ppe,Slings,Polyamide,"CE EN 566, CE EN 795B, CE EN 354",,10,,22 kN,,,,,TIP label / serial number on product,,,https://us.beal-planet.com/products/flat-18mm,,,
28aa42e2-3ddb-4ccb-898f-cf0455846f10,Beal,Flat Sling 18mm 100cm,ppe,Slings,Polyamide,"CE EN 566, CE EN 795B, CE EN 354",,10,,22 kN,,,,,TIP label / serial number on product,,,https://us.beal-planet.com/products/flat-18mm,,,
3eb2af6d-e6f8-4d62-9627-117e4380016c,Beal,Flat Sling 18mm 120cm,ppe,Slings,Polyamide,"CE EN 566, CE EN 795B, CE EN 354",,10,,22 kN,,,,,TIP label / serial number on product,,,https://us.beal-planet.com/products/flat-18mm,,,
717d26c3-8196-44a6-ad13-89bf889e3368,Beal,Flat Sling 18mm 150cm,ppe,Slings,Polyamide,"CE EN 566, CE EN 795B, CE EN 354",,10,,22 kN,,,,,TIP label / serial number on product,,,https://us.beal-planet.com/products/flat-18mm,,,
fb852c21-4227-4e58-8936-f9f6f305b4a8,Beal,Flat Sling 18mm 175cm,ppe,Slings,Polyamide,"CE EN 566, CE EN 795B, CE EN 354",,10,,22 kN,,,,,TIP label / serial number on product,,,https://us.beal-planet.com/products/flat-18mm,,,
f720f5a8-d64f-4ee3-bba5-d973a739f526,Beal,Hero Pro size L,ppe,Harnesses,Polyamide,"CE EN 361, CE EN 358, CE EN 813",,10,,,,100,,,TIP label / serial number on product,,,https://www.beal-planet.com/en/products/hero-pro,,,
06d4790b-aafc-4b43-9b5d-8ae62bdf5185,Beal,Hero Pro size M,ppe,Harnesses,Polyamide,"CE EN 361, CE EN 358, CE EN 813",,10,,,,100,,,TIP label / serial number on product,,,https://www.beal-planet.com/en/products/hero-pro,,,
eeb6b5c1-0d7f-4dd1-be19-40549d35656a,Beal,Hero Pro size S,ppe,Harnesses,Polyamide,"CE EN 361, CE EN 358, CE EN 813",,10,,,,100,,,TIP label / serial number on product,,,https://www.beal-planet.com/en/products/hero-pro,,,
a7fb652b-2ef5-48e6-ae40-f5510c552d03,Beal,Hero Pro size XL,ppe,Harnesses,Polyamide,"CE EN 361, CE EN 358, CE EN 813",,10,,,,100,,,TIP label / serial number on product,,,https://www.beal-planet.com/en/products/hero-pro,,,
e45b9502-2e29-4c37-b8fd-6ddc7cd0de40,Beal,Industrie 11mm,ppe,climbing line,Polyamide,CE EN 1891 Type A,,10,,34 kN,,,11,11,TIP label / serial number on product,,,https://www.beal-planet.com/en/products/industrie-11mm,,,
2cb60ac1-20f4-46e6-8b9b-32ab0d0c1c54,Beal,Industrie 12mm,ppe,climbing line,Polyamide,CE EN 1891 Type A,,10,,,,,12,12,TIP label / serial number on product,,,https://us.beal-planet.com/products/industrie-12mm,,,
a2221839-d827-4519-af05-e2198ed591e4,Beal,Mobile Lanyard,ppe,Positioning lanyards,Polyamide,"CE EN 354, CE EN 362",,10,,,,100,,,TIP label / serial number on product,,,https://www.beal-planet.com/en/products/mobile-lanyard,,,
125c01e8-dbb7-4231-bb71-09a0b014cd6b,Beal,Monitor,ppe,Mobile fall arresters,Aluminium,"CE EN 353-2, CE EN 12841 Type A",,10,,,,100,11,13,TIP label / serial number on product,,,https://us.beal-planet.com/products/monitor,,,
a726dc4d-5fe6-43a0-97ac-41396be353d6,Beal,O'Smith 3-Matic,ppe,Connectors,Steel,"CE EN 362, CE EN 12275",,10,,,,,,,TIP label / serial number on product,,,https://www.beal-planet.com/en/products/o-smith-3-matic,,,
c9607bdc-48a4-48e2-8054-5defffab7d81,Beal,O'Smith Screw-Lock,ppe,Connectors,Steel,"CE EN 362, CE EN 12275",,10,,,,,,,TIP label / serial number on product,,,https://www.beal-planet.com/en/products/osmith,,,
3c759803-c2a1-4e7d-9bbd-8386a62f0b18,Beal,Prusik Cord 10mm,ppe,hitch cord / prusik,Polyester,,,10,,,,,10,10,TIP label / serial number on product,,,https://www.beal-planet.com/en/collections/cordelettes,,,
77ad83ec-ca6b-4f70-9379-d7b4cd704e7c,Beal,Shaolin size L,ppe,Harnesses,Polyamide,"CE EN 358, CE EN 813",,10,,,,100,,,TIP label / serial number on product,,,https://www.beal-planet.com/en/products/shaolin,,,
c4fc71b2-fd4d-441e-86dc-65f7693aa366,Beal,Shaolin size M,ppe,Harnesses,Polyamide,"CE EN 358, CE EN 813",,10,,,,100,,,TIP label / serial number on product,,,https://www.beal-planet.com/en/products/shaolin,,,
449b62ef-c1a2-4ab9-bf96-64da3d7a613a,Beal,Shaolin size S,ppe,Harnesses,Polyamide,"CE EN 358, CE EN 813",,10,,,,100,,,TIP label / serial number on product,,,https://www.beal-planet.com/en/products/shaolin,,,
4acfc29f-01ba-42e3-8e65-f07b8a920fd0,Beal,Ypsilon,ppe,Harnesses,Polyamide,CE EN 361 (in combination with sit harness),,10,,,,,,,TIP label / serial number on product,,,https://www.beal-planet.com/en/products/ypsilon,,,
0dcb3484-e2e3-4422-99ce-eae90aa33479,CAMP,Empire Full Body Harness,ppe,Harnesses,Polyamide,EN 361,0922I,10,12,15,,,,,CE label on product,,https://www.manualslib.com/manual/1742575/Camp-Safety-Swifty-Vest.html,https://www.poelonline.nl/nl/product/details/0100092203/camp-empire-fullharnas-valbescherming/viking/klimgordels1,,,
1db79c3a-cca7-4daa-a915-42ada9652649,CAMP,Gravity Harness L-XXL,ppe,Harnesses,Polyamide / Aluminium,"EN 358, EN 361",126502,10,12,15,,150,,,CE label on product,,https://www.manualslib.com/manual/1742575/Camp-Safety-Swifty-Vest.html,https://www.safetypro.nl/camp,,,
e8e6e69c-318a-4a0b-b733-5d53a343a6a4,CAMP,Gravity Harness S-L,ppe,Harnesses,Polyamide / Aluminium,"EN 358, EN 361",126501,10,12,15,,150,,,CE label on product,,https://www.manualslib.com/manual/1742575/Camp-Safety-Swifty-Vest.html,https://www.safetypro.nl/camp,,,
84b91cf5-0410-42d1-b641-c75ee0a85fcc,CAMP,GT XT Harness,ppe,Harnesses,Polyamide / Aluminium,"EN 361, EN 358, EN 813",216901,10,12,15,,140,,,CE label on product,,https://www.manualslib.com/manual/1742575/Camp-Safety-Swifty-Vest.html,https://www.safetypro.nl/camp,,,
b3da774d-58fd-45b5-abb7-d25f71a96775,CAMP,Orbital Fall Arrest Harness L-XXL,ppe,Harnesses,Polyester / Steel,"EN 358, EN 361",2120-2,10,12,15,,,,,CE label on product,,https://www.manualslib.com/manual/1742575/Camp-Safety-Swifty-Vest.html,https://www.safetypro.nl/camp-orbital,,,
eb055553-100c-49c4-98a0-ada201d1f4dd,CAMP,Orbital Fall Arrest Harness S-L,ppe,Harnesses,Polyester / Steel,"EN 358, EN 361",2120-1,10,12,15,,,,,CE label on product,,https://www.manualslib.com/manual/1742575/Camp-Safety-Swifty-Vest.html,https://www.safetypro.nl/camp-orbital,,,
b6ed9b6f-845a-48c8-a7a6-cc7c3f4d8fc0,CAMP,Retexo Rewind Double,ppe,Energy Absorbers,Polyamide / Aluminium,EN 355,7050201,10,12,,6 kN,130,,,,,,https://www.safetypro.nl/camp-retexo-rewind-dubbel,,,
77c501fc-bbe6-4d90-a671-2f516db1cc0d,CAMP,Retexo Rewind Single,ppe,Energy Absorbers,Polyamide / Aluminium,EN 355,7050101,10,12,,6 kN,130,,,,,,https://www.safetypro.nl/camp-retexo-rewind-enkel,,,
b185578b-abda-4d6c-acef-bef4411c8e6f,CAMP,Shock Absorber Rewind Y MGO Aluminium,ppe,Energy Absorbers,Polyamide / Aluminium,EN 355,7030201,10,12,22,6 kN,130,,,,,,https://www.safetypro.nl/camp-shock-absorber-rewind-y-mgo-aluminium,,,
bdd8db39-3795-4415-9a7e-08a6d826725a,CAMP,Shock Absorber Rope Adjustable Single,ppe,Energy Absorbers,Polyamide / Steel,EN 355,5130101,10,12,,6 kN,,,,,,,https://www.safetypro.nl/camp-shock-absorber-rope-adjustable-single,,,
08c62fd6-321a-4b54-8955-c4c863547d80,CAMP,Swifty Vest Harness,ppe,Harnesses,Polyester / Steel,"EN 361, EN 358",216801,10,12,15,,120,,,CE label on product,,https://www.manualslib.com/manual/1742575/Camp-Safety-Swifty-Vest.html,https://www.safetypro.nl/camp,,,
57cab43f-3297-4877-be8c-4dfb6ee9f9ce,Climbing Technology,AIR ASCENT size L-XL black,ppe,Harnesses,,"EN 361:2002, EN 12277:2015-C",7H151DE03AB,10,12,,,,,,,,https://www.climbingtechnology.com/wp-content/uploads/2016/07/IST52-AIRASCTS_rev-0_12-21.pdf,https://www.climbingtechnology.com/en/professional-en/harnesses_/air_ascent,,,
6eba040e-f604-488b-ae41-e4692080e4b0,Climbing Technology,AIR ASCENT size L-XL yellow,ppe,Harnesses,,"EN 361:2002, EN 12277:2015-C",7H151DE02AA,10,12,,,,,,,,https://www.climbingtechnology.com/wp-content/uploads/2016/07/IST52-AIRASCTS_rev-0_12-21.pdf,https://www.climbingtechnology.com/en/professional-en/harnesses_/air_ascent,,,
8c1ffb0c-3e50-4ca4-afa8-4f7f69bae838,Climbing Technology,AIR ASCENT size M-L black,ppe,Harnesses,,"EN 361:2002, EN 12277:2015-C",7H151CD03AB,10,12,,,,,,,,https://www.climbingtechnology.com/wp-content/uploads/2016/07/IST52-AIRASCTS_rev-0_12-21.pdf,https://www.climbingtechnology.com/en/professional-en/harnesses_/air_ascent,,,
bf8a6c16-2a35-490e-959e-3f65d3ca5706,Climbing Technology,AIR ASCENT size M-L yellow,ppe,Harnesses,,"EN 361:2002, EN 12277:2015-C",7H151CD02AA,10,12,,,,,,,,https://www.climbingtechnology.com/wp-content/uploads/2016/07/IST52-AIRASCTS_rev-0_12-21.pdf,https://www.climbingtechnology.com/en/professional-en/harnesses_/air_ascent,,,
42995665-1f31-42a2-aec0-58166b5e7f12,Climbing Technology,AIR ASCENT size XS-S black,ppe,Harnesses,,"EN 361:2002, EN 12277:2015-C",7H151AB03AB,10,12,,,,,,,,https://www.climbingtechnology.com/wp-content/uploads/2016/07/IST52-AIRASCTS_rev-0_12-21.pdf,https://www.climbingtechnology.com/en/professional-en/harnesses_/air_ascent,,,
9130bcfb-00fc-42e6-8f0a-b87e9e1f1fd6,Climbing Technology,AIR ASCENT size XS-S yellow,ppe,Harnesses,,"EN 361:2002, EN 12277:2015-C",7H151AB02AA,10,12,,,,,,,,https://www.climbingtechnology.com/wp-content/uploads/2016/07/IST52-AIRASCTS_rev-0_12-21.pdf,https://www.climbingtechnology.com/en/professional-en/harnesses_/air_ascent,,,
76f699e6-f660-4967-ae25-0a4c9babad61,Climbing Technology,AIR TOP size M-XL black,ppe,Harnesses,,EN 361:2002 (in combination with ASCENT PRO),7H152CE03AB,10,12,,,,,,,,https://www.climbingtechnology.com/wp-content/uploads/2016/07/IST52-AIRASCTS_rev-0_12-21.pdf,https://www.climbingtechnology.com/en/professional-en/harnesses_/air_top,,,
13824fc4-21e4-4549-8725-71634d6cd8c6,Climbing Technology,AIR TOP size M-XL yellow,ppe,Harnesses,,EN 361:2002 (in combination with ASCENT PRO),7H152CE02AA,10,12,,,,,,,,https://www.climbingtechnology.com/wp-content/uploads/2016/07/IST52-AIRASCTS_rev-0_12-21.pdf,https://www.climbingtechnology.com/en/professional-en/harnesses_/air_top,,,
e09a4c48-c92a-4127-a7a4-dc5f873386bd,Climbing Technology,AIR TOP size XS-S black,ppe,Harnesses,,EN 361:2002 (in combination with ASCENT PRO),7H152AB03AB,10,12,,,,,,,,https://www.climbingtechnology.com/wp-content/uploads/2016/07/IST52-AIRASCTS_rev-0_12-21.pdf,https://www.climbingtechnology.com/en/professional-en/harnesses_/air_top,,,
8cc18697-70fd-4ddf-ba51-1389ad199029,Climbing Technology,AIR TOP size XS-S yellow,ppe,Harnesses,,EN 361:2002 (in combination with ASCENT PRO),7H152AB02AA,10,12,,,,,,,,https://www.climbingtechnology.com/wp-content/uploads/2016/07/IST52-AIRASCTS_rev-0_12-21.pdf,https://www.climbingtechnology.com/en/professional-en/harnesses_/air_top,,,
0cc85565-3045-400b-a60b-85251a656741,Climbing Technology,ARIES AIR Black,ppe,Helmets,Shell: ABS; Inner: PA; Padding: PES/PU/PA; Webbing: PES; Headband: PA,EN 397:2012,6X92905,10,12,,,,,,,,https://www.climbingtechnology.com/wp-content/uploads/2024/10/IST41-ARIESSKS1-S2_rev.0-09-24_web.pdf,https://www.climbingtechnology.com/en/professional-en/helmets_/work/aries_air,,,
e358ca4b-4b41-487c-943b-18396110be3c,Climbing Technology,ARIES AIR Orange,ppe,Helmets,Shell: ABS; Inner: PA; Padding: PES/PU/PA; Webbing: PES; Headband: PA,EN 397:2012,6X92901,10,12,,,,,,,,https://www.climbingtechnology.com/wp-content/uploads/2024/10/IST41-ARIESSKS1-S2_rev.0-09-24_web.pdf,https://www.climbingtechnology.com/en/professional-en/helmets_/work/aries_air,,,
91ab7102-e56b-4e2b-b0ef-ccc7739388c8,Climbing Technology,ARIES AIR Red,ppe,Helmets,Shell: ABS; Inner: PA; Padding: PES/PU/PA; Webbing: PES; Headband: PA,EN 397:2012,6X92902,10,12,,,,,,,,https://www.climbingtechnology.com/wp-content/uploads/2024/10/IST41-ARIESSKS1-S2_rev.0-09-24_web.pdf,https://www.climbingtechnology.com/en/professional-en/helmets_/work/aries_air,,,
e8b1e820-4e3f-4592-b0fd-a3ebaa7a8b5e,Climbing Technology,ARIES AIR White,ppe,Helmets,Shell: ABS; Inner: PA; Padding: PES/PU/PA; Webbing: PES; Headband: PA,EN 397:2012,6X92907,10,12,,,,,,,,https://www.climbingtechnology.com/wp-content/uploads/2024/10/IST41-ARIESSKS1-S2_rev.0-09-24_web.pdf,https://www.climbingtechnology.com/en/professional-en/helmets_/work/aries_air,,,
26465875-07dd-40e5-8b76-47b2dde9042b,Climbing Technology,ARIES AIR Yellow,ppe,Helmets,Shell: ABS; Inner: PA; Padding: PES/PU/PA; Webbing: PES; Headband: PA,EN 397:2012,6X92913,10,12,,,,,,,,https://www.climbingtechnology.com/wp-content/uploads/2024/10/IST41-ARIESSKS1-S2_rev.0-09-24_web.pdf,https://www.climbingtechnology.com/en/professional-en/helmets_/work/aries_air,,,
7fb8a506-ab28-4c72-863c-c1af9d56afec,Climbing Technology,ARIES TREE Black,ppe,Helmets,Shell: ABS; Inner: PA; Padding: PES/PU/PA; Webbing: PES; Headband: PA,EN 12492:2012,6X93105,10,12,,,,,,,,https://www.climbingtechnology.com/wp-content/uploads/2019/12/IST41-HELARCTS1-S2_rev-0_09-23.pdf,https://www.climbingtechnology.com/en/professional-en/helmets_/tree_climbing/aries_tree,,,
93ca09fe-67d6-4d22-a517-da7045a045a4,Climbing Technology,ARIES TREE Orange,ppe,Helmets,Shell: ABS; Inner: PA; Padding: PES/PU/PA; Webbing: PES; Headband: PA,EN 12492:2012,6X93101,10,12,,,,,,,,https://www.climbingtechnology.com/wp-content/uploads/2019/12/IST41-HELARCTS1-S2_rev-0_09-23.pdf,https://www.climbingtechnology.com/en/professional-en/helmets_/tree_climbing/aries_tree,,,
893067da-621d-492c-8076-6af6dff8847e,Climbing Technology,ARIES TREE Red,ppe,Helmets,Shell: ABS; Inner: PA; Padding: PES/PU/PA; Webbing: PES; Headband: PA,EN 12492:2012,6X93102,10,12,,,,,,,,https://www.climbingtechnology.com/wp-content/uploads/2019/12/IST41-HELARCTS1-S2_rev-0_09-23.pdf,https://www.climbingtechnology.com/en/professional-en/helmets_/tree_climbing/aries_tree,,,
bab75c71-9453-492a-82ed-04b2642232db,Climbing Technology,ARIES TREE White,ppe,Helmets,Shell: ABS; Inner: PA; Padding: PES/PU/PA; Webbing: PES; Headband: PA,EN 12492:2012,6X93107,10,12,,,,,,,,https://www.climbingtechnology.com/wp-content/uploads/2019/12/IST41-HELARCTS1-S2_rev-0_09-23.pdf,https://www.climbingtechnology.com/en/professional-en/helmets_/tree_climbing/aries_tree,,,
2dd4eb0f-67ca-4106-b44d-9b787aa9d5ab,Climbing Technology,ARIES TREE Yellow,ppe,Helmets,Shell: ABS; Inner: PA; Padding: PES/PU/PA; Webbing: PES; Headband: PA,EN 12492:2012,6X93113,10,12,,,,,,,,https://www.climbingtechnology.com/wp-content/uploads/2019/12/IST41-HELARCTS1-S2_rev-0_09-23.pdf,https://www.climbingtechnology.com/en/professional-en/helmets_/tree_climbing/aries_tree,,,
b818b077-3548-4a70-a439-7e825de6e8ac,Climbing Technology,ARIES White,ppe,Helmets,Shell: ABS; Inner: PA; Padding: PES/PU/PA; Webbing: PES; Headband: PA,"EN 397:2012, EN 50365:2002 class 0, ANSI/ISEA Z89.1-2014 Type 1 Class E",6X93207,10,12,,,,,,,,https://www.climbingtechnology.com/wp-content/uploads/2024/10/IST41-ARIESSKS1-S2_rev.0-09-24_web.pdf,https://www.climbingtechnology.com/en/professional-en/helmets_/work/aries,,,
345ad678-376f-4941-8076-87c98a698db9,Climbing Technology,ARIES Yellow,ppe,Helmets,Shell: ABS; Inner: PA; Padding: PES/PU/PA; Webbing: PES; Headband: PA,"EN 397:2012, EN 50365:2002 class 0, ANSI/ISEA Z89.1-2014 Type 1 Class E",6X93213,10,12,,,,,,,,https://www.climbingtechnology.com/wp-content/uploads/2024/10/IST41-ARIESSKS1-S2_rev.0-09-24_web.pdf,https://www.climbingtechnology.com/en/professional-en/helmets_/work/aries,,,
7122d7a0-be36-4b38-a4a5-b26e949e39b3,Climbing Technology,ASCENDER SIMPLE+,ppe,Rope Clamps,Anodized light alloy,"EN 567:2013, EN 12841:2006-B",2D642DJ,10,,,,,8,13,,,https://www.climbingtechnology.com/wp-content/uploads/2019/12/IST22-ASCENCTS1-S2_rev-0_12-21.pdf,https://www.climbingtechnology.com/en/professional-en/pulleys_and_rope_clamps/rope_clamps/ascender_simple_plus,,,
d40bf637-b4c8-4a4c-a3f6-dcecdbcebdf5,Climbing Technology,ASCENT PRO size L-XL black,ppe,Harnesses,,EN 12277:2015-C,7H153DE03,10,12,,,,,,,,https://www.climbingtechnology.com/wp-content/uploads/2016/07/IST52-AIRASCTS_rev-0_12-21.pdf,https://www.climbingtechnology.com/en/professional-en/harnesses_/ascent_pro,,,
856341fe-33ad-4735-a6a5-b51c1551a752,Climbing Technology,ASCENT PRO size L-XL yellow,ppe,Harnesses,,EN 12277:2015-C,7H153DE02,10,12,,,,,,,,https://www.climbingtechnology.com/wp-content/uploads/2016/07/IST52-AIRASCTS_rev-0_12-21.pdf,https://www.climbingtechnology.com/en/professional-en/harnesses_/ascent_pro,,,
d4a2df35-58d5-4454-99f8-4587431adb67,Climbing Technology,ASCENT PRO size M-L black,ppe,Harnesses,,EN 12277:2015-C,7H153CD03,10,12,,,,,,,,https://www.climbingtechnology.com/wp-content/uploads/2016/07/IST52-AIRASCTS_rev-0_12-21.pdf,https://www.climbingtechnology.com/en/professional-en/harnesses_/ascent_pro,,,
0e65ccaf-becd-4e40-b70c-f5ff76faa4bb,Climbing Technology,ASCENT PRO size M-L yellow,ppe,Harnesses,,EN 12277:2015-C,7H153CD02,10,12,,,,,,,,https://www.climbingtechnology.com/wp-content/uploads/2016/07/IST52-AIRASCTS_rev-0_12-21.pdf,https://www.climbingtechnology.com/en/professional-en/harnesses_/ascent_pro,,,
4206c192-ec2b-4c61-9cd8-8b9fd927fa1f,Climbing Technology,ASCENT PRO size XS-S black,ppe,Harnesses,,EN 12277:2015-C,7H153AB03,10,12,,,,,,,,https://www.climbingtechnology.com/wp-content/uploads/2016/07/IST52-AIRASCTS_rev-0_12-21.pdf,https://www.climbingtechnology.com/en/professional-en/harnesses_/ascent_pro,,,
41f8c30a-7789-428a-bbb8-181d1a77c269,Climbing Technology,ASCENT PRO size XS-S yellow,ppe,Harnesses,,EN 12277:2015-C,7H153AB02,10,12,,,,,,,,https://www.climbingtechnology.com/wp-content/uploads/2016/07/IST52-AIRASCTS_rev-0_12-21.pdf,https://www.climbingtechnology.com/en/professional-en/harnesses_/ascent_pro,,,
58b7943d-739f-4e46-8121-5612ddfe2cb2,Climbing Technology,AXIS HMS SG,ppe,Connectors,Anodized light alloy,"EN 362:2004-B, EN 12275:2013-H",2C38500 ZZB,10,,25/10/7 kN,,,,,,,,https://www.climbingtechnology.com/en/professional-en/connectors/axis_hms7/axis_hms_sg,,,
490eb97e-4b58-470c-bea2-2723d26160f8,Climbing Technology,AXIS HMS SGL,ppe,Connectors,Anodized light alloy,"EN 362:2004-A/T, EN 12275:2013-H",2C3850L ZZB,10,,25/10/7 kN,,,,,,,,https://www.climbingtechnology.com/en/professional-en/connectors/axis_hms7/axis_hms_sgl,,,
3c50b13a-e063-40a1-b458-61a186097542,Climbing Technology,AXIS HMS TG,ppe,Connectors,Anodized light alloy,"EN 362:2004-B, EN 12275:2013-H",2C38600 XPE,10,,25/8/7 kN,,,,,,,,https://www.climbingtechnology.com/en/professional-en/connectors/axis_hms7/axis_hms_tg,,,
cd9680ae-1eb1-4791-9c6e-7c8812879345,Climbing Technology,AXIS HMS TGL,ppe,Connectors,Anodized light alloy,"EN 362:2004-A/T, EN 12275:2013-H",2C3860L XPE,10,,25/8/7 kN,,,,,,,,https://www.climbingtechnology.com/en/professional-en/connectors/axis_hms7/axis_hms_tgl,,,
4a1074e6-dd34-42c9-af67-fadda9a8a8f7,Climbing Technology,BIG,ppe,Connectors,Anodized light alloy,EN 362:2004-A/T,2C35300 YJA / 2C35300 V1A / 2C35300 XXA,10,,25/-/- kN,,,,,,,,https://www.climbingtechnology.com/en/professional-en/connectors/big7/big,,,
ac01dcfb-c9a8-4ebd-b2c8-6a1a87c0b392,Climbing Technology,CHEST ASCENDER HC,ppe,Rope Clamps,Anodized light alloy (hard anti-wear coating),"EN 567:2013, EN 12841:2006-B",2D640NJSY,10,,,,,8,13,,,https://www.climbingtechnology.com/wp-content/uploads/2019/12/IST22-ASCENCTS1-S2_rev-0_12-21.pdf,https://www.climbingtechnology.com/en/professional-en/pulleys_and_rope_clamps/rope_clamps/chest_ascender_hc,,,
10ad3df1-8095-4a58-97a3-339d856ea4f5,Climbing Technology,CHEST ASCENDER+,ppe,Rope Clamps,Anodized light alloy,"EN 567:2013, EN 12841:2006-B",2D640NJ,10,,,,,8,13,,,https://www.climbingtechnology.com/wp-content/uploads/2019/12/IST22-ASCENCTS1-S2_rev-0_12-21.pdf,https://www.climbingtechnology.com/en/professional-en/pulleys_and_rope_clamps/rope_clamps/chest_ascender_plus,,,
c4f0982a-0e1d-47e8-945d-28905fe4d5af,Climbing Technology,CONCEPT SG,ppe,Connectors,Anodized light alloy,"EN 362:2004-B, EN 12275:2013-H",2C33800 WNE,10,,23/10/8 kN,,,,,,,,https://www.climbingtechnology.com/en/professional-en/connectors/concept7/concept_sg,,,
bce1f2c8-58f4-48c3-a217-921a971ad8cc,Climbing Technology,CONCEPT SGL,ppe,Connectors,Anodized light alloy,"EN 362:2004-A/T, EN 12275:2013-H",2C33802L XTZ,10,,23/10/8 kN,,,,,,,,https://www.climbingtechnology.com/en/professional-en/connectors/concept7/concept_sgl,,,
71a4ab48-ca4b-41ef-862d-f997cbd32749,Climbing Technology,CONCEPT SGL HC,ppe,Connectors,Anodized light alloy,"EN 362:2004-A/T, EN 12275:2013-H",2C33802L SYB,10,,23-10-8 kN,,,,,,,,https://www.climbingtechnology.com/en/professional-en/connectors/concept7/concept_sgl_hc,,,
59be8881-fddc-4240-8d60-699f0517e6fa,Climbing Technology,CONCEPT TG,ppe,Connectors,Anodized light alloy,"EN 362:2004-B, EN 12275:2013-H",2C33900 XPH,10,,23-8-8 kN,,,,,,,,https://www.climbingtechnology.com/en/professional-en/connectors/concept7/concept_tg,,,
5dbac02f-71e9-4cbc-a2ca-fb5a28f81f6b,Climbing Technology,CONCEPT TGL,ppe,Connectors,Anodized light alloy,"EN 362:2004-A/T, EN 12275:2013-H",2C3390L XPH,10,,23-8-8 kN,,,,,,,,https://www.climbingtechnology.com/en/professional-en/connectors/concept7/concept_tgl,,,
f1840f19-cf48-44ae-9059-7918e1c1916c,Climbing Technology,CONCEPT WG,ppe,Connectors,Anodized light alloy,"EN 362:2004-B, EN 12275:2013-H",2C39900 ZPE,10,,23-12-8 kN,,,,,,,,https://www.climbingtechnology.com/en/professional-en/connectors/concept7/concept_wg,,,
a66e5fd7-29f0-4a3c-806a-f9179e867f3a,Climbing Technology,CRIC,ppe,Rope Clamps,,"EN 12841:2006-B, EN 567:2013, EN 12278:2007",2D67400WBSH,10,,20 kN,100 kg (ascender mode) / 4 kN (rope clamp mode),,8,12,,,https://www.climbingtechnology.com/wp-content/uploads/2023/01/IST23-2D674CTS_rev1_03-23.pdf,https://www.climbingtechnology.com/en/professional-en/pulleys_and_rope_clamps/pulleys_rope_clamps/cric_,,,
c5e5b0ef-0fb7-433f-a914-9dcac9345756,Climbing Technology,CRIC CORD,no_ppe,Rope Clamps,,,2D674KIT01,,,,,,,,,,,https://www.climbingtechnology.com/en/professional-en/pulleys_and_rope_clamps/pulleys_rope_clamps/cric_cord,,,
4815eafc-b17c-4a22-bd91-bbe953a98609,Climbing Technology,D-SHAPE S-STEEL SG,ppe,Connectors,Polished stainless steel,EN 362:2004-B,4C52800,10,,35/-/- kN,,,,,,,,https://www.climbingtechnology.com/en/professional-en/connectors/d-shape7/d-shape_s-steel_sg,,,
1425bdba-2130-412d-a80d-5b74ef1bd266,Climbing Technology,D-SHAPE S-STEEL TG,ppe,Connectors,Polished stainless steel,EN 362:2004-B,4C53000,10,,35/-/- kN,,,,,,,,https://www.climbingtechnology.com/en/professional-en/connectors/d-shape7/d-shape_s-steel_tg,,,
cd1f7d83-6e55-449a-b9a0-9ddfe4a1a7a1,Climbing Technology,D-SHAPE SG,ppe,Connectors,Anodized light alloy,"EN 362:2004-B, EN 12275:2013-B",2C47600 XTN / 2C47600 XTB / 2C47600 XZD,10,,30/10/10 kN,,,,,,,,https://www.climbingtechnology.com/en/professional-en/connectors/d-shape7/d-shape_sg,,,
70e1b480-005d-4d83-98b9-673d55e0fd1a,Climbing Technology,D-SHAPE STEEL SG,ppe,Connectors,Zinc plated steel,"EN 362:2004-M, EN 12275:2013-B",3C4760A,10,,50/15/15 kN,,,,,,,,https://www.climbingtechnology.com/en/professional-en/connectors/d-shape7/d-shape_steel_sg,,,
354ee216-9d1b-430d-ac07-fc494f0a5a9f,Climbing Technology,D-SHAPE STEEL TG,ppe,Connectors,Zinc plated steel,EN 362:2004-M,3C4770A,10,,50/15/15 kN,,,,,,,,https://www.climbingtechnology.com/en/professional-en/connectors/d-shape7/d-shape_steel_tg,,,
aa28cf27-6139-4f29-b76b-9a2cffcd795f,Climbing Technology,D-SHAPE STEEL TG ANSI,ppe,Connectors,Zinc plated steel,"EN 362:2004-M, ANSI Z359.12-2019",3C3250A,10,,50/16/15 kN,,,,,,,https://www.climbingtechnology.com/wp-content/uploads/2023/12/IST01-LOCONCTS_rev-1_06-24.pdf,https://www.climbingtechnology.com/en/professional-en/connectors/d-shape7/d-shape_steel_tg_ansi,,,
46448173-63e4-48e8-9662-e54310d1257e,Climbing Technology,D-SHAPE STEEL WG,ppe,Connectors,Zinc plated steel,EN 362:2004-M,3C4490A,10,,50/15/15 kN,,,,,,,https://www.climbingtechnology.com/wp-content/uploads/2023/12/IST01-LOCONCTS_rev-1_06-24.pdf,https://www.climbingtechnology.com/en/professional-en/connectors/d-shape7/d-shape_steel_wg,,,
9d9a9190-4bc0-4213-ae19-39f31e9381ed,Climbing Technology,D-SHAPE TG,ppe,Connectors,Anodized light alloy,"EN 362:2004-B, EN 12275:2013-B",2C47700 YRC / 2C47700 XTB / 2C47700 XZD,10,,30/8/10 kN,,,,,,,,https://www.climbingtechnology.com/en/professional-en/connectors/d-shape7/d-shape_tg,,,
1d4c733d-4730-487d-92b0-06269ec02d02,Climbing Technology,D-SHAPE WG,ppe,Connectors,Anodized light alloy,EN 362:2004-B,2C44900 ZPE,10,,30/8/10 kN,,,,,,,,https://www.climbingtechnology.com/en/professional-en/connectors/d-shape7/d-shape_wg,,,
634d4352-47fd-4bb0-b12f-de6536d7f592,Climbing Technology,DUAL,ppe,Pulleys,Anodized light alloy,EN 12278:2007,2P668,10,,,,,,13,,,,https://www.climbingtechnology.com/en/professional-en/pulleys_and_rope_clamps/pulleys_/dual,,,
7ea78119-e3a9-4452-9e02-c15da4084560,Climbing Technology,DUETTO,ppe,Pulleys,Anodized light alloy,EN 12278:2007,2P654,10,,25 kN (flagged: parktropa.com dealer source),,,,13,,,,https://www.climbingtechnology.com/en/professional-en/pulleys_and_rope_clamps/pulleys_/duetto_,,,
53c08242-5c4e-48e4-86f4-cb18577d1278,Climbing Technology,DYNAMIX 60cm,ppe,Lanyards,PA,"EN 354:2010, EN 795:2012-B",7W133060,10,12,22 kN,,100,,,,,https://www.climbingtechnology.com/wp-content/uploads/2015/06/IST52-TECHOCTS_rev-0_12-21.pdf,https://www.climbingtechnology.com/en/professional-en/textile_anchors/dynamix,,,
3ea4cca1-0577-4621-aced-6bcd8c7a08cf,Climbing Technology,DYNAMIX 80cm,ppe,Lanyards,PA,"EN 354:2010, EN 795:2012-B",7W133080,10,12,22 kN,,100,,,,,https://www.climbingtechnology.com/wp-content/uploads/2015/06/IST52-TECHOCTS_rev-0_12-21.pdf,https://www.climbingtechnology.com/en/professional-en/textile_anchors/dynamix,,,
03df2572-4d57-4ce7-9a40-1398305686f7,Climbing Technology,DYNAMIX 100cm,ppe,Lanyards,PA,"EN 354:2010, EN 795:2012-B",7W133100,10,12,22 kN,,100,,,,,https://www.climbingtechnology.com/wp-content/uploads/2015/06/IST52-TECHOCTS_rev-0_12-21.pdf,https://www.climbingtechnology.com/en/professional-en/textile_anchors/dynamix,,,
0a1e2f37-c1ff-433f-8a45-843edc2ee79f,Climbing Technology,DYNAMIX 150cm,ppe,Lanyards,PA,"EN 354:2010, EN 795:2012-B",7W133150,10,12,22 kN,,100,,,,,https://www.climbingtechnology.com/wp-content/uploads/2015/06/IST52-TECHOCTS_rev-0_12-21.pdf,https://www.climbingtechnology.com/en/professional-en/textile_anchors/dynamix,,,
8b425862-1ce7-457c-8fd8-74cb38e69ac0,Climbing Technology,DYNAMIX 200cm,ppe,Lanyards,PA,"EN 354:2010, EN 795:2012-B",7W133200,10,12,22 kN,,100,,,,,https://www.climbingtechnology.com/wp-content/uploads/2015/06/IST52-TECHOCTS_rev-0_12-21.pdf,https://www.climbingtechnology.com/en/professional-en/textile_anchors/dynamix,,,
816c30c4-b665-48e7-b219-5625cc208f60,Climbing Technology,EASY ACCESS,ppe,Fall Arresters,,EN 12841:2006-A,2F720,10,12,,,,11,11,,,https://www.climbingtechnology.com/wp-content/uploads/2019/03/IST22-EASAECTS1-S2_rev-0_12-21.pdf,https://www.climbingtechnology.com/en/professional-en/lifelines7/rope_fall_arresters/easy_access,,,
4ec8d454-55cb-4944-bb82-00e1f0b85f32,Climbing Technology,EASY RESCUE,ppe,Pulleys,Anodized light alloy,EN 12278:2007,,10,,28 kN,5 kN,,,,,,https://www.climbingtechnology.com/wp-content/uploads/2015/06/IST23-EARESCTS_rev-1_08-23.pdf,https://www.climbingtechnology.com/en/professional-en/pulleys_and_rope_clamps/pulleys_/easy_rescue,,,
a3889dee-1119-4162-8696-64ea9b56956e,Climbing Technology,EASY SPEED,ppe,Fall Arresters,,"EN 353-2:2002, EN 12841:2006-A/B, RFU 11.075",2F714,10,12,,,,10.5,11,,,https://www.climbingtechnology.com/wp-content/uploads/2020/09/IST22-EASPECTS1-S2_rev-0_12-21.pdf,https://www.climbingtechnology.com/en/professional-en/lifelines7/rope_fall_arresters/easy_speed,https://www.climbingtechnology.com/en/alerts/02-march-2021-easy-speed,,
52cbb71f-5de9-41c5-be02-546b939c4707,Climbing Technology,FINCH 2m,ppe,Lanyards,,EN 358:2018,7L92902F0,10,12,,,140,,,,,https://www.climbingtechnology.com/wp-content/uploads/2019/12/IST23-FINCHCTS_rev-0_12-21.pdf,https://www.climbingtechnology.com/en/professional-en/lanyards_/positioning/finch,,,
7cbd3270-c402-4c65-aecf-ffc6dbe3d3e6,Climbing Technology,FINCH 3m,ppe,Lanyards,,EN 358:2018,7L92903F0,10,12,,,140,,,,,https://www.climbingtechnology.com/wp-content/uploads/2019/12/IST23-FINCHCTS_rev-0_12-21.pdf,https://www.climbingtechnology.com/en/professional-en/lanyards_/positioning/finch,,,
ca3f3795-9092-4715-8515-d8cd39b9b552,Climbing Technology,FINCH 5m,ppe,Lanyards,,EN 358:2018,7L92905F0,10,12,,,140,,,,,https://www.climbingtechnology.com/wp-content/uploads/2019/12/IST23-FINCHCTS_rev-0_12-21.pdf,https://www.climbingtechnology.com/en/professional-en/lanyards_/positioning/finch,,,
01167b6f-1fea-408e-af2d-981cfeeba369,Climbing Technology,FINCH COMBI 2m,ppe,Lanyards,,EN 358:2018,7L92902FE,10,12,,,140,,,,,https://www.climbingtechnology.com/wp-content/uploads/2019/12/IST23-FINCHCTS_rev-0_12-21.pdf,https://www.climbingtechnology.com/en/professional-en/lanyards_/positioning/finch_combi,,,
9105c4ee-fcb9-4685-953d-4c1da1009df2,Climbing Technology,FINCH COMBI 3m,ppe,Lanyards,,EN 358:2018,7L92903FE,10,12,,,140,,,,,https://www.climbingtechnology.com/wp-content/uploads/2019/12/IST23-FINCHCTS_rev-0_12-21.pdf,https://www.climbingtechnology.com/en/professional-en/lanyards_/positioning/finch_combi,,,
1706b35f-87f7-48dc-9153-da7a68af79e8,Climbing Technology,FINCH COMBI 5m,ppe,Lanyards,,EN 358:2018,7L92905FE,10,12,,,140,,,,,https://www.climbingtechnology.com/wp-content/uploads/2019/12/IST23-FINCHCTS_rev-0_12-21.pdf,https://www.climbingtechnology.com/en/professional-en/lanyards_/positioning/finch_combi,,,
014cbdfb-6278-4c0a-b8ba-a7bde1775b2d,Climbing Technology,FINCH SHELTER 2m,ppe,Lanyards,,EN 358:2018,7L92902FH,10,12,,,140,,,,,https://www.climbingtechnology.com/wp-content/uploads/2019/12/IST23-FINCHCTS_rev-0_12-21.pdf,https://www.climbingtechnology.com/en/professional-en/lanyards_/positioning/finch_shelter,,,
c586d87d-75ee-49e2-870b-f94e3b87641d,Climbing Technology,FINCH SHELTER 3m,ppe,Lanyards,,EN 358:2018,7L92903FH,10,12,,,140,,,,,https://www.climbingtechnology.com/wp-content/uploads/2019/12/IST23-FINCHCTS_rev-0_12-21.pdf,https://www.climbingtechnology.com/en/professional-en/lanyards_/positioning/finch_shelter,,,
f8a89a4a-77f6-4cf8-83e2-ec91c14d2b4c,Climbing Technology,FINCH SHELTER 5m,ppe,Lanyards,,EN 358:2018,7L92905FH,10,12,,,140,,,,,https://www.climbingtechnology.com/wp-content/uploads/2019/12/IST23-FINCHCTS_rev-0_12-21.pdf,https://www.climbingtechnology.com/en/professional-en/lanyards_/positioning/finch_shelter,,,
5e48e228-913b-454c-bd1a-00a1d355bfe2,Climbing Technology,FINCH STEEL 2m,ppe,Lanyards,,EN 358:2018,7L92902FK,10,12,,,140,,,,,https://www.climbingtechnology.com/wp-content/uploads/2019/12/IST23-FINCHCTS_rev-0_12-21.pdf,https://www.climbingtechnology.com/en/professional-en/lanyards_/positioning/finch_steel,,,
3a71fe7c-9c45-4eb5-8219-5df482bc2f8e,Climbing Technology,FINCH STEEL 3m,ppe,Lanyards,,EN 358:2018,7L92903FK,10,12,,,140,,,,,https://www.climbingtechnology.com/wp-content/uploads/2019/12/IST23-FINCHCTS_rev-0_12-21.pdf,https://www.climbingtechnology.com/en/professional-en/lanyards_/positioning/finch_steel,,,
03537167-ac4d-4c3c-994f-6c87bd9d49db,Climbing Technology,FINCH STEEL 5m,ppe,Lanyards,,EN 358:2018,7L92905FK,10,12,,,140,,,,,https://www.climbingtechnology.com/wp-content/uploads/2019/12/IST23-FINCHCTS_rev-0_12-21.pdf,https://www.climbingtechnology.com/en/professional-en/lanyards_/positioning/finch_steel,,,
3e95dc51-dff8-4e14-99dc-dfb2a8a802b8,Climbing Technology,FINCH+ 2m,ppe,Lanyards,,"EN 358:2018, EN 795:2012-B/C, EN 12841:2006-C (partial, see manual), TS 16415:2013-C",7L92802H0 (PILLAR SG) / 7L92802H0CT1 (PILLAR TG),10,12,,,,,,,,https://www.climbingtechnology.com/wp-content/uploads/2020/05/IST23-FIPLUCTS1-S2_rev-2_06-23.pdf,https://www.climbingtechnology.com/en/professional-en/textile_anchors/finch_plus,,,
28725d86-70dc-413d-8b19-cc53d9470394,Climbing Technology,FINCH+ 3m,ppe,Lanyards,,"EN 358:2018, EN 795:2012-B/C, EN 12841:2006-C (partial, see manual), TS 16415:2013-C",7L92803H0 (PILLAR SG) / 7L92803H0CT1 (PILLAR TG),10,12,,,,,,,,https://www.climbingtechnology.com/wp-content/uploads/2020/05/IST23-FIPLUCTS1-S2_rev-2_06-23.pdf,https://www.climbingtechnology.com/en/professional-en/textile_anchors/finch_plus,,,
990afb44-d8bc-43bf-a77d-3e4f48849b69,Climbing Technology,FINCH+ 4m,ppe,Lanyards,,"EN 358:2018, EN 795:2012-B/C, EN 12841:2006-C (partial, see manual), TS 16415:2013-C",7L92804H0 (PILLAR SG) / 7L92804H0CT1 (PILLAR TG),10,12,,,,,,,,https://www.climbingtechnology.com/wp-content/uploads/2020/05/IST23-FIPLUCTS1-S2_rev-2_06-23.pdf,https://www.climbingtechnology.com/en/professional-en/textile_anchors/finch_plus,,,
3f428219-f1fa-47c1-ab96-63e85f068283,Climbing Technology,FINCH+ 5m,ppe,Lanyards,,"EN 358:2018, EN 795:2012-B/C, EN 12841:2006-C (partial, see manual), TS 16415:2013-C",7L92805H0 (PILLAR SG) / 7L92805H0CT1 (PILLAR TG),10,12,,,,,,,,https://www.climbingtechnology.com/wp-content/uploads/2020/05/IST23-FIPLUCTS1-S2_rev-2_06-23.pdf,https://www.climbingtechnology.com/en/professional-en/textile_anchors/finch_plus,,,
69e79d6f-5d4d-48f7-ad7f-1320dc485d97,Climbing Technology,FINCH+ 10m,ppe,Lanyards,,"EN 358:2018, EN 795:2012-B/C, EN 12841:2006-C (partial, see manual), TS 16415:2013-C",7L92810H0 (PILLAR SG) / 7L92810H0CT1 (PILLAR TG),10,12,,,,,,,,https://www.climbingtechnology.com/wp-content/uploads/2020/05/IST23-FIPLUCTS1-S2_rev-2_06-23.pdf,https://www.climbingtechnology.com/en/professional-en/textile_anchors/finch_plus,,,
30e27d30-79c8-44f3-b45d-0bd67f469699,Climbing Technology,FINCH+ 15m,ppe,Lanyards,,"EN 358:2018, EN 795:2012-B/C, EN 12841:2006-C (partial, see manual), TS 16415:2013-C",7L92815H0 (PILLAR SG) / 7L92815H0CT1 (PILLAR TG),10,12,,,,,,,,https://www.climbingtechnology.com/wp-content/uploads/2020/05/IST23-FIPLUCTS1-S2_rev-2_06-23.pdf,https://www.climbingtechnology.com/en/professional-en/textile_anchors/finch_plus,,,
c3b7c850-ffab-4558-9f5c-1ecad6ad133c,Climbing Technology,FINCH+ 20m,ppe,Lanyards,,"EN 358:2018, EN 795:2012-B/C, EN 12841:2006-C (partial, see manual), TS 16415:2013-C",7L92820H0 (PILLAR SG) / 7L92820H0CT1 (PILLAR TG),10,12,,,,,,,,https://www.climbingtechnology.com/wp-content/uploads/2020/05/IST23-FIPLUCTS1-S2_rev-2_06-23.pdf,https://www.climbingtechnology.com/en/professional-en/textile_anchors/finch_plus,,,
dce7f0f2-5e35-4ac1-adc5-2e528af670d5,Climbing Technology,FINCH+ 30m,ppe,Lanyards,,"EN 358:2018, EN 795:2012-B/C, EN 12841:2006-C (partial, see manual), TS 16415:2013-C",7L92830H0 (PILLAR SG) / 7L92830H0CT1 (PILLAR TG),10,12,,,,,,,,https://www.climbingtechnology.com/wp-content/uploads/2020/05/IST23-FIPLUCTS1-S2_rev-2_06-23.pdf,https://www.climbingtechnology.com/en/professional-en/textile_anchors/finch_plus,,,
5c1ff528-f644-4948-a693-cbe785a4b294,Climbing Technology,FINCH+ COMBI 2m,ppe,Lanyards,,"EN 358:2018, EN 795:2012-B/C, EN 12841:2006-C (partial, see manual), TS 16415:2013-C",7L92802HE (PILLAR SG) / 7L92802HECT1 (PILLAR TG),10,12,,,,,,,,https://www.climbingtechnology.com/wp-content/uploads/2020/05/IST23-FIPLUCTS1-S2_rev-2_06-23.pdf,https://www.climbingtechnology.com/en/professional-en/textile_anchors/finch_plus_combi,,,
419bdfe8-a792-4534-9553-3e1625a48557,Climbing Technology,FINCH+ COMBI 3m,ppe,Lanyards,,"EN 358:2018, EN 795:2012-B/C, EN 12841:2006-C (partial, see manual), TS 16415:2013-C",7L92803HE (PILLAR SG) / 7L92803HECT1 (PILLAR TG),10,12,,,,,,,,https://www.climbingtechnology.com/wp-content/uploads/2020/05/IST23-FIPLUCTS1-S2_rev-2_06-23.pdf,https://www.climbingtechnology.com/en/professional-en/textile_anchors/finch_plus_combi,,,
b2bfc9f0-c874-4815-b6a5-6d09dbdfd3a2,Climbing Technology,FINCH+ COMBI 4m,ppe,Lanyards,,"EN 358:2018, EN 795:2012-B/C, EN 12841:2006-C (partial, see manual), TS 16415:2013-C",7L92804HE (PILLAR SG) / 7L92804HECT1 (PILLAR TG),10,12,,,,,,,,https://www.climbingtechnology.com/wp-content/uploads/2020/05/IST23-FIPLUCTS1-S2_rev-2_06-23.pdf,https://www.climbingtechnology.com/en/professional-en/textile_anchors/finch_plus_combi,,,
d3af10ef-4a91-4e45-8941-e95d278968d7,Climbing Technology,FINCH+ COMBI 5m,ppe,Lanyards,,"EN 358:2018, EN 795:2012-B/C, EN 12841:2006-C (partial, see manual), TS 16415:2013-C",7L92805HE (PILLAR SG) / 7L92805HECT1 (PILLAR TG),10,12,,,,,,,,https://www.climbingtechnology.com/wp-content/uploads/2020/05/IST23-FIPLUCTS1-S2_rev-2_06-23.pdf,https://www.climbingtechnology.com/en/professional-en/textile_anchors/finch_plus_combi,,,
d34eee96-98ba-4f8b-9702-ff2ce778717e,Climbing Technology,FINCH+ SHELTER 2m,ppe,Lanyards,,"EN 358:2018, EN 795:2012-B/C, EN 12841:2006-C (partial, see manual), TS 16415:2013-C",7L92802HH (PILLAR SG) / 7L92802HHCT1 (PILLAR TG),10,12,,,,,,,,https://www.climbingtechnology.com/wp-content/uploads/2020/05/IST23-FIPLUCTS1-S2_rev-2_06-23.pdf,https://www.climbingtechnology.com/en/professional-en/textile_anchors/finch_plus_shelter,,,
f2abc555-598f-443f-aff9-9f3121e4fc8c,Climbing Technology,FINCH+ SHELTER 3m,ppe,Lanyards,,"EN 358:2018, EN 795:2012-B/C, EN 12841:2006-C (partial, see manual), TS 16415:2013-C",7L92803HH (PILLAR SG) / 7L92803HHCT1 (PILLAR TG),10,12,,,,,,,,https://www.climbingtechnology.com/wp-content/uploads/2020/05/IST23-FIPLUCTS1-S2_rev-2_06-23.pdf,https://www.climbingtechnology.com/en/professional-en/textile_anchors/finch_plus_shelter,,,
081b367a-e54d-4da7-8341-28391bb9f1d9,Climbing Technology,FINCH+ SHELTER 4m,ppe,Lanyards,,"EN 358:2018, EN 795:2012-B/C, EN 12841:2006-C (partial, see manual), TS 16415:2013-C",7L92804HH (PILLAR SG) / 7L92804HHCT1 (PILLAR TG),10,12,,,,,,,,https://www.climbingtechnology.com/wp-content/uploads/2020/05/IST23-FIPLUCTS1-S2_rev-2_06-23.pdf,https://www.climbingtechnology.com/en/professional-en/textile_anchors/finch_plus_shelter,,,
5f74eadf-8a06-4087-897e-d95547f6cda7,Climbing Technology,FINCH+ SHELTER 5m,ppe,Lanyards,,"EN 358:2018, EN 795:2012-B/C, EN 12841:2006-C (partial, see manual), TS 16415:2013-C",7L92805HH (PILLAR SG) / 7L92805HHCT1 (PILLAR TG),10,12,,,,,,,,https://www.climbingtechnology.com/wp-content/uploads/2020/05/IST23-FIPLUCTS1-S2_rev-2_06-23.pdf,https://www.climbingtechnology.com/en/professional-en/textile_anchors/finch_plus_shelter,,,
67daffee-8c0c-4340-9cd0-217d84322299,Climbing Technology,FINCH+ STEEL 2m,ppe,Lanyards,,"EN 358:2018, EN 795:2012-B/C, EN 12841:2006-C (partial, see manual), TS 16415:2013-C",7L92802HK (PILLAR SG) / 7L92802HKCT1 (PILLAR TG),10,12,,,,,,,,https://www.climbingtechnology.com/wp-content/uploads/2020/05/IST23-FIPLUCTS1-S2_rev-2_06-23.pdf,https://www.climbingtechnology.com/en/professional-en/textile_anchors/finch_plus_steel,,,
59fd7b5f-9fab-42bd-8f26-02ab30fc9576,Climbing Technology,FINCH+ STEEL 3m,ppe,Lanyards,,"EN 358:2018, EN 795:2012-B/C, EN 12841:2006-C (partial, see manual), TS 16415:2013-C",7L92803HK (PILLAR SG) / 7L92803HKCT1 (PILLAR TG),10,12,,,,,,,,https://www.climbingtechnology.com/wp-content/uploads/2020/05/IST23-FIPLUCTS1-S2_rev-2_06-23.pdf,https://www.climbingtechnology.com/en/professional-en/textile_anchors/finch_plus_steel,,,
0d99793d-5c2a-4a3d-8f60-37a71c46dfcd,Climbing Technology,FINCH+ STEEL 4m,ppe,Lanyards,,"EN 358:2018, EN 795:2012-B/C, EN 12841:2006-C (partial, see manual), TS 16415:2013-C",7L92804HK (PILLAR SG) / 7L92804HKCT1 (PILLAR TG),10,12,,,,,,,,https://www.climbingtechnology.com/wp-content/uploads/2020/05/IST23-FIPLUCTS1-S2_rev-2_06-23.pdf,https://www.climbingtechnology.com/en/professional-en/textile_anchors/finch_plus_steel,,,
963c98ec-1318-4d5b-8a51-c7672594186f,Climbing Technology,FINCH+ STEEL 5m,ppe,Lanyards,,"EN 358:2018, EN 795:2012-B/C, EN 12841:2006-C (partial, see manual), TS 16415:2013-C",7L92805HK (PILLAR SG) / 7L92805HKCT1 (PILLAR TG),10,12,,,,,,,,https://www.climbingtechnology.com/wp-content/uploads/2020/05/IST23-FIPLUCTS1-S2_rev-2_06-23.pdf,https://www.climbingtechnology.com/en/professional-en/textile_anchors/finch_plus_steel,,,
154eb848-fb93-443f-9972-e6e279c5694d,Climbing Technology,FIX PRO,no_ppe,Connectors,,,6V828,,,,,,,,,,https://www.climbingtechnology.com/wp-content/uploads/2022/01/IST46-RUFASCT_rev-0_12-21.pdf,https://www.climbingtechnology.com/en/professional-en/connectors/support7/fix_pro,,,
69b5b0aa-6504-4210-b992-44968ab7a661,Climbing Technology,FIX PRO+,no_ppe,Connectors,,,6V843,,,,,,,,,,,https://www.climbingtechnology.com/en/professional-en/connectors/support7/fix_pro_plus,,,
6835f62b-0206-4afb-b85c-4a328c49e6f5,Climbing Technology,FIX-O,no_ppe,Connectors,,,6V844,,,,,,,,,,,https://www.climbingtechnology.com/en/professional-en/connectors/support7/fix-o_,,,
228eb129-3faa-4be7-bd7c-3006e1facb2c,Climbing Technology,FIXBAR,no_ppe,Connectors,,,6V827,,,,,,,,,,,https://www.climbingtechnology.com/en/professional-en/connectors/support7/fixbar,,,
9648a7cd-fe2a-4977-a6e4-bf7889f21e29,Climbing Technology,FLEX ABS 140,ppe,Lanyards,,EN 355:2002,7W923O,10,12,,,140,,,,,https://www.climbingtechnology.com/wp-content/uploads/2019/01/IST52-FLEXSCTS1-S2_rev-0_12-21.pdf,https://www.climbingtechnology.com/en/professional-en/lanyards_/fall-arrest/flex_abs_140,,,
b4540cd3-7834-47eb-b18d-41c3194750ea,Climbing Technology,FLEX ABS 140 COMBI Y-L 180cm,ppe,Lanyards,,"EN 355:2002, RFU PPE-R/11.074",7W920180O,10,12,,,140,,,,,https://www.climbingtechnology.com/wp-content/uploads/2019/01/IST52-FLEXSCTS1-S2_rev-0_12-21.pdf,https://www.climbingtechnology.com/en/professional-en/lanyards_/fall-arrest/flex_abs_140_combi_y,,,
51c505bc-a625-4551-bc14-62e3f62491ec,Climbing Technology,FLEX ABS 140 COMBI Y-S 115cm,ppe,Lanyards,,"EN 355:2002, RFU PPE-R/11.074",7W920115O,10,12,,,140,,,,,https://www.climbingtechnology.com/wp-content/uploads/2019/01/IST52-FLEXSCTS1-S2_rev-0_12-21.pdf,https://www.climbingtechnology.com/en/professional-en/lanyards_/fall-arrest/flex_abs_140_combi_y,,,
a56698a4-11e9-43c0-9634-0b215964e8f5,Climbing Technology,FLEX ABS 140 I-L 170cm,ppe,Lanyards,,"EN 355:2002, RFU PPE-R/11.074",7W917170O,10,12,,,140,,,,,https://www.climbingtechnology.com/wp-content/uploads/2019/01/IST52-FLEXSCTS1-S2_rev-0_12-21.pdf,https://www.climbingtechnology.com/en/professional-en/lanyards_/fall-arrest/flex_abs_140_i,,,
a1cf4fdd-b06e-4f03-8076-9ec6c322935c,Climbing Technology,FLEX ABS 140 I-S 90cm,ppe,Lanyards,,"EN 355:2002, RFU PPE-R/11.074",7W917090O,10,12,,,140,,,,,https://www.climbingtechnology.com/wp-content/uploads/2019/01/IST52-FLEXSCTS1-S2_rev-0_12-21.pdf,https://www.climbingtechnology.com/en/professional-en/lanyards_/fall-arrest/flex_abs_140_i,,,
6524f00a-3a5f-476a-a346-b8f304eb2b5a,Climbing Technology,FLEX ABS 140 STEEL Y-L 180cm,ppe,Lanyards,,"EN 355:2002, RFU PPE-R/11.074",7W922180O,10,12,,,140,,,,,https://www.climbingtechnology.com/wp-content/uploads/2019/01/IST52-FLEXSCTS1-S2_rev-0_12-21.pdf,https://www.climbingtechnology.com/en/professional-en/lanyards_/fall-arrest/flex_abs_140_steel_y,,,
f3128051-a608-4895-b1a2-5c6950f3ade8,Climbing Technology,FLEX ABS 140 STEEL Y-S 110cm,ppe,Lanyards,,"EN 355:2002, RFU PPE-R/11.074",7W922110O,10,12,,,140,,,,,https://www.climbingtechnology.com/wp-content/uploads/2019/01/IST52-FLEXSCTS1-S2_rev-0_12-21.pdf,https://www.climbingtechnology.com/en/professional-en/lanyards_/fall-arrest/flex_abs_140_steel_y,,,
41bfba73-5c04-4f73-8c21-65d18e68b596,Climbing Technology,FLEX ABS 140 Y-L 170cm,ppe,Lanyards,,"EN 355:2002, RFU PPE-R/11.074",7W918170O,10,12,,,140,,,,,https://www.climbingtechnology.com/wp-content/uploads/2019/01/IST52-FLEXSCTS1-S2_rev-0_12-21.pdf,https://www.climbingtechnology.com/en/professional-en/lanyards_/fall-arrest/flex_abs_140_y,,,
5606f317-4692-4245-afa0-82946f6e47fa,Climbing Technology,FLEX ABS 140 Y-S 90cm,ppe,Lanyards,,"EN 355:2002, RFU PPE-R/11.074",7W918090O,10,12,,,140,,,,,https://www.climbingtechnology.com/wp-content/uploads/2019/01/IST52-FLEXSCTS1-S2_rev-0_12-21.pdf,https://www.climbingtechnology.com/en/professional-en/lanyards_/fall-arrest/flex_abs_140_y,,,
5c8f074d-9503-43c6-b882-7b72cf97658f,Climbing Technology,FLEX REG 140,ppe,Lanyards,,"EN 355:2002, RFU PPE-R/11.074",7W12600,10,12,,,140,,,,,https://www.climbingtechnology.com/wp-content/uploads/2020/07/IST52-FL140CTS1-S2_rev-0_12-21.pdf,https://www.climbingtechnology.com/en/professional-en/lanyards_/fall-arrest/flex_reg_140,,,
9b231b95-e7d9-47fa-9b65-3baa614fa8d5,Climbing Technology,FLEX-ABS 140 COMBI I-L 180cm,ppe,Lanyards,,"EN 355:2002, RFU PPE-R/11.074",7W919180O,10,12,,,140,,,,,https://www.climbingtechnology.com/wp-content/uploads/2019/01/IST52-FLEXSCTS1-S2_rev-0_12-21.pdf,https://www.climbingtechnology.com/en/professional-en/lanyards_/fall-arrest/flex_abs_140_combi_i,,,
6b33d607-bba0-4e4a-96fb-721ef53a877f,Climbing Technology,FLEX-ABS 140 COMBI I-S 115cm,ppe,Lanyards,,"EN 355:2002, RFU PPE-R/11.074",7W919115O,10,12,,,140,,,,,https://www.climbingtechnology.com/wp-content/uploads/2019/01/IST52-FLEXSCTS1-S2_rev-0_12-21.pdf,https://www.climbingtechnology.com/en/professional-en/lanyards_/fall-arrest/flex_abs_140_combi_i,,,
83e8089a-7ea2-4ed8-a066-239caa6eadf9,Climbing Technology,FLEX-ABS 140 STEEL I-L 180cm,ppe,Lanyards,,"EN 355:2002, RFU PPE-R/11.074",7W921180O,10,12,,,140,,,,,https://www.climbingtechnology.com/wp-content/uploads/2019/01/IST52-FLEXSCTS1-S2_rev-0_12-21.pdf,https://www.climbingtechnology.com/en/professional-en/lanyards_/fall-arrest/flex_abs_140_steel_i,,,
fd031b21-4813-4afe-8aee-9e5844313570,Climbing Technology,FLEX-ABS 140 STEEL I-S 110cm,ppe,Lanyards,,"EN 355:2002, RFU PPE-R/11.074",7W921110O,10,12,,,140,,,,,https://www.climbingtechnology.com/wp-content/uploads/2019/01/IST52-FLEXSCTS1-S2_rev-0_12-21.pdf,https://www.climbingtechnology.com/en/professional-en/lanyards_/fall-arrest/flex_abs_140_steel_i,,,
4c06c9a6-cd93-47da-b64a-ccfaceb904a2,Climbing Technology,FOOT LOOP,no_ppe,Rope Clamps,Polyamide,,7W124,,,,,150,,,,,,https://www.climbingtechnology.com/en/professional-en/pulleys_and_rope_clamps,,,
23e23d49-628d-4a2d-87ae-5cf161a743bf,Climbing Technology,FOOT STEPS,no_ppe,Rope Clamps,Polyamide,,7W139,,,,,150,,,,,,https://www.climbingtechnology.com/en/professional-en/pulleys_and_rope_clamps,,,
64576b64-22d4-4103-ba8d-68c3163a3f2a,Climbing Technology,GIANT,ppe,Connectors,Polished light alloy,EN 362:2004-A/T,2C35502 V1A,10,,28/-/- kN,,,,,,,,https://www.climbingtechnology.com/en/professional-en/connectors/giant7/giant,,,
e43a297e-d7e9-43af-bad8-7a4d85c822b7,Climbing Technology,GRIZZLY,rigging,Pulleys,"Aluminium (pulleys/flanges), steel (axles)",,,10,,80 kN,,,,,,,,https://www.climbingtechnology.com/en/professional-en/pulleys_and_rope_clamps/pulleys_/grizzly,,,
1b2a5bc3-0491-47eb-a971-03f5f7c2a1d8,Climbing Technology,GRYPHON ASCENDER size L-XL,ppe,Harnesses,,"EN 361:2002, EN 358:2018, EN 813:2008",7H178DE,10,12,,,140,,,,,,https://www.climbingtechnology.com/en/professional-en/harnesses_/gryphon_ascender,,,
c23eb552-bbcb-497f-9124-6248468ac933,Climbing Technology,GRYPHON ASCENDER size M-L,ppe,Harnesses,,"EN 361:2002, EN 358:2018, EN 813:2008",7H178CD,10,12,,,140,,,,,,https://www.climbingtechnology.com/en/professional-en/harnesses_/gryphon_ascender,,,
0de234af-79c6-4fa5-891e-bfa58c2e42d7,Climbing Technology,GRYPHON ASCENDER size S-M,ppe,Harnesses,,"EN 361:2002, EN 358:2018, EN 813:2008",7H178BC,10,12,,,140,,,,,,https://www.climbingtechnology.com/en/professional-en/harnesses_/gryphon_ascender,,,
b4bdfc16-6d99-48bb-a641-632d0ac36f6d,Climbing Technology,GRYPHON size L-XL,ppe,Harnesses,,"EN 361:2002, EN 358:2018, EN 813:2008",7H174DE,10,12,,,140,,,,,https://www.climbingtechnology.com/wp-content/uploads/2021/10/IST52-AXGRYCTS1-S2_rev-1_03-23.pdf,https://www.climbingtechnology.com/en/professional-en/harnesses_/gryphon,,https://www.climbingtechnology.com/en/alerts/24-may-2023-gryphon,
a99bbc9d-94e1-4356-bbc5-c00916f1c8a6,Climbing Technology,GRYPHON size M-L,ppe,Harnesses,,"EN 361:2002, EN 358:2018, EN 813:2008",7H174CD,10,12,,,140,,,,,https://www.climbingtechnology.com/wp-content/uploads/2021/10/IST52-AXGRYCTS1-S2_rev-1_03-23.pdf,https://www.climbingtechnology.com/en/professional-en/harnesses_/gryphon,,https://www.climbingtechnology.com/en/alerts/24-may-2023-gryphon,
8ceca17d-3f59-4feb-8487-7ca9c29c2df7,Climbing Technology,GRYPHON size S-M,ppe,Harnesses,,"EN 361:2002, EN 358:2018, EN 813:2008",7H174BC,10,12,,,140,,,,,https://www.climbingtechnology.com/wp-content/uploads/2021/10/IST52-AXGRYCTS1-S2_rev-1_03-23.pdf,https://www.climbingtechnology.com/en/professional-en/harnesses_/gryphon,,https://www.climbingtechnology.com/en/alerts/24-may-2023-gryphon,
bbf2a774-3e19-40e4-bafb-7aed87a46747,Climbing Technology,HOOK IT,ppe,Connectors,Anodized light alloy,EN 362:2004-A/T,2C363W0 ZP2,10,,30/12/11 kN,,,,,,,,https://www.climbingtechnology.com/en/professional-en/connectors/hook_it7/hook_it,,,
2d8709a9-6aa3-4a8c-826c-6a763fdde9f0,Climbing Technology,HOOK REST,no_ppe,Harnesses,,,6V522,,,,,,,,,,https://www.climbingtechnology.com/wp-content/uploads/2020/03/IST46-HORESCTS_rev-0_12-21.pdf,https://www.climbingtechnology.com/en/professional-en/harnesses_/hook_rest,,,
95d05f88-3c72-41f2-84f0-f177c3e4c4cb,Climbing Technology,JUMBO,ppe,Connectors,Anodized light alloy,EN 362:2004-A/T,2C36002 XTB,10,,25/-/- kN,,,,,,,,https://www.climbingtechnology.com/en/professional-en/connectors/jumbo7/jumbo,,,
02084e92-2d2a-4ac8-a162-85467c36c631,Climbing Technology,K-ADVANCE,ppe,Connectors,Anodized light alloy,"EN 12275:2013-K, EN 362:2004-A/T",2C37200WBH,10,,33/12/12 kN,,,,,,,https://www.climbingtechnology.com/wp-content/uploads/2023/12/IST01-LOCONCTS_rev-1_06-24.pdf,https://www.climbingtechnology.com/en/professional-en/connectors/k-advance7/k-advance_,,,
144c7ab7-6a79-4670-b2bf-1d47279f6758,Climbing Technology,K-ADVANCE SHELL,ppe,Connectors,Anodized light alloy,"EN 362:2004-A/T, EN 12275:2013-K",2C37300 ZP1 / 2C37300 XT1 / 2C37300 XWD,10,,30/12/12 kN,,,,,,,,https://www.climbingtechnology.com/en/professional-en/connectors/k-advance7/k-advance_shell,,,
19d9f084-c80a-48d4-b143-2758e5d022b5,Climbing Technology,KEY SG,ppe,Connectors,Anodized light alloy,EN 362:2004-A/T,2C44400 XTB,10,,22/-/- kN,,,,,,,,https://www.climbingtechnology.com/en/professional-en/connectors/key7/key_sg,,,
7affffd0-15aa-4777-913f-5c779e73a26c,Climbing Technology,KEY TG,ppe,Connectors,Anodized light alloy,EN 362:2004-A/T,2C44500 YRC / 2C44500 XTB,10,,22/-/- kN,,,,,,,,https://www.climbingtechnology.com/en/professional-en/connectors/key7/key_tg,,,
8a6be5b1-6ce0-4850-b3d1-d11e5ece630d,Climbing Technology,KIT 12,no_ppe,Fall Arresters,,,KIT12,,,,,,,,,,https://www.climbingtechnology.com/wp-content/uploads/2019/02/IST52-KIT12CTA_rev-0_12-21.pdf,https://www.climbingtechnology.com/en/professional-en/lifelines7/rope_fall_arresters/kit_12,,,
79ad6260-3ff5-4011-abb4-68adc223a0e0,Climbing Technology,LARGE S-STEEL TGI,ppe,Connectors,Polished stainless steel,EN 362:2004-B,4C465I0,10,,35/-/- kN,,,,,,,,https://www.climbingtechnology.com/en/professional-en/connectors/large7/large_s-steel_tgi,,,
0e79d85a-9238-4aab-b4a3-f9eb7ec48920,Climbing Technology,LARGE SG,ppe,Connectors,Anodized light alloy,"EN 362:2004-B, EN 12275:2013-B",2C45500 WBG / 2C45500 XTB / 2C45500 XZD,10,,30/10/11 kN,,,,,,,,https://www.climbingtechnology.com/en/professional-en/connectors/large7/large_sg,,,
fb2d61be-f179-4738-8819-a21d3614dc8e,Climbing Technology,LARGE STEEL SG,ppe,Connectors,Zinc plated steel,EN 362:2004-M,3C4550A,10,,50/15/20 kN,,,,,,,,https://www.climbingtechnology.com/en/professional-en/connectors/large7/large_steel_sg,,,
afba273b-0360-4651-bf02-8351a98bba7a,Climbing Technology,LARGE STEEL TG,ppe,Connectors,Zinc plated steel,EN 362:2004-M,3C4650A,10,,50/15/20 kN,,,,,,,,https://www.climbingtechnology.com/en/professional-en/connectors/large7/large_steel_tg,,,
55dcaebb-65f6-4ca3-9b83-4920c6c6d8d8,Climbing Technology,LARGE STEEL TG ANSI,ppe,Connectors,Zinc plated steel,"EN 362:2004-M, ANSI Z359.12-2019",3C3240A,10,,50/16/20 kN,,,,,,,https://www.climbingtechnology.com/wp-content/uploads/2023/12/IST01-LOCONCTS_rev-1_06-24.pdf,https://www.climbingtechnology.com/en/professional-en/connectors/large7/large_steel_tg_ansi,,,
e3190d0e-7356-438a-a62e-14f77e557bec,Climbing Technology,LARGE TG,ppe,Connectors,Anodized light alloy,"EN 362:2004-B, EN 12275:2013-B",2C46500 YRC / 2C46500 XTB,10,,30/8/11 kN,,,,,,,,https://www.climbingtechnology.com/en/professional-en/connectors/large7/large_tg,,,
0116a566-1c12-4b56-aafc-db79c28381a4,Climbing Technology,LINK 20,no_ppe,Fall Arresters,,,7W924020,,,,,,,,,,https://www.climbingtechnology.com/wp-content/uploads/2019/03/IST52-LINKSCTA_rev-0_12-21.pdf,https://www.climbingtechnology.com/en/professional-en/lifelines7/rope_fall_arresters/link_20,,,
e1b0425a-0a16-47a4-8381-09d5bafa2e80,Climbing Technology,LINK 30+,no_ppe,Fall Arresters,,,7W925035,,,,,,,,,,https://www.climbingtechnology.com/wp-content/uploads/2019/03/IST52-LINKSCTA_rev-0_12-21.pdf,https://www.climbingtechnology.com/en/professional-en/lifelines7/rope_fall_arresters/link_30,,,
2c7580a2-65cc-46d2-b473-6a3441e681e8,Climbing Technology,LINK 40,no_ppe,Fall Arresters,,,7W924040,,,,,,,,,,https://www.climbingtechnology.com/wp-content/uploads/2019/03/IST52-LINKSCTA_rev-0_12-21.pdf,https://www.climbingtechnology.com/en/professional-en/lifelines7/rope_fall_arresters/link_40,,,
80942682-b3d5-4ad0-a5ed-7ed414999b1e,Climbing Technology,NIMBLE SG,ppe,Connectors,Anodized light alloy,"EN 362:2004-B, EN 12275:2013-B",2C44202 WFB,10,,26/9/10 kN,,,,,,,,https://www.climbingtechnology.com/en/professional-en/connectors,,,
85fb017e-fe56-48c5-a3a1-c87b23d91304,Climbing Technology,ORBITER A,ppe,Pulleys,Anodized light alloy,EN 12278:2007,2P665,10,,30 kN (flagged: elevatedclimbing.com dealer source),,,8,13,,,,https://www.climbingtechnology.com/en/professional-en/pulleys_and_rope_clamps/pulleys_/orbiter_a,,,
dc5bf1cf-306f-46bf-a5d8-ef59daa2a810,Climbing Technology,ORBITER D,ppe,Pulleys,Anodized light alloy,EN 12278:2007,2P661,10,,,,,,13,,,,https://www.climbingtechnology.com/en/professional-en/pulleys_and_rope_clamps/pulleys_/orbiter_d,,,
f1b554be-054d-4510-9ba2-6cb265fba942,Climbing Technology,ORBITER F,ppe,Pulleys,Anodized light alloy,EN 12278:2007,2P663,10,,"30 kN (flagged: rockrun.com dealer source, not on official page text)",,,,13,,,https://www.climbingtechnology.com/wp-content/uploads/2015/06/IST12-PULLYCTS_rev-2_04-25.pdf,https://www.climbingtechnology.com/en/professional-en/pulleys_and_rope_clamps/pulleys_/orbiter_f,,,
f308a772-f0a2-4a2e-9574-894498593a29,Climbing Technology,ORBITER H,ppe,Pulleys,Anodized light alloy,EN 12278:2007,2P667,10,,45 kN (flagged: eventshop.info dealer source),12 kN (flagged: eventshop.info dealer source),,,13,,,,https://www.climbingtechnology.com/en/professional-en/pulleys_and_rope_clamps/pulleys_/orbiter_h,,,
3aac9763-d70b-436a-bbe2-f636793afd7e,Climbing Technology,ORBITER L,ppe,Pulleys,Anodized light alloy,EN 12278:2007,2P666,10,,45-7.5 kN (flagged: secureheights.co.uk dealer source),12-2 kN (flagged: secureheights.co.uk dealer source),,,13,,,,https://www.climbingtechnology.com/en/professional-en/pulleys_and_rope_clamps/pulleys_/orbiter_l,,,
2a940ebd-b9a6-47ea-9381-4deaf3d2df02,Climbing Technology,ORBITER M,ppe,Pulleys,Anodized light alloy,EN 12278:2007,2P664,10,,,,,,13,,,,https://www.climbingtechnology.com/en/professional-en/pulleys_and_rope_clamps/pulleys_/orbiter_m,,,
adcb66ff-d904-46fd-a1c0-c423b07d5e3f,Climbing Technology,ORBITER S,ppe,Pulleys,Anodized light alloy,EN 12278:2007,2P660,10,,,,,,13,,,,https://www.climbingtechnology.com/en/professional-en/pulleys_and_rope_clamps/pulleys_/orbiter_s,,,
5575a01e-1d14-460f-bbba-e2a17f4b0f5c,Climbing Technology,ORBITER T,ppe,Pulleys,Anodized light alloy,EN 12278:2007,2P662,10,,50 kN (flagged: canyonstore.eu dealer source),,,8,13,,,,https://www.climbingtechnology.com/en/professional-en/pulleys_and_rope_clamps/pulleys_/orbiter_t,,,
afde992b-67ed-4947-a939-0f20bfc42c4d,Climbing Technology,OTTO L,ppe,Descenders,Anodized light alloy,EN 15151-2:2012 type 2,2D603,10,,35 kN,,,7.3,10.5,,,https://www.climbingtechnology.com/wp-content/uploads/2019/01/IST22-OTTOSCTS_rev-0_12-21.pdf,https://www.climbingtechnology.com/en/professional-en/descenders/otto_l,,,
73b4bc44-2370-4ef9-8c53-c9f7c6810921,Climbing Technology,OTTO RESCUE,ppe,Descenders,Anodized light alloy,EN 15151-2:2012 type 2,2D617,10,,40 kN,,,7.8,13,,,https://www.climbingtechnology.com/wp-content/uploads/2019/01/IST22-OTTOSCTS_rev-0_12-21.pdf,https://www.climbingtechnology.com/en/professional-en/descenders/otto_r,,,
4c3bb03e-28e8-494a-84d6-af8afee3c9a3,Climbing Technology,OTTO RESCUE S-STEEL,ppe,Descenders,Stainless steel,,4D617,10,,40 kN,,,7.8,13,,,https://www.climbingtechnology.com/wp-content/uploads/2019/01/IST22-OTTOSCTS_rev-0_12-21.pdf,https://www.climbingtechnology.com/en/professional-en/descenders/otto_r_s-steel,,,
5562cb2b-d142-43bc-9919-374cf193201f,Climbing Technology,OTTO RESCUE STEEL,ppe,Descenders,Zinc plated steel,,3D617,10,,40 kN,,,9,16,,,https://www.climbingtechnology.com/wp-content/uploads/2019/01/IST22-OTTOSCTS_rev-0_12-21.pdf,https://www.climbingtechnology.com/en/professional-en/descenders,,,
92758aa3-b2b5-430a-a523-e2546e39e01a,Climbing Technology,OVAL S-STEEL SG,ppe,Connectors,Polished stainless steel,EN 362:2004-B,4C52400,10,,25/-/- kN,,,,,,,,https://www.climbingtechnology.com/en/professional-en/connectors/oval7/oval_s-steel_sg,,,
881fb47c-0d54-4842-9131-9f25aba9ed1f,Climbing Technology,OVX SG,ppe,Connectors,Anodized light alloy,"EN 12275:2013-B, EN 362:2004-B",2C50100SHG / 2C50100XZD,10,,24/9/7 kN,,,,,,,,https://www.climbingtechnology.com/en/professional-en/connectors/ovx7/ovx_sg,,,
d4b0bd3d-3fc2-4751-9e0d-5bbb7bbf2185,Climbing Technology,OVX TG,ppe,Connectors,Anodized light alloy,"EN 12275:2013-B, EN 362:2004-B",2C50200SHF / 2C50200XZD,10,,24/9/7 kN,,,,,,,,https://www.climbingtechnology.com/en/professional-en/connectors/ovx7/ovx_tg,,,
dc74d509-17dc-415c-b84e-a9549174c50c,Climbing Technology,OVX TG HC,ppe,Connectors,Anodized light alloy (hard anti-wear coating),"EN 12275:2013-B, EN 362:2004-B",2C50200SYM,10,,24/9/7 kN,,,,,,,https://www.climbingtechnology.com/wp-content/uploads/2023/12/IST01-LOCONCTS_rev-1_06-24.pdf,https://www.climbingtechnology.com/en/professional-en/news_/connectors_new/ovx_tg_hc,,,
634f0e9c-05ec-4982-8c27-12d0bc5101f5,Climbing Technology,PILLAR PRO SG,ppe,Connectors,Anodized light alloy,"EN 362:2004-B, EN 12275:2013-B",2C39600 YDB / 2C39600 XZD,10,,25/12/7 kN,,,,,,,,https://www.climbingtechnology.com/en/professional-en/connectors/pillar_pro7/pillar_pro_sg,,,
c29f3cbb-9a7a-485e-8006-b776e80c29d6,Climbing Technology,PILLAR PRO SGL,ppe,Connectors,Anodized light alloy,"EN 362:2004-A/T, EN 12275:2013-B",2C3960L ZSF,10,,25/12/7 kN,,,,,,,,https://www.climbingtechnology.com/en/professional-en/connectors/pillar_pro7/pillar_pro_sgl,,,
68cc3559-f8d2-4e52-be97-a4aecd2c9cdf,Climbing Technology,PILLAR PRO SGL HC,ppe,Connectors,Anodized light alloy,"EN 362:2004-A/T, EN 12275:2013-B",2C3960L SYB,10,,25/12/7 kN,,,,,,,,https://www.climbingtechnology.com/en/professional-en/connectors/pillar_pro7/pillar_pro_sgl_hc,,,
a2217dfb-bad2-4c1a-8f4b-32f91ddb9947,Climbing Technology,PILLAR PRO TG,ppe,Connectors,Anodized light alloy,"EN 362:2004-B, EN 12275:2013-B",2C39800 YLB / 2C39800 XZD,10,,25/12/7 kN,,,,,,,,https://www.climbingtechnology.com/en/professional-en/connectors/pillar_pro7/pillar_pro_tg,,,
07809c95-67ea-4295-bf71-388faee50d9e,Climbing Technology,PILLAR PRO TGL,ppe,Connectors,Anodized light alloy,"EN 362:2004-B, EN 12275:2013-B",2C3980L XRA / 2C3980L XZD,10,,25/12/7 kN,,,,,,,,https://www.climbingtechnology.com/en/professional-en/connectors/pillar_pro7/pillar_pro_tgl,,,
c0250515-80f8-4826-b55c-0a6ce980b14c,Climbing Technology,PILLAR PRO WG,ppe,Connectors,Anodized light alloy,"EN 362:2004-B, EN 12275:2013-B",2C39700 ZPE,10,,25/12/7 kN,,,,,,,,https://www.climbingtechnology.com/en/professional-en/connectors/pillar_pro7/pillar_pro_wg,,,
eff0ca64-b422-47cd-a314-7b28e0cdcf08,Climbing Technology,PILLAR SG,ppe,Connectors,Anodized light alloy,"EN 362:2004-B, EN 12275:2013-B",2C46300 WBC / 2C46300 XTB / 2C46300 XZD,10,,24-10-7 kN,,,,,,,,https://www.climbingtechnology.com/en/professional-en/connectors/pillar7/pillar_sg,,,
0ba60fa5-dc56-43fb-b967-12f6e4172416,Climbing Technology,PILLAR STEEL SG,ppe,Connectors,Zinc plated steel,"EN 362:2004-M, EN 12275:2013-B",3C4630A,10,,30/15/10 kN,,,,,,,,https://www.climbingtechnology.com/en/professional-en/connectors/pillar7/pillar_steel_sg,,,
1e93b70e-d1c1-4ad8-bd21-da4948680bce,Climbing Technology,PILLAR STEEL TG,ppe,Connectors,Zinc plated steel,EN 362:2004-M,3C4460A,10,,30/15/10 kN,,,,,,,,https://www.climbingtechnology.com/en/professional-en/connectors/pillar7/pillar_steel_tg,,,
975d4745-5f5a-4f97-b071-4520767a0a8d,Climbing Technology,PILLAR TG,ppe,Connectors,Anodized light alloy,"EN 362:2004-B, EN 12275:2013-B",2C44600 YRC / 2C44600 XZD / 2C44600 XTB,10,,24/8/7 kN,,,,,,,,https://www.climbingtechnology.com/en/professional-en/connectors/pillar7/pillar_tg,,,
5253e62c-1950-44fc-a41a-0824825f40ee,Climbing Technology,PILLAR WG,ppe,Connectors,Anodized light alloy,"EN 362:2004-B, EN 12275:2013-B",2C46400 ZPE / 2C46400 XTB,10,,24/8/7 kN,,,,,,,,https://www.climbingtechnology.com/en/professional-en/connectors/pillar7/pillar_wg,,,
b053f715-5f88-402c-a382-5d2b2177991b,Climbing Technology,PILLAR WG HC,ppe,Connectors,Anodized light alloy,"EN 362:2004-B, EN 12275:2013-B",2C46400 SYB,10,,24/8/7 kN,,,,,,,,https://www.climbingtechnology.com/en/professional-en/connectors/pillar7/pillar_wg_hc,,,
8c440ad8-3212-4d55-8ba9-22ecb6494b2f,Climbing Technology,Q-LINK 07,ppe,Connectors,Zinc plated steel,"EN 362:2004-Q, EN 12275:2013-Q",3Q82107,10,,25/10/- kN,,,,,,,,https://www.climbingtechnology.com/en/professional-en/connectors/q-link7/q-link_07,,,
5508f7aa-d76f-48e9-ad95-1982ffd69cea,Climbing Technology,Q-LINK 08,ppe,Connectors,Zinc plated steel,"EN 362:2004-Q, EN 12275:2013-Q",3Q82008,10,,35/10/- kN,,,,,,,,https://www.climbingtechnology.com/en/professional-en/connectors/q-link7/q-link_08,,,
c7f26dfa-21c0-4883-b292-0ad6091ab077,Climbing Technology,Q-LINK 10,ppe,Connectors,Zinc plated steel,"EN 362:2004-Q, EN 12275:2013-Q",3Q82010,10,,55/10/- kN,,,,,,,,https://www.climbingtechnology.com/en/professional-en/connectors/q-link7/q-link_10,,,
e2252742-6308-4839-b9bb-0c874a8254e3,Climbing Technology,Q-LINK D 08,ppe,Connectors,Zinc plated steel,"EN 362:2004-Q, EN 12275:2013-Q",3Q82208,10,,27.5/10/- kN,,,,,,,,https://www.climbingtechnology.com/en/professional-en/connectors/q-link7/q-link_d_08,,,
73562518-d617-4672-9d4e-ee1cc6cb6453,Climbing Technology,Q-LINK D 10,ppe,Connectors,Zinc plated steel,"EN 362:2004-Q, EN 12275:2013-Q",3Q82210,10,,45/10/- kN,,,,,,,,https://www.climbingtechnology.com/en/professional-en/connectors/q-link7/q-link_d_10,,,
8b94acdb-0df5-47a0-83c4-3ebf9e3126b4,Climbing Technology,Q-LINK D S-STEEL 07,ppe,Connectors,Polished stainless steel,"EN 362:2004-Q, EN 12275:2013-Q",4Q82207,10,,31/10/- kN,,,,,,,,https://www.climbingtechnology.com/en/professional-en/connectors/q-link7/q-link_d_s-steel_07,,,
dc7a52fe-fac6-47bc-b31f-df4c1f01ce38,Climbing Technology,Q-LINK HM,ppe,Connectors,Zinc plated steel,"EN 362:2004-Q, EN 12275:2013-Q",3Q82310,10,,45/10/- kN,,,,,,,,https://www.climbingtechnology.com/en/professional-en/connectors/q-link7/q-link_hm,,,
6cf2673d-085b-4e51-8e23-d4b28116d207,Climbing Technology,Q-LINK S-STEEL 07,ppe,Connectors,Polished stainless steel,"EN 362:2004-Q, EN 12275:2013-Q",4Q82107,10,,40/10/- kN,,,,,,,,https://www.climbingtechnology.com/en/professional-en/connectors/q-link7/q-link_s-steel_07,,,
91ea47ed-5b27-406b-8697-28e74f1ea530,Climbing Technology,Q-LINK S-STEEL 08,ppe,Connectors,Polished stainless steel,"EN 362:2004-Q, EN 12275:2013-Q",4Q82008,10,,55/10/- kN,,,,,,,,https://www.climbingtechnology.com/en/professional-en/connectors/q-link7/q-link_s-steel_08,,,
884590f0-4dc2-473d-b87c-4b95785ea2af,Climbing Technology,Q-LINK TWIST,ppe,Connectors,Zinc plated steel,"EN 362:2004-Q, EN 12275:2013-Q",3Q82608,10,,32/10/- kN,,,,,,,,https://www.climbingtechnology.com/en/professional-en/connectors/q-link7/q-link_twist,,,
d0806185-a575-4ac5-b85d-dcf6221cdc0a,Climbing Technology,QT SPURS,no_ppe,Rope Clamps,,,,,,,,,,,,,,https://www.climbingtechnology.com/en/professional-en/pulleys_and_rope_clamps/rope_clamps/qt_spurs,,,
1f8fa372-c396-4cda-ba80-34e9996079bd,Climbing Technology,QT UNIVERSAL,no_ppe,Rope Clamps,,,4D661,,,,,,,,,,,https://www.climbingtechnology.com/en/professional-en/pulleys_and_rope_clamps/rope_clamps/qt_universal,,,
61a42ddf-4948-4309-a1bb-a9bc6fb8652c,Climbing Technology,QUICK ROLL left,ppe,Rope Clamps,Anodized light alloy,"EN 567:2013, EN 12841:2006-B",2D663SJ,10,,,,,8,13,,,https://www.climbingtechnology.com/wp-content/uploads/2019/12/IST22-ASCENCTS1-S2_rev-0_12-21.pdf,https://www.climbingtechnology.com/en/professional-en/pulleys_and_rope_clamps/rope_clamps/quick_roll,,,
ce0c7418-e411-40e8-a0d2-cdfff180333a,Climbing Technology,QUICK ROLL right,ppe,Rope Clamps,Anodized light alloy,"EN 567:2013, EN 12841:2006-B",2D663DJ,10,,,,,8,13,,,https://www.climbingtechnology.com/wp-content/uploads/2019/12/IST22-ASCENCTS1-S2_rev-0_12-21.pdf,https://www.climbingtechnology.com/en/professional-en/pulleys_and_rope_clamps/rope_clamps/quick_roll,,,
99f196da-64cf-472f-a11c-d51d1578ea68,Climbing Technology,QUICK STEP STRAP,no_ppe,Rope Clamps,,,7K65400001 / 7K65400002,,,,,,,,,,,https://www.climbingtechnology.com/en/professional-en/pulleys_and_rope_clamps/rope_clamps/quick_step_strap,,,
e4f19491-6150-42be-837a-4edd11458df1,Climbing Technology,QUICK STEP-A left,no_ppe,Rope Clamps,,,2D654S,,,,,,,,,,,https://www.climbingtechnology.com/en/professional-en/pulleys_and_rope_clamps/rope_clamps/quick_step-a,,,
a0e29a8b-3d9f-4df9-9fe1-a1abdd401649,Climbing Technology,QUICK STEP-A right,no_ppe,Rope Clamps,,,2D654D,,,,,,,,,,,https://www.climbingtechnology.com/en/professional-en/pulleys_and_rope_clamps/rope_clamps/quick_step-a,,,
c935a5ae-734d-4d36-a0e1-2689897b1aaa,Climbing Technology,QUICK STEP-S left,no_ppe,Rope Clamps,,,2D655S,,,,,,8,13,,,,https://www.climbingtechnology.com/en/professional-en/pulleys_and_rope_clamps/rope_clamps/quick_step-s,,,
3362cfc0-a880-4431-bd48-d348140cb73f,Climbing Technology,QUICK STEP-S right,no_ppe,Rope Clamps,,,2D655D,,,,,,8,13,,,,https://www.climbingtechnology.com/en/professional-en/pulleys_and_rope_clamps/rope_clamps/quick_step-s,,,
01984bf7-9503-42c4-bc58-d36d01a8d60b,Climbing Technology,QUICK TREE L,no_ppe,Rope Clamps,,,,,,,,,,,,,,https://www.climbingtechnology.com/en/professional-en/pulleys_and_rope_clamps/rope_clamps/quick_tree,,,
b2dd2417-9e4a-4fa0-a0a7-a94258e2b713,Climbing Technology,QUICK'ARBOR H,ppe,Rope Clamps,Anodized light alloy,EN 12841:2006-B,2D653HJ,10,,,,140,10,13,,,,https://www.climbingtechnology.com/en/professional-en/pulleys_and_rope_clamps/rope_clamps/quick_arbor_h,,,
4ee28aba-cb6d-4f79-87ac-88aae44fb44e,Climbing Technology,QUICK'UP+ left,ppe,Rope Clamps,Anodized light alloy,"EN 567:2013, EN 12841:2006-B",2D639SJ,10,,,,,8,13,,,https://www.climbingtechnology.com/wp-content/uploads/2019/12/IST22-ASCENCTS1-S2_rev-0_12-21.pdf,https://www.climbingtechnology.com/en/professional-en/pulleys_and_rope_clamps/rope_clamps/quick_up_plus,,,
4e8db846-f624-45cc-897f-6bcfde46ce29,Climbing Technology,QUICK'UP+ right,ppe,Rope Clamps,Anodized light alloy,"EN 567:2013, EN 12841:2006-B",2D639DJ,10,,,,,8,13,,,https://www.climbingtechnology.com/wp-content/uploads/2019/12/IST22-ASCENCTS1-S2_rev-0_12-21.pdf,https://www.climbingtechnology.com/en/professional-en/pulleys_and_rope_clamps/rope_clamps/quick_up_plus,,,
4162749b-6da5-4497-acd1-bb2d66e3872e,Climbing Technology,Rollnlock,ppe,Rope Clamps,,"EN 12841:2006-B, EN 567:2013, EN 12278:2007",2D675,10,,20 kN,100 kg (ascender mode) / 4 kN (rope clamp mode),,8,13,,,https://www.climbingtechnology.com/wp-content/uploads/2023/04/IST12-2D675CTS1-S2_rev-0_12-22.pdf,https://www.climbingtechnology.com/en/professional-en/pulleys_and_rope_clamps/pulleys_rope_clamps/rollnlock_,,,
07144f25-5bed-4502-8059-94251265a884,Climbing Technology,SEAT TEC,no_ppe,Harnesses,,,7H158AF,,,,,140,,,,,https://www.climbingtechnology.com/wp-content/uploads/2017/05/IST52-7H158CT_rev-4_11-22.pdf,https://www.climbingtechnology.com/en/professional-en/harnesses_/seat_tec,,,
839426d9-9341-476c-a685-f23bc3997e98,Climbing Technology,SHELTER EVO,ppe,Connectors,Anodized light alloy,EN 362:2004-A/T,2C37000 WVA / 2C37000 XXA,10,,25/-/- kN,,,,,,,,https://www.climbingtechnology.com/en/professional-en/connectors/shelter7/shelter_evo,,,
689f9041-7d30-453b-99f1-8ededa6e08dc,Climbing Technology,SHELTER STEEL,ppe,Connectors,Steel,EN 362:2004-A/T,3C36900,10,,25/-/- kN,,,,,,,https://www.climbingtechnology.com/wp-content/uploads/2023/12/IST01-LOCONCTS_rev-1_06-24.pdf,https://www.climbingtechnology.com/en/professional-en/connectors/shelter7/shelter_steel,,,
ceb692ee-b605-45cf-9dcf-cb3d9ff65ad4,Climbing Technology,SKC EVO+,ppe,Fall Arresters,,EN 353-1:2014+A1:2017,CL-003,10,12,,,50-140,,,,,https://www.climbingtechnology.com/wp-content/uploads/2023/11/IST22-4F726SKS_rev-1_03-24.pdf,https://www.climbingtechnology.com/en/professional-en/lifelines7/cable_fall_arresters/skc_evo_plus,,,
326bb9eb-ea0c-45de-8b4e-d5098e8fc69d,Climbing Technology,SKR-2,ppe,Fall Arresters,,"EN 353-2:2002, EN 12841:2006-A",4F709,10,12,,,,10.5,11,,,https://www.climbingtechnology.com/wp-content/uploads/2020/12/IST22-SKTWOCTS1-S2_rev-0_12-21.pdf,https://www.climbingtechnology.com/en/professional-en/lifelines7/rope_fall_arresters/skr-2,,,
11b6720a-a50d-4c0a-817b-5feb11b0145b,Climbing Technology,SKR+,ppe,Fall Arresters,,EN 353-2:2002,4F710,10,12,,,,,,,,https://www.climbingtechnology.com/wp-content/uploads/2019/02/IST22-SKPLUCTS_rev-0_12-21.pdf,https://www.climbingtechnology.com/en/professional-en/lifelines7/rope_fall_arresters/skr_plus,,,
8e3997db-2981-4c0a-bba2-bb7a6a33d648,Climbing Technology,SNAPPY SG,ppe,Connectors,Anodized light alloy,"EN 362:2004-B, EN 12275:2013-H",2C45900 WBG / 2C45900 XTB / 2C45900 XZD,10,,23/10/9 kN,,,,,,,,https://www.climbingtechnology.com/en/professional-en/connectors/snappy7/snappy_sg,,,
f458d6c0-d617-4b1c-94aa-4b2e422e70a6,Climbing Technology,SNAPPY STEEL SG,ppe,Connectors,Zinc plated steel,"EN 362:2004-M, EN 12275:2013-H",3C4590A,10,,40/15/15 kN,,,,,,,,https://www.climbingtechnology.com/en/professional-en/connectors/snappy7/snappy_steel_sg,,,
ea6e1242-d51b-4282-9fcf-21a9ffc4b6b8,Climbing Technology,SNAPPY STEEL TG,ppe,Connectors,Zinc plated steel,"EN 362:2004-M, EN 12275:2013-H",3C4610A,10,,40/15/15 kN,,,,,,,,https://www.climbingtechnology.com/en/professional-en/connectors/snappy7/snappy_steel_tg,,,
36f6d0c4-cf67-4cfb-b56f-0422bf5ff8a8,Climbing Technology,SNAPPY TG,ppe,Connectors,Anodized light alloy,"EN 362:2004-B, EN 12275:2013-H",2C46100 YRC / 2C46100 XTB / 2C46100 XZD,10,,23/8/9 kN,,,,,,,,https://www.climbingtechnology.com/en/professional-en/connectors/snappy7/snappy_tg,,,
9871ce26-74a0-4c9b-901e-896ffe2eca36,Climbing Technology,SPARROW,ppe,Descenders,Anodized light alloy,"EN 12841:2006-C, EN 341:2011-2A",2D64600 ZP0 / 2D64600 XZ0,10,,,,,10.5,11,,,,https://www.climbingtechnology.com/en/professional-en/descenders,,,
ed9dbc16-abb2-4b86-993d-c1fb1bc16e0c,Climbing Technology,SPARROW 200R,ppe,Descenders,Anodized light alloy,"EN 12841:2006-C, EN 341:2011-2A",2D66400 WB5 / 2D66400 XZ0,10,,,,,11,11,,,https://www.climbingtechnology.com/wp-content/uploads/2019/12/IST22-SPARRCTS1-S2_rev-0_12-21.pdf,https://www.climbingtechnology.com/en/professional-en/descenders/sparrow_200r,,,
d7fd1fd0-22be-4966-a8ea-795379ac82cd,Climbing Technology,TOP X,ppe,Harnesses,,EN 361:2002 (in combination with XARRIER),7H180AF03,10,12,,,140,,,,,https://www.climbingtechnology.com/wp-content/uploads/2021/12/IST52-7H180CTS1-S2_rev-0_10-21.pdf,https://www.climbingtechnology.com/en/professional-en/harnesses_/top_x,,,
4882d9a9-7b81-4158-97ee-65a60b7cac75,Climbing Technology,TOP Y,ppe,Harnesses,,EN 361:2002 (in combination with XARRIER),7H181AF01,10,12,,,140,,,,,https://www.climbingtechnology.com/wp-content/uploads/2021/12/IST52-7H180CTS1-S2_rev-0_10-21.pdf,https://www.climbingtechnology.com/en/professional-en/harnesses_/top_y,,,
bc82a720-c68c-438d-830b-d21b749fbdd0,Climbing Technology,UP LOCK,ppe,Pulleys,Anodized light alloy,EN 12278:2007,2P672,10,,,,,8,11,,,,https://www.climbingtechnology.com/en/professional-en/pulleys_and_rope_clamps/pulleys_/up_lock,,,
78e1471c-909a-424e-bdfd-0963fc6bb74d,Climbing Technology,UP ROLL,ppe,Pulleys,Anodized light alloy,EN 12278:2007,2P671,10,,30-7.5 kN (flagged: secureheights.co.uk dealer source),6-1.5 kN (flagged: secureheights.co.uk dealer source),,8,11,,,,https://www.climbingtechnology.com/en/professional-en/pulleys_and_rope_clamps/pulleys_/up_roll,,,
f0bfb849-2750-4f39-b080-5b27357ea34d,Climbing Technology,WAIST TEC size L-XL,ppe,Harnesses,,EN 358:2018,7H166DEO1,10,12,,,140,,,,,https://www.climbingtechnology.com/wp-content/uploads/2020/06/IST52-WO140CTS1-S2_rev-0_12-21.pdf,https://www.climbingtechnology.com/en/professional-en/harnesses_/waist_tec,,,
1a1720d7-b6c6-4670-b49b-e81c15636fcf,Climbing Technology,WAIST TEC size S-M,ppe,Harnesses,,EN 358:2018,7H166BCO1,10,12,,,140,,,,,https://www.climbingtechnology.com/wp-content/uploads/2020/06/IST52-WO140CTS1-S2_rev-0_12-21.pdf,https://www.climbingtechnology.com/en/professional-en/harnesses_/waist_tec,,,
62155062-0ee5-4528-b823-c6dc59dade2a,Climbing Technology,WORK TEC 140 size L-XL,ppe,Harnesses,,EN 361:2002,7H165DEO1,10,12,,,140,,,,,https://www.climbingtechnology.com/wp-content/uploads/2020/06/IST52-WO140CTS1-S2_rev-0_12-21.pdf,https://www.climbingtechnology.com/en/professional-en/harnesses_/work_tec_140,,,
cffefd6e-8adb-40d1-bbe4-e32650e1df3a,Climbing Technology,WORK TEC 140 size S-M,ppe,Harnesses,,EN 361:2002,7H165BCO1,10,12,,,140,,,,,https://www.climbingtechnology.com/wp-content/uploads/2020/06/IST52-WO140CTS1-S2_rev-0_12-21.pdf,https://www.climbingtechnology.com/en/professional-en/harnesses_/work_tec_140,,,
62d8a0ca-6410-4c5a-97de-445f7d53e700,Climbing Technology,WORK TEC QR size L-XL,ppe,Harnesses,,EN 361:2002,7H142DEO1,10,12,,,,,,,,https://www.climbingtechnology.com/wp-content/uploads/2020/02/IST52-WORKECTS_rev-0_12-21.pdf,https://www.climbingtechnology.com/en/professional-en/harnesses_/work_tec_qr,,,
cf010ca0-dcb7-44b3-bfd2-fdb3ed347cb2,Climbing Technology,WORK TEC QR size S-M,ppe,Harnesses,,EN 361:2002,7H142BCO1,10,12,,,,,,,,https://www.climbingtechnology.com/wp-content/uploads/2020/02/IST52-WORKECTS_rev-0_12-21.pdf,https://www.climbingtechnology.com/en/professional-en/harnesses_/work_tec_qr,,,
c731dd6f-cc95-4c82-98b7-2094d527de4b,Climbing Technology,WORK TEC size L-XL,ppe,Harnesses,,EN 361:2002,7H144DEO1,10,12,,,,,,,,https://www.climbingtechnology.com/wp-content/uploads/2020/02/IST52-WORKECTS_rev-0_12-21.pdf,https://www.climbingtechnology.com/en/professional-en/harnesses_/work_tec,,,
d4c9c8f7-8599-42e1-9876-9d264b1b8135,Climbing Technology,WORK TEC size S-M,ppe,Harnesses,,EN 361:2002,7H144BCO1,10,12,,,,,,,,https://www.climbingtechnology.com/wp-content/uploads/2020/02/IST52-WORKECTS_rev-0_12-21.pdf,https://www.climbingtechnology.com/en/professional-en/harnesses_/work_tec,,,
5f112a0f-dced-4830-8449-2f9cc8765017,Climbing Technology,XARRIER size L-XL,ppe,Harnesses,,"EN 813:2008, EN 358:2018, EN 12277:2015+A1:2018-C",7H179DE01,10,12,,,140,,,,,https://www.climbingtechnology.com/wp-content/uploads/2021/12/IST52-7H180CTS1-S2_rev-0_10-21.pdf,https://www.climbingtechnology.com/en/professional-en/harnesses_/xarrier,,,
3407a519-b981-4c41-9ab8-72fe7b0c4f93,Climbing Technology,XARRIER size M-L,ppe,Harnesses,,"EN 813:2008, EN 358:2018, EN 12277:2015+A1:2018-C",7H179CD01,10,12,,,140,,,,,https://www.climbingtechnology.com/wp-content/uploads/2021/12/IST52-7H180CTS1-S2_rev-0_10-21.pdf,https://www.climbingtechnology.com/en/professional-en/harnesses_/xarrier,,,
cb4c9e74-1ebe-4c53-be35-4d2603298828,Climbing Technology,XARRIER size S-M,ppe,Harnesses,,"EN 813:2008, EN 358:2018, EN 12277:2015+A1:2018-C",7H179BC01,10,12,,,140,,,,,https://www.climbingtechnology.com/wp-content/uploads/2021/12/IST52-7H180CTS1-S2_rev-0_10-21.pdf,https://www.climbingtechnology.com/en/professional-en/harnesses_/xarrier,,,
346e8c0b-a550-4be3-8576-837f93485f28,Climbing Technology,XL-D SG,ppe,Connectors,Anodized light alloy,"EN 362:2004-B, EN 12275:2013-B",2C47800 ZPE / 2C47800 XZD,10,,28/12/10 kN,,,,,,,,https://www.climbingtechnology.com/en/professional-en/connectors/xl-d7/xl-d_sg,,,
754db8bc-5d50-4e0a-aa63-3d9ee57a0679,Climbing Technology,XL-D TG,ppe,Connectors,Anodized light alloy,"EN 362:2004-B, EN 12275:2013-B",2C47900 ZPF / 2C47900 XZD,10,,28/12/10 kN,,,,,,,,https://www.climbingtechnology.com/en/professional-en/connectors/xl-d7/xl-d_tg,,,
fba09f9b-d895-43e7-811a-2300026c5979,Climbing Technology,YPSILON,ppe,Lanyards,PA,"EN 354:2010, EN 566:2017",7W12930060,10,12,22 kN,,,,,,,https://www.climbingtechnology.com/wp-content/uploads/2015/06/IST52-YPLONCTS_rev-0_12-21.pdf,https://www.climbingtechnology.com/en/professional-en/lanyards_/restraint/ypsilon_,,,
aca0867f-4021-4559-9c7c-6dd42ff3044a,CMI,RollnAnchor Pulley,rigging,Arborist Pulleys,aluminum,,RollnAnchor Pulley,,999,35.6 (8000 lbs),,,,12.7,,,https://cdn.shopify.com/s/files/1/0393/0605/files/RA_Pulley_46729973-af18-4325-be94-4895ba0a2bff.pdf?v=1771949718,https://cmigearusa.com/products/rna-pulley,,https://cdn.shopify.com/s/files/1/0393/0605/files/CMI_INSPECTION_INSTRUCTIONS.pdf?v=1729017671,
1f2840db-11c4-4391-864b-ee221fa9a97d,CMI,RP130,rigging,Arborist Pulleys,stainless steel/aluminum,,RP130,,999,124.6 (28000 lbs),,,,15.9,,,,https://cmigearusa.com/products/rp130,,https://cdn.shopify.com/s/files/1/0393/0605/files/CMI_INSPECTION_INSTRUCTIONS.pdf?v=1729017671,
3d077899-6739-42bf-a43b-13361d390442,CMI,RP131,rigging,Arborist Pulleys,stainless steel/aluminum,,RP131,,999,177.9 (40000 lbs),,,,19.1,,,,https://cmigearusa.com/products/rp131,,https://cdn.shopify.com/s/files/1/0393/0605/files/CMI_INSPECTION_INSTRUCTIONS.pdf?v=1729017671,
06e573fd-43cb-46aa-89ff-651a5228c473,CMI,RP145,rigging,Arborist Pulleys,zinc-plated steel/aluminum/stainless steel,,RP145,,999,111.2 (25000 lbs),,,,19.1,,,,https://cmigearusa.com/products/rp145,,https://cdn.shopify.com/s/files/1/0393/0605/files/CMI_INSPECTION_INSTRUCTIONS.pdf?v=1729017671,
c104b2c6-e0c5-4ebd-b85b-7bcc8a9a25a8,CMI,RP146,rigging,Arborist Pulleys,aluminum/stainless steel,,RP146,,999,302.5 (68000 lbs),60.5 kN (13600 lbs),,,25.4,,,,https://cmigearusa.com/products/rp146,,https://cdn.shopify.com/s/files/1/0393/0605/files/CMI_INSPECTION_INSTRUCTIONS.pdf?v=1729017671,
8c757e2b-303c-47e1-a170-685552d8c49a,CMI,RP160,rigging,Arborist Pulleys,7075 aluminum/bronze/stainless steel,,RP160,,999,226.9 (51000 lbs),,,,19.1,,,,https://cmigearusa.com/products/rp160,https://cdn.shopify.com/s/files/1/0393/0605/files/RecallNotice2023.pdf?v=1693251172,https://cdn.shopify.com/s/files/1/0393/0605/files/CMI_INSPECTION_INSTRUCTIONS.pdf?v=1729017671,
4111a06e-dd13-457d-ae8f-3e6216e1486b,CMI,RP162,rigging,Arborist Pulleys,aluminum/stainless steel,,RP162,,999,97.4 (21900 lbs),,,,12.7,,,,https://cmigearusa.com/products/rp162,https://cdn.shopify.com/s/files/1/0393/0605/files/RecallNotice2023.pdf?v=1693251172,https://cdn.shopify.com/s/files/1/0393/0605/files/CMI_INSPECTION_INSTRUCTIONS.pdf?v=1729017671,
c1c83ecf-1c99-4d7c-8426-3b8896dbfa33,Courant,AKA,rigging,Rigging Ropes,,,MHD00ABC990,,,,,,,,,,,https://vertical-living.mycourant.com/en/tree-care-material/tree-care-ropes/rigging-ropes/aka,,,
6a3c6f60-b4ac-45c9-bbcd-677c675ae2d8,Courant,Atoll Ring L,ppe,Harness Accessories,Aluminium alloy,,RANI04FLA,10,,25,,,,,,,,https://vertical-living.mycourant.com/en/tree-care-material/harnesses-accessories/atoll,,,
e1b3dc68-f467-4e2e-83c7-87598c5990f7,Courant,Atoll Ring S,ppe,Harness Accessories,Aluminium alloy,,RANI05BKA,10,,25,,,,,,,,https://vertical-living.mycourant.com/en/tree-care-material/harnesses-accessories/atoll,,,
807ba49f-5a7e-40e0-9fdd-6ca4501370fb,Courant,Axxis,ppe,Carabiners,Zircal aluminium alloy,EN 362,PPLSMQSY,10,,24,,,,,,,,https://vertical-living.mycourant.com/en/tree-care-material/carabiners/axxis,,,
0a3a3e5f-bce1-4307-9a60-af1e20674c1f,Courant,Axxis TL,ppe,Carabiners,Zircal aluminium alloy,EN 362,RMQUAXTL,10,,24,,,,,,,,https://vertical-living.mycourant.com/en/tree-care-material/carabiners/axxis-tl,,,
f5fe25e5-3d06-43df-8b00-017fb5100d94,Courant,Bandit 10.5mm,ppe,Semi-static Ropes,Polyamide,EN 1891 Type A,,10,,,,,10.5,10.5,,,,https://vertical-living.mycourant.com/en/material-work-at-height/ropes/semi-static-ropes/bandit-105mm,,,
961dbca5-5f86-4120-bcf2-23024fb0d81c,Courant,Bandit 11mm,ppe,Semi-static Ropes,,EN 1891 Type A,,10,,,,,11,11,,,,https://vertical-living.mycourant.com/en/material-work-at-height/ropes/semi-static-ropes/bandit-11mm,,,
844fba3a-0431-48a1-be8b-e909968b4992,Courant,Bandit 12.5mm,ppe,Semi-static Ropes,Polyamide,EN 1891 Type A,,10,,37,,,12.5,12.5,,,,https://www.mycourant.com/en/ropes/semi-static-ropes/bandit-125mm,,,
678db3cb-9820-488b-95ac-2f960133edf7,Courant,CanyonX 9mm,ppe,Semi-static Ropes,,EN 1891 Type A,,10,,,,,9,9,,,,https://vertical-living.mycourant.com/en/material-work-at-height/ropes/semi-static-ropes/canyonx-9mm,,,
3fa1164f-2023-46fe-88bd-5349c3d5bf8b,Courant,Ellipse rope sling,ppe,Anchors,Polyester webbing,EN 566; EN 795 Type B,,10,,22,,,,,Label (ITN),,,https://vertical-living.mycourant.com/en/tree-care-material/anchors/ellipse-rope-sling,,,
2da6a115-bddf-401e-b298-f075d1cf53c6,Courant,Extrema 10.5mm,ppe,Semi-static Ropes,Polyamide sheath; X-Braid Polyamide core,EN 1891 Type A,MM8+++++,10,,32,,,10.5,10.5,,,,https://vertical-living.mycourant.com/en/material-work-at-height/ropes/semi-static-ropes/extrema-105mm,,,
2f1c4587-42ea-47f7-96d1-b811b653ebe8,Courant,Extrema 11mm,ppe,Semi-static Ropes,Polyester sheath; X-Braid Polyamide core,EN 1891 Type A,ML8+++++,10,,33,,,11,11,,,,https://vertical-living.mycourant.com/en/material-work-at-height/ropes/semi-static-ropes/extrema-11mm,,,
314be49a-9a9e-4c74-b063-1e67590b20ad,Courant,Flexible Lanyard Flexbee,ppe,Lanyards,Polyester sheath; polyamide core,EN 358,,10,,,,140,11.5,11.5,,,,https://www.mycourant.com/en/lanyards/lanyards-flexible-lanyards/longe-flexbee,,,
eed39209-f942-477d-9558-f12f01b61767,Courant,Flexible Lanyard Flexbee V2,ppe,Lanyards,Polyester sheath; polyamide core,EN 358,,10,,,,140,11.5,11.5,,,,https://www.mycourant.com/en/lanyards/lanyards-flexible-lanyards/longe-flexbee,,,
03ffecda-b94d-430a-854d-bd341892c625,Courant,Honos,no_ppe,Carabiners,,,RMQHONSJ,,,,,,,,,,,https://vertical-living.mycourant.com/en/tree-care-material/carabiners/honos,,,
861e4732-dad7-4e5a-bd01-7c5367bf37ad,Courant,Honos L Blue,no_ppe,Carabiners,,,RMQHONLB,,,,15 kg,,,,,,,https://vertical-living.mycourant.com/en/tree-care-material/carabiners/honos,,,
6cb1765e-587c-4f0f-a0c1-5dd54f6908de,Courant,Honos L Red,no_ppe,Carabiners,,,RMQHONLR,,,,15 kg,,,,,,,https://vertical-living.mycourant.com/en/tree-care-material/carabiners/honos,,,
f89945b0-2404-4496-964c-b18ccfd6881d,Courant,Honos L Yellow,no_ppe,Carabiners,,,RMQHONLJ,,,,15 kg,,,,,,,https://vertical-living.mycourant.com/en/tree-care-material/carabiners/honos,,,
b32e83d5-01e1-4f36-92c6-318664e98bfe,Courant,Hulk,rigging,Lowering Bollards,Aluminium,,,10,,25,5 kN,,,14,,,,https://vertical-living.mycourant.com/en/tree-care-material/lowering/hulk,,,
90c1ec64-826d-46cd-a44a-4f526089ae8d,Courant,Japora 11.5mm,ppe,Climbing Ropes,24-strand Polyester sheath; braided Polyamide core,EN 1891 Type A,,10,,23.8,,,11.5,11.5,,,,https://vertical-living.mycourant.com/en/tree-care-material/tree-care-ropes/climbing-ropes/japora-115mm,,,
fd4f36bd-b6c0-4fa2-aafa-f72f26a9f3b0,Courant,Japora 11.5mm 35m 1 spliced eye,ppe,Climbing Ropes,24-strand Polyester sheath; braided Polyamide core,EN 1891 Type A,,10,,20,,,11.5,11.5,In-eye splice label,,,https://vertical-living.mycourant.com/en/tree-care-material/tree-care-ropes/climbing-ropes/japora-115mm,,,
bbae336e-e53d-499d-bcae-d1006d86b025,Courant,Japora 11.5mm 35m 2 spliced eyes,ppe,Climbing Ropes,24-strand Polyester sheath; braided Polyamide core,EN 1891 Type A,,10,,20,,,11.5,11.5,In-eye splice label,,,https://vertical-living.mycourant.com/en/tree-care-material/tree-care-ropes/climbing-ropes/japora-115mm,,,
fb6cd847-5453-4939-9551-04b70a9b4683,Courant,Japora 11.5mm 45m 1 spliced eye,ppe,Climbing Ropes,24-strand Polyester sheath; braided Polyamide core,EN 1891 Type A,,10,,20,,,11.5,11.5,In-eye splice label,,,https://vertical-living.mycourant.com/en/tree-care-material/tree-care-ropes/climbing-ropes/japora-115mm,,,
042866d5-e4bf-470b-b1cd-a99be9134195,Courant,Japora 11.5mm 45m 2 spliced eyes,ppe,Climbing Ropes,24-strand Polyester sheath; braided Polyamide core,EN 1891 Type A,,10,,20,,,11.5,11.5,In-eye splice label,,,https://vertical-living.mycourant.com/en/tree-care-material/tree-care-ropes/climbing-ropes/japora-115mm,,,
124a63da-3865-4aa6-b487-76b78591f2f2,Courant,Japora 11.5mm 60m 1 spliced eye,ppe,Climbing Ropes,24-strand Polyester sheath; braided Polyamide core,EN 1891 Type A,,10,,20,,,11.5,11.5,In-eye splice label,,,https://vertical-living.mycourant.com/en/tree-care-material/tree-care-ropes/climbing-ropes/japora-115mm,,,
74281443-4ca3-4334-9e9d-a0e038eca557,Courant,Japora 11.5mm 60m 2 spliced eyes,ppe,Climbing Ropes,24-strand Polyester sheath; braided Polyamide core,EN 1891 Type A,,10,,20,,,11.5,11.5,In-eye splice label,,,https://vertical-living.mycourant.com/en/tree-care-material/tree-care-ropes/climbing-ropes/japora-115mm,,,
f1f9fa0f-2817-41c1-ae9b-ac6f575188b3,Courant,Kalimba 11.9mm,ppe,Climbing Ropes,24-strand Polyester sheath; X-Braid Polyamide core,EN 1891 Type A,,10,,35,,,11.9,11.9,,,,https://vertical-living.mycourant.com/en/tree-care-material/tree-care-ropes,https://docs.google.com/forms/d/e/1FAIpQLSc9QYzbH82P_mvsMqUlNYR65jHJmDdO55-11pdxQ6kMlbt-jw/viewform,https://vertical-living.mycourant.com/media/43826/1/0/1/AVIS+D'INSPECTION+-+INSPECTION+NOTICE+-+Kalimba.pdf,"TERUGROEPACTIE COURANT (actief, stand 2026-07-31): alle gespleiste Kalimba-lijnen moeten retour naar de fabrikant. Er is nog GEEN goedgekeurde vervanging geleverd of verkrijgbaar; die volgt later. Aanmelden voor inname via het recall-formulier van Courant (zie de recall-link bij dit product); VS-klanten hebben een apart formulier. Contact: contact@mycourant.com. Niet goedkeuren tijdens keuring zolang deze actie loopt."
e5f80e28-596d-4d9e-9c56-59c43a72723e,Courant,Kalimba 11.9mm 35m 1 spliced eye,ppe,Climbing Ropes,24-strand Polyester sheath; X-Braid Polyamide core,EN 1891 Type A,,10,,23,,,11.9,11.9,In-eye splice label,,,https://vertical-living.mycourant.com/en/tree-care-material/tree-care-ropes,https://docs.google.com/forms/d/e/1FAIpQLSc9QYzbH82P_mvsMqUlNYR65jHJmDdO55-11pdxQ6kMlbt-jw/viewform,https://vertical-living.mycourant.com/media/43826/1/0/1/AVIS+D'INSPECTION+-+INSPECTION+NOTICE+-+Kalimba.pdf,"TERUGROEPACTIE COURANT (actief, stand 2026-07-31): alle gespleiste Kalimba-lijnen moeten retour naar de fabrikant. Er is nog GEEN goedgekeurde vervanging geleverd of verkrijgbaar; die volgt later. Aanmelden voor inname via het recall-formulier van Courant (zie de recall-link bij dit product); VS-klanten hebben een apart formulier. Contact: contact@mycourant.com. Niet goedkeuren tijdens keuring zolang deze actie loopt."
b167f3e8-a64b-47f2-8712-5c5590044c1e,Courant,Kalimba 11.9mm 35m 2 spliced eyes,ppe,Climbing Ropes,24-strand Polyester sheath; X-Braid Polyamide core,EN 1891 Type A,,10,,23,,,11.9,11.9,In-eye splice label,,,https://vertical-living.mycourant.com/en/tree-care-material/tree-care-ropes,https://docs.google.com/forms/d/e/1FAIpQLSc9QYzbH82P_mvsMqUlNYR65jHJmDdO55-11pdxQ6kMlbt-jw/viewform,https://vertical-living.mycourant.com/media/43826/1/0/1/AVIS+D'INSPECTION+-+INSPECTION+NOTICE+-+Kalimba.pdf,"TERUGROEPACTIE COURANT (actief, stand 2026-07-31): alle gespleiste Kalimba-lijnen moeten retour naar de fabrikant. Er is nog GEEN goedgekeurde vervanging geleverd of verkrijgbaar; die volgt later. Aanmelden voor inname via het recall-formulier van Courant (zie de recall-link bij dit product); VS-klanten hebben een apart formulier. Contact: contact@mycourant.com. Niet goedkeuren tijdens keuring zolang deze actie loopt."
829494d1-8d6c-4b22-a92f-4a503bb94ebe,Courant,Kalimba 11.9mm 45m 1 spliced eye,ppe,Climbing Ropes,24-strand Polyester sheath; X-Braid Polyamide core,EN 1891 Type A,,10,,23,,,11.9,11.9,In-eye splice label,,,https://vertical-living.mycourant.com/en/tree-care-material/tree-care-ropes,https://docs.google.com/forms/d/e/1FAIpQLSc9QYzbH82P_mvsMqUlNYR65jHJmDdO55-11pdxQ6kMlbt-jw/viewform,https://vertical-living.mycourant.com/media/43826/1/0/1/AVIS+D'INSPECTION+-+INSPECTION+NOTICE+-+Kalimba.pdf,"TERUGROEPACTIE COURANT (actief, stand 2026-07-31): alle gespleiste Kalimba-lijnen moeten retour naar de fabrikant. Er is nog GEEN goedgekeurde vervanging geleverd of verkrijgbaar; die volgt later. Aanmelden voor inname via het recall-formulier van Courant (zie de recall-link bij dit product); VS-klanten hebben een apart formulier. Contact: contact@mycourant.com. Niet goedkeuren tijdens keuring zolang deze actie loopt."
e1ab9ab5-a668-49da-99f7-a033c23850a6,Courant,Kalimba 11.9mm 45m 2 spliced eyes,ppe,Climbing Ropes,24-strand Polyester sheath; X-Braid Polyamide core,EN 1891 Type A,,10,,23,,,11.9,11.9,In-eye splice label,,,https://vertical-living.mycourant.com/en/tree-care-material/tree-care-ropes,https://docs.google.com/forms/d/e/1FAIpQLSc9QYzbH82P_mvsMqUlNYR65jHJmDdO55-11pdxQ6kMlbt-jw/viewform,https://vertical-living.mycourant.com/media/43826/1/0/1/AVIS+D'INSPECTION+-+INSPECTION+NOTICE+-+Kalimba.pdf,"TERUGROEPACTIE COURANT (actief, stand 2026-07-31): alle gespleiste Kalimba-lijnen moeten retour naar de fabrikant. Er is nog GEEN goedgekeurde vervanging geleverd of verkrijgbaar; die volgt later. Aanmelden voor inname via het recall-formulier van Courant (zie de recall-link bij dit product); VS-klanten hebben een apart formulier. Contact: contact@mycourant.com. Niet goedkeuren tijdens keuring zolang deze actie loopt."
0d4052d6-29f4-4488-943a-b7b014ed91aa,Courant,Kalimba 11.9mm 60m 1 spliced eye,ppe,Climbing Ropes,24-strand Polyester sheath; X-Braid Polyamide core,EN 1891 Type A,,10,,23,,,11.9,11.9,In-eye splice label,,,https://vertical-living.mycourant.com/en/tree-care-material/tree-care-ropes,https://docs.google.com/forms/d/e/1FAIpQLSc9QYzbH82P_mvsMqUlNYR65jHJmDdO55-11pdxQ6kMlbt-jw/viewform,https://vertical-living.mycourant.com/media/43826/1/0/1/AVIS+D'INSPECTION+-+INSPECTION+NOTICE+-+Kalimba.pdf,"TERUGROEPACTIE COURANT (actief, stand 2026-07-31): alle gespleiste Kalimba-lijnen moeten retour naar de fabrikant. Er is nog GEEN goedgekeurde vervanging geleverd of verkrijgbaar; die volgt later. Aanmelden voor inname via het recall-formulier van Courant (zie de recall-link bij dit product); VS-klanten hebben een apart formulier. Contact: contact@mycourant.com. Niet goedkeuren tijdens keuring zolang deze actie loopt."
ec3bdec1-91b0-4966-a928-4d93619b7ae8,Courant,Kalimba 11.9mm 60m 2 spliced eyes,ppe,Climbing Ropes,24-strand Polyester sheath; X-Braid Polyamide core,EN 1891 Type A,,10,,23,,,11.9,11.9,In-eye splice label,,,https://vertical-living.mycourant.com/en/tree-care-material/tree-care-ropes,https://docs.google.com/forms/d/e/1FAIpQLSc9QYzbH82P_mvsMqUlNYR65jHJmDdO55-11pdxQ6kMlbt-jw/viewform,https://vertical-living.mycourant.com/media/43826/1/0/1/AVIS+D'INSPECTION+-+INSPECTION+NOTICE+-+Kalimba.pdf,"TERUGROEPACTIE COURANT (actief, stand 2026-07-31): alle gespleiste Kalimba-lijnen moeten retour naar de fabrikant. Er is nog GEEN goedgekeurde vervanging geleverd of verkrijgbaar; die volgt later. Aanmelden voor inname via het recall-formulier van Courant (zie de recall-link bij dit product); VS-klanten hebben een apart formulier. Contact: contact@mycourant.com. Niet goedkeuren tijdens keuring zolang deze actie loopt."
5a33511f-4c2d-48ba-ab72-4dffa2fc5b5f,Courant,Kanopa 12.1mm,ppe,Climbing Ropes,Polyester sheath; X-Braid Polyamide core,EN 1891 Type A,,10,,31,,,12.1,12.1,,,,https://vertical-living.mycourant.com/en/tree-care-material/tree-care-ropes/climbing-ropes/kanopa-121mm,,,
3891e9d3-f4e6-4a94-bd9e-b62d7bc22bb8,Courant,Kanopa 12.1mm 35m 1 spliced eye,ppe,Climbing Ropes,Polyester sheath; X-Braid Polyamide core,EN 1891 Type A,,10,,23.5,,,12.1,12.1,In-eye splice label,,,https://vertical-living.mycourant.com/en/tree-care-material/tree-care-ropes/climbing-ropes/kanopa-121mm,,,
83a5f3f6-bcc3-427c-be10-31aaed57935f,Courant,Kanopa 12.1mm 35m 2 spliced eyes,ppe,Climbing Ropes,Polyester sheath; X-Braid Polyamide core,EN 1891 Type A,,10,,23.5,,,12.1,12.1,In-eye splice label,,,https://vertical-living.mycourant.com/en/tree-care-material/tree-care-ropes/climbing-ropes/kanopa-121mm,,,
251fd8ca-ea6a-4383-8bd5-b29f581c65fc,Courant,Kanopa 12.1mm 45m 1 spliced eye,ppe,Climbing Ropes,Polyester sheath; X-Braid Polyamide core,EN 1891 Type A,,10,,23.5,,,12.1,12.1,In-eye splice label,,,https://vertical-living.mycourant.com/en/tree-care-material/tree-care-ropes/climbing-ropes/kanopa-121mm,,,
913209e1-de54-4adc-830b-b7f342859961,Courant,Kanopa 12.1mm 45m 2 spliced eyes,ppe,Climbing Ropes,Polyester sheath; X-Braid Polyamide core,EN 1891 Type A,,10,,23.5,,,12.1,12.1,In-eye splice label,,,https://vertical-living.mycourant.com/en/tree-care-material/tree-care-ropes/climbing-ropes/kanopa-121mm,,,
6dc5e1c4-6acf-44d6-9ac9-8fd9c8e45f99,Courant,Kanopa 12.1mm 60m 1 spliced eye,ppe,Climbing Ropes,Polyester sheath; X-Braid Polyamide core,EN 1891 Type A,MHF30BZC060,10,,23.5,,,12.1,12.1,In-eye splice label,,,https://vertical-living.mycourant.com/en/tree-care-material/tree-care-ropes/climbing-ropes/kanopa-121mm,,,
66469d10-e7e6-4f98-ac99-017ec8c8f6dd,Courant,Kanopa 12.1mm 60m 2 spliced eyes,ppe,Climbing Ropes,Polyester sheath; X-Braid Polyamide core,EN 1891 Type A,,10,,23.5,,,12.1,12.1,In-eye splice label,,,https://vertical-living.mycourant.com/en/tree-care-material/tree-care-ropes/climbing-ropes/kanopa-121mm,,,
ad57c1fa-88e5-4af9-b422-4de274feec40,Courant,Koala Harness L/XL,ppe,Harnesses,Polyester; aluminium alloy; steel,EN 358; EN 813,REL0HRXL+,10,,,,,,,Label,,,https://vertical-living.mycourant.com/en/tree-care-material/security-harnesses/koala-harness,,,
702869b3-cf32-441e-ad18-991eea6c2850,Courant,Koala Harness M/L,ppe,Harnesses,Polyester; aluminium alloy; steel,EN 358; EN 813,REL0HRML+,10,,,,,,,Label,,,https://vertical-living.mycourant.com/en/tree-care-material/security-harnesses/koala-harness,,,
aeed7be1-3864-471b-9228-b4ee47dc067e,Courant,Koala Harness S,ppe,Harnesses,Polyester; aluminium alloy; steel,EN 358; EN 813,REL0HRS+,10,,,,,,,Label,,,https://vertical-living.mycourant.com/en/tree-care-material/security-harnesses/koala-harness,,,
1b8f917b-b402-491e-be96-39461f9838fd,Courant,Komora 11.7mm,ppe,Climbing Ropes,Polyester sheath; X-Braid Polyamide core,EN 1891 Type A,,10,,30,,,11.7,11.7,,,,https://vertical-living.mycourant.com/en/tree-care-material/tree-care-ropes/climbing-ropes/komora-117mm,,,
e02cb84c-d532-4041-967d-76e1915f6051,Courant,Komora 11.7mm 35m 1 spliced eye,ppe,Climbing Ropes,Polyester sheath; X-Braid Polyamide core,EN 1891 Type A,,10,,19,,,11.7,11.7,In-eye splice label,,,https://vertical-living.mycourant.com/en/tree-care-material/tree-care-ropes/climbing-ropes/komora-117mm,,,
e974623e-ee52-4d08-a693-b556aaa4561d,Courant,Komora 11.7mm 35m 2 spliced eyes,ppe,Climbing Ropes,Polyester sheath; X-Braid Polyamide core,EN 1891 Type A,,10,,19,,,11.7,11.7,In-eye splice label,,,https://vertical-living.mycourant.com/en/tree-care-material/tree-care-ropes/climbing-ropes/komora-117mm,,,
4f6a7371-18aa-4e9c-be92-7939b6d4ea4b,Courant,Komora 11.7mm 45m 1 spliced eye,ppe,Climbing Ropes,Polyester sheath; X-Braid Polyamide core,EN 1891 Type A,MJF30CZC045,10,,19,,,11.7,11.7,In-eye splice label,,,https://vertical-living.mycourant.com/en/tree-care-material/tree-care-ropes/climbing-ropes/komora-117mm,,,
f88943b5-07f1-4816-ba25-f9aa66e85acc,Courant,Komora 11.7mm 45m 2 spliced eyes,ppe,Climbing Ropes,Polyester sheath; X-Braid Polyamide core,EN 1891 Type A,,10,,19,,,11.7,11.7,In-eye splice label,,,https://vertical-living.mycourant.com/en/tree-care-material/tree-care-ropes/climbing-ropes/komora-117mm,,,
2f7d4b36-9573-410a-b562-a000b2d97a81,Courant,Komora 11.7mm 60m 1 spliced eye,ppe,Climbing Ropes,Polyester sheath; X-Braid Polyamide core,EN 1891 Type A,MJF30CZC060,10,,19,,,11.7,11.7,In-eye splice label,,,https://vertical-living.mycourant.com/en/tree-care-material/tree-care-ropes/climbing-ropes/komora-117mm,,,
97d264c5-4486-418d-abff-4c31d63e8130,Courant,Komora 11.7mm 60m 2 spliced eyes,ppe,Climbing Ropes,Polyester sheath; X-Braid Polyamide core,EN 1891 Type A,,10,,19,,,11.7,11.7,In-eye splice label,,,https://vertical-living.mycourant.com/en/tree-care-material/tree-care-ropes/climbing-ropes/komora-117mm,,,
f2f3429b-78e2-4513-ae9e-cf6228a8d33d,Courant,Krysler 12.5mm,ppe,Semi-static Ropes,Polyamide,EN 1891 Type A,,10,,,,,12.5,12.5,,,,https://www.mycourant.com/en/ropes/semi-static-ropes/krysler-125mm,,,
f15c9bb0-f5b3-482d-9d62-efd8f19f230a,Courant,Millo Primary Bridge 25cm,ppe,Harness Accessories,Polyamide,,REL0PS25+,10,,,,,,,Label,,,https://vertical-living.mycourant.com/en/tree-care-material/harnesses-accessories/millo,,,
474cf3e2-1111-407a-aea4-b846ab8f656f,Courant,Millo Primary Bridge 30cm,ppe,Harness Accessories,Polyamide,,REL0PS30+,10,,,,,,,Label,,,https://vertical-living.mycourant.com/en/tree-care-material/harnesses-accessories/millo,,,
3dfdd99c-a211-4922-8535-ae7e40589c2a,Courant,Millo Primary Bridge 35cm,ppe,Harness Accessories,Polyamide,,REL0PS35+,10,,,,,,,Label,,,https://vertical-living.mycourant.com/en/tree-care-material/harnesses-accessories/millo,,,
55ee5641-4b92-41f2-addf-b78f76e3c7f2,Courant,Millo Secondary Bridge 25cm,ppe,Harness Accessories,Polyamide,,REL0PA25+,10,,,,,,,Label,,,https://vertical-living.mycourant.com/en/tree-care-material/harnesses-accessories/millo,,,
807dd791-26d4-4f95-813c-b53a7ad6c898,Courant,Millo Secondary Bridge 30cm,ppe,Harness Accessories,Polyamide,,REL0PA30+,10,,,,,,,Label,,,https://vertical-living.mycourant.com/en/tree-care-material/harnesses-accessories/millo,,,
0d5d851e-ed2c-4bca-9986-60f94183b0d7,Courant,Millo Secondary Bridge 35cm,ppe,Harness Accessories,Polyamide,,REL0PA35+,10,,,,,,,Label,,,https://vertical-living.mycourant.com/en/tree-care-material/harnesses-accessories/millo,,,
858b8b28-1348-4819-989c-cc51228e6490,Courant,Moka,ppe,Carabiners,Aluminium,EN 362,RMQCMOKA,10,,,,,,,,,,https://vertical-living.mycourant.com/en/tree-care-material/carabiners/moka,,,
bc72b8e2-4331-44c6-9c15-8b02a3fc46b8,Courant,Mova,ppe,Pulleys,Aluminium,EN 12278,RPL92142,10,,,,,,,,,,https://vertical-living.mycourant.com/en/material-work-at-height/metallics/mova,,,
74972a2c-d1c5-4071-95cf-962eeac74dc6,Courant,Odin,ppe,Carabiners,Stainless steel,EN 362,RMQXANOD,10,,25,,,,,,,,https://vertical-living.mycourant.com/en/tree-care-material/carabiners,,,
996b2326-1978-48a9-972d-2e69836eb940,Courant,Orbit 22,ppe,Pulleys,Aluminium,EN 12278,PPLSPLJF,10,,,,,,,,,,https://vertical-living.mycourant.com/en/material-work-at-height/metallics/orbit-22,,,
b395294f-8da2-4ac0-8ba8-6682ee527987,Courant,Ozora 12.5mm,ppe,Climbing Ropes,24-strand Polyester sheath; braided Polyamide core,EN 1891 Type A,,10,,26,,,12.5,12.5,,,,https://vertical-living.mycourant.com/en/tree-care-material/tree-care-ropes/climbing-ropes/ozora-125mm,,,
8e65e4ec-a651-4ade-8957-cc92d3c0d6a6,Courant,Ozora 12.5mm 35m 1 spliced eye,ppe,Climbing Ropes,24-strand Polyester sheath; braided Polyamide core,EN 1891 Type A,,10,,22,,,12.5,12.5,In-eye splice label,,,https://vertical-living.mycourant.com/en/tree-care-material/tree-care-ropes/climbing-ropes/ozora-125mm,,,
e522baff-e1f1-4b07-96de-2a46ad475c76,Courant,Ozora 12.5mm 35m 2 spliced eyes,ppe,Climbing Ropes,24-strand Polyester sheath; braided Polyamide core,EN 1891 Type A,,10,,22,,,12.5,12.5,In-eye splice label,,,https://vertical-living.mycourant.com/en/tree-care-material/tree-care-ropes/climbing-ropes/ozora-125mm,,,
f56c870b-d468-4363-8c5f-29b5455942f3,Courant,Ozora 12.5mm 45m 1 spliced eye,ppe,Climbing Ropes,24-strand Polyester sheath; braided Polyamide core,EN 1891 Type A,,10,,22,,,12.5,12.5,In-eye splice label,,,https://vertical-living.mycourant.com/en/tree-care-material/tree-care-ropes/climbing-ropes/ozora-125mm,,,
1ba7705b-0670-438f-9add-d147904ddb6c,Courant,Ozora 12.5mm 45m 2 spliced eyes,ppe,Climbing Ropes,24-strand Polyester sheath; braided Polyamide core,EN 1891 Type A,,10,,22,,,12.5,12.5,In-eye splice label,,,https://vertical-living.mycourant.com/en/tree-care-material/tree-care-ropes/climbing-ropes/ozora-125mm,,,
0eebd332-5e42-48c5-8b86-af2483bf7e5a,Courant,Ozora 12.5mm 60m 1 spliced eye,ppe,Climbing Ropes,24-strand Polyester sheath; braided Polyamide core,EN 1891 Type A,,10,,22,,,12.5,12.5,In-eye splice label,,,https://vertical-living.mycourant.com/en/tree-care-material/tree-care-ropes/climbing-ropes/ozora-125mm,,,
fb5f5707-e989-4c9c-8036-f6d1a01cdb47,Courant,Ozora 12.5mm 60m 2 spliced eyes,ppe,Climbing Ropes,24-strand Polyester sheath; braided Polyamide core,EN 1891 Type A,,10,,22,,,12.5,12.5,In-eye splice label,,,https://vertical-living.mycourant.com/en/tree-care-material/tree-care-ropes/climbing-ropes/ozora-125mm,,,
f0aeb5d7-a976-40e9-add8-e47168d148a7,Courant,Phoenix 8mm Hitch Cord,ppe,Hitch Cords,Aramid/polyester blended sheath,,,10,,,,,8,8,,,,https://vertical-living.mycourant.com/en/tree-care-material/hitch-cords-and-slings/phoenix-8mm-hitch-cord,,,
6fbf77ca-43db-4cf9-ba5c-a3ca2e5f4be8,Courant,Phoenix 8mm Hitch Cord 0.65 m,ppe,Hitch Cords,Aramid/polyester blended sheath,,MNKNL65C,10,,,,,8,8,,,,https://vertical-living.mycourant.com/en/tree-care-material/hitch-cords-and-slings/phoenix-8mm-hitch-cord,,,Lanyard met 2 gestikte ogen.
fac7cf8c-f9cb-4510-8b82-45abc8936ea6,Courant,Phoenix 8mm Hitch Cord 0.70 m,ppe,Hitch Cords,Aramid/polyester blended sheath,,MNKNL07C,10,,,,,8,8,,,,https://vertical-living.mycourant.com/en/tree-care-material/hitch-cords-and-slings/phoenix-8mm-hitch-cord,,,Lanyard met 2 gestikte ogen.
98e28bb8-1544-4513-a1cc-2579c50fe4a4,Courant,Phoenix 8mm Hitch Cord 0.75 m,ppe,Hitch Cords,Aramid/polyester blended sheath,,MNKNL75C,10,,,,,8,8,,,,https://vertical-living.mycourant.com/en/tree-care-material/hitch-cords-and-slings/phoenix-8mm-hitch-cord,,,Lanyard met 2 gestikte ogen.
1c896ef5-b24f-4fb2-81bb-553181fe1a9d,Courant,Phoenix 8mm Hitch Cord 0.80 m,ppe,Hitch Cords,Aramid/polyester blended sheath,,MNKNL08C,10,,,,,8,8,,,,https://vertical-living.mycourant.com/en/tree-care-material/hitch-cords-and-slings/phoenix-8mm-hitch-cord,,,Lanyard met 2 gestikte ogen.
b31d8478-aff2-4955-a178-9aed5f4c8f15,Courant,Phoenix 8mm Hitch Cord 0.85 m,ppe,Hitch Cords,Aramid/polyester blended sheath,,MNKNL85C,10,,,,,8,8,,,,https://vertical-living.mycourant.com/en/tree-care-material/hitch-cords-and-slings/phoenix-8mm-hitch-cord,,,Lanyard met 2 gestikte ogen.
33bd1274-eed7-4de8-9fd1-44286a329507,Courant,Phoenix 8mm Hitch Cord 0.90 m,ppe,Hitch Cords,Aramid/polyester blended sheath,,MNKNL09C,10,,,,,8,8,,,,https://vertical-living.mycourant.com/en/tree-care-material/hitch-cords-and-slings/phoenix-8mm-hitch-cord,,,Lanyard met 2 gestikte ogen.
959952e8-41bf-46a2-8fe1-24a4e24a18f6,Courant,Phoenix 8mm Hitch Cord 1.00 m,ppe,Hitch Cords,Aramid/polyester blended sheath,,MNKNL10C,10,,,,,8,8,,,,https://vertical-living.mycourant.com/en/tree-care-material/hitch-cords-and-slings/phoenix-8mm-hitch-cord,,,Lanyard met 2 gestikte ogen.
5713b6fa-3455-43f1-993a-f8a802b4862e,Courant,Phoenix 8mm Hitch Cord 1.10 m,ppe,Hitch Cords,Aramid/polyester blended sheath,,MNKNL11C,10,,,,,8,8,,,,https://vertical-living.mycourant.com/en/tree-care-material/hitch-cords-and-slings/phoenix-8mm-hitch-cord,,,Lanyard met 2 gestikte ogen.
53c86e24-3e7c-416f-86eb-65655c2dda36,Courant,Phoenix 10mm Hitch Cord,ppe,Hitch Cords,Aramid/polyester blended sheath,,,10,,,,,10,10,,,,https://vertical-living.mycourant.com/en/tree-care-material/hitch-cords-and-slings/phoenix-10mm-hitch-cord,,,
647b3a2a-1457-464c-8663-b518fcfa79eb,Courant,Phoenix 10mm Hitch Cord 0.65 m,ppe,Hitch Cords,Aramid/polyester blended sheath,,MPKNL65C,10,,,,,10,10,,,,https://vertical-living.mycourant.com/en/tree-care-material/hitch-cords-and-slings/phoenix-10mm-hitch-cord,,,Lanyard met 2 gestikte ogen.
39517b7d-21a9-4695-9db5-e496f4d07534,Courant,Phoenix 10mm Hitch Cord 0.70 m,ppe,Hitch Cords,Aramid/polyester blended sheath,,MPKNL07C,10,,,,,10,10,,,,https://vertical-living.mycourant.com/en/tree-care-material/hitch-cords-and-slings/phoenix-10mm-hitch-cord,,,Lanyard met 2 gestikte ogen.
4be45eb4-97d2-4b89-9eaf-ad06a37d55c3,Courant,Phoenix 10mm Hitch Cord 0.75 m,ppe,Hitch Cords,Aramid/polyester blended sheath,,MPKNL75C,10,,,,,10,10,,,,https://vertical-living.mycourant.com/en/tree-care-material/hitch-cords-and-slings/phoenix-10mm-hitch-cord,,,Lanyard met 2 gestikte ogen.
a575ead2-7db7-4a11-9c9b-b5269d7fe497,Courant,Phoenix 10mm Hitch Cord 0.80 m,ppe,Hitch Cords,Aramid/polyester blended sheath,,MPKNL08C,10,,,,,10,10,,,,https://vertical-living.mycourant.com/en/tree-care-material/hitch-cords-and-slings/phoenix-10mm-hitch-cord,,,Lanyard met 2 gestikte ogen.
648a806b-5223-4b14-8f1e-fb9d342a88b3,Courant,Phoenix 10mm Hitch Cord 0.85 m,ppe,Hitch Cords,Aramid/polyester blended sheath,,MPKNL85C,10,,,,,10,10,,,,https://vertical-living.mycourant.com/en/tree-care-material/hitch-cords-and-slings/phoenix-10mm-hitch-cord,,,Lanyard met 2 gestikte ogen.
ba413bf2-7dbc-48c5-8f2a-18e213b7ce50,Courant,Phoenix 10mm Hitch Cord 0.90 m,ppe,Hitch Cords,Aramid/polyester blended sheath,,MPKNL09C,10,,,,,10,10,,,,https://vertical-living.mycourant.com/en/tree-care-material/hitch-cords-and-slings/phoenix-10mm-hitch-cord,,,Lanyard met 2 gestikte ogen.
23b69209-d175-4446-8612-6e067ee8bdb0,Courant,Phoenix 10mm Hitch Cord 1.00 m,ppe,Hitch Cords,Aramid/polyester blended sheath,,MPKNL10C,10,,,,,10,10,,,,https://vertical-living.mycourant.com/en/tree-care-material/hitch-cords-and-slings/phoenix-10mm-hitch-cord,,,Lanyard met 2 gestikte ogen.
1357ccba-7098-42a1-a3d7-40eba5b10abb,Courant,Phoenix 10mm Hitch Cord 1.10 m,ppe,Hitch Cords,Aramid/polyester blended sheath,,MPKNL11C,10,,,,,10,10,,,,https://vertical-living.mycourant.com/en/tree-care-material/hitch-cords-and-slings/phoenix-10mm-hitch-cord,,,Lanyard met 2 gestikte ogen.
b8b449c3-5fc9-4ecb-ae96-0d6b52d85b57,Courant,Rebel 11mm,ppe,Access Ropes,Polyamide,EN 1891 Type A,,10,,,,,11,11,,,,https://www.mycourant.com/en/ropes/access-ropes/rebel-11-mm,,,
2d00a637-2301-4b0c-a505-a4d1d4002849,Courant,Snapo,ppe,Carabiners,,EN 362,,10,,,,,,,,,,https://vertical-living.mycourant.com/en/tree-care-material/carabiners/snapo,,,
33924d34-8fb4-4927-9290-3baa9ffac668,Courant,Squir 11.5mm,ppe,Access Ropes,Polyester sheath; X-Braid Polyamide core,EN 1891 Type A,MJ100RZC+++/MJ100JZC+++,10,,30,,,11.5,11.5,,,,https://vertical-living.mycourant.com/en/tree-care-material/tree-care-ropes/access-ropes/squir-115mm,,,
d9e13ef2-b096-4360-a9a8-c2368cecb29d,Courant,Stileo lanyard with stitched eyes,ppe,Lanyards,Polyester sheath; stainless steel wire core,EN 358,,10,,,,,12,12,,,,https://vertical-living.mycourant.com/en/tree-care-material/wire-core-lanyards/stileo-lanyard-with-stitched-eyes-without-hardwear,,,
c33b5726-13b5-495e-86b1-57807ac7c226,Courant,Synchro friction saver,ppe,Anchors,Aluminium alloy rings; textile strap,EN 795 Type B,,10,,22,,,,,,,,https://vertical-living.mycourant.com/en/tree-care-material/anchors/synchro-friction-saver,,,
ae9bdd53-93c0-4870-b88d-18eb46433c45,Courant,Tango Blue,ppe,Carabiners,Aluminium,EN 362,RMQU223B,10,,,,,,,,,,https://vertical-living.mycourant.com/en/material-work-at-height/metallics/tango-blue,,,
74abfda6-a193-40fc-9700-834e7c012a66,Courant,Tango Red,ppe,Carabiners,Aluminium,EN 362,RMQU223R,10,,,,,,,,,,https://vertical-living.mycourant.com/en/material-work-at-height/metallics/tango-red,,,
bf408054-1bf6-4c5d-a6a1-8f820da34c28,Courant,Truck 10.5mm,ppe,Semi-static Ropes,Polyamide,EN 1891 Type A,,10,,27,,,10.5,10.5,,,,https://vertical-living.mycourant.com/en/material-work-at-height/ropes/semi-static-ropes/truck-105mm,,,
ab8dc9dd-1060-45d1-9b22-ebc93f71344f,Courant,Truck 11mm,ppe,Semi-static Ropes,Polyamide,EN 1891 Type A,,10,,32.5,,,11,11,,,,https://vertical-living.mycourant.com/en/material-work-at-height/ropes/semi-static-ropes/truck-11mm,,,
92aca33a-f9ba-4e7c-b681-776f73cdf866,Courant,Ultima 10.5mm,ppe,Semi-static Ropes,Polyamide,EN 1891 Type A,,10,,30,,,10.5,10.5,,,,https://vertical-living.mycourant.com/en/material-work-at-height/ropes/semi-static-ropes/ultima-105mm,,,
8cad3342-b9e3-4de6-9b8e-71100d9814b9,Courant,Ultima 11mm,ppe,Semi-static Ropes,Polyamide,EN 1891 Type A,,10,,32,,,11,11,,,,https://vertical-living.mycourant.com/en/material-work-at-height/ropes/semi-static-ropes/ultima-11mm,,,
b5f713cf-a2fa-438c-a27f-6e33b1e86e0b,Courant,Vector TL,ppe,Carabiners,Aluminium,EN 362,RMQK786CA,10,,22,,,,,,,,https://vertical-living.mycourant.com/en/tree-care-material/carabiners/vector-tl,,,
f49492f7-3909-4385-a9f7-403b45e1b86a,Courant,Victo,ppe,Carabiners,Steel,EN 362,,10,,50,,,,,,,,https://www.mycourant.com/en/carabiner/victo,,,
9d078e15-76d0-42e1-9013-a455083618b5,Courant,Wild 11mm,ppe,Semi-static Ropes,Polyamide,EN 1891 Type A,,10,,,,,11,11,,,,https://vertical-living.mycourant.com/en/material-work-at-height/ropes/semi-static-ropes/wild-11mm,,,
937aec76-ccb4-4013-adff-a741acdaef82,Cousin,ATRAX 11.6,ppe,climbing rope,Polyester,EN 1891 Type A,1781,10,15,29,,,11.6,11.6,,,https://www.cousin-group.com/wp-content/uploads/2025/07/CT-Notice-Statiques-24-WEB-1.pdf,https://www.cousin-group.com/en/product/atrax-11-6/,,,
b6d44b47-b348-4ef4-92af-af2882bd551b,Cousin,ATRAX 11.6 - 35m - 1 splice,ppe,climbing rope,Polyester,EN 1891 Type A,1781,10,15,29,,,11.6,11.6,,,https://www.cousin-group.com/wp-content/uploads/2025/07/CT-Notice-Statiques-24-WEB-1.pdf,https://www.cousin-group.com/en/product/atrax-11-6/,,,
540236ad-76ae-40fa-9059-a24ddfdc125f,Cousin,ATRAX 11.6 - 35m - 2 splices,ppe,climbing rope,Polyester,EN 1891 Type A,1781,10,15,29,,,11.6,11.6,,,https://www.cousin-group.com/wp-content/uploads/2025/07/CT-Notice-Statiques-24-WEB-1.pdf,https://www.cousin-group.com/en/product/atrax-11-6/,,,
41fbc841-c971-4cb9-bc12-53440629e876,Cousin,ATRAX 11.6 - 45m - 1 splice,ppe,climbing rope,Polyester,EN 1891 Type A,1781,10,15,29,,,11.6,11.6,,,https://www.cousin-group.com/wp-content/uploads/2025/07/CT-Notice-Statiques-24-WEB-1.pdf,https://www.cousin-group.com/en/product/atrax-11-6/,,,
4e1c67d1-fda7-4891-970b-664cd15aefd9,Cousin,ATRAX 11.6 - 45m - 2 splices,ppe,climbing rope,Polyester,EN 1891 Type A,1781,10,15,29,,,11.6,11.6,,,https://www.cousin-group.com/wp-content/uploads/2025/07/CT-Notice-Statiques-24-WEB-1.pdf,https://www.cousin-group.com/en/product/atrax-11-6/,,,
5624baf4-7267-4e9c-9b7d-aae22e11754d,Cousin,ATRAX 11.6 - 60m - 1 splice,ppe,climbing rope,Polyester,EN 1891 Type A,1781,10,15,29,,,11.6,11.6,,,https://www.cousin-group.com/wp-content/uploads/2025/07/CT-Notice-Statiques-24-WEB-1.pdf,https://www.cousin-group.com/en/product/atrax-11-6/,,,
2a3ea531-80a4-4422-81d3-5e9977f98417,Cousin,ATRAX 11.6 - 60m - 2 splices,ppe,climbing rope,Polyester,EN 1891 Type A,1781,10,15,29,,,11.6,11.6,,,https://www.cousin-group.com/wp-content/uploads/2025/07/CT-Notice-Statiques-24-WEB-1.pdf,https://www.cousin-group.com/en/product/atrax-11-6/,,,
1f2c75b9-f13e-4839-a481-a16d7280d1ac,Cousin,BLACK WIDOW 12.2,ppe,climbing rope,Polyester,EN 1891 Type A,1777,10,15,29,,,12.2,12.2,,,https://www.cousin-group.com/wp-content/uploads/2025/07/CT-Notice-Statiques-24-WEB-1.pdf,https://www.cousin-group.com/en/product/black-widow-12-2/,,,
14b1f052-0f9b-433f-98d0-857996908051,Cousin,BLACK WIDOW 12.2 - 35m - 1 splice,ppe,climbing rope,Polyester,EN 1891 Type A,1777,10,15,29,,,12.2,12.2,,,https://www.cousin-group.com/wp-content/uploads/2025/07/CT-Notice-Statiques-24-WEB-1.pdf,https://www.cousin-group.com/en/product/black-widow-12-2/,,,
58596cc4-b824-4358-991b-01058466a610,Cousin,BLACK WIDOW 12.2 - 35m - 2 splices,ppe,climbing rope,Polyester,EN 1891 Type A,1777,10,15,29,,,12.2,12.2,,,https://www.cousin-group.com/wp-content/uploads/2025/07/CT-Notice-Statiques-24-WEB-1.pdf,https://www.cousin-group.com/en/product/black-widow-12-2/,,,
565d9239-841a-4d59-b689-28b86a4ac699,Cousin,BLACK WIDOW 12.2 - 45m - 1 splice,ppe,climbing rope,Polyester,EN 1891 Type A,1777,10,15,29,,,12.2,12.2,,,https://www.cousin-group.com/wp-content/uploads/2025/07/CT-Notice-Statiques-24-WEB-1.pdf,https://www.cousin-group.com/en/product/black-widow-12-2/,,,
552c90b3-dfc9-4a2e-9333-5e491f3a64ef,Cousin,BLACK WIDOW 12.2 - 45m - 2 splices,ppe,climbing rope,Polyester,EN 1891 Type A,1777,10,15,29,,,12.2,12.2,,,https://www.cousin-group.com/wp-content/uploads/2025/07/CT-Notice-Statiques-24-WEB-1.pdf,https://www.cousin-group.com/en/product/black-widow-12-2/,,,
3a0eeebc-a181-4dd0-884c-c179842f8108,Cousin,BLACK WIDOW 12.2 - 60m - 1 splice,ppe,climbing rope,Polyester,EN 1891 Type A,1777,10,15,29,,,12.2,12.2,,,https://www.cousin-group.com/wp-content/uploads/2025/07/CT-Notice-Statiques-24-WEB-1.pdf,https://www.cousin-group.com/en/product/black-widow-12-2/,,,
1e6584fe-4067-469e-b697-e358f14d4c33,Cousin,BLACK WIDOW 12.2 - 60m - 2 splices,ppe,climbing rope,Polyester,EN 1891 Type A,1777,10,15,29,,,12.2,12.2,,,https://www.cousin-group.com/wp-content/uploads/2025/07/CT-Notice-Statiques-24-WEB-1.pdf,https://www.cousin-group.com/en/product/black-widow-12-2/,,,
4aeac472-038e-4057-a7ce-e0b330a02504,Cousin,LIGNUM 12.5,ppe,climbing rope,Polyester,EN 1891 Type A; ANSI Z133,1783,10,15,18,,,12.5,12.5,,,https://www.cousin-group.com/wp-content/uploads/2025/07/CT-Notice-Statiques-24-WEB-1.pdf,https://www.cousin-group.com/en/product/lignum-12-5/,,,
66cb0812-461b-4a8e-aa75-52ccc438ae32,Cousin,LIGNUM 12.5 - 35m - 1 splice,ppe,climbing rope,Polyester,EN 1891 Type A; ANSI Z133,1783,10,15,18,,,12.5,12.5,,,https://www.cousin-group.com/wp-content/uploads/2025/07/CT-Notice-Statiques-24-WEB-1.pdf,https://www.cousin-group.com/en/product/lignum-12-5/,,,
4b813e44-8c96-463a-9a0f-2ca899cd2348,Cousin,LIGNUM 12.5 - 35m - 2 splices,ppe,climbing rope,Polyester,EN 1891 Type A; ANSI Z133,1783,10,15,18,,,12.5,12.5,,,https://www.cousin-group.com/wp-content/uploads/2025/07/CT-Notice-Statiques-24-WEB-1.pdf,https://www.cousin-group.com/en/product/lignum-12-5/,,,
6b5365b9-096a-432d-90e5-b010024ac9d8,Cousin,LIGNUM 12.5 - 45m - 1 splice,ppe,climbing rope,Polyester,EN 1891 Type A; ANSI Z133,1783,10,15,18,,,12.5,12.5,,,https://www.cousin-group.com/wp-content/uploads/2025/07/CT-Notice-Statiques-24-WEB-1.pdf,https://www.cousin-group.com/en/product/lignum-12-5/,,,
60530448-4ec4-423f-9535-214a513ca5a3,Cousin,LIGNUM 12.5 - 45m - 2 splices,ppe,climbing rope,Polyester,EN 1891 Type A; ANSI Z133,1783,10,15,18,,,12.5,12.5,,,https://www.cousin-group.com/wp-content/uploads/2025/07/CT-Notice-Statiques-24-WEB-1.pdf,https://www.cousin-group.com/en/product/lignum-12-5/,,,
dea1d43f-054e-4faa-9c9c-5559579bbeac,Cousin,LIGNUM 12.5 - 60m - 1 splice,ppe,climbing rope,Polyester,EN 1891 Type A; ANSI Z133,1783,10,15,18,,,12.5,12.5,,,https://www.cousin-group.com/wp-content/uploads/2025/07/CT-Notice-Statiques-24-WEB-1.pdf,https://www.cousin-group.com/en/product/lignum-12-5/,,,
730fcd7a-7777-4a22-ace1-3cbe666689f3,Cousin,LIGNUM 12.5 - 60m - 2 splices,ppe,climbing rope,Polyester,EN 1891 Type A; ANSI Z133,1783,10,15,18,,,12.5,12.5,,,https://www.cousin-group.com/wp-content/uploads/2025/07/CT-Notice-Statiques-24-WEB-1.pdf,https://www.cousin-group.com/en/product/lignum-12-5/,,,
b83c505c-8ed9-45b3-ba85-22180ac5b35c,Cousin,PRUSSIK ARAMADILLO 10 - 70 cm,ppe,prusik cord,Polyamide core; Aramid/Polyester sheath,EN 795:2012 Type B,CT227710P003,,,20,,,10,10,,,https://www.cousin-group.com/wp-content/uploads/2025/07/Notice-pharmaceutique-Prussik-2025-400x180-1.pdf,https://www.cousin-group.com/en/product/prussik-aramadillo-10/,,,
bc1cf9d1-494a-4e85-b5f9-a19925d47c87,Cousin,PRUSSIK ARAMADILLO 10 - 90 cm,ppe,prusik cord,Polyamide core; Aramid/Polyester sheath,EN 795:2012 Type B,CT227710P004,,,20,,,10,10,,,https://www.cousin-group.com/wp-content/uploads/2025/07/Notice-pharmaceutique-Prussik-2025-400x180-1.pdf,https://www.cousin-group.com/en/product/prussik-aramadillo-10/,,,
a00fc03f-ee44-4667-a24b-3082e435e805,Cousin,RUSH 11,ppe,climbing rope,Polyamide,EN 1891,1435,,,30,,,11,11,,,https://www.cousin-group.com/wp-content/uploads/2025/07/CT-Notice-Statiques-24-WEB-1.pdf,https://www.cousin-group.com/en/product/rush-11/,,,
3ec29174-8acd-4f2e-a60b-886f30d25611,Distel,Alu 3.1,no_ppe,Tree Crampons,Aluminium,,,,,,,130-150,,,,,https://www.distelforst.de/wp-content/uploads/2025/09/EN_Distel_Installation_instructions-spare_parts.pdf,https://www.grube.eu/p/distel-alu-31-comfort-climbing-irons/173747/,,,
3b1a4e68-cbe4-4acb-b7f7-0559596d4f13,Distel,Alu Plus,no_ppe,Tree Crampons,Aluminium,,,,,,,130-150,,,,,https://www.distelforst.de/wp-content/uploads/2025/09/EN_Distel_Installation_instructions-spare_parts.pdf,https://www.grube.eu/p/distel-aluminium-plus-comfort-climbing-irons/602889/,,,
db7d99a1-1a04-486a-ab8b-e497fae3e2b9,Distel,Carbon 3.1,no_ppe,Tree Crampons,Carbon Fiber,,,,,,,130-150,,,,,https://www.distelforst.de/wp-content/uploads/2025/09/EN_Distel_Installation_instructions-spare_parts.pdf,https://www.grube.eu/p/distel-carbon-31-comfort-climbing-irons/925879/,,,
141ae8b6-7741-44d9-9fe5-22e5fe0f08a1,Distel,Steel,no_ppe,Tree Crampons,Steel,,,,,,,130-150,,,,,https://www.distelforst.de/wp-content/uploads/2025/09/EN_Distel_Installation_instructions-spare_parts.pdf,https://www.grube.eu/p/distel-steel-comfort-climbing-irons/879485/,,,
5ab0c3c2-0573-4f45-a7e2-3d8714365cba,DMM,10mm Steel Equal D Kwiklock,ppe,Connectors,Steel,EN362:2004 B,C413,999,999,30 kN,,,,,,,https://assets.dmmwales.com/download/114/,https://eu.dmmwales.com/products/10mm-equal-d,,,
d8f192df-9f88-453a-9242-8b4ccf05bca8,DMM,10mm Steel Equal D Kwiklock Captive Bar,ppe,Connectors,Steel,EN362:2004 B/T,C413CB,999,999,30 kN,,,,,,,https://assets.dmmwales.com/download/114/,https://eu.dmmwales.com/products/10mm-equal-d,,,
eec345cb-61bb-4a9e-b7c7-ab9544296d1c,DMM,10mm Steel Equal D Locksafe,ppe,Connectors,Steel,EN362:2004 B,C417,999,999,30 kN,,,,,,,https://assets.dmmwales.com/download/114/,https://eu.dmmwales.com/products/10mm-equal-d,,,
d281b4d4-10b4-4226-ae93-50396ea27ad8,DMM,10mm Steel Equal D Locksafe Captive Bar,ppe,Connectors,Steel,EN362:2004 B/T,C417CB,999,999,30 kN,,,,,,,https://assets.dmmwales.com/download/114/,https://eu.dmmwales.com/products/10mm-equal-d,,,
bd4f6c7c-9eef-4f13-8ead-e763be336ec4,DMM,10mm Steel Equal D Screwgate,ppe,Connectors,Steel,"EN362:2004 B, EN12275:2013 B",C412,999,999,30 kN,,,,,,,https://assets.dmmwales.com/download/114/,https://eu.dmmwales.com/products/10mm-equal-d,,,
461c1a08-6b8c-4feb-9efc-81667028583e,DMM,10mm Steel Equal D Screwgate Captive Bar,ppe,Connectors,Steel,"EN362:2004 B/T, EN12275:2013 B/T",C412CB,999,999,30 kN,,,,,,,https://assets.dmmwales.com/download/114/,https://eu.dmmwales.com/products/10mm-equal-d,,,
5f8ff936-9d8c-428d-954a-0cea60e4a8ea,DMM,12mm Steel Boa Kwiklock,ppe,Connectors,Steel,"EN362:2004 B, EN12275:2013 B/H/K",C853,999,999,40 kN,,,,,,,https://assets.dmmwales.com/download/114/,https://eu.dmmwales.com/products/12mm-boa-hms,,,
a8cead9e-b675-4ee7-be2e-bb2f3febe9b8,DMM,12mm Steel Boa Locksafe,ppe,Connectors,Steel,"EN362:2004 B, EN12275:2013 B/H/K",C857,999,999,40 kN,,,,,,,https://assets.dmmwales.com/download/114/,https://eu.dmmwales.com/products/12mm-boa-hms,,,
787d7c58-4d78-4d20-b608-2e7596fa5fe0,DMM,12mm Steel Boa Screwgate,ppe,Connectors,Steel,"EN362:2004 B, EN12275:2013 B/H",C852,999,999,40 kN,,,,,,,https://assets.dmmwales.com/download/114/,https://eu.dmmwales.com/products/12mm-boa-hms,,,
b8b72ebd-8b20-45fc-aec1-c5d2e48c02e1,DMM,12mm Steel Klettersteig Kwiklock,ppe,Connectors,Steel,"EN362:2004 B/K, EN12275:2013 B/K",C843,999,999,45 kN,,,,,,,https://assets.dmmwales.com/download/114/,https://eu.dmmwales.com/products/12mm-klettersteig,,,
3c062727-fb61-4475-941f-333e1d0c89f8,DMM,12mm Steel Klettersteig Kwiklock ANSI,ppe,Connectors,Steel,"EN362:2004 B/K, EN12275:2013 B/K, ANSI/ASSE Z359.12-2019, CAN/CSA Z259.12-16",C843ANSI,999,999,45 kN,,,,,,,https://assets.dmmwales.com/download/114/,https://eu.dmmwales.com/products/12mm-klettersteig,,,
93e1d086-80e5-490d-bd6e-c02687a085e8,DMM,12mm Steel Klettersteig Locksafe,ppe,Connectors,Steel,"EN362:2004 B/K, EN12275:2013 B/K",C847,999,999,45 kN,,,,,,,https://assets.dmmwales.com/download/114/,https://eu.dmmwales.com/products/12mm-klettersteig,,,
d42fba74-4831-47ef-8ffd-0616543e6210,DMM,12mm Steel Klettersteig Locksafe ANSI,ppe,Connectors,Steel,"EN362:2004 B/K, EN12275:2013 B/K, ANSI/ASSE Z359.12-2019, CAN/CSA Z259.12-16",C847ANSI,999,999,45 kN,,,,,,,https://assets.dmmwales.com/download/114/,https://eu.dmmwales.com/products/12mm-klettersteig,,,
a2aefc47-2d0e-4de1-8ad2-5702dd09e2ea,DMM,12mm Steel Klettersteig Locksafe ANSI Captive Bar,ppe,Connectors,Steel,"EN362:2004 B/K/T, EN12275:2013 B/T/K, ANSI/ASSE Z359.12-2019, CAN/CSA Z259.12-16",C847CBANSI,999,999,45 kN,,,,,,,https://assets.dmmwales.com/download/114/,https://eu.dmmwales.com/products/12mm-klettersteig,,,
853d6949-525d-47dd-b856-1102b2b6ff0f,DMM,12mm Steel Klettersteig Locksafe Captive Bar,ppe,Connectors,Steel,"EN362:2004 B/K/T, EN12275:2013 B/T/K",C847CB,999,999,45 kN,,,,,,,https://assets.dmmwales.com/download/114/,https://eu.dmmwales.com/products/12mm-klettersteig,,,
f2949f13-6ee0-4db8-8d9b-1b07b3e770d6,DMM,12mm Steel Klettersteig Screwgate,ppe,Connectors,Steel,"EN362:2004 B, EN12275:2013 B",C842,999,999,45 kN,,,,,,,https://assets.dmmwales.com/download/114/,https://eu.dmmwales.com/products/12mm-klettersteig,,,
4a2f4bb4-b186-45b4-9c1a-70d2d7996c9b,DMM,12mm Steel Offset D Kwiklock,ppe,Connectors,Steel,"EN362:2004 B, EN12275:2013 B",C813,999,999,45 kN,,,,,,,https://assets.dmmwales.com/download/114/,https://eu.dmmwales.com/products/12mm-offset-d,,,
a8957139-63a6-4c99-913a-5e231854b77b,DMM,12mm Steel Offset D Kwiklock ANSI,ppe,Connectors,Steel,"EN362:2004 B, EN12275:2013 B, ANSI/ASSE Z359.12-2019, CAN/CSA Z259.12-16",C813ANSI,999,999,45 kN,,,,,,,https://assets.dmmwales.com/download/114/,https://eu.dmmwales.com/products/12mm-offset-d,,,
df0c28bc-41d5-4a5d-9c52-11afb51cdb1a,DMM,12mm Steel Offset D Kwiklock Captive Bar,ppe,Connectors,Steel,"EN362:2004 B/T, EN12275:2013 B/T",C813CB,999,999,45 kN,,,,,,,https://assets.dmmwales.com/download/114/,https://eu.dmmwales.com/products/12mm-offset-d,,,
5eb59fb9-e505-443e-b34a-33b028d2debf,DMM,12mm Steel Offset D Locksafe,ppe,Connectors,Steel,"EN362:2004 B, EN12275:2013 B",C817,999,999,45 kN,,,,,,,https://assets.dmmwales.com/download/114/,https://eu.dmmwales.com/products/12mm-offset-d,,,
cf1436c6-9e5c-4416-8aad-3f1c549e0a6a,DMM,12mm Steel Offset D Locksafe ANSI,ppe,Connectors,Steel,"EN362:2004 B, EN12275:2013 B, ANSI/ASSE Z359.12-2019, CAN/CSA Z259.12-16",C817ANSI,999,999,45 kN,,,,,,,https://assets.dmmwales.com/download/114/,https://eu.dmmwales.com/products/12mm-offset-d,,,
daec1ccb-3e74-456a-b085-38feeeaeef09,DMM,12mm Steel Offset D Locksafe Captive Bar,ppe,Connectors,Steel,"EN362:2004 B/T, EN12275:2013 B/T",C817CB,999,999,45 kN,,,,,,,https://assets.dmmwales.com/download/114/,https://eu.dmmwales.com/products/12mm-offset-d,,,
8885f060-4fb6-4c62-bac8-4bf910fd9247,DMM,12mm Steel Offset D Screwgate,ppe,Connectors,Steel,"EN362:2004 B, EN12275:2013 B",C812,999,999,45 kN,,,,,,,https://assets.dmmwales.com/download/114/,https://eu.dmmwales.com/products/12mm-offset-d,,,
cd41fcfa-0455-4b06-959b-7abe12e06cd1,DMM,12mm Steel Offset D Screwgate Captive Bar,ppe,Connectors,Steel,"EN362:2004 B/T, EN12275:2013 B/T",C812CB,999,999,45 kN,,,,,,,https://assets.dmmwales.com/download/114/,https://eu.dmmwales.com/products/12mm-offset-d,,,
fcea9bd3-7b3b-4974-836c-52bcef158f85,DMM,AmericanO Kwiklock ANSI,ppe,Connectors,Aluminium alloy,"EN362:2004 B, EN12275:2013 B, ANSI/ASSE Z359.12-2019, CAN/CSA Z259.12-16",A343ANSI,999,999,25 kN,,,,,,,https://assets.dmmwales.com/download/114/,https://eu.dmmwales.com/products/americano,,,
a963380d-39f2-404a-bfe0-d06779a689c5,DMM,AmericanO Kwiklock ANSI Captive Bar,ppe,Connectors,Aluminium alloy,"EN362:2004 B/T, EN12275:2013 T, ANSI/ASSE Z359.12-2019, CAN/CSA Z259.12-16",A343CBANSI,999,999,25 kN,,,,,,,https://assets.dmmwales.com/download/114/,https://eu.dmmwales.com/products/americano,,,
dcac192b-4052-4c63-8198-4968daf97670,DMM,AmericanO Locksafe,ppe,Connectors,Aluminium alloy,"EN362:2004 B, EN12275:2013 B",A347,999,999,25 kN,,,,,,,https://assets.dmmwales.com/download/114/,https://eu.dmmwales.com/products/americano,,,
d7cd7eca-cac5-4544-a17c-8523709e09c5,DMM,AmericanO Locksafe ANSI,ppe,Connectors,Aluminium alloy,"EN362:2004 B, EN12275:2013 B, ANSI/ASSE Z359.12-2019, CAN/CSA Z259.12-16",A347ANSI,999,999,25 kN,,,,,,,https://assets.dmmwales.com/download/114/,https://eu.dmmwales.com/products/americano,,,
bc0987ad-7ea5-40ae-92d6-fa54b08a6503,DMM,AmericanO Locksafe ANSI Captive Bar,ppe,Connectors,Aluminium alloy,"EN362:2004 B/T, EN12275:2013 T, ANSI/ASSE Z359.12-2019, CAN/CSA Z259.12-16",A347CBANSI,999,999,25 kN,,,,,,,https://assets.dmmwales.com/download/114/,https://eu.dmmwales.com/products/americano,,,
d43a5988-d267-42f4-a264-bdf22d486d02,DMM,AmericanO Locksafe Captive Bar,ppe,Connectors,Aluminium alloy,"EN362:2004 B/T, EN12275:2013 T",A347CB,999,999,25 kN,,,,,,,https://assets.dmmwales.com/download/114/,https://eu.dmmwales.com/products/americano,,,
126b49dd-9364-4710-af45-02a93bd2b4d9,DMM,Anchor Ring Green 26mm,ppe,Rigging & Anchors,Aluminium alloy,RFU 11.114 V3,R500-26,999,999,30 kN,,,,,,,https://assets.dmmwales.com/download/76/,https://eu.dmmwales.com/products/anchor-rings,,,
f8e8e98c-ea55-444d-a421-10a2ae904d8c,DMM,Anchor Ring Green 28mm,ppe,Rigging & Anchors,Aluminium alloy,RFU 11.114 V3,R500-28,999,999,30 kN,,,,,,,https://assets.dmmwales.com/download/76/,https://eu.dmmwales.com/products/anchor-rings,,,
7d08a727-9766-4973-b3ef-2b909f20a66b,DMM,Anchor Ring Green 34mm,ppe,Rigging & Anchors,Aluminium alloy,RFU 11.114 V3,R500-34,999,999,30 kN,,,,,,,https://assets.dmmwales.com/download/76/,https://eu.dmmwales.com/products/anchor-rings,,,
115d8bf3-ccaa-4322-a2c2-3a07b58b54c5,DMM,Anchor Ring Green 40mm,ppe,Rigging & Anchors,Aluminium alloy,RFU 11.114 V3,R500-40,999,999,30 kN,,,,,,,https://assets.dmmwales.com/download/76/,https://eu.dmmwales.com/products/anchor-rings,,,
957e7b66-1e10-40fc-b047-b756ad2a9b1b,DMM,Anchor Ring Matt Grey 26mm,ppe,Rigging & Anchors,Aluminium alloy,RFU 11.114 V3,R500-26MG,999,999,30 kN,,,,,,,https://assets.dmmwales.com/download/76/,https://eu.dmmwales.com/products/anchor-rings,,,
6cb500a0-ddb2-495b-9ab5-051d1d9be75f,DMM,Anchor Ring Matt Grey 28mm,ppe,Rigging & Anchors,Aluminium alloy,RFU 11.114 V3,R500-28MG,999,999,30 kN,,,,,,,https://assets.dmmwales.com/download/76/,https://eu.dmmwales.com/products/anchor-rings,,,
0fdeb977-8179-467d-9d3f-a7d9a7ea105c,DMM,Anchor Ring Matt Grey 34mm,ppe,Rigging & Anchors,Aluminium alloy,RFU 11.114 V3,R500-34MG,999,999,30 kN,,,,,,,https://assets.dmmwales.com/download/76/,https://eu.dmmwales.com/products/anchor-rings,,,
31b9d51d-3d27-4952-a1af-7472a571fbc0,DMM,Anchor Ring Matt Grey 40mm,ppe,Rigging & Anchors,Aluminium alloy,RFU 11.114 V3,R500-40MG,999,999,30 kN,,,,,,,https://assets.dmmwales.com/download/76/,https://eu.dmmwales.com/products/anchor-rings,,,
2161f66b-0db3-4045-9a8f-afb837c07454,DMM,Axis Swivel L Matt Grey,ppe,Swivels,Aluminium alloy 7075 T6 / Stainless Steel,Manufacturers Technical Specification QAP100,SW200MG,999,999,50 kN,,,,,,,https://assets.dmmwales.com/download/153/,https://eu.dmmwales.com/products/axis-swivels,,,
7d4320ee-12ac-4d89-85d3-de1b7c5c85b8,DMM,Axis Swivel L Titanium/Red,ppe,Swivels,Aluminium alloy 7075 T6 / Stainless Steel,Manufacturers Technical Specification QAP100,SW200,999,999,50 kN,,,,,,,https://assets.dmmwales.com/download/153/,https://eu.dmmwales.com/products/axis-swivels,,,
7e7811f7-b19b-4db1-9609-d5f07fee449e,DMM,Axis Swivel S Matt Grey,ppe,Swivels,Aluminium alloy 7075 T6 / Stainless Steel,Manufacturers Technical Specification QAP100,SW100MG,999,999,36 kN,,,,,,,https://assets.dmmwales.com/download/153/,https://eu.dmmwales.com/products/axis-swivels,,,
1624d5a8-3379-4732-bd97-118a0bbebfcf,DMM,Axis Swivel S Titanium/Blue,ppe,Swivels,Aluminium alloy 7075 T6 / Stainless Steel,Manufacturers Technical Specification QAP100,SW100,999,999,36 kN,,,,,,,https://assets.dmmwales.com/download/153/,https://eu.dmmwales.com/products/axis-swivels,,,
56fdf1d9-e81e-439a-bba9-603b3c5f815b,DMM,Bat Plates L Gold,ppe,Rigging & Anchors,Aluminium alloy,Manufacturers Technical Specification QAP99,RIG-L-GD,999,999,60 kN,,,,,,,https://assets.dmmwales.com/download/141/,https://eu.dmmwales.com/products/bat-plates,,,
bb07ca82-bd09-4da7-a5b6-86e346c6dcc4,DMM,Bat Plates L Matt Grey,ppe,Rigging & Anchors,Aluminium alloy,Manufacturers Technical Specification QAP99,RIG-L-MG,999,999,60 kN,,,,,,,https://assets.dmmwales.com/download/141/,https://eu.dmmwales.com/products/bat-plates,,,
43ede640-2791-4028-80eb-e557e17eccc2,DMM,Bat Plates M Blue,ppe,Rigging & Anchors,Aluminium alloy,Manufacturers Technical Specification QAP99,RIG-M-BL,999,999,60 kN,,,,,,,https://assets.dmmwales.com/download/141/,https://eu.dmmwales.com/products/bat-plates,,,
f229c64e-d766-4448-9419-5c6ea6bf8a0a,DMM,Bat Plates M Matt Grey,ppe,Rigging & Anchors,Aluminium alloy,Manufacturers Technical Specification QAP99,RIG-M-MG,999,999,60 kN,,,,,,,https://assets.dmmwales.com/download/141/,https://eu.dmmwales.com/products/bat-plates,,,
a61ce0bb-27d6-4460-8312-bff5888d9709,DMM,Bat Plates S Matt Grey,ppe,Rigging & Anchors,Aluminium alloy,Manufacturers Technical Specification QAP99,RIG-S-MG,999,999,60 kN,,,,,,,https://assets.dmmwales.com/download/141/,https://eu.dmmwales.com/products/bat-plates,,,
41674cb6-3f0e-496a-a5da-9bd3ca75997e,DMM,Bat Plates S Red,ppe,Rigging & Anchors,Aluminium alloy,Manufacturers Technical Specification QAP99,RIG-S-RD,999,999,60 kN,,,,,,,https://assets.dmmwales.com/download/141/,https://eu.dmmwales.com/products/bat-plates,,,
24fce5aa-cba4-4c29-867d-66a26a58bb63,DMM,Bat Plates XS Matt Grey,ppe,Rigging & Anchors,Aluminium alloy,Manufacturers Technical Specification QAP99,RIG-XS-MG,999,999,36 kN,,,,,,,https://assets.dmmwales.com/download/141/,https://eu.dmmwales.com/products/bat-plates,,,
1ac83917-049c-4019-b512-3e3c71b440d7,DMM,Bat Plates XS Orange,ppe,Rigging & Anchors,Aluminium alloy,Manufacturers Technical Specification QAP99,RIG-XS-OR,999,999,36 kN,,,,,,,https://assets.dmmwales.com/download/141/,https://eu.dmmwales.com/products/bat-plates,,,
ed65ede8-1428-4868-8e13-c7f0257f342c,DMM,Belay Master Lime,ppe,Connectors,Aluminium alloy,"EN362:2004 B/T, EN12275:2013 B/H/T, UIAA121:2009",A872LG,999,999,25 kN,,,,,,,https://assets.dmmwales.com/download/114/,https://eu.dmmwales.com/products/belay-master-2,,,
2ecaa6c3-743c-47b6-8ece-5dcd89167b50,DMM,Belay Master Matt Grey,ppe,Connectors,Aluminium alloy,"EN362:2004 B/T, EN12275:2013 B/H/T, UIAA121:2009",A872MG,999,999,25 kN,,,,,,,https://assets.dmmwales.com/download/114/,https://eu.dmmwales.com/products/belay-master-2,,,
8b4b739c-d884-42ac-b115-73d1438c1936,DMM,Belay Master Orange,ppe,Connectors,Aluminium alloy,"EN362:2004 B/T, EN12275:2013 B/H/T, UIAA121:2009",A872OR,999,999,25 kN,,,,,,,https://assets.dmmwales.com/download/114/,https://eu.dmmwales.com/products/belay-master-2,,,
37021fed-2cef-4936-8620-03bc72f7a92f,DMM,Belay Master Titanium,ppe,Connectors,Aluminium alloy,"EN362:2004 B/T, EN12275:2013 B/H/T, UIAA121:2009",A872,999,999,25 kN,,,,,,,https://assets.dmmwales.com/download/114/,https://eu.dmmwales.com/products/belay-master-2,,,
bc47c3db-46bb-46a1-8ad6-4121fd7cda2f,DMM,Boa HMS Kwiklock ANSI Titanium,ppe,Connectors,Aluminium alloy,"EN362:2004 B, EN12275:2013 B/H, ANSI/ASSE Z359.12-2019, CAN/CSA Z259.12-16",A903ANSI,999,999,30 kN,,,,,,,https://assets.dmmwales.com/download/114/,https://eu.dmmwales.com/products/30kn-boa,,,
9cc778f9-fcb8-4159-a222-bbc0f625bc91,DMM,Boa HMS Kwiklock Titanium,ppe,Connectors,Aluminium alloy,"EN362:2004 B, EN12275:2013 B/H, UIAA121:2009",A903,999,999,30 kN,,,,,,,https://assets.dmmwales.com/download/114/,https://eu.dmmwales.com/products/30kn-boa,,,
be8f30f8-8694-41d2-94e6-73a44435b2e1,DMM,Boa HMS Locksafe 3 Pack Blue/Red/Green,ppe,Connectors,Aluminium alloy,"EN362:2004 B, EN12275:2013 B/H",A907-P3,999,999,30 kN,,,,,,,https://assets.dmmwales.com/download/114/,https://eu.dmmwales.com/products/30kn-boa,,,
4471ee8d-24d7-4351-aba8-9ef4cb56026c,DMM,Boa HMS Locksafe 3 Pack Lime/Grey/Orange,ppe,Connectors,Aluminium alloy,"EN362:2004 B, EN12275:2013 B/H",A907-P3A,999,999,30 kN,,,,,,,https://assets.dmmwales.com/download/114/,https://eu.dmmwales.com/products/30kn-boa,,,
7b74abc8-4703-412c-b459-ed77c13ffc08,DMM,Boa HMS Locksafe ANSI Captive Bar Titanium,ppe,Connectors,Aluminium alloy,"EN362:2004 B/T, EN12275:2013 B/H/T, ANSI/ASSE Z359.12-2019, CAN/CSA Z259.12-16",A907CBANSI,999,999,30 kN,,,,,,,https://assets.dmmwales.com/download/114/,https://eu.dmmwales.com/products/30kn-boa,,,
f14fb07e-9388-4e3f-b4f3-96c29bef5b65,DMM,Boa HMS Locksafe ANSI Titanium,ppe,Connectors,Aluminium alloy,"EN362:2004 B, EN12275:2013 B/H, ANSI/ASSE Z359.12-2019, CAN/CSA Z259.12-16",A907ANSI,999,999,30 kN,,,,,,,https://assets.dmmwales.com/download/114/,https://eu.dmmwales.com/products/30kn-boa,,,
23637db0-397e-4ad8-bb55-2c9ecb23a56c,DMM,Boa HMS Locksafe Captive Bar Titanium,ppe,Connectors,Aluminium alloy,"EN362:2004 B/T, EN12275:2013 B/H/T",A907CB,999,999,30 kN,,,,,,,https://assets.dmmwales.com/download/114/,https://eu.dmmwales.com/products/30kn-boa,,,
2c2c0e9d-f0b2-45e6-b8d5-e15bd7c976d7,DMM,Boa HMS Locksafe Lime,ppe,Connectors,Aluminium alloy,"EN362:2004 B, EN12275:2013 B/H, UIAA121:2009",A907LG,999,999,30 kN,,,,,,,https://assets.dmmwales.com/download/114/,https://eu.dmmwales.com/products/30kn-boa,,,
178f2eff-72b4-455a-80e9-4445fb47c52b,DMM,Boa HMS Locksafe Matt Grey,ppe,Connectors,Aluminium alloy,"EN12275:2013 B/H, EN362:2004 B",A907MG,999,999,30 kN,,,,,,,https://assets.dmmwales.com/download/114/,https://eu.dmmwales.com/products/30kn-boa,,,
ae8c2d0b-bbe0-46cd-8343-66eaaa3f3b03,DMM,Boa HMS Locksafe Orange,ppe,Connectors,Aluminium alloy,"EN362:2004 B, EN12275:2013 B/H, UIAA121:2009",A907OR,999,999,30 kN,,,,,,,https://assets.dmmwales.com/download/114/,https://eu.dmmwales.com/products/30kn-boa,,,
d10593b0-7487-41aa-9079-fb220d48acf8,DMM,Boa HMS Locksafe Red,no_ppe,Connectors,Aluminium alloy,,A907RD,999,999,,,,,,,,https://assets.dmmwales.com/download/114/,https://eu.dmmwales.com/products/30kn-boa,,,
2f214b92-98fc-4f7b-97bf-e570248f16ee,DMM,Boa HMS Locksafe Titanium,ppe,Connectors,Aluminium alloy,"EN362:2004 B, EN12275:2013 B/H, UIAA121:2009",A907,999,999,30 kN,,,,,,,https://assets.dmmwales.com/download/114/,https://eu.dmmwales.com/products/30kn-boa,,,
cbde487c-6753-448b-a3b8-9ff36d9b0da8,DMM,Boa HMS Screwgate Captive Bar Titanium,ppe,Connectors,Aluminium alloy,"EN362:2004 B/T, EN12275:2013 B/H/T",A902CB,999,999,30 kN,,,,,,,https://assets.dmmwales.com/download/114/,https://eu.dmmwales.com/products/30kn-boa,,,
d96d9f8e-12c2-46f0-8d55-0efaafb3d117,DMM,Boa HMS Screwgate Matt Grey,ppe,Connectors,Aluminium alloy,"EN362:2004 B, EN12275:2013 B/H, UIAA121:2009",A902MG,999,999,30 kN,,,,,,,https://assets.dmmwales.com/download/114/,https://eu.dmmwales.com/products/30kn-boa,,,
d9019857-7f3d-45a5-92e2-a87df91cac36,DMM,Boa HMS Screwgate Titanium,ppe,Connectors,Aluminium alloy,"EN362:2004 B, EN12275:2013 B/H, UIAA121:2009",A902,999,999,30 kN,,,,,,,https://assets.dmmwales.com/download/114/,https://eu.dmmwales.com/products/30kn-boa,,,
4192872b-473d-4445-994c-ec1232c78a36,DMM,Captain Kit Matt Grey,no_ppe,Rigging & Anchors,Aluminium alloy,Not PPE,TH200MG-KIT,999,999,23 kN,,,,,,,https://assets.dmmwales.com/download/90,https://eu.dmmwales.com/products/captain-th200,,,
1d7a7967-062a-4726-bacf-b883c916b1c5,DMM,Captain Kit Red,no_ppe,Rigging & Anchors,Aluminium alloy,Not PPE,TH200-KIT,999,999,23 kN,,,,,,,https://assets.dmmwales.com/download/90,https://eu.dmmwales.com/products/captain-th200,,,
ef4f3228-c1b5-412e-8863-2023ddb3ecb6,DMM,Captain Standard Matt Grey,no_ppe,Rigging & Anchors,Aluminium alloy,Not PPE,TH200MG,999,999,23 kN,,,,,,,https://assets.dmmwales.com/download/90,https://eu.dmmwales.com/products/captain-th200,,,
c64d2fda-e034-4d81-aa1e-980e2994c142,DMM,Captain Standard Red,no_ppe,Rigging & Anchors,Aluminium alloy,Not PPE,TH200,999,999,23 kN,,,,,,,https://assets.dmmwales.com/download/90,https://eu.dmmwales.com/products/captain-th200,,,
460ab313-84f9-41b2-b2f0-851609b8c2a5,DMM,Captive Eye Alloy Kwiklock,ppe,Connectors,Aluminium alloy,EN362:2004 T,A913,999,999,30 kN,,,,,,,https://assets.dmmwales.com/download/114/,https://eu.dmmwales.com/products/captive-eye-alloy,,,
95a7c611-31fb-4771-9dca-f5d548024cd7,DMM,Captive Eye Alloy Kwiklock ANSI,ppe,Connectors,Aluminium alloy,"EN362:2004 T, ANSI/ASSE Z359.12-2019, CAN/CSA Z259.12-16",A913ANSI,999,999,30 kN,,,,,,,https://assets.dmmwales.com/download/114/,https://eu.dmmwales.com/products/captive-eye-alloy,,,
8795b393-70c0-447d-b3a5-cba5fe86f9ed,DMM,Captive Eye Alloy Locksafe,ppe,Connectors,Aluminium alloy,EN362:2004 T,A917,999,999,30 kN,,,,,,,https://assets.dmmwales.com/download/114/,https://eu.dmmwales.com/products/captive-eye-alloy,,,
4d51e2aa-5d67-40d3-897c-ba284594fdb2,DMM,Captive Eye Alloy Locksafe ANSI,ppe,Connectors,Aluminium alloy,"EN362:2004 T, ANSI/ASSE Z359.12-2019, CAN/CSA Z259.12-16",A917ANSI,999,999,30 kN,,,,,,,https://assets.dmmwales.com/download/114/,https://eu.dmmwales.com/products/captive-eye-alloy,,,
a8a546fe-b991-4be5-b036-42f511f7401a,DMM,Captive Eye Alloy Screwgate,ppe,Connectors,Aluminium alloy,EN362:2004 T,A912,999,999,30 kN,,,,,,,https://assets.dmmwales.com/download/114/,https://eu.dmmwales.com/products/captive-eye-alloy,,,
d8dd39ae-4d58-48e5-a076-b5b3359dcf84,DMM,Ceros Kwiklock Captive Bar Titanium,ppe,Connectors,Aluminium alloy,"EN362:2004 B/T, EN12275:2013 B/H/T",A563CB,999,999,25 kN,,,,,,,https://assets.dmmwales.com/download/114/,https://eu.dmmwales.com/products/ceros,,,
58d023d5-b5d0-434f-a726-95b49755e33a,DMM,Ceros Kwiklock Titanium,ppe,Connectors,Aluminium alloy,"EN362:2004 B/T, EN12275:2013 B/H/T",A563,999,999,25 kN,,,,,,,https://assets.dmmwales.com/download/114/,https://eu.dmmwales.com/products/ceros,,,
731f0de9-2350-4fac-b278-9cd37a7c35e4,DMM,Ceros Locksafe Captive Bar Matt Grey,ppe,Connectors,Aluminium alloy,"EN362:2004 B/T, EN12275:2013 B/H/T",A567CBMG,999,999,25 kN,,,,,,,https://assets.dmmwales.com/download/114/,https://eu.dmmwales.com/products/ceros,,,
60193b30-7de8-44fd-8836-25ea15489839,DMM,Ceros Locksafe Captive Bar Titanium,ppe,Connectors,Aluminium alloy,"EN362:2004 B/T, EN12275:2013 B/H/T",A567CB,999,999,25 kN,,,,,,,https://assets.dmmwales.com/download/114/,https://eu.dmmwales.com/products/ceros,,,
a6f57025-5bf2-4fac-b498-476f18bdccbf,DMM,Ceros Locksafe Matt Grey,ppe,Connectors,Aluminium alloy,"EN362:2004 B/T, EN12275:2013 B/H/T",A567MG,999,999,25 kN,,,,,,,https://assets.dmmwales.com/download/114/,https://eu.dmmwales.com/products/ceros,,,
11a0c79d-1a49-4012-9ee2-1d04e2c1e174,DMM,Ceros Locksafe Titanium,ppe,Connectors,Aluminium alloy,"EN362:2004 B/T, EN12275:2013 B/H/T",A567,999,999,25 kN,,,,,,,https://assets.dmmwales.com/download/114/,https://eu.dmmwales.com/products/ceros,,,
9d742b8c-0678-48cc-9e32-2848fb4b1345,DMM,Ceros Screwgate Captive Bar Titanium,ppe,Connectors,Aluminium alloy,"EN362:2004 B/T, EN12275:2013 B/H/T",A562CB,999,999,25 kN,,,,,,,https://assets.dmmwales.com/download/114/,https://eu.dmmwales.com/products/ceros,,,
c55dd0dc-13c1-44d1-bd7d-86f561cb656e,DMM,Ceros Screwgate Lime,ppe,Connectors,Aluminium alloy,"EN362:2004 B/T, EN12275:2013 B/H/T",A562LG,999,999,25 kN,,,,,,,https://assets.dmmwales.com/download/114/,https://eu.dmmwales.com/products/ceros,,,
7403ea33-1dce-4876-85bf-a773ef3b05e1,DMM,Ceros Screwgate Matt Grey,ppe,Connectors,Aluminium alloy,"EN362:2004 B/T, EN12275:2013 B/H/T",A562MG,999,999,25 kN,,,,,,,https://assets.dmmwales.com/download/114/,https://eu.dmmwales.com/products/ceros,,,
9ec695c4-2781-4765-9f7d-e9dab6f2e32d,DMM,Ceros Screwgate Orange,ppe,Connectors,Aluminium alloy,"EN362:2004 B/T, EN12275:2013 B/H/T",A562OR,999,999,25 kN,,,,,,,https://assets.dmmwales.com/download/114/,https://eu.dmmwales.com/products/ceros,,,
3af5fbc1-7a37-4819-bb80-fa2e03ab49e1,DMM,Ceros Screwgate Titanium,ppe,Connectors,Aluminium alloy,"EN362:2004 B/T, EN12275:2013 B/H/T",A562,999,999,25 kN,,,,,,,https://assets.dmmwales.com/download/114/,https://eu.dmmwales.com/products/ceros,,,
0352aea3-456e-4ffe-838c-6a9f6a54acc2,DMM,Compact Shackle Bow Matt Grey,ppe,Swivels,Aluminium alloy,EN362:2004 M,SW420MG,999,999,26 kN,,,,,,,https://assets.dmmwales.com/download/406/,https://eu.dmmwales.com/products/compact-shackles,,,
d989bea0-dd56-4b24-82d9-23d2d12b5472,DMM,Compact Shackle Bow Titanium,ppe,Swivels,Aluminium alloy,EN362:2004 M,SW420,999,999,26 kN,,,,,,,https://assets.dmmwales.com/download/406/,https://eu.dmmwales.com/products/compact-shackles,,,
b08d883f-1f60-4766-928a-590d00e7c885,DMM,Compact Shackle D Matt Grey,ppe,Swivels,Aluminium alloy,EN362:2004 M,SW410MG,999,999,26 kN,,,,,,,https://assets.dmmwales.com/download/406/,https://eu.dmmwales.com/products/compact-shackles,,,
0d7d0caa-d52e-4996-a506-0461c154bb13,DMM,Compact Shackle D Titanium,ppe,Swivels,Aluminium alloy,EN362:2004 M,SW410,999,999,26 kN,,,,,,,https://assets.dmmwales.com/download/406/,https://eu.dmmwales.com/products/compact-shackles,,,
dc0f068b-7f04-4f72-88fe-db2debf89bb9,DMM,Director Double Kwiklock,no_ppe,Connectors,Aluminium alloy,,A663,999,999,,,,,,,,,https://eu.dmmwales.com/products/director-double,,,
b510899c-7e42-49d6-848c-f30d897d5ced,DMM,Director Double Locksafe,no_ppe,Connectors,Aluminium alloy,,A667,999,999,,,,,,,,,https://eu.dmmwales.com/products/director-double,,,
c08f0dc3-3064-4da5-81a9-891df2e86808,DMM,Director Double Screwgate,no_ppe,Connectors,Aluminium alloy,,A662,999,999,,,,,,,,,https://eu.dmmwales.com/products/director-double,,,
6b750e72-da94-4050-a76e-acf5d50da7c7,DMM,Director Swivel Boss Kwiklock Bow,ppe,Connectors,Aluminium alloy,"EN12275:2013 T, EN362:2004 T",A643BS,999,999,26 kN,,,,,,,https://assets.dmmwales.com/download/406/,https://eu.dmmwales.com/products/director-sbb,,,
411f728c-d96b-4bb1-9f30-c8687192c446,DMM,Director Swivel Boss Kwiklock D,ppe,Connectors,Aluminium alloy,"EN12275:2013 T, EN362:2004 T",A643SS,999,999,26 kN,,,,,,,https://assets.dmmwales.com/download/406/,https://eu.dmmwales.com/products/director-sbb,,,
78b0e178-6749-4c91-b3e6-751516d9c47b,DMM,Director Swivel Boss Locksafe Bow,ppe,Connectors,Aluminium alloy,"EN12275:2013 T, EN362:2004 T",A647BS,999,999,26 kN,,,,,,,https://assets.dmmwales.com/download/406/,https://eu.dmmwales.com/products/director-sbb,,,
e6c26605-eb3b-4747-9cef-5e55746ad34d,DMM,Director Swivel Boss Locksafe D,ppe,Connectors,Aluminium alloy,"EN12275:2013 T, EN362:2004 T",A647SS,999,999,26 kN,,,,,,,https://assets.dmmwales.com/download/406/,https://eu.dmmwales.com/products/director-sbb,,,
80cce9e5-d59c-4ca1-b12d-4b06c53c9ac0,DMM,Director Swivel Boss Screwgate Bow,ppe,Connectors,Aluminium alloy,"EN12275:2013 T, EN362:2004 T",A642BS,999,999,25 kN,,,,,,,https://assets.dmmwales.com/download/406/,https://eu.dmmwales.com/products/director-sbb,,,
5793c8f8-32ee-4a4e-9736-a237cfa380f2,DMM,Director Swivel Boss Screwgate D,ppe,Connectors,Aluminium alloy,"EN12275:2013 T, EN362:2004 T",A642SS,999,999,26 kN,,,,,,,https://assets.dmmwales.com/download/406/,https://eu.dmmwales.com/products/director-sbb,,,
454b8698-4417-4d7e-bca1-d465632cb440,DMM,Director Swivel Eye Kwiklock,ppe,Connectors,Aluminium alloy,"EN12275:2013 T, EN362:2004 T",A633,999,999,26 kN,,,,,,,https://assets.dmmwales.com/download/406/,https://eu.dmmwales.com/products/director-se,,,
2a7032d9-3129-4b62-9804-a71ccfe2a4a2,DMM,Director Swivel Eye Locksafe,ppe,Connectors,Aluminium alloy,"EN12275:2013 T, EN362:2004 T",A637,999,999,26 kN,,,,,,,https://assets.dmmwales.com/download/406/,https://eu.dmmwales.com/products/director-se,,,
87c00d7a-ee82-48d0-a437-7800c9f6e93d,DMM,Director Swivel Eye Screwgate,ppe,Connectors,Aluminium alloy,"EN12275:2013 T, EN362:2004 T",A632,999,999,26 kN,,,,,,,https://assets.dmmwales.com/download/406/,https://eu.dmmwales.com/products/director-se,,,
6effeb4c-5fd9-4965-94f5-33cfcce1303c,DMM,Director Yoke Kwiklock Rope Spacer,ppe,Connectors,Aluminium alloy,"EN12275:2013 T, EN362:2004 T",A623RS,999,999,26 kN,,,,,,,https://assets.dmmwales.com/download/406/,https://eu.dmmwales.com/products/director-y,,,
2e8ae7cd-0673-411c-9e75-1ce428971a1a,DMM,Director Yoke Kwiklock Web Spacer,ppe,Connectors,Aluminium alloy,"EN12275:2013 T, EN362:2004 T",A623WS,999,999,26 kN,,,,,,,https://assets.dmmwales.com/download/406/,https://eu.dmmwales.com/products/director-y,,,
a0539331-4bd2-4f4d-b02d-e7e7e46fec07,DMM,Director Yoke Locksafe Rope Spacer,ppe,Connectors,Aluminium alloy,"EN12275:2013 T, EN362:2004 T",A627RS,999,999,25 kN,,,,,,,https://assets.dmmwales.com/download/406/,https://eu.dmmwales.com/products/director-y,,,
df19253f-bc60-4672-a912-4843f5c39e7e,DMM,Director Yoke Locksafe Web Spacer,ppe,Connectors,Aluminium alloy,"EN12275:2013 T, EN362:2004 T",A627WS,999,999,26 kN,,,,,,,https://assets.dmmwales.com/download/406/,https://eu.dmmwales.com/products/director-y,,,
1eea56dd-1acd-4fe7-a212-ce651ceb6984,DMM,Director Yoke Screwgate Rope Spacer,ppe,Connectors,Aluminium alloy,"EN12275:2013 T, EN362:2004 T",A622RS,999,999,25 kN,,,,,,,https://assets.dmmwales.com/download/406/,https://eu.dmmwales.com/products/director-y,,,
0059b7ac-d053-48f6-84ee-7a31e71a04b2,DMM,Director Yoke Screwgate Web Spacer,ppe,Connectors,Aluminium alloy,"EN12275:2013 T, EN362:2004 T",A622WS,999,999,25 kN,,,,,,,https://assets.dmmwales.com/download/406/,https://eu.dmmwales.com/products/director-y,,,
04c1bb4b-1154-4fbf-8864-652396c54678,DMM,Dynatec 8mm Sling Blue 240cm,ppe,Slings & Lanyards,Dyneema® 8mm,EN566:2017,SP08240BL,999,999,22 kN,,,,,,,https://assets.dmmwales.com/download/147/,https://eu.dmmwales.com/products/dynatec-8mm,,,
a4c2da44-f2be-4b9d-b2da-13522ab3a5f0,DMM,Dynatec 8mm Sling Blue 400cm,ppe,Slings & Lanyards,Dyneema® 8mm,EN566:2017,SP08400BL,999,999,22 kN,,,,,,,https://assets.dmmwales.com/download/147/,https://eu.dmmwales.com/products/dynatec-8mm,,,
fb8aed04-f9fa-4bea-b321-7cbc6b2757fd,DMM,Dynatec 8mm Sling Gold 60cm,ppe,Slings & Lanyards,Dyneema® 8mm,EN566:2017,SP0860GD,999,999,22 kN,,,,,,,https://assets.dmmwales.com/download/147/,https://eu.dmmwales.com/products/dynatec-8mm,,,
48f615b6-321e-459d-a67c-6d3769bb05b0,DMM,Dynatec 8mm Sling Green 30cm,ppe,Slings & Lanyards,Dyneema® 8mm,EN566:2017,SP0830GR,999,999,22 kN,,,,,,,https://assets.dmmwales.com/download/147/,https://eu.dmmwales.com/products/dynatec-8mm,,,
8fd47780-7cfb-4d6a-9291-60b7aa328e33,DMM,Dynatec 8mm Sling Green 240cm,ppe,Slings & Lanyards,Dyneema® 8mm,EN566:2017,SP08240GR,999,999,22 kN,,,,,,,https://assets.dmmwales.com/download/147/,https://eu.dmmwales.com/products/dynatec-8mm,,,
5ee969df-1e98-46bf-8dda-dda4bf2695a2,DMM,Dynatec 8mm Sling Grey 30cm,ppe,Slings & Lanyards,Dyneema® 8mm,EN566:2017,SP0830GY,999,999,22 kN,,,,,,,https://assets.dmmwales.com/download/147/,https://eu.dmmwales.com/products/dynatec-8mm,,,
e989711a-6514-44bd-8634-04cfdebe2e55,DMM,Dynatec 8mm Sling Grey 60cm,ppe,Slings & Lanyards,Dyneema® 8mm,EN566:2017,SP0860GY,999,999,22 kN,,,,,,,https://assets.dmmwales.com/download/147/,https://eu.dmmwales.com/products/dynatec-8mm,,,
a368b28d-1785-440e-949b-1bb40ac3bbe8,DMM,Dynatec 8mm Sling Grey 120cm,ppe,Slings & Lanyards,Dyneema® 8mm,EN566:2017,SP08120GY,999,999,22 kN,,,,,,,https://assets.dmmwales.com/download/147/,https://eu.dmmwales.com/products/dynatec-8mm,,,
ebd90ae5-6caa-460c-ab45-4225e4776e0e,DMM,Dynatec 8mm Sling Purple 60cm,ppe,Slings & Lanyards,Dyneema® 8mm,EN566:2017,SP0860PR,999,999,22 kN,,,,,,,https://assets.dmmwales.com/download/147/,https://eu.dmmwales.com/products/dynatec-8mm,,,
e459065b-4fb5-4ece-99b5-a39fd454a558,DMM,Dynatec 8mm Sling Red 120cm,ppe,Slings & Lanyards,Dyneema® 8mm,EN566:2017,SP08120RD,999,999,22 kN,,,,,,,https://assets.dmmwales.com/download/147/,https://eu.dmmwales.com/products/dynatec-8mm,,,
cfc84e72-6f23-477e-92b6-e0c04d215a60,DMM,Dynatec 11mm QD Sling Grey 12cm,ppe,Slings & Lanyards,Dyneema® 11mm,"EN566:2017, UIAA104",SP1112ASGY,999,999,22 kN,,,,,,,https://assets.dmmwales.com/download/147/,https://eu.dmmwales.com/products/dynatec-qd-11mm,,,
1426b2fa-d1cb-4f25-9eaa-d33ec72ef787,DMM,Dynatec 11mm QD Sling Grey 18cm,ppe,Slings & Lanyards,Dyneema® 11mm,"EN566:2017, UIAA104",SP1118AS,999,999,22 kN,,,,,,,https://assets.dmmwales.com/download/147/,https://eu.dmmwales.com/products/dynatec-qd-11mm,,,
2e11aae1-35eb-4db8-98b7-0b1ba2af2433,DMM,Dynatec 11mm QD Sling Grey 25cm,ppe,Slings & Lanyards,Dyneema® 11mm,"EN566:2017, UIAA104",SP1125ASGY,999,999,22 kN,,,,,,,https://assets.dmmwales.com/download/147/,https://eu.dmmwales.com/products/dynatec-qd-11mm,,,
edfc1761-3a60-4dab-b26a-1712c08c26fc,DMM,Dynatec 11mm QD Sling Red 12cm,ppe,Slings & Lanyards,Dyneema® 11mm,"EN566:2017, UIAA104",SP1112ASRD,999,999,22 kN,,,,,,,https://assets.dmmwales.com/download/147/,https://eu.dmmwales.com/products/dynatec-qd-11mm,,,
21f3cbb0-83f4-4399-9b0a-a119d251441b,DMM,Dynatec 11mm QD Sling Red 18cm,ppe,Slings & Lanyards,Dyneema® 11mm,"EN566:2017, UIAA104",SP1118ASRD,999,999,22 kN,,,,,,,https://assets.dmmwales.com/download/147/,https://eu.dmmwales.com/products/dynatec-qd-11mm,,,
07dc21d1-6daa-47f3-9034-b39b44cb471a,DMM,Dynatec 11mm QD Sling Red 25cm,ppe,Slings & Lanyards,Dyneema® 11mm,"EN566:2017, UIAA104",SP1125AS,999,999,22 kN,,,,,,,https://assets.dmmwales.com/download/147/,https://eu.dmmwales.com/products/dynatec-qd-11mm,,,
7bb280e4-3bf7-4b7c-96e1-b3863281e2b5,DMM,Dynatec 11mm Sling Blue 240cm,ppe,Slings & Lanyards,Dyneema® 11mm,"EN566:2017, EN354:2010, EN795:2012 B, UIAA104",SP11240BL,999,999,22 kN,,,,,,,https://assets.dmmwales.com/download/147/,https://eu.dmmwales.com/products/dynatec-11mm,,,
65909691-4788-4e42-8594-95075c671bde,DMM,Dynatec 11mm Sling Gold 60cm,ppe,Slings & Lanyards,Dyneema® 11mm,"EN566:2017, EN354:2010, EN795:2012 B, UIAA104",SP1160GD,999,999,22 kN,,,,,,,https://assets.dmmwales.com/download/147/,https://eu.dmmwales.com/products/dynatec-11mm,,,
aa0dc423-e243-4091-97cc-4e3dce8e26ed,DMM,Dynatec 11mm Sling Green 30cm,ppe,Slings & Lanyards,Dyneema® 11mm,"EN566:2017, EN354:2010, EN795:2012 B, UIAA104",SP1130GR,999,999,22 kN,,,,,,,https://assets.dmmwales.com/download/147/,https://eu.dmmwales.com/products/dynatec-11mm,,,
8dcf0c42-3e7c-4cbd-a02b-9a408105b95d,DMM,Dynatec 11mm Sling Green 240cm,ppe,Slings & Lanyards,Dyneema® 11mm,"EN566:2017, EN354:2010, EN795:2012 B, UIAA104",SP11240GR,999,999,22 kN,,,,,,,https://assets.dmmwales.com/download/147/,https://eu.dmmwales.com/products/dynatec-11mm,,,
6bef090a-02b6-4f3f-a853-25f8a7b1fee9,DMM,Dynatec 11mm Sling Grey 120cm,ppe,Slings & Lanyards,Dyneema® 11mm,"EN566:2017, EN354:2010, EN795:2012 B, UIAA104",SP11120GY,999,999,22 kN,,,,,,,https://assets.dmmwales.com/download/147/,https://eu.dmmwales.com/products/dynatec-11mm,,,
ba0699bb-985b-4b4f-aa8d-85295146a097,DMM,Dynatec 11mm Sling Lime 120cm,ppe,Slings & Lanyards,Dyneema® 11mm,"EN566:2017, EN354:2010, EN795:2012 B, UIAA104",SP11120LG,999,999,22 kN,,,,,,,https://assets.dmmwales.com/download/147/,https://eu.dmmwales.com/products/dynatec-11mm,,,
d9427d07-ca4f-4b9c-9d9a-e41cea3ecefd,DMM,Dynatec 11mm Sling Orange 60cm,ppe,Slings & Lanyards,Dyneema® 11mm,"EN566:2017, EN354:2010, EN795:2012 B, UIAA104",SP1160OR,999,999,22 kN,,,,,,,https://assets.dmmwales.com/download/147/,https://eu.dmmwales.com/products/dynatec-11mm,,,
b86964a8-0d3c-4fe9-9b48-b21dd5f2a9de,DMM,Dynatec 11mm Sling Purple 60cm,ppe,Slings & Lanyards,Dyneema® 11mm,"EN566:2017, EN354:2010, EN795:2012 B, UIAA104",SP1160PR,999,999,22 kN,,,,,,,https://assets.dmmwales.com/download/147/,https://eu.dmmwales.com/products/dynatec-11mm,,,
c771a509-b8f1-41f4-ae0b-2fd1d2b4e163,DMM,Dynatec 11mm Sling Red 120cm,ppe,Slings & Lanyards,Dyneema® 11mm,"EN566:2017, EN354:2010, EN795:2012 B, UIAA104",SP11120RD,999,999,22 kN,,,,,,,https://assets.dmmwales.com/download/147/,https://eu.dmmwales.com/products/dynatec-11mm,,,
1fe88ea9-ba80-472b-a988-29735302ee8b,DMM,Fidus 6.5mm Loop With Thimble Eye 25.5cm,ppe,Rigging & Anchors,Polyester,"EN795B:2012, PrEN795B:2022, PD CEN TS 16415:2013",RPC65-3T-BWG-255,10,999,,,,,,,,,https://eu.dmmwales.com/products/low-stretch-textile-anchor,,,
1942710e-50f8-45a3-8adf-c4bb39ad0e96,DMM,Fidus 6.5mm Loop With Thimble Eye 27cm,ppe,Rigging & Anchors,Polyester,"EN795B:2012, PrEN795B:2022, PD CEN TS 16415:2013",1RPC65-3T-BWG-27,10,999,,,,,,,,,https://eu.dmmwales.com/products/low-stretch-textile-anchor,,,
267deb4c-fbb0-475b-a0a1-520335aec36b,DMM,Fidus 8.5mm Eye to Eye 65.5cm (Nomad spare),ppe,Rigging & Anchors,Polyester,"EN795B:2012, PrEN795B:2022, PD CEN TS 16415:2013",RPC85-2-BWG-655,10,999,,,,,,,,,https://eu.dmmwales.com/products/low-stretch-textile-anchor,,,
c61e28ea-4f57-40d6-82b5-2c2e77ff71c2,DMM,Fidus 8.5mm Eye to Eye 67cm (Nomad spare),ppe,Rigging & Anchors,Polyester,"EN795B:2012, PrEN795B:2022, PD CEN TS 16415:2013",RPC85-2-BWG-67,10,999,,,,,,,,,https://eu.dmmwales.com/products/low-stretch-textile-anchor,,,
6f09e19a-7a53-4fbb-832b-446d9157785b,DMM,Fidus 8.5mm Eye to Eye 70cm,ppe,Rigging & Anchors,Polyester,"EN795B:2012, PrEN795B:2022, PD CEN TS 16415:2013",RPC85-2-BWG-70,10,999,,,,,,,,,https://eu.dmmwales.com/products/low-stretch-textile-anchor,,,
04fb2e53-d002-4c58-9736-0023ad8b97c7,DMM,Fidus 8.5mm Eye to Eye 75cm,ppe,Rigging & Anchors,Polyester,"EN795B:2012, PrEN795B:2022, PD CEN TS 16415:2013",RPC85-2-BWG-75,10,999,,,,,,,,,https://eu.dmmwales.com/products/low-stretch-textile-anchor,,,
42628083-8abf-49f2-8090-17cb731b4e5d,DMM,Fidus 8.5mm Eye to Eye 80cm,ppe,Rigging & Anchors,Polyester,"EN795B:2012, PrEN795B:2022, PD CEN TS 16415:2013",RPC85-2-BWG-80,10,999,,,,,,,,,https://eu.dmmwales.com/products/low-stretch-textile-anchor,,,
cab5edea-7b33-46ca-9739-1499ab1b0e49,DMM,Fidus 8.5mm Eye to Eye 85cm,ppe,Rigging & Anchors,Polyester,"EN795B:2012, PrEN795B:2022, PD CEN TS 16415:2013",RPC85-2-BWG-85,10,999,,,,,,,,,https://eu.dmmwales.com/products/low-stretch-textile-anchor,,,
4f47959f-8bcf-4cfc-8abb-7f1f52521e51,DMM,Fidus 8.5mm Eye to Eye 90cm,ppe,Rigging & Anchors,Polyester,"EN795B:2012, PrEN795B:2022, PD CEN TS 16415:2013",RPC85-2-BWG-90,10,999,,,,,,,,,https://eu.dmmwales.com/products/low-stretch-textile-anchor,,,
34c4202f-2a12-43c7-bc49-f117d50f734f,DMM,Fidus 8.5mm Eye to Eye 95cm,ppe,Rigging & Anchors,Polyester,"EN795B:2012, PrEN795B:2022, PD CEN TS 16415:2013",RPC85-2-BWG-95,10,999,,,,,,,,,https://eu.dmmwales.com/products/low-stretch-textile-anchor,,,
39e3a4a9-989f-4b88-9210-61a051ecf721,DMM,Fidus 8.5mm Eye to Eye 100cm,ppe,Rigging & Anchors,Polyester,"EN795B:2012, PrEN795B:2022, PD CEN TS 16415:2013",RPC85-2-BWG-100,10,999,,,,,,,,,https://eu.dmmwales.com/products/low-stretch-textile-anchor,,,
f7eff01b-8dbb-4fa9-919f-ff5d8a2ca8fe,DMM,Focus Bow Matt Grey,ppe,Swivels,Aluminium alloy,RFU PPE-R/11.135 Version 3,SW450MG,999,999,26 kN,,,,,,,https://assets.dmmwales.com/download/406/,https://eu.dmmwales.com/products/focus,,,
576d3358-c093-4cb1-bec7-49cad00fa3a4,DMM,Focus Bow Silver/Green,ppe,Swivels,Aluminium alloy,RFU PPE-R/11.135 Version 3,SW450,999,999,26 kN,,,,,,,https://assets.dmmwales.com/download/406/,https://eu.dmmwales.com/products/focus,,,
6c23e0eb-62e9-4e7f-9a28-7e6907f1edac,DMM,Focus D Matt Grey,ppe,Swivels,Aluminium alloy,RFU PPE-R/11.135 Version 3,SW440MG,999,999,26 kN,,,,,,,https://assets.dmmwales.com/download/406/,https://eu.dmmwales.com/products/focus,,,
e5cb6cbd-1d8f-41a1-a1d1-e46566f39271,DMM,Focus D Silver/Green,ppe,Swivels,Aluminium alloy,RFU PPE-R/11.135 Version 3,SW440,999,999,26 kN,,,,,,,https://assets.dmmwales.com/download/406/,https://eu.dmmwales.com/products/focus,,,
5dba9f6e-3080-4d62-a942-c79818f31654,DMM,Gyros PM,ppe,Pulleys,Aluminium alloy,EN12278:2007,PUL231MG,999,999,50 kN,10 kN,,,13,,,https://assets.dmmwales.com/download/126/,https://eu.dmmwales.com/products/gyro,,,
0b38343b-00ca-4f0d-aeee-2549d0c157aa,DMM,Gyros Standard,ppe,Pulleys,Aluminium alloy,EN12278:2007,PUL230MG,999,999,50 kN,10 kN,,,13,,,https://assets.dmmwales.com/download/126/,https://eu.dmmwales.com/products/gyro,,,
61ffae5b-f1c9-47a0-bbc8-0696a3798b83,DMM,Gyros Twin,ppe,Pulleys,Aluminium alloy,EN12278:2007,PUL241MG,999,999,50 kN,10 kN,,,13,,,https://assets.dmmwales.com/download/126/,https://eu.dmmwales.com/products/gyro,,,
3abc50c2-81a8-47d2-9638-4562dac4ba8a,DMM,Hitch Climber Eccentric Gold,ppe,Pulleys,Aluminium alloy,EN12278:2007,PUL500GL,999,999,32 kN,6 kN,,7,14,,,https://assets.dmmwales.com/download/129/,https://eu.dmmwales.com/products/eccentric,,,
bbca8376-7e4d-4ccd-b60a-34b673c0c80f,DMM,Hitch Climber Eccentric Green,ppe,Pulleys,Aluminium alloy,EN12278:2007,PUL500GR,999,999,32 kN,6 kN,,7,14,,,https://assets.dmmwales.com/download/129/,https://eu.dmmwales.com/products/eccentric,,,
2373aa01-0ad8-41ae-a808-74d0adb72b7b,DMM,Hitch Climber Eccentric Matt Grey,ppe,Pulleys,Aluminium alloy,EN12278:2007,PUL500MG,999,999,32 kN,6 kN,,7,14,,,https://assets.dmmwales.com/download/129/,https://eu.dmmwales.com/products/eccentric,,,
4aefbf61-c7f2-4113-91ac-3650c2ea03c2,DMM,Hitch Climber Eccentric Red,ppe,Pulleys,Aluminium alloy,EN12278:2007,PUL500,999,999,32 kN,6 kN,,7,14,,,https://assets.dmmwales.com/download/129/,https://eu.dmmwales.com/products/eccentric,,,
5ccba853-7210-40f2-ba39-5808b6717632,DMM,Impact Blocks L Bronze/Lime,ppe,Pulleys,Aluminium alloy,EN12278:2007,IMB-L,999,999,300 kN,60 kN,,,20,,,https://assets.dmmwales.com/download/105/,https://eu.dmmwales.com/products/impact-blocks,,,
2b97f343-3a59-4dd4-9762-24a48c7daf7b,DMM,Impact Blocks S Titanium/Green,ppe,Pulleys,Aluminium alloy,EN12278:2007,IMB-S,999,999,200 kN,40 kN,,,16,,,https://assets.dmmwales.com/download/105/,https://eu.dmmwales.com/products/impact-blocks,,,
cdab8ca6-2328-4b00-be49-1c32def77fd9,DMM,Impact Blocks XS Green,ppe,Pulleys,Aluminium alloy,EN12278:2007,IMB-XSGR,999,999,100 kN,20 kN,,,16,,,https://assets.dmmwales.com/download/105/,https://eu.dmmwales.com/products/impact-blocks,,,
395c9d7a-500c-4c6a-8d6c-36d9cadfb841,DMM,Impact Blocks XS Matt Grey,ppe,Pulleys,Aluminium alloy,EN12278:2007,IMB-XSMG,999,999,100 kN,20 kN,,,16,,,https://assets.dmmwales.com/download/105/,https://eu.dmmwales.com/products/impact-blocks,,,
32fd471e-abdc-4377-9c03-a645c72a61b1,DMM,Impel Matt Gray pul650,ppe,Pulley,,EN12278:2007,pul650,999,999,25kN,5kN,,,11,,,https://assets.dmmwales.com/download/1308/,https://dmmwales.com/products/impel?srsltid=AfmBOooJ_m1qIYP7E9RdFTEbwrSAH5_cl7vdc9O6NyTg9ahBC_687vv2,,,
13caea72-c971-4eb2-9bd2-db1bcc7ee4b4,DMM,Impel Red/Gray pul650,ppe,Pulley,,EN12278:2007,pul650,999,999,25kN,5kN,,,11,,,https://assets.dmmwales.com/download/1308/,https://dmmwales.com/products/impel?srsltid=AfmBOooJ_m1qIYP7E9RdFTEbwrSAH5_cl7vdc9O6NyTg9ahBC_687vv2,,,
eab76a43-7961-4426-9502-f9015c90865b,DMM,Keanu Matt Grey,ppe,Pulleys,Aluminium alloy,EN12278:2007,TR400MG,999,999,50 kN,10 kN,,,13,,,https://assets.dmmwales.com/download/108/,https://eu.dmmwales.com/products/keanu,,,
f33baf6b-189b-4de2-9ac4-1a84023fcad8,DMM,Keanu Matt Grey/Purple,ppe,Pulleys,Aluminium alloy,EN12278:2007,TR400,999,999,50 kN,10 kN,,,13,,,https://assets.dmmwales.com/download/108/,https://eu.dmmwales.com/products/keanu,,,
0bd718dc-534f-41af-a991-a4e5a37d5fa2,DMM,Kinisi AIR Medium,ppe,Harnesses,,"EN358:2018, EN813:2024",HC662,999,999,,,150,,,,,https://assets.dmmwales.com/download/1467,https://eu.dmmwales.com/products/kinisi-air,,,
b510d12e-60d4-4782-993b-d8d57fe1667a,DMM,Kinisi KEY Large,ppe,Harnesses,,"EN358:2018, EN813:2024",HC673,999,999,,,150,,,,,https://assets.dmmwales.com/download/1467,https://eu.dmmwales.com/products/kinisi-key,,,
bb14413c-da44-4bcc-8234-5966a15f6441,DMM,Kinisi KEY Medium,ppe,Harnesses,,"EN358:2018, EN813:2024",HC672,999,999,,,150,,,,,https://assets.dmmwales.com/download/1467,https://eu.dmmwales.com/products/kinisi-key,,,
3520d232-e086-4c5f-afa7-a6c313a4866c,DMM,Kinisi KEY Small,ppe,Harnesses,,"EN358:2018, EN813:2024",HC671,999,999,,,150,,,,,https://assets.dmmwales.com/download/1467,https://eu.dmmwales.com/products/kinisi-key,,,
fab26a44-87ec-45e1-a6b9-a6b1fbd1e3a0,DMM,Kinisi MAX Large,ppe,Harnesses,,"EN358:2018, EN813:2024",HC613,999,999,,,150,,,,,https://assets.dmmwales.com/download/1467,https://eu.dmmwales.com/products/kinisi-max,,,
297e8cff-0ac7-47ce-b920-c72773b56838,DMM,Kinisi MAX Medium,ppe,Harnesses,,"EN358:2018, EN813:2024",HC612,999,999,,,150,,,,,https://assets.dmmwales.com/download/1467,https://eu.dmmwales.com/products/kinisi-max,,,
7f69416f-9868-43e7-82d2-2848ba39f793,DMM,Kinisi MAX Small,ppe,Harnesses,,"EN358:2018, EN813:2024",HC611,999,999,,,150,,,,,https://assets.dmmwales.com/download/1467,https://eu.dmmwales.com/products/kinisi-max,,,
84fd3537-29bb-46a4-ab43-34fc3ff00d64,DMM,Kinisi PRO Large,ppe,Harnesses,,"EN358:2018, EN813:2024",HC623,999,999,,,150,,,,,https://assets.dmmwales.com/download/1467,https://eu.dmmwales.com/products/kinisi-pro,,,
36fc9104-b1d5-4182-9de7-33c00b330981,DMM,Kinisi PRO Medium,ppe,Harnesses,,"EN358:2018, EN813:2024",HC622,999,999,,,150,,,,,https://assets.dmmwales.com/download/1467,https://eu.dmmwales.com/products/kinisi-pro,,,
dc29df87-33ba-492f-8409-f192c40cec72,DMM,Kinisi PRO Small,ppe,Harnesses,,"EN358:2018, EN813:2024",HC621,999,999,,,150,,,,,https://assets.dmmwales.com/download/1467,https://eu.dmmwales.com/products/kinisi-pro,,,
8f0e9b8a-06f4-4e65-acaa-90d2a6adbbf4,DMM,Klettersteig Kwiklock ANSI,ppe,Connectors,Aluminium alloy,"EN362:2004 B, EN12275:2013 B/K, ANSI/ASSE Z359.12-2019, CAN/CSA Z259.12-16",A843ANSI,999,999,30 kN,,,,,,,https://assets.dmmwales.com/download/114/,https://eu.dmmwales.com/products/klettersteig,,,
9306b6ee-c3b5-4545-9483-32051d7bbf2b,DMM,Klettersteig Locksafe ANSI,ppe,Connectors,Aluminium alloy,"EN362:2004 B, EN12275:2013 B/K, ANSI/ASSE Z359.12-2019, CAN/CSA Z259.12-16",A847ANSI,999,999,30 kN,,,,,,,https://assets.dmmwales.com/download/114/,https://eu.dmmwales.com/products/klettersteig,,,
aae36982-a4fe-4915-8b82-a94108e27651,DMM,Klettersteig Locksafe ANSI Captive Bar,ppe,Connectors,Aluminium alloy,"EN362:2004 B/T, EN12275:2013 B/T/K, ANSI/ASSE Z359.12-2019, CAN/CSA Z259.12-16",A847CBANSI,999,999,30 kN,,,,,,,https://assets.dmmwales.com/download/114/,https://eu.dmmwales.com/products/klettersteig,,,
81c30de1-60b6-4674-bc01-458437c11ffb,DMM,Linkit B2,ppe,Swivels,Aluminium alloy,Manufacturers Technical Specification QAP95,SW520,999,999,26 kN,,,,,,,https://assets.dmmwales.com/download/111/,https://eu.dmmwales.com/products/linkits,,,
f657cf8b-a21f-4076-9389-c595b2d5d27f,DMM,Linkit B2T,ppe,Swivels,Aluminium alloy,Manufacturers Technical Specification QAP95,SW510,999,999,26 kN,,,,,,,https://assets.dmmwales.com/download/111/,https://eu.dmmwales.com/products/linkits,,,
b509f4ac-5b0f-4ca9-8adf-cdbcee8a9c80,DMM,Linkit B3,ppe,Swivels,Aluminium alloy,Manufacturers Technical Specification QAP95,SW530,999,999,26 kN,,,,,,,https://assets.dmmwales.com/download/111/,https://eu.dmmwales.com/products/linkits,,,
31bcff37-a39d-43a0-bfa6-81361face90a,DMM,Linkit Y3,ppe,Swivels,Aluminium alloy,Manufacturers Technical Specification QAP95,SW540,999,999,26 kN,,,,,,,https://assets.dmmwales.com/download/111/,https://eu.dmmwales.com/products/linkits,,,
d6f60a5d-370e-4c4e-96f2-aa732941acb8,DMM,Low Stretch Rope Lanyard 11.8mm Blueberry 3m,ppe,Lanyards,Polyester double braid / Nylon core,"EN358:2018, EN795B:2012, PD CEN/TS 16415:2013",RPL118-2-BL-3,10,999,,,,11.8,11.8,,,,https://eu.dmmwales.com/products/low-stretch-rope-lanyards,,,
d70a383a-0902-4c25-b085-37a1e1fe38b6,DMM,Low Stretch Rope Lanyard 11.8mm Blueberry 4m,ppe,Lanyards,Polyester double braid / Nylon core,"EN358:2018, EN795B:2012, PD CEN/TS 16415:2013",RPL118-2-BL-4,10,999,,,,11.8,11.8,,,,https://eu.dmmwales.com/products/low-stretch-rope-lanyards,,,
9f29e745-55a2-4a03-a193-a4a1277f8941,DMM,Low Stretch Rope Lanyard 11.8mm Blueberry 5m,ppe,Lanyards,Polyester double braid / Nylon core,"EN358:2018, EN795B:2012, PD CEN/TS 16415:2013",RPL118-2-BL-5,10,999,,,,11.8,11.8,,,,https://eu.dmmwales.com/products/low-stretch-rope-lanyards,,,
661beb3d-d014-48a8-988a-bfceeb51e540,DMM,Low Stretch Rope Lanyard 11.8mm Blueberry 7m,ppe,Lanyards,Polyester double braid / Nylon core,"EN358:2018, EN795B:2012, PD CEN/TS 16415:2013",RPL118-2-BL-7,10,999,,,,11.8,11.8,,,,https://eu.dmmwales.com/products/low-stretch-rope-lanyards,,,
a0bb85a6-44fb-4c2a-8fa1-001ebeadf128,DMM,Low Stretch Rope Lanyard 11.8mm Blueberry 10m,ppe,Lanyards,Polyester double braid / Nylon core,"EN358:2018, EN795B:2012, PD CEN/TS 16415:2013",RPL118-2-BL-10,10,999,,,,11.8,11.8,,,,https://eu.dmmwales.com/products/low-stretch-rope-lanyards,,,
1e6f207a-d505-44ea-9c52-0fe795a618b4,DMM,Low Stretch Rope Lanyard 11.8mm Blueberry 15m,ppe,Lanyards,Polyester double braid / Nylon core,"EN358:2018, EN795B:2012, PD CEN/TS 16415:2013",RPL118-2-BL-15,10,999,,,,11.8,11.8,,,,https://eu.dmmwales.com/products/low-stretch-rope-lanyards,,,
36af1ded-aa3f-4cf2-916a-5b5c3c400d71,DMM,Low Stretch Rope Lanyard 11.8mm Blueberry 20m,ppe,Lanyards,Polyester double braid / Nylon core,"EN358:2018, EN795B:2012, PD CEN/TS 16415:2013",RPL118-2-BL-20,10,999,,,,11.8,11.8,,,,https://eu.dmmwales.com/products/low-stretch-rope-lanyards,,,
75d5659f-5ab7-4fd0-a6e0-3eeda086d2b2,DMM,Low Stretch Rope Lanyard 11.8mm Mango 3m,ppe,Lanyards,Polyester double braid / Nylon core,"EN358:2018, EN795B:2012, PD CEN/TS 16415:2013",RPL118-2-OR-3,10,999,,,,11.8,11.8,,,,https://eu.dmmwales.com/products/low-stretch-rope-lanyards,,,
f308bc01-6370-4283-878e-0948d35d5f34,DMM,Low Stretch Rope Lanyard 11.8mm Mango 4m,ppe,Lanyards,Polyester double braid / Nylon core,"EN358:2018, EN795B:2012, PD CEN/TS 16415:2013",RPL118-2-OR-4,10,999,,,,11.8,11.8,,,,https://eu.dmmwales.com/products/low-stretch-rope-lanyards,,,
d08f54b0-4121-4ac9-ae7b-249af6c1cc9a,DMM,Low Stretch Rope Lanyard 11.8mm Mango 5m,ppe,Lanyards,Polyester double braid / Nylon core,"EN358:2018, EN795B:2012, PD CEN/TS 16415:2013",RPL118-2-OR-5,10,999,,,,11.8,11.8,,,,https://eu.dmmwales.com/products/low-stretch-rope-lanyards,,,
35dc6064-95ac-41c3-ad9f-dcd7d56f5710,DMM,Low Stretch Rope Lanyard 11.8mm Mango 7m,ppe,Lanyards,Polyester double braid / Nylon core,"EN358:2018, EN795B:2012, PD CEN/TS 16415:2013",RPL118-2-OR-7,10,999,,,,11.8,11.8,,,,https://eu.dmmwales.com/products/low-stretch-rope-lanyards,,,
ef75204f-52c0-4444-a8f1-e73cda0e72eb,DMM,Low Stretch Rope Lanyard 11.8mm Mango 10m,ppe,Lanyards,Polyester double braid / Nylon core,"EN358:2018, EN795B:2012, PD CEN/TS 16415:2013",RPL118-2-OR-10,10,999,,,,11.8,11.8,,,,https://eu.dmmwales.com/products/low-stretch-rope-lanyards,,,
fb967dc9-97f0-476d-bf3c-0939f4bee533,DMM,Low Stretch Rope Lanyard 11.8mm Mango 15m,ppe,Lanyards,Polyester double braid / Nylon core,"EN358:2018, EN795B:2012, PD CEN/TS 16415:2013",RPL118-2-OR-15,10,999,,,,11.8,11.8,,,,https://eu.dmmwales.com/products/low-stretch-rope-lanyards,,,
be836b94-f1da-4e87-b631-06aee157cfbf,DMM,Low Stretch Rope Lanyard 11.8mm Mango 20m,ppe,Lanyards,Polyester double braid / Nylon core,"EN358:2018, EN795B:2012, PD CEN/TS 16415:2013",RPL118-2-OR-20,10,999,,,,11.8,11.8,,,,https://eu.dmmwales.com/products/low-stretch-rope-lanyards,,,
2087360a-1629-4404-a5d1-c35ef2cdd14b,DMM,Low Stretch Rope Lanyard 12.8mm Lemon 3m,ppe,Lanyards,Polyester double braid / Nylon core,"EN358:2018, EN795B:2012, PD CEN/TS 16415:2013",RPL128-2-YW-3,10,999,,,,12.8,12.8,,,,https://eu.dmmwales.com/products/low-stretch-rope-lanyards,,,
4375353a-d05b-4fdf-893b-10a399018095,DMM,Low Stretch Rope Lanyard 12.8mm Lemon 4m,ppe,Lanyards,Polyester double braid / Nylon core,"EN358:2018, EN795B:2012, PD CEN/TS 16415:2013",RPL128-2-YW-4,10,999,,,,12.8,12.8,,,,https://eu.dmmwales.com/products/low-stretch-rope-lanyards,,,
dfd00895-9d2e-4dac-a546-e39f99cf5ade,DMM,Low Stretch Rope Lanyard 12.8mm Lemon 5m,ppe,Lanyards,Polyester double braid / Nylon core,"EN358:2018, EN795B:2012, PD CEN/TS 16415:2013",RPL128-2-YW-5,10,999,,,,12.8,12.8,,,,https://eu.dmmwales.com/products/low-stretch-rope-lanyards,,,
f6395a30-9efe-46cf-907c-0dab83bd9fdb,DMM,Low Stretch Rope Lanyard 12.8mm Lemon 7m,ppe,Lanyards,Polyester double braid / Nylon core,"EN358:2018, EN795B:2012, PD CEN/TS 16415:2013",RPL128-2-YW-7,10,999,,,,12.8,12.8,,,,https://eu.dmmwales.com/products/low-stretch-rope-lanyards,,,
80e03ff5-7880-46cd-bede-0164137f04b9,DMM,Low Stretch Rope Lanyard 12.8mm Lemon 10m,ppe,Lanyards,Polyester double braid / Nylon core,"EN358:2018, EN795B:2012, PD CEN/TS 16415:2013",RPL128-2-YW-10,10,999,,,,12.8,12.8,,,,https://eu.dmmwales.com/products/low-stretch-rope-lanyards,,,
8bdf4582-1b4b-48ed-987a-78dc713fa500,DMM,Low Stretch Rope Lanyard 12.8mm Lemon 15m,ppe,Lanyards,Polyester double braid / Nylon core,"EN358:2018, EN795B:2012, PD CEN/TS 16415:2013",RPL128-2-YW-15,10,999,,,,12.8,12.8,,,,https://eu.dmmwales.com/products/low-stretch-rope-lanyards,,,
7ae4c294-d84a-45ad-9a27-71042a7eaecc,DMM,Low Stretch Rope Lanyard 12.8mm Lemon 20m,ppe,Lanyards,Polyester double braid / Nylon core,"EN358:2018, EN795B:2012, PD CEN/TS 16415:2013",RPL128-2-YW-20,10,999,,,,12.8,12.8,,,,https://eu.dmmwales.com/products/low-stretch-rope-lanyards,,,
568d65e6-fa9b-4ed4-8163-c890eea7065d,DMM,Low Stretch Rope Lanyard 12.8mm Lime 3m,ppe,Lanyards,Polyester double braid / Nylon core,"EN358:2018, EN795B:2012, PD CEN/TS 16415:2013",RPL128-2-GN-3,10,999,,,,12.8,12.8,,,,https://eu.dmmwales.com/products/low-stretch-rope-lanyards,,,
ba2918f4-5d9a-4e82-998f-2cbb525337d5,DMM,Low Stretch Rope Lanyard 12.8mm Lime 4m,ppe,Lanyards,Polyester double braid / Nylon core,"EN358:2018, EN795B:2012, PD CEN/TS 16415:2013",RPL128-2-GN-4,10,999,,,,12.8,12.8,,,,https://eu.dmmwales.com/products/low-stretch-rope-lanyards,,,
e1663d2f-e030-489a-8480-7dfbefad3ffb,DMM,Low Stretch Rope Lanyard 12.8mm Lime 5m,ppe,Lanyards,Polyester double braid / Nylon core,"EN358:2018, EN795B:2012, PD CEN/TS 16415:2013",RPL128-2-GN-5,10,999,,,,12.8,12.8,,,,https://eu.dmmwales.com/products/low-stretch-rope-lanyards,,,
f6684ceb-8d1a-40e3-a48a-50169500975d,DMM,Low Stretch Rope Lanyard 12.8mm Lime 7m,ppe,Lanyards,Polyester double braid / Nylon core,"EN358:2018, EN795B:2012, PD CEN/TS 16415:2013",RPL128-2-GN-7,10,999,,,,12.8,12.8,,,,https://eu.dmmwales.com/products/low-stretch-rope-lanyards,,,
bb300bb4-a5d8-4151-b779-0c14e668ac93,DMM,Low Stretch Rope Lanyard 12.8mm Lime 10m,ppe,Lanyards,Polyester double braid / Nylon core,"EN358:2018, EN795B:2012, PD CEN/TS 16415:2013",RPL128-2-GN-10,10,999,,,,12.8,12.8,,,,https://eu.dmmwales.com/products/low-stretch-rope-lanyards,,,
5dd016ac-c73d-48a0-b944-92e68fb90536,DMM,Low Stretch Rope Lanyard 12.8mm Lime 15m,ppe,Lanyards,Polyester double braid / Nylon core,"EN358:2018, EN795B:2012, PD CEN/TS 16415:2013",RPL128-2-GN-15,10,999,,,,12.8,12.8,,,,https://eu.dmmwales.com/products/low-stretch-rope-lanyards,,,
6a82e0ab-20ff-48fa-92e3-c737cd92ea57,DMM,Low Stretch Rope Lanyard 12.8mm Lime 20m,ppe,Lanyards,Polyester double braid / Nylon core,"EN358:2018, EN795B:2012, PD CEN/TS 16415:2013",RPL128-2-GN-20,10,999,,,,12.8,12.8,,,,https://eu.dmmwales.com/products/low-stretch-rope-lanyards,,,
e4cc9864-06ff-445a-a816-c72c1850cdbf,DMM,Mini Swivel Matt Grey,ppe,Swivels,Aluminium alloy,RFU PPE-R/11.135 Version 3,SW400MG,999,999,26 kN,,,,,,,https://assets.dmmwales.com/download/406/,https://eu.dmmwales.com/products/mini-swivels,,,
4a3fd1fe-f1eb-4513-91fa-7d284ac88a92,DMM,Mini Swivel Silver/Green,ppe,Swivels,Aluminium alloy,RFU PPE-R/11.135 Version 3,SW400,999,999,26 kN,,,,,,,https://assets.dmmwales.com/download/406/,https://eu.dmmwales.com/products/mini-swivels,,,
7aa410a8-a437-4165-8ce1-bf761aabb5b8,DMM,Nexus Bow to Bow Matt Grey,ppe,Swivels,Aluminium alloy,RFU PPE-R/11.135 Version 3,SW490MG,999,999,26 kN,,,,,,,https://assets.dmmwales.com/download/406/,https://eu.dmmwales.com/products/nexus,,,
1d11277b-0ef2-427e-b16f-aa3905d5a5d1,DMM,Nexus Bow to Bow Silver/Green,ppe,Swivels,Aluminium alloy,RFU PPE-R/11.135 Version 3,SW490,999,999,26 kN,,,,,,,https://assets.dmmwales.com/download/406/,https://eu.dmmwales.com/products/nexus,,,
60a7ca64-a8dd-41e8-a118-483772ac030f,DMM,Nexus Bow to D Matt Grey,ppe,Swivels,Aluminium alloy,RFU PPE-R/11.135 Version 3,SW470MG,999,999,26 kN,,,,,,,https://assets.dmmwales.com/download/406/,https://eu.dmmwales.com/products/nexus,,,
4338b863-a31c-4121-8afc-0a5ddafd3beb,DMM,Nexus Bow to D Silver/Green,ppe,Swivels,Aluminium alloy,RFU PPE-R/11.135 Version 3,SW470,999,999,26 kN,,,,,,,https://assets.dmmwales.com/download/406/,https://eu.dmmwales.com/products/nexus,,,
40ff9ff1-7771-4549-8f5a-f1d159ea75ec,DMM,Nexus D to D Matt Grey,ppe,Swivels,Aluminium alloy,RFU PPE-R/11.135 Version 3,SW480MG,999,999,26 kN,,,,,,,https://assets.dmmwales.com/download/406/,https://eu.dmmwales.com/products/nexus,,,
1d2f00c9-085c-4aea-84ed-104bb089c945,DMM,Nexus D to D Silver/Green,ppe,Swivels,Aluminium alloy,RFU PPE-R/11.135 Version 3,SW480,999,999,26 kN,,,,,,,https://assets.dmmwales.com/download/406/,https://eu.dmmwales.com/products/nexus,,,
c8395136-74ba-4e35-9a75-1bd7868a696c,DMM,Nomad 11.8mm Blueberry Blue 3m,ppe,Lanyards,Polyester double braid / Nylon core,"EN358:2018, EN795B:2012, PD CEN/TS 16415:2013",RPS118-EYE-BL-3,10,999,,,150,11.8,11.8,,,https://assets.dmmwales.com/download/1490/,https://eu.dmmwales.com/products/nomad,,,
39d15401-bfa0-4f6f-9445-e0b9a7aa001f,DMM,Nomad 11.8mm Blueberry Blue 4m,ppe,Lanyards,Polyester double braid / Nylon core,"EN358:2018, EN795B:2012, PD CEN/TS 16415:2013",RPS118-EYE-BL-4,10,999,,,150,11.8,11.8,,,https://assets.dmmwales.com/download/1490/,https://eu.dmmwales.com/products/nomad,,,
eac324a5-3c19-4bae-9acd-d82a2bde16a7,DMM,Nomad 11.8mm Blueberry Blue 5m,ppe,Lanyards,Polyester double braid / Nylon core,"EN358:2018, EN795B:2012, PD CEN/TS 16415:2013",RPS118-EYE-BL-5,10,999,,,150,11.8,11.8,,,https://assets.dmmwales.com/download/1490/,https://eu.dmmwales.com/products/nomad,,,
16e01c60-8bfb-4f3b-b19c-3dec606cbf1e,DMM,Nomad 11.8mm Blueberry Blue 7m,ppe,Lanyards,Polyester double braid / Nylon core,"EN358:2018, EN795B:2012, PD CEN/TS 16415:2013",RPS118-EYE-BL-7,10,999,,,150,11.8,11.8,,,https://assets.dmmwales.com/download/1490/,https://eu.dmmwales.com/products/nomad,,,
90adc46d-6ac2-47fa-a506-f6f61aee4b9b,DMM,Nomad 11.8mm Blueberry Blue 10m,ppe,Lanyards,Polyester double braid / Nylon core,"EN358:2018, EN795B:2012, PD CEN/TS 16415:2013",RPS118-EYE-BL-10,10,999,,,150,11.8,11.8,,,https://assets.dmmwales.com/download/1490/,https://eu.dmmwales.com/products/nomad,,,
a422c833-d720-4cc1-9138-43f2bb36302c,DMM,Nomad 11.8mm Blueberry Blue 15m,ppe,Lanyards,Polyester double braid / Nylon core,"EN358:2018, EN795B:2012, PD CEN/TS 16415:2013",RPS118-EYE-BL-15,10,999,,,150,11.8,11.8,,,https://assets.dmmwales.com/download/1490/,https://eu.dmmwales.com/products/nomad,,,
756b02e2-0e81-4b06-9a69-5b4f98db26bc,DMM,Nomad 11.8mm Blueberry Blue 20m,ppe,Lanyards,Polyester double braid / Nylon core,"EN358:2018, EN795B:2012, PD CEN/TS 16415:2013",RPS118-EYE-BL-20,10,999,,,150,11.8,11.8,,,https://assets.dmmwales.com/download/1490/,https://eu.dmmwales.com/products/nomad,,,
17fbe621-e363-47a1-81e0-4ac5014c9545,DMM,Nomad 11.8mm Mango Orange 3m,ppe,Lanyards,Polyester double braid / Nylon core,"EN358:2018, EN795B:2012, PD CEN/TS 16415:2013",RPS118-EYE-OR-3,10,999,,,150,11.8,11.8,,,https://assets.dmmwales.com/download/1490/,https://eu.dmmwales.com/products/nomad,,,
e15c2e4b-a37d-4889-a544-495f534fcc26,DMM,Nomad 11.8mm Mango Orange 4m,ppe,Lanyards,Polyester double braid / Nylon core,"EN358:2018, EN795B:2012, PD CEN/TS 16415:2013",RPS118-EYE-OR-4,10,999,,,150,11.8,11.8,,,https://assets.dmmwales.com/download/1490/,https://eu.dmmwales.com/products/nomad,,,
646e8d3e-a807-4fed-8270-997f79e6c49b,DMM,Nomad 11.8mm Mango Orange 5m,ppe,Lanyards,Polyester double braid / Nylon core,"EN358:2018, EN795B:2012, PD CEN/TS 16415:2013",RPS118-EYE-OR-5,10,999,,,150,11.8,11.8,,,https://assets.dmmwales.com/download/1490/,https://eu.dmmwales.com/products/nomad,,,
6baf0e7b-7856-442d-ab17-a3974eca6b08,DMM,Nomad 11.8mm Mango Orange 7m,ppe,Lanyards,Polyester double braid / Nylon core,"EN358:2018, EN795B:2012, PD CEN/TS 16415:2013",RPS118-EYE-OR-7,10,999,,,150,11.8,11.8,,,https://assets.dmmwales.com/download/1490/,https://eu.dmmwales.com/products/nomad,,,
c694d0e8-920b-47a7-af5b-c0fd7f0a5a37,DMM,Nomad 11.8mm Mango Orange 10m,ppe,Lanyards,Polyester double braid / Nylon core,"EN358:2018, EN795B:2012, PD CEN/TS 16415:2013",RPS118-EYE-OR-10,10,999,,,150,11.8,11.8,,,https://assets.dmmwales.com/download/1490/,https://eu.dmmwales.com/products/nomad,,,
a24c713e-0911-4edf-961e-54fafc5cb8c2,DMM,Nomad 11.8mm Mango Orange 15m,ppe,Lanyards,Polyester double braid / Nylon core,"EN358:2018, EN795B:2012, PD CEN/TS 16415:2013",RPS118-EYE-OR-15,10,999,,,150,11.8,11.8,,,https://assets.dmmwales.com/download/1490/,https://eu.dmmwales.com/products/nomad,,,
175f0e99-9540-4a27-a226-50062fb793a9,DMM,Nomad 11.8mm Mango Orange 20m,ppe,Lanyards,Polyester double braid / Nylon core,"EN358:2018, EN795B:2012, PD CEN/TS 16415:2013",RPS118-EYE-OR-20,10,999,,,150,11.8,11.8,,,https://assets.dmmwales.com/download/1490/,https://eu.dmmwales.com/products/nomad,,,
b67a145b-f975-4e6a-8d9b-8f0a8293f0c4,DMM,Nomad 12.8mm Lemon Yellow 3m,ppe,Lanyards,Polyester double braid / Nylon core,"EN358:2018, EN795B:2012, PD CEN/TS 16415:2013",RPS128-EYE-YW-3,10,999,,,150,12.8,12.8,,,https://assets.dmmwales.com/download/1490/,https://eu.dmmwales.com/products/nomad,,,
82e488e7-022d-4b78-b9e6-afc1a202ee15,DMM,Nomad 12.8mm Lemon Yellow 4m,ppe,Lanyards,Polyester double braid / Nylon core,"EN358:2018, EN795B:2012, PD CEN/TS 16415:2013",RPS128-EYE-YW-4,10,999,,,150,12.8,12.8,,,https://assets.dmmwales.com/download/1490/,https://eu.dmmwales.com/products/nomad,,,
706f5d1b-3565-4828-9b96-0945ea2e3f42,DMM,Nomad 12.8mm Lemon Yellow 5m,ppe,Lanyards,Polyester double braid / Nylon core,"EN358:2018, EN795B:2012, PD CEN/TS 16415:2013",RPS128-EYE-YW-5,10,999,,,150,12.8,12.8,,,https://assets.dmmwales.com/download/1490/,https://eu.dmmwales.com/products/nomad,,,
55aeeeb9-7153-4cc2-bef6-15d993326bd0,DMM,Nomad 12.8mm Lemon Yellow 7m,ppe,Lanyards,Polyester double braid / Nylon core,"EN358:2018, EN795B:2012, PD CEN/TS 16415:2013",RPS128-EYE-YW-7,10,999,,,150,12.8,12.8,,,https://assets.dmmwales.com/download/1490/,https://eu.dmmwales.com/products/nomad,,,
f1317c38-333f-4fc0-a319-4caf0c99bf9f,DMM,Nomad 12.8mm Lemon Yellow 10m,ppe,Lanyards,Polyester double braid / Nylon core,"EN358:2018, EN795B:2012, PD CEN/TS 16415:2013",RPS128-EYE-YW-10,10,999,,,150,12.8,12.8,,,https://assets.dmmwales.com/download/1490/,https://eu.dmmwales.com/products/nomad,,,
7fa6b11d-b646-4305-8141-a9004d53483b,DMM,Nomad 12.8mm Lemon Yellow 15m,ppe,Lanyards,Polyester double braid / Nylon core,"EN358:2018, EN795B:2012, PD CEN/TS 16415:2013",RPS128-EYE-YW-15,10,999,,,150,12.8,12.8,,,https://assets.dmmwales.com/download/1490/,https://eu.dmmwales.com/products/nomad,,,
392ab201-210c-49b3-acb1-0250ad00152c,DMM,Nomad 12.8mm Lemon Yellow 20m,ppe,Lanyards,Polyester double braid / Nylon core,"EN358:2018, EN795B:2012, PD CEN/TS 16415:2013",RPS128-EYE-YW-20,10,999,,,150,12.8,12.8,,,https://assets.dmmwales.com/download/1490/,https://eu.dmmwales.com/products/nomad,,,
3a038e3a-2d02-4f50-b7b5-6ed3aa249faf,DMM,Nomad 12.8mm Lime Green 3m,ppe,Lanyards,Polyester double braid / Nylon core,"EN358:2018, EN795B:2012, PD CEN/TS 16415:2013",RPS128-EYE-GN-3,10,999,,,150,12.8,12.8,,,https://assets.dmmwales.com/download/1490/,https://eu.dmmwales.com/products/nomad,,,
85c4354e-c8e3-43be-9604-cf6f72057532,DMM,Nomad 12.8mm Lime Green 4m,ppe,Lanyards,Polyester double braid / Nylon core,"EN358:2018, EN795B:2012, PD CEN/TS 16415:2013",RPS128-EYE-GN-4,10,999,,,150,12.8,12.8,,,https://assets.dmmwales.com/download/1490/,https://eu.dmmwales.com/products/nomad,,,
6aedf6d9-769c-4262-99d9-4106efbe0c15,DMM,Nomad 12.8mm Lime Green 5m,ppe,Lanyards,Polyester double braid / Nylon core,"EN358:2018, EN795B:2012, PD CEN/TS 16415:2013",RPS128-EYE-GN-5,10,999,,,150,12.8,12.8,,,https://assets.dmmwales.com/download/1490/,https://eu.dmmwales.com/products/nomad,,,
446b2d03-8245-483f-b40f-9b06beac308b,DMM,Nomad 12.8mm Lime Green 7m,ppe,Lanyards,Polyester double braid / Nylon core,"EN358:2018, EN795B:2012, PD CEN/TS 16415:2013",RPS128-EYE-GN-7,10,999,,,150,12.8,12.8,,,https://assets.dmmwales.com/download/1490/,https://eu.dmmwales.com/products/nomad,,,
da1dfc95-c024-4647-9b17-4307024914a0,DMM,Nomad 12.8mm Lime Green 10m,ppe,Lanyards,Polyester double braid / Nylon core,"EN358:2018, EN795B:2012, PD CEN/TS 16415:2013",RPS128-EYE-GN-10,10,999,,,150,12.8,12.8,,,https://assets.dmmwales.com/download/1490/,https://eu.dmmwales.com/products/nomad,,,
ad152c9e-bd0e-4187-8a50-5fd661e06cd2,DMM,Nomad 12.8mm Lime Green 15m,ppe,Lanyards,Polyester double braid / Nylon core,"EN358:2018, EN795B:2012, PD CEN/TS 16415:2013",RPS128-EYE-GN-15,10,999,,,150,12.8,12.8,,,https://assets.dmmwales.com/download/1490/,https://eu.dmmwales.com/products/nomad,,,
e74faccd-b183-467f-8b58-4392129ae1a8,DMM,Nomad 12.8mm Lime Green 20m,ppe,Lanyards,Polyester double braid / Nylon core,"EN358:2018, EN795B:2012, PD CEN/TS 16415:2013",RPS128-EYE-GN-20,10,999,,,150,12.8,12.8,,,https://assets.dmmwales.com/download/1490/,https://eu.dmmwales.com/products/nomad,,,
745d5b28-d73b-403d-893e-684edfa0d145,DMM,Nomad+ 11.8mm Blueberry Blue 3m,ppe,Lanyards,Polyester double braid / Nylon core,"EN358:2018, EN795B:2012, PD CEN/TS 16415:2013",RPS118-DIR-BL-3,10,999,,,150,11.8,11.8,,,https://assets.dmmwales.com/download/1490/,https://eu.dmmwales.com/products/nomad,,,
6b7ee32c-2b5f-4ffa-8c03-52cdac4ec05c,DMM,Nomad+ 11.8mm Blueberry Blue 4m,ppe,Lanyards,Polyester double braid / Nylon core,"EN358:2018, EN795B:2012, PD CEN/TS 16415:2013",RPS118-DIR-BL-4,10,999,,,150,11.8,11.8,,,https://assets.dmmwales.com/download/1490/,https://eu.dmmwales.com/products/nomad,,,
41b4f64e-21ce-41d4-b8f3-28f8bce2fd9a,DMM,Nomad+ 11.8mm Blueberry Blue 5m,ppe,Lanyards,Polyester double braid / Nylon core,"EN358:2018, EN795B:2012, PD CEN/TS 16415:2013",RPS118-DIR-BL-5,10,999,,,150,11.8,11.8,,,https://assets.dmmwales.com/download/1490/,https://eu.dmmwales.com/products/nomad,,,
4d88915e-9803-4f5f-9231-fbfdc17626d4,DMM,Nomad+ 11.8mm Blueberry Blue 7m,ppe,Lanyards,Polyester double braid / Nylon core,"EN358:2018, EN795B:2012, PD CEN/TS 16415:2013",RPS118-DIR-BL-7,10,999,,,150,11.8,11.8,,,https://assets.dmmwales.com/download/1490/,https://eu.dmmwales.com/products/nomad,,,
35680f62-d01e-4225-b0d5-c53df5bd2c17,DMM,Nomad+ 11.8mm Blueberry Blue 10m,ppe,Lanyards,Polyester double braid / Nylon core,"EN358:2018, EN795B:2012, PD CEN/TS 16415:2013",RPS118-DIR-BL-10,10,999,,,150,11.8,11.8,,,https://assets.dmmwales.com/download/1490/,https://eu.dmmwales.com/products/nomad,,,
1826009d-7b67-4407-9baf-a47a998230e4,DMM,Nomad+ 11.8mm Blueberry Blue 15m,ppe,Lanyards,Polyester double braid / Nylon core,"EN358:2018, EN795B:2012, PD CEN/TS 16415:2013",RPS118-DIR-BL-15,10,999,,,150,11.8,11.8,,,https://assets.dmmwales.com/download/1490/,https://eu.dmmwales.com/products/nomad,,,
135ac0e7-884c-4206-8790-e10e4f295eab,DMM,Nomad+ 11.8mm Blueberry Blue 20m,ppe,Lanyards,Polyester double braid / Nylon core,"EN358:2018, EN795B:2012, PD CEN/TS 16415:2013",RPS118-DIR-BL-20,10,999,,,150,11.8,11.8,,,https://assets.dmmwales.com/download/1490/,https://eu.dmmwales.com/products/nomad,,,
40318744-7924-44cf-b8c7-30d02773f07e,DMM,Nomad+ 11.8mm Mango Orange 3m,ppe,Lanyards,Polyester double braid / Nylon core,"EN358:2018, EN795B:2012, PD CEN/TS 16415:2013",RPS118-DIR-OR-3,10,999,,,150,11.8,11.8,,,https://assets.dmmwales.com/download/1490/,https://eu.dmmwales.com/products/nomad,,,
5e751725-bfc1-4466-b89e-ae2a952c18e9,DMM,Nomad+ 11.8mm Mango Orange 4m,ppe,Lanyards,Polyester double braid / Nylon core,"EN358:2018, EN795B:2012, PD CEN/TS 16415:2013",RPS118-DIR-OR-4,10,999,,,150,11.8,11.8,,,https://assets.dmmwales.com/download/1490/,https://eu.dmmwales.com/products/nomad,,,
0fd8b8dc-8927-4760-a8ef-ed18ca8d7f99,DMM,Nomad+ 11.8mm Mango Orange 5m,ppe,Lanyards,Polyester double braid / Nylon core,"EN358:2018, EN795B:2012, PD CEN/TS 16415:2013",RPS118-DIR-OR-5,10,999,,,150,11.8,11.8,,,https://assets.dmmwales.com/download/1490/,https://eu.dmmwales.com/products/nomad,,,
3b9df379-3d55-49c4-b690-abbe22abcc16,DMM,Nomad+ 11.8mm Mango Orange 7m,ppe,Lanyards,Polyester double braid / Nylon core,"EN358:2018, EN795B:2012, PD CEN/TS 16415:2013",RPS118-DIR-OR-7,10,999,,,150,11.8,11.8,,,https://assets.dmmwales.com/download/1490/,https://eu.dmmwales.com/products/nomad,,,
d01b8d00-4084-4b96-b81e-497398c21743,DMM,Nomad+ 11.8mm Mango Orange 10m,ppe,Lanyards,Polyester double braid / Nylon core,"EN358:2018, EN795B:2012, PD CEN/TS 16415:2013",RPS118-DIR-OR-10,10,999,,,150,11.8,11.8,,,https://assets.dmmwales.com/download/1490/,https://eu.dmmwales.com/products/nomad,,,
b4dd3b69-a580-4262-bc1d-df51b4f982e0,DMM,Nomad+ 11.8mm Mango Orange 15m,ppe,Lanyards,Polyester double braid / Nylon core,"EN358:2018, EN795B:2012, PD CEN/TS 16415:2013",RPS118-DIR-OR-15,10,999,,,150,11.8,11.8,,,https://assets.dmmwales.com/download/1490/,https://eu.dmmwales.com/products/nomad,,,
e192d46d-6980-4e26-b808-c11bbf2bd30c,DMM,Nomad+ 11.8mm Mango Orange 20m,ppe,Lanyards,Polyester double braid / Nylon core,"EN358:2018, EN795B:2012, PD CEN/TS 16415:2013",RPS118-DIR-OR-20,10,999,,,150,11.8,11.8,,,https://assets.dmmwales.com/download/1490/,https://eu.dmmwales.com/products/nomad,,,
8df33885-f0f7-493a-83b3-cde5e90f6496,DMM,Nomad+ 12.8mm Lemon Yellow 3m,ppe,Lanyards,Polyester double braid / Nylon core,"EN358:2018, EN795B:2012, PD CEN/TS 16415:2013",RPS128-DIR-YW-3,10,999,,,150,12.8,12.8,,,https://assets.dmmwales.com/download/1490/,https://eu.dmmwales.com/products/nomad,,,
f3267e50-1781-4080-947d-48bccf6b8051,DMM,Nomad+ 12.8mm Lemon Yellow 4m,ppe,Lanyards,Polyester double braid / Nylon core,"EN358:2018, EN795B:2012, PD CEN/TS 16415:2013",RPS128-DIR-YW-4,10,999,,,150,12.8,12.8,,,https://assets.dmmwales.com/download/1490/,https://eu.dmmwales.com/products/nomad,,,
99a32afb-0aea-4910-9856-d0320e5fb110,DMM,Nomad+ 12.8mm Lemon Yellow 5m,ppe,Lanyards,Polyester double braid / Nylon core,"EN358:2018, EN795B:2012, PD CEN/TS 16415:2013",RPS128-DIR-YW-5,10,999,,,150,12.8,12.8,,,https://assets.dmmwales.com/download/1490/,https://eu.dmmwales.com/products/nomad,,,
57d63bba-7b68-462b-a3fd-4de466034d31,DMM,Nomad+ 12.8mm Lemon Yellow 7m,ppe,Lanyards,Polyester double braid / Nylon core,"EN358:2018, EN795B:2012, PD CEN/TS 16415:2013",RPS128-DIR-YW-7,10,999,,,150,12.8,12.8,,,https://assets.dmmwales.com/download/1490/,https://eu.dmmwales.com/products/nomad,,,
cd4d0888-eed5-4a8c-b66f-ed501c234b92,DMM,Nomad+ 12.8mm Lemon Yellow 10m,ppe,Lanyards,Polyester double braid / Nylon core,"EN358:2018, EN795B:2012, PD CEN/TS 16415:2013",RPS128-DIR-YW-10,10,999,,,150,12.8,12.8,,,https://assets.dmmwales.com/download/1490/,https://eu.dmmwales.com/products/nomad,,,
e091c80f-caec-4824-9dba-8a1d57c7f005,DMM,Nomad+ 12.8mm Lemon Yellow 15m,ppe,Lanyards,Polyester double braid / Nylon core,"EN358:2018, EN795B:2012, PD CEN/TS 16415:2013",RPS128-DIR-YW-15,10,999,,,150,12.8,12.8,,,https://assets.dmmwales.com/download/1490/,https://eu.dmmwales.com/products/nomad,,,
6b786e82-7cf3-4242-9c0e-396dfca23dca,DMM,Nomad+ 12.8mm Lemon Yellow 20m,ppe,Lanyards,Polyester double braid / Nylon core,"EN358:2018, EN795B:2012, PD CEN/TS 16415:2013",RPS128-DIR-YW-20,10,999,,,150,12.8,12.8,,,https://assets.dmmwales.com/download/1490/,https://eu.dmmwales.com/products/nomad,,,
7ae3d5b4-283f-4bd4-b51a-e44a2f5e40db,DMM,Nomad+ 12.8mm Lime Green 3m,ppe,Lanyards,Polyester double braid / Nylon core,"EN358:2018, EN795B:2012, PD CEN/TS 16415:2013",RPS128-DIR-GN-3,10,999,,,150,12.8,12.8,,,https://assets.dmmwales.com/download/1490/,https://eu.dmmwales.com/products/nomad,,,
9f711606-27b8-4347-bde9-a4a3f3d5d923,DMM,Nomad+ 12.8mm Lime Green 4m,ppe,Lanyards,Polyester double braid / Nylon core,"EN358:2018, EN795B:2012, PD CEN/TS 16415:2013",RPS128-DIR-GN-4,10,999,,,150,12.8,12.8,,,https://assets.dmmwales.com/download/1490/,https://eu.dmmwales.com/products/nomad,,,
74c03b1d-cdd7-43fa-995b-cdafb2755b97,DMM,Nomad+ 12.8mm Lime Green 5m,ppe,Lanyards,Polyester double braid / Nylon core,"EN358:2018, EN795B:2012, PD CEN/TS 16415:2013",RPS128-DIR-GN-5,10,999,,,150,12.8,12.8,,,https://assets.dmmwales.com/download/1490/,https://eu.dmmwales.com/products/nomad,,,
92ad90d7-ee73-4ffe-8f46-1b2fc8b0915f,DMM,Nomad+ 12.8mm Lime Green 7m,ppe,Lanyards,Polyester double braid / Nylon core,"EN358:2018, EN795B:2012, PD CEN/TS 16415:2013",RPS128-DIR-GN-7,10,999,,,150,12.8,12.8,,,https://assets.dmmwales.com/download/1490/,https://eu.dmmwales.com/products/nomad,,,
13fd1548-b350-4b76-b967-6a97d9f4607f,DMM,Nomad+ 12.8mm Lime Green 10m,ppe,Lanyards,Polyester double braid / Nylon core,"EN358:2018, EN795B:2012, PD CEN/TS 16415:2013",RPS128-DIR-GN-10,10,999,,,150,12.8,12.8,,,https://assets.dmmwales.com/download/1490/,https://eu.dmmwales.com/products/nomad,,,
031185f0-3b58-489e-936a-7d54a875431e,DMM,Nomad+ 12.8mm Lime Green 15m,ppe,Lanyards,Polyester double braid / Nylon core,"EN358:2018, EN795B:2012, PD CEN/TS 16415:2013",RPS128-DIR-GN-15,10,999,,,150,12.8,12.8,,,https://assets.dmmwales.com/download/1490/,https://eu.dmmwales.com/products/nomad,,,
8d482a7d-e3a1-4ace-be9a-6819996a848d,DMM,Nomad+ 12.8mm Lime Green 20m,ppe,Lanyards,Polyester double braid / Nylon core,"EN358:2018, EN795B:2012, PD CEN/TS 16415:2013",RPS128-DIR-GN-20,10,999,,,150,12.8,12.8,,,https://assets.dmmwales.com/download/1490/,https://eu.dmmwales.com/products/nomad,,,
1d755f2e-3c94-4f01-b6b4-823000c3dec0,DMM,Nylon 16mm Sling Black 60cm,ppe,Slings & Lanyards,Nylon 16mm,"EN566:2017, EN354:2010, EN795:2012 B",MA1660BLK,999,999,22 kN,,,,,,,https://assets.dmmwales.com/download/147/,https://eu.dmmwales.com/products/nylon-16mm,,,
e918253a-fe2f-4a5d-b6f1-d3d2f5e8b24a,DMM,Nylon 16mm Sling Black 120cm,ppe,Slings & Lanyards,Nylon 16mm,"EN566:2017, EN354:2010, EN795:2012 B",MA16120BLK,999,999,22 kN,,,,,,,https://assets.dmmwales.com/download/147/,https://eu.dmmwales.com/products/nylon-16mm,,,
1b6deb6e-94bf-48cc-8509-733a3e666d7f,DMM,Nylon 16mm Sling Black 240cm,ppe,Slings & Lanyards,Nylon 16mm,"EN566:2017, EN354:2010, EN795:2012 B",MA16240BLK,999,999,22 kN,,,,,,,https://assets.dmmwales.com/download/147/,https://eu.dmmwales.com/products/nylon-16mm,,,
3ae48a5c-054e-442e-8de0-b46771ceccea,DMM,Nylon 16mm Sling Blue 120cm,ppe,Slings & Lanyards,Nylon 16mm,"EN566:2017, EN354:2010, EN795:2012 B",MA16120BL,999,999,22 kN,,,,,,,https://assets.dmmwales.com/download/147/,https://eu.dmmwales.com/products/nylon-16mm,,,
34df2f06-d6ee-401d-a8df-98ff407e8454,DMM,Nylon 16mm Sling Red 60cm,ppe,Slings & Lanyards,Nylon 16mm,"EN566:2017, EN354:2010, EN795:2012 B",MA1660RD,999,999,22 kN,,,,,,,https://assets.dmmwales.com/download/147/,https://eu.dmmwales.com/products/nylon-16mm,,,
62e3e616-aef1-4dd1-a6e1-1b64e3e8541c,DMM,Nylon 16mm Sling Red 240cm,ppe,Slings & Lanyards,Nylon 16mm,"EN566:2017, EN354:2010, EN795:2012 B",MA16240RD,999,999,22 kN,,,,,,,https://assets.dmmwales.com/download/147/,https://eu.dmmwales.com/products/nylon-16mm,,,
52715a89-9962-415c-bffb-0e1d97136b70,DMM,Nylon 26mm Sling 60cm,ppe,Slings & Lanyards,Nylon 26mm,"EN566:2017, EN354:2010, EN795:2012 B",MA2660BLK,999,999,30 kN,,,,,,,https://assets.dmmwales.com/download/147/,https://eu.dmmwales.com/products/nylon-26mm,,,
8142b9d4-cd41-4d96-b46f-5437b1de797c,DMM,Nylon 26mm Sling 120cm,ppe,Slings & Lanyards,Nylon 26mm,"EN566:2017, EN354:2010, EN795:2012 B",MA26120BLK,999,999,30 kN,,,,,,,https://assets.dmmwales.com/download/147/,https://eu.dmmwales.com/products/nylon-26mm,,,
3e434e44-30b6-4de6-bc91-7c7ff0911e5c,DMM,Nylon 26mm Sling 240cm,ppe,Slings & Lanyards,Nylon 26mm,"EN566:2017, EN354:2010, EN795:2012 B",MA26240BLK,999,999,30 kN,,,,,,,https://assets.dmmwales.com/download/147/,https://eu.dmmwales.com/products/nylon-26mm,,,
bbc63661-3330-41e1-8a7b-05e90c9b8a54,DMM,Nylon Vari-width QD Sling 12cm,ppe,Slings & Lanyards,Nylon (16-26mm),EN566:2017,MA16SL12,999,999,22 kN,,,,,,,https://assets.dmmwales.com/download/147/,https://eu.dmmwales.com/products/nylon-vari-width,,,
86ce74bc-e514-48ab-b834-90bea46ac0d8,DMM,Nylon Vari-width QD Sling 18cm,ppe,Slings & Lanyards,Nylon (16-26mm),EN566:2017,MA16SL18,999,999,22 kN,,,,,,,https://assets.dmmwales.com/download/147/,https://eu.dmmwales.com/products/nylon-vari-width,,,
521f9efa-6408-4d21-a003-1a3065711ea2,DMM,Nylon Vari-width QD Sling 25cm,ppe,Slings & Lanyards,Nylon (16-26mm),EN566:2017,MA16SL25,999,999,22 kN,,,,,,,https://assets.dmmwales.com/download/147/,https://eu.dmmwales.com/products/nylon-vari-width,,,
d7d6c051-145b-4caa-9a0d-d6c504e9bdaa,DMM,PerfectO Locking Kwiklock Captive Bar Titanium,ppe,Connectors,Aluminium alloy,"EN12275:2013 X/B/T, EN362:2004 B/T",A593CB,999,999,24 kN,,,,,,,https://assets.dmmwales.com/download/114/,https://eu.dmmwales.com/products/perfecto,,,
5c71d3db-4b45-4c2e-a70d-eb4792920b0c,DMM,PerfectO Locking Kwiklock Titanium,ppe,Connectors,Aluminium alloy,"EN12275:2013 X/B, EN362:2004 B",A593,999,999,24 kN,,,,,,,https://assets.dmmwales.com/download/114/,https://eu.dmmwales.com/products/perfecto,,,
8b51cd01-43b3-4b6b-af0a-498848683e97,DMM,PerfectO Locking Locksafe Captive Bar Titanium,ppe,Connectors,Aluminium alloy,"EN12275:2013 X/B/T, EN362:2004 B/T",A597CB,999,999,24 kN,,,,,,,https://assets.dmmwales.com/download/114/,https://eu.dmmwales.com/products/perfecto,,,
74567dbd-30f4-43ec-a731-1d13df3c8df2,DMM,PerfectO Locking Locksafe Lime,ppe,Connectors,Aluminium alloy,"EN12275:2013 X/B, EN362:2004 B",A597LG,999,999,24 kN,,,,,,,https://assets.dmmwales.com/download/114/,https://eu.dmmwales.com/products/perfecto,,,
0becfdb2-403e-44d1-ac7d-1fb08748590e,DMM,PerfectO Locking Locksafe Matt Grey,ppe,Connectors,Aluminium alloy,"EN12275:2013 X/B, EN362:2004 B",A597MG,999,999,24 kN,,,,,,,https://assets.dmmwales.com/download/114/,https://eu.dmmwales.com/products/perfecto,,,
14841d5b-af09-41d9-adf4-ddfad907b64b,DMM,PerfectO Locking Locksafe Orange,ppe,Connectors,Aluminium alloy,"EN12275:2013 X/B, EN362:2004 B",A597OR,999,999,24 kN,,,,,,,https://assets.dmmwales.com/download/114/,https://eu.dmmwales.com/products/perfecto,,,
0fd16b2b-948d-4094-bba1-79991158e772,DMM,PerfectO Locking Locksafe Titanium,ppe,Connectors,Aluminium alloy,"EN12275:2013 X/B, EN362:2004 B",A597,999,999,24 kN,,,,,,,https://assets.dmmwales.com/download/114/,https://eu.dmmwales.com/products/perfecto,,,
eb38a231-4c6e-4cfa-88fc-1dcc2495eee5,DMM,PerfectO Locking Screwgate Captive Bar Titanium,ppe,Connectors,Aluminium alloy,"EN12275:2013 X/B/T, EN362:2004 B/T",A592CB,999,999,24 kN,,,,,,,https://assets.dmmwales.com/download/114/,https://eu.dmmwales.com/products/perfecto,,,
944e9ef6-8863-49c5-9db8-84730562a5fb,DMM,PerfectO Locking Screwgate Lime,ppe,Connectors,Aluminium alloy,"EN12275:2013 X/B, EN362:2004 B",A592LG,999,999,24 kN,,,,,,,https://assets.dmmwales.com/download/114/,https://eu.dmmwales.com/products/perfecto,,,
6b390ede-7496-450d-bbd2-43692c669a69,DMM,PerfectO Locking Screwgate Matt Grey,ppe,Connectors,Aluminium alloy,"EN12275:2013 X/B, EN362:2004 B",A592MG,999,999,24 kN,,,,,,,https://assets.dmmwales.com/download/114/,https://eu.dmmwales.com/products/perfecto,,,
12c93b10-36aa-45d8-8fa1-85b8f97ba777,DMM,PerfectO Locking Screwgate Orange,ppe,Connectors,Aluminium alloy,"EN12275:2013 X/B, EN362:2004 B",A592OR,999,999,24 kN,,,,,,,https://assets.dmmwales.com/download/114/,https://eu.dmmwales.com/products/perfecto,,,
4fb8b0cc-07bb-4ad7-87ca-4978c1f3e15a,DMM,PerfectO Locking Screwgate Titanium,ppe,Connectors,Aluminium alloy,"EN12275:2013 X/B, EN362:2004 B",A592,999,999,24 kN,,,,,,,https://assets.dmmwales.com/download/114/,https://eu.dmmwales.com/products/perfecto,,,
28cd0811-57e8-4436-9cbf-4fab5b89cd3e,DMM,PerfectO Locksafe Big Canopy Campout Edition,ppe,Connectors,Aluminium alloy,"EN12275:2013 X/B, EN362:2004 B",A597-DNS00077,999,999,24 kN,,,,,,,https://assets.dmmwales.com/download/114/,https://eu.dmmwales.com/products/perfecto-locksafe-dns00077,,,
f0bfff50-55d2-4cc4-b86c-e0e78eda12c4,DMM,Phantom HMS Kwiklock Titanium,ppe,Connectors,Aluminium alloy,"EN362:2004 B, EN12275:2013 B/H",A573,999,999,25 kN,,,,,,,https://assets.dmmwales.com/download/114/,https://eu.dmmwales.com/products/phantom-hms,,,
bab99e41-e230-4ab5-a6f8-be25b77bc6ef,DMM,Phantom HMS Locksafe Matt Grey,ppe,Connectors,Aluminium alloy,"EN362:2004 B, EN12275:2013 B/H",A577MG,999,999,25 kN,,,,,,,https://assets.dmmwales.com/download/114/,https://eu.dmmwales.com/products/phantom-hms,,,
0a022778-8a88-4be6-a107-0701114ee1f5,DMM,Phantom HMS Locksafe Titanium,ppe,Connectors,Aluminium alloy,"EN362:2004 B, EN12275:2013 B/H",A577,999,999,25 kN,,,,,,,https://assets.dmmwales.com/download/114/,https://eu.dmmwales.com/products/phantom-hms,,,
c92c5953-4c8b-4106-970b-bd78c7b06f34,DMM,Phantom HMS Screwgate Lime,ppe,Connectors,Aluminium alloy,"EN362:2004 B, EN12275:2013 B/H",A572LG,999,999,25 kN,,,,,,,https://assets.dmmwales.com/download/114/,https://eu.dmmwales.com/products/phantom-hms,,,
f88ad6eb-1a3f-4790-992e-f9bf8b6588db,DMM,Phantom HMS Screwgate Matt Grey,ppe,Connectors,Aluminium alloy,"EN362:2004 B, EN12275:2013 B/H",A572MG,999,999,25 kN,,,,,,,https://assets.dmmwales.com/download/114/,https://eu.dmmwales.com/products/phantom-hms,,,
1d4171cb-5c5d-42dd-a2e2-307b76b02676,DMM,Phantom HMS Screwgate Orange,ppe,Connectors,Aluminium alloy,"EN362:2004 B, EN12275:2013 B/H",A572OR,999,999,25 kN,,,,,,,https://assets.dmmwales.com/download/114/,https://eu.dmmwales.com/products/phantom-hms,,,
b5463193-fe2a-4822-9852-b9d378d7cee4,DMM,Phantom HMS Screwgate Titanium,ppe,Connectors,Aluminium alloy,"EN362:2004 B, EN12275:2013 B/H",A572,999,999,25 kN,,,,,,,https://assets.dmmwales.com/download/114/,https://eu.dmmwales.com/products/phantom-hms,,,
379a5f54-b76a-4a97-aa44-27e2932f1045,DMM,Phantom Locking Lime,ppe,Connectors,Aluminium alloy,"EN362:2004 B, EN12275:2013 B, UIAA121:2009",A312LG,999,999,24 kN,,,,,,,https://assets.dmmwales.com/download/114/,https://eu.dmmwales.com/products/phantom-locking,,,
4d4e52d9-0ad4-4cfc-b3ce-87e131ba40ba,DMM,Phantom Locking Matt Grey,ppe,Connectors,Aluminium alloy,"EN362:2004 B, EN12275:2013 B, UIAA121:2009",A312MG,999,999,24 kN,,,,,,,https://assets.dmmwales.com/download/114/,https://eu.dmmwales.com/products/phantom-locking,,,
1ce5809b-7195-46ba-8619-17c9c70f6b4b,DMM,Phantom Locking Orange,ppe,Connectors,Aluminium alloy,"EN362:2004 B, EN12275:2013 B, UIAA121:2009",A312OR,999,999,24 kN,,,,,,,https://assets.dmmwales.com/download/114/,https://eu.dmmwales.com/products/phantom-locking,,,
1266abf3-d375-44fd-b63c-34827ebc189d,DMM,Phantom Locking Titanium,ppe,Connectors,Aluminium alloy,"EN362:2004 B, EN12275:2013 B, UIAA121:2009",A312,999,999,24 kN,,,,,,,https://assets.dmmwales.com/download/114/,https://eu.dmmwales.com/products/phantom-locking,,,
881ac635-46d3-4106-86ea-31ff555064e7,DMM,Pink 2025 Belay Master,ppe,Connectors,Aluminium alloy,"EN362:2004 B/T, EN12275:2013 B/H/T, UIAA121:2009",A872PK,999,999,25 kN,,,,,,,https://assets.dmmwales.com/download/114/,https://eu.dmmwales.com/products/pink-2025,,,
7462cebb-61b5-41ac-827d-d083dad0b6dd,DMM,Pink 2025 Pinto 2,ppe,Pulleys,Aluminium alloy,EN12278:2007,PUL131PK,999,999,35 kN,10 kN,,,14,,,https://assets.dmmwales.com/download/1340/,https://eu.dmmwales.com/products/pink-2025,,,
0ef1fdfe-9442-4055-915e-0b394318887a,DMM,Pinto 2 Matt Grey,ppe,Pulleys,Aluminium alloy,EN12278:2007,PUL131MG,999,999,35 kN,10 kN,,,14,,,https://assets.dmmwales.com/download/1340/,https://eu.dmmwales.com/products/pinto-2,,,
2bafbc61-3949-4205-bd8c-757add0c817f,DMM,Pinto 2 Red,ppe,Pulleys,Aluminium alloy,EN12278:2007,PUL131,999,999,35 kN,10 kN,,,14,,,https://assets.dmmwales.com/download/1340/,https://eu.dmmwales.com/products/pinto-2,,,
54b2a885-9bb6-41ff-b47c-b92c8c4eda3b,DMM,Pinto Matt Grey,ppe,Pulleys,Aluminium alloy,"EN12278:2007, NFPA 2500 (1983) 2022 ED (G)",PUL110MG,999,999,50 kN,10 kN,,,14,,,https://assets.dmmwales.com/download/126/,https://eu.dmmwales.com/products/pinto-pulley,,,
89e420ad-79b9-4dd1-b17e-48c206773b00,DMM,Pinto Red,ppe,Pulleys,Aluminium alloy,"EN12278:2007, NFPA 2500 (1983) 2022 ED (G)",PUL110,999,999,50 kN,10 kN,,,14,,,https://assets.dmmwales.com/download/126/,https://eu.dmmwales.com/products/pinto-pulley,,,
537abaa4-cc12-44e8-b82c-ccf498a07c9c,DMM,Pinto Rig 2 Matt Grey,ppe,Pulleys,Aluminium alloy,EN12278:2007,PUL141MG,999,999,50 kN,10 kN,,,16,,,https://assets.dmmwales.com/download/1340/,https://eu.dmmwales.com/products/pinto-2,,,
eba767b3-e760-4a6b-9e81-59667cecc8ea,DMM,Pinto Rig 2 Purple,ppe,Pulleys,Aluminium alloy,EN12278:2007,PUL141,999,999,50 kN,10 kN,,,16,,,https://assets.dmmwales.com/download/1340/,https://eu.dmmwales.com/products/pinto-2,,,
03b8b195-72f8-4316-ba99-dd2cb89b5902,DMM,Pinto Rig Matt Grey,ppe,Pulleys,Aluminium alloy,"EN12278:2007, NFPA 2500 (1983) 2022 ED (G)",PUL120MG,999,999,50 kN,10 kN,,,14,,,https://assets.dmmwales.com/download/126/,https://dmmwales.com/products/pinto-rig,,,
fda75ad6-a83d-439f-80eb-41ed29cc88e9,DMM,Pinto Rig Purple,ppe,Pulleys,Aluminium alloy,"EN12278:2007, NFPA 2500 (1983) 2022 ED (G)",PUL120,999,999,50 kN,10 kN,,,14,,,https://assets.dmmwales.com/download/126/,https://dmmwales.com/products/pinto-rig,,,
02d6a8bf-b696-48fe-85d9-116083dd7733,DMM,Revolver Lime Screwgate,ppe,Connectors,Aluminium alloy,"EN362:2004 B, EN12275:2013 B, UIAA121:2009",A272LG,999,999,24 kN,,,,,,,https://assets.dmmwales.com/download/135/,https://eu.dmmwales.com/products/revolver-locking,,,
4d315ea3-85e1-4022-bec3-82ffa79b198f,DMM,Revolver Matt Grey Locksafe,ppe,Connectors,Aluminium alloy,"EN362:2004 B, EN12275:2013 B, UIAA121:2009",A277MG,999,999,24 kN,,,,,,,https://assets.dmmwales.com/download/135/,https://eu.dmmwales.com/products/revolver-locking,,,
79c130c7-cacb-43b6-9753-34b0d83a4d32,DMM,Revolver Matt Grey Screwgate,ppe,Connectors,Aluminium alloy,"EN362:2004 B, EN12275:2013 B, UIAA121:2009",A272MG,999,999,24 kN,,,,,,,https://assets.dmmwales.com/download/135/,https://eu.dmmwales.com/products/revolver-locking,,,
4a847fb8-e138-40b3-9693-394539434453,DMM,Revolver Rig Durolock,ppe,Connectors,Aluminium alloy,"EN362:2004 B/T, EN12278:2007",A5841CB,999,999,25 kN,,,,,,,https://assets.dmmwales.com/download/138/,https://eu.dmmwales.com/products/revolver-rig,,,
5b500680-bef1-4380-82d8-4b03d38c6d07,DMM,Revolver Rig Durolock Twin,ppe,Connectors,Aluminium alloy,"EN362:2004 T, EN12278:2007",A5842CB,999,999,25 kN,,,,,,,https://assets.dmmwales.com/download/138/,https://eu.dmmwales.com/products/revolver-rig,,,
f0594ca2-6b2f-47bc-bf09-75615b848d1b,DMM,Revolver Rig Locksafe,ppe,Connectors,Aluminium alloy,"EN362:2004 B/T, EN12278:2007",A5871CB,999,999,25 kN,,,,,,,https://assets.dmmwales.com/download/138/,https://eu.dmmwales.com/products/revolver-rig,,,
1e52e380-7916-44ff-a0e0-b1065825ac98,DMM,Revolver Rig Locksafe Twin,ppe,Connectors,Aluminium alloy,"EN362:2004 T, EN12278:2007",A5872CB,999,999,25 kN,,,,,,,https://assets.dmmwales.com/download/138/,https://eu.dmmwales.com/products/revolver-rig,,,
b495f89f-a802-488f-91b0-94355b72bf61,DMM,Revolver Rig Screwgate,ppe,Connectors,Aluminium alloy,"EN362:2004 B/T, EN12278:2007",A5821CB,999,999,25 kN,,,,,,,https://assets.dmmwales.com/download/138/,https://eu.dmmwales.com/products/revolver-rig,,,
23de6d16-5a64-4c8d-bd15-e2398844fd88,DMM,Revolver Rig Screwgate Twin,ppe,Connectors,Aluminium alloy,"EN362:2004 T, EN12278:2007",A5822CB,999,999,25 kN,,,,,,,https://assets.dmmwales.com/download/138/,https://eu.dmmwales.com/products/revolver-rig,,,
decd6874-6719-47c7-b073-d3a982ff252e,DMM,Revolver Titanium Kwiklock,ppe,Connectors,Aluminium alloy,"EN362:2004 B, EN12275:2013 B, UIAA121:2009",A273,999,999,24 kN,,,,,,,https://assets.dmmwales.com/download/135/,https://eu.dmmwales.com/products/revolver-locking,,,
03bc8aac-5323-4ab3-8edb-097761fb4fb9,DMM,Revolver Titanium Locksafe,ppe,Connectors,Aluminium alloy,"EN362:2004 B, EN12275:2013 B, UIAA121:2009",A277,999,999,24 kN,,,,,,,https://assets.dmmwales.com/download/135/,https://eu.dmmwales.com/products/revolver-locking,,,
51ff99c1-b14e-4e15-9dc7-ce9af1a71a92,DMM,Revolver Titanium Screwgate,ppe,Connectors,Aluminium alloy,"EN362:2004 B, EN12275:2013 B, UIAA121:2009",A272,999,999,24 kN,,,,,,,https://assets.dmmwales.com/download/135/,https://eu.dmmwales.com/products/revolver-locking,,,
bad27d97-ff94-41e0-90f9-9f98454c1bc3,DMM,Revolver Wiregate Lime,ppe,Pulleys,Aluminium alloy,"EN12275:2013 B, UIAA121:2009 Class B",A238LG,999,999,24 kN,,,,,,,https://assets.dmmwales.com/download/135/,https://eu.dmmwales.com/products/revolver,,,
2d500bde-3329-44d2-8385-ca45a5f6f8fd,DMM,Revolver Wiregate Matt Grey,ppe,Pulleys,Aluminium alloy,"EN12275:2013 B, UIAA121:2009 Class B",A238MG,999,999,24 kN,,,,,,,https://assets.dmmwales.com/download/135/,https://eu.dmmwales.com/products/revolver,,,
ae00f360-dd2b-4a61-bc4e-a069283d4fd2,DMM,Revolver Wiregate Titanium,ppe,Pulleys,Aluminium alloy,"EN12275:2013 B, UIAA121:2009 Class B",A238,999,999,24 kN,,,,,,,https://assets.dmmwales.com/download/135/,https://eu.dmmwales.com/products/revolver,,,
1d767dd3-4763-43e9-8a61-389ba3a2e5b3,DMM,Rhino Kwiklock Titanium,ppe,Connectors,Aluminium alloy,"EN362:2004 B, EN12275:2013 B/H",A543,999,999,27 kN,,,,,,,https://assets.dmmwales.com/download/114/,https://eu.dmmwales.com/products/rhino,,,
5f353396-a50f-40ce-af64-0b2b494c438c,DMM,Rhino Locksafe Matt Grey,ppe,Connectors,Aluminium alloy,"EN362:2004 B, EN12275:2013 B/H",A547MG,999,999,27 kN,,,,,,,https://assets.dmmwales.com/download/114/,https://eu.dmmwales.com/products/rhino,,,
59cb8f32-3b33-4fd0-b748-a6de54b9fa59,DMM,Rhino Locksafe Titanium,ppe,Connectors,Aluminium alloy,"EN362:2004 B, EN12275:2013 B/H",A547,999,999,27 kN,,,,,,,https://assets.dmmwales.com/download/114/,https://eu.dmmwales.com/products/rhino,,,
8cbbfbc3-b192-4639-8307-72608c62d482,DMM,Rhino Screwgate Matt Grey,ppe,Connectors,Aluminium alloy,"EN362:2004 B, EN12275:2013 B/H",A542MG,999,999,27 kN,,,,,,,https://assets.dmmwales.com/download/114/,https://eu.dmmwales.com/products/rhino,,,
0c463d81-a932-4f23-858b-65a7b460550d,DMM,Rhino Screwgate Titanium,ppe,Connectors,Aluminium alloy,"EN362:2004 B, EN12275:2013 B/H",A542,999,999,27 kN,,,,,,,https://assets.dmmwales.com/download/114/,https://eu.dmmwales.com/products/rhino,,,
a9c63927-4aff-423e-9f2b-7bab5f1c920b,DMM,Rigger Becket Green/Grey,ppe,Pulleys,Aluminium alloy,EN12278:2007,PUL410,999,999,40 kN,8 kN,,7,14,,,https://assets.dmmwales.com/download/129/,https://eu.dmmwales.com/products/rigger-pulleys,,,
9e9914e9-2efa-4544-a19e-af09cb2572a8,DMM,Rigger Becket Matt Grey,ppe,Pulleys,Aluminium alloy,EN12278:2007,PUL410MG,999,999,40 kN,8 kN,,7,14,,,https://assets.dmmwales.com/download/129/,https://eu.dmmwales.com/products/rigger-pulleys,,,
890f363b-3889-4d60-83f1-5ca612c23969,DMM,Rigger Standard Green/Grey,ppe,Pulleys,Aluminium alloy,EN12278:2007,PUL400,999,999,40 kN,8 kN,,7,14,,,https://assets.dmmwales.com/download/129/,https://eu.dmmwales.com/products/rigger-pulleys,,,
8bd1546f-396a-4b62-b45e-7fc536e7350f,DMM,Rigger Standard Matt Grey,ppe,Pulleys,Aluminium alloy,EN12278:2007,PUL400MG,999,999,40 kN,8 kN,,7,14,,,https://assets.dmmwales.com/download/129/,https://eu.dmmwales.com/products/rigger-pulleys,,,
6614c577-7d6d-479c-8203-901aa04cc8c6,DMM,Rigging Hub Matt Grey L,ppe,Rigging & Anchors,Aluminium alloy,RFU 11.114 V1,ARB-HUB175MG,999,999,150/45 kN,,,,,,,https://assets.dmmwales.com/download/141/,https://eu.dmmwales.com/products/rigging-hub,,,
546e3ecd-d54e-48a2-ae96-9b04cb08c711,DMM,Rigging Hub Matt Grey S,ppe,Rigging & Anchors,Aluminium alloy,RFU 11.114 V1,ARB-HUB108MG,999,999,80/45 kN,,,,,,,https://assets.dmmwales.com/download/141/,https://eu.dmmwales.com/products/rigging-hub,,,
c0aaea84-f847-4b6d-8a0a-4aa58c149390,DMM,Rigging Hub Purple L,ppe,Rigging & Anchors,Aluminium alloy,RFU 11.114 V1,ARB-HUB175,999,999,150/45 kN,,,,,,,https://assets.dmmwales.com/download/141/,https://eu.dmmwales.com/products/rigging-hub,,,
54dbc1f2-4f8c-48ca-9a5e-c41da3afd6f8,DMM,Rigging Hub Purple S,ppe,Rigging & Anchors,Aluminium alloy,RFU 11.114 V1,ARB-HUB108,999,999,80/45 kN,,,,,,,https://assets.dmmwales.com/download/141/,https://eu.dmmwales.com/products/rigging-hub,,,
59fa1683-0129-4a6d-b137-7f47284e18a9,DMM,Shadow HMS Kwiklock Titanium,ppe,Connectors,Aluminium alloy,"EN12275:2013 B/H, EN362:2004 B",A683,999,999,26 kN,,,,,,,https://assets.dmmwales.com/download/114/,https://eu.dmmwales.com/products/shadow-hms,,,
aa265423-6577-435d-984e-061e4e042682,DMM,Shadow HMS Locksafe Matt Grey,ppe,Connectors,Aluminium alloy,"EN12275:2013 B/H, EN362:2004 B",A687MG,999,999,26 kN,,,,,,,https://assets.dmmwales.com/download/114/,https://eu.dmmwales.com/products/shadow-hms,,,
895f8f86-002d-469f-bcab-5a6f44fa0281,DMM,Shadow HMS Locksafe Titanium,ppe,Connectors,Aluminium alloy,"EN12275:2013 B/H, EN362:2004 B",A687,999,999,26 kN,,,,,,,https://assets.dmmwales.com/download/114/,https://eu.dmmwales.com/products/shadow-hms,,,
a5dabf6c-3649-4c5e-9527-f2ade26556ad,DMM,Shadow HMS Screwgate Green,ppe,Connectors,Aluminium alloy,"EN12275:2013 B/H, EN362:2004 B",A682GR,999,999,26 kN,,,,,,,https://assets.dmmwales.com/download/114/,https://eu.dmmwales.com/products/shadow-hms,,,
f1cd6e5d-25b9-49ea-8ff6-7471ddd3e307,DMM,Shadow HMS Screwgate Lime,ppe,Connectors,Aluminium alloy,"EN12275:2013 B/H, EN362:2004 B",A682LG,999,999,26 kN,,,,,,,https://assets.dmmwales.com/download/114/,https://eu.dmmwales.com/products/shadow-hms,,,
cfca76c2-48af-431c-b75a-725f6f34d08b,DMM,Shadow HMS Screwgate Matt Grey,ppe,Connectors,Aluminium alloy,"EN12275:2013 B/H, EN362:2004 B",A682MG,999,999,26 kN,,,,,,,https://assets.dmmwales.com/download/114/,https://eu.dmmwales.com/products/shadow-hms,,,
2cafed06-f662-454f-8c1e-de94595d1290,DMM,Shadow HMS Screwgate Orange,ppe,Connectors,Aluminium alloy,"EN12275:2013 B/H, EN362:2004 B",A682OR,999,999,26 kN,,,,,,,https://assets.dmmwales.com/download/114/,https://eu.dmmwales.com/products/shadow-hms,,,
562587ce-77d8-4f89-9807-f55bc7680574,DMM,Shadow HMS Screwgate Titanium,ppe,Connectors,Aluminium alloy,"EN12275:2013 B/H, EN362:2004 B",A682,999,999,26 kN,,,,,,,https://assets.dmmwales.com/download/114/,https://eu.dmmwales.com/products/shadow-hms,,,
b7aae534-da14-4290-9769-8fd90ec73647,DMM,Shadow Locking Kwiklock Single Titanium,ppe,Connectors,Aluminium alloy,"EN362:2004 B, EN12275:2013 B, UIAA121:2009",A303,999,999,24 kN,,,,,,,https://assets.dmmwales.com/download/114/,https://eu.dmmwales.com/products/shadow-locking,,,
3f1dae7d-4ba6-4e40-9e33-370e0109843c,DMM,Shadow Locking Locksafe 3 Pack Blue/Red/Green,ppe,Connectors,Aluminium alloy,"EN362:2004 B, EN12275:2013 B, UIAA121:2009",A307-P3,999,999,24 kN,,,,,,,https://assets.dmmwales.com/download/114/,https://eu.dmmwales.com/products/shadow-locking,,,
e8e6c64e-cbe2-41a6-8549-948066c01800,DMM,Shadow Locking Locksafe 3 Pack Lime/Grey/Orange,ppe,Connectors,Aluminium alloy,"EN362:2004 B, EN12275:2013 B, UIAA121:2009",A307-P3A,999,999,24 kN,,,,,,,https://assets.dmmwales.com/download/114/,https://eu.dmmwales.com/products/shadow-locking,,,
7b613180-968b-45cf-90e0-26f1516e423c,DMM,Shadow Locking Locksafe Single Lime,ppe,Connectors,Aluminium alloy,"EN362:2004 B, EN12275:2013 B, UIAA121:2009",A307LG,999,999,24 kN,,,,,,,https://assets.dmmwales.com/download/114/,https://eu.dmmwales.com/products/shadow-locking,,,
da379e74-46ff-46ee-9f31-4c1e45ac3200,DMM,Shadow Locking Locksafe Single Matt Grey,ppe,Connectors,Aluminium alloy,"EN362:2004 B, EN12275:2013 B",A307MG,999,999,24 kN,,,,,,,https://assets.dmmwales.com/download/114/,https://eu.dmmwales.com/products/shadow-locking,,,
fb2792ca-98c8-43b5-98f3-2c76b742dc05,DMM,Shadow Locking Locksafe Single Orange,ppe,Connectors,Aluminium alloy,"EN362:2004 B, EN12275:2013 B, UIAA121:2009",A307OR,999,999,24 kN,,,,,,,https://assets.dmmwales.com/download/114/,https://eu.dmmwales.com/products/shadow-locking,,,
d6200342-8e24-4f6a-83a8-65b8e33e6ea5,DMM,Shadow Locking Locksafe Single Red,no_ppe,Connectors,Aluminium alloy,,A307RD,999,999,,,,,,,,https://assets.dmmwales.com/download/114/,https://eu.dmmwales.com/products/shadow-locking,,,
896a9296-5cc1-46b3-91cb-89550e14be0a,DMM,Shadow Locking Locksafe Single Titanium,ppe,Connectors,Aluminium alloy,"EN362:2004 B, EN12275:2013 B, UIAA121:2009",A307,999,999,24 kN,,,,,,,https://assets.dmmwales.com/download/114/,https://eu.dmmwales.com/products/shadow-locking,,,
76eaa528-c390-4388-b584-f3d236a1a6e2,DMM,Shadow Locking Screwgate 3 Pack Blue/Red/Green,ppe,Connectors,Aluminium alloy,"EN362:2004 B, EN12275:2013 B, UIAA121:2009",A302-P3,999,999,24 kN,,,,,,,https://assets.dmmwales.com/download/114/,https://eu.dmmwales.com/products/shadow-locking,,,
2fdb7304-56e9-49b7-bb1d-db30dbbf2688,DMM,Shadow Locking Screwgate 3 Pack Lime/Grey/Orange,ppe,Connectors,Aluminium alloy,"EN362:2004 B, EN12275:2013 B, UIAA121:2009",A302-P3A,999,999,24 kN,,,,,,,https://assets.dmmwales.com/download/114/,https://eu.dmmwales.com/products/shadow-locking,,,
4a6bf0b1-8fe0-416c-849b-9bec31eb4e17,DMM,Shadow Locking Screwgate Single Lime,ppe,Connectors,Aluminium alloy,"EN362:2004 B, EN12275:2013 B, UIAA121:2009",A302LG,999,999,24 kN,,,,,,,https://assets.dmmwales.com/download/114/,https://eu.dmmwales.com/products/shadow-locking,,,
4be43e39-b50d-456a-b8bc-8fceffae694f,DMM,Shadow Locking Screwgate Single Matt Grey,ppe,Connectors,Aluminium alloy,"EN362:2004 B, EN12275:2013 B, UIAA121:2009",A302MG,999,999,24 kN,,,,,,,https://assets.dmmwales.com/download/114/,https://eu.dmmwales.com/products/shadow-locking,,,
999567e2-8c54-4921-a27e-580ba03167ac,DMM,Shadow Locking Screwgate Single Orange,ppe,Connectors,Aluminium alloy,"EN362:2004 B, EN12275:2013 B, UIAA121:2009",A302OR,999,999,24 kN,,,,,,,https://assets.dmmwales.com/download/114/,https://eu.dmmwales.com/products/shadow-locking,,,
723e489a-9051-446c-8b36-d556ed7142f0,DMM,Shadow Locking Screwgate Single Titanium,ppe,Connectors,Aluminium alloy,"EN362:2004 B, EN12275:2013 B, UIAA121:2009",A302,999,999,24 kN,,,,,,,https://assets.dmmwales.com/download/114/,https://eu.dmmwales.com/products/shadow-locking,,,
4d3e274e-c1cb-48c9-a5d8-6363a9baa3a9,DMM,Sidewinder Locksafe,ppe,Connectors,Aluminium alloy,EN362:2004 T,A98K71,999,999,25 kN,,,,,,,https://assets.dmmwales.com/download/114/,https://eu.dmmwales.com/products/sidewinder,,,
bd5680f9-d201-428c-9352-7afa08502eb4,DMM,Sidewinder Locksafe ANSI,ppe,Connectors,Aluminium alloy,"EN362:2004 T, ANSI/ASSE Z359.12-2019, CAN/CSA Z259.12-16",A98K71ANSI,999,999,25 kN,,,,,,,https://assets.dmmwales.com/download/114/,https://eu.dmmwales.com/products/sidewinder,,,
67d61f60-ea4c-4df7-94bc-f78ed7ce4022,DMM,Thimble Standard 6mm,rigging,Rigging & Anchors,Stainless steel 17-4 PH,,S2900,999,,,,,,,,,,https://eu.dmmwales.com/products/thimbles,,,
ceced3cd-d998-49cb-bcc1-64a344a84db0,DMM,Thimble Standard 8mm,rigging,Rigging & Anchors,Stainless steel 17-4 PH,,S2908,999,,,,,,,,,,https://eu.dmmwales.com/products/thimbles,,,
1fd74dff-f778-4d29-8ff6-f8d08dfc26f0,DMM,Thimble Standard 10mm,rigging,Rigging & Anchors,Stainless steel 17-4 PH,,S2910,999,,,,,,,,,,https://eu.dmmwales.com/products/thimbles,,,
b3a5f8ce-8a38-4cb0-8c74-e99bf8c949f4,DMM,Thimble Standard 12mm,rigging,Rigging & Anchors,Stainless steel 17-4 PH,,S2912,999,,,,,,,,,,https://eu.dmmwales.com/products/thimbles,,,
7062fd6f-8c79-49c9-a6a6-e9833096d2b9,DMM,Thimble With Tab 8mm,rigging,Rigging & Anchors,Stainless steel 17-4 PH,,S2908T,999,,,,,,,,,,https://eu.dmmwales.com/products/thimbles,,,
05e7914e-72b0-4c1c-85dc-7f82107e6372,DMM,Triple Attachment Pulley 2 Matt Grey,ppe,Pulleys,Aluminium alloy,EN12278:2007,PUL700MG,999,999,30 kN,6 kN,,,14,,,https://assets.dmmwales.com/download/129/,https://eu.dmmwales.com/products/tap,,,
ae5f579c-2869-4d0a-8480-2dc3d14d3897,DMM,Triple Attachment Pulley 2 Red,ppe,Pulleys,Aluminium alloy,EN12278:2007,PUL700RD,999,999,30 kN,6 kN,,,14,,,https://assets.dmmwales.com/download/129/,https://eu.dmmwales.com/products/tap,,,
24683e6c-15dc-46d7-b5bf-0b2468739d44,DMM,Ultra D Matt Grey Locksafe,ppe,Connectors,Aluminium alloy,"EN362:2004 B, EN12275:2013 B",A337MG,999,999,30 kN,,,,,,,https://assets.dmmwales.com/download/114/,https://eu.dmmwales.com/products/ultra-d,,,
fb0f571d-0dca-4b14-add2-d51045ef4817,DMM,Ultra D Matt Grey Screwgate,ppe,Connectors,Aluminium alloy,"EN362:2004 B, EN12275:2013 B",A332MG,999,999,30 kN,,,,,,,https://assets.dmmwales.com/download/114/,https://eu.dmmwales.com/products/ultra-d,,,
b5a2d750-c80d-4892-9427-2a8ec3f32ac2,DMM,Ultra D Titanium Kwiklock,ppe,Connectors,Aluminium alloy,"EN362:2004 B, EN12275:2013 B",A333,999,999,30 kN,,,,,,,https://assets.dmmwales.com/download/114/,https://eu.dmmwales.com/products/ultra-d,,,
3027ec1f-70c4-4a5b-aa1b-d3e22751ff63,DMM,Ultra D Titanium Kwiklock ANSI,ppe,Connectors,Aluminium alloy,"EN362:2004 B, EN12275:2013 B, ANSI/ASSE Z359.12-2019, CAN/CSA Z259.12-16",A333ANSI,999,999,30 kN,,,,,,,https://assets.dmmwales.com/download/114/,https://eu.dmmwales.com/products/ultra-d,,,
c85e474a-1c1c-4fcf-8371-7e0d53469009,DMM,Ultra D Titanium Locksafe,ppe,Connectors,Aluminium alloy,"EN362:2004 B, EN12275:2013 B",A337,999,999,30 kN,,,,,,,https://assets.dmmwales.com/download/114/,https://eu.dmmwales.com/products/ultra-d,,,
0159f9a6-4cea-478c-ae69-eb0ae4f48802,DMM,Ultra D Titanium Locksafe ANSI,ppe,Connectors,Aluminium alloy,"EN362:2004 B, EN12275:2013 B, ANSI/ASSE Z359.12-2019, CAN/CSA Z259.12-16",A337ANSI,999,999,30 kN,,,,,,,https://assets.dmmwales.com/download/114/,https://eu.dmmwales.com/products/ultra-d,,,
c51dc23b-dafa-45a7-9d6e-ca49692c1c42,DMM,Ultra D Titanium Screwgate,ppe,Connectors,Aluminium alloy,"EN362:2004 B, EN12275:2013 B",A332,999,999,30 kN,,,,,,,https://assets.dmmwales.com/download/114/,https://eu.dmmwales.com/products/ultra-d,,,
31b02b7d-8ed7-4b8f-a043-e467870e285d,DMM,Ultra O Durolock Titanium,ppe,Connectors,Aluminium alloy,"EN362:2004 B, EN12275:2013 X/B",A324,999,999,25 kN,,,,,,,https://assets.dmmwales.com/download/114/,https://eu.dmmwales.com/products/ultra-o,,,
7e1ac918-fc2a-4411-ad37-f253d9dd8fe0,DMM,Ultra O Kwiklock Titanium,ppe,Connectors,Aluminium alloy,"EN362:2004 B, EN12275:2013 X/B, UIAA121:2009",A323,999,999,25 kN,,,,,,,https://assets.dmmwales.com/download/114/,https://eu.dmmwales.com/products/ultra-o,,,
e873d8e7-d837-427b-921a-9fb4d1d6d175,DMM,Ultra O Locksafe Blue,ppe,Connectors,Aluminium alloy,"EN362:2004 B, EN12275:2013 X/B, UIAA121:2009",A327-P3,999,999,25 kN,,,,,,,https://assets.dmmwales.com/download/114/,https://eu.dmmwales.com/products/ultra-o,,,
c9a28c9c-6a18-4bd7-be11-5c75041d59fb,DMM,Ultra O Locksafe Captive Bar Titanium,ppe,Connectors,Aluminium alloy,"EN362:2004 B/T, EN12275:2013 X/B/T, UIAA121:2009",A327CB,999,999,25 kN,,,,,,,https://assets.dmmwales.com/download/114/,https://eu.dmmwales.com/products/ultra-o,,,
5dc5fc41-713b-4cad-ba88-98ea91b16311,DMM,Ultra O Locksafe Green,no_ppe,Connectors,Aluminium alloy,,A327GR,999,999,,,,,,,,https://assets.dmmwales.com/download/114/,https://eu.dmmwales.com/products/ultra-o,,,
ae4a4470-5175-48a7-915d-430f7735576f,DMM,Ultra O Locksafe Lime,ppe,Connectors,Aluminium alloy,"EN362:2004 B, EN12275:2013 X/B, UIAA121:2009",A327LG,999,999,25 kN,,,,,,,https://assets.dmmwales.com/download/114/,https://eu.dmmwales.com/products/ultra-o,,,
6853484a-8b2f-4816-ac04-d11a0cbacd28,DMM,Ultra O Locksafe Matt Grey,ppe,Connectors,Aluminium alloy,"EN362:2004 B, EN12275:2013 X/B, UIAA121:2009",A327MG,999,999,25 kN,,,,,,,https://assets.dmmwales.com/download/114/,https://eu.dmmwales.com/products/ultra-o,,,
db1224c8-df62-4768-a9d7-98dff8df62a9,DMM,Ultra O Locksafe Orange,ppe,Connectors,Aluminium alloy,"EN362:2004 B, EN12275:2013 X/B, UIAA121:2009",A327OR,999,999,25 kN,,,,,,,https://assets.dmmwales.com/download/114/,https://eu.dmmwales.com/products/ultra-o,,,
19d3593a-f0ce-4097-9825-a1d91bbaa131,DMM,Ultra O Locksafe Red,ppe,Connectors,Aluminium alloy,"EN362:2004 B, EN12275:2013 X/B, UIAA121:2009",A327RD,999,999,25 kN,,,,,,,https://assets.dmmwales.com/download/114/,https://eu.dmmwales.com/products/ultra-o,,,
dbd830f3-f3fd-456b-b264-81ee344d54f2,DMM,Ultra O Locksafe Titanium,ppe,Connectors,Aluminium alloy,"EN362:2004 B, EN12275:2013 X/B, UIAA121:2009",A327,999,999,25 kN,,,,,,,https://assets.dmmwales.com/download/114/,https://eu.dmmwales.com/products/ultra-o,,,
f0315dab-9781-4675-91ca-7b2ee17cf5ed,DMM,Ultra O Screwgate 3 Pack Blue/Red/Green,ppe,Connectors,Aluminium alloy,"EN362:2004 B, EN12275:2013 X/B, UIAA121:2009",A322-P3,999,999,25 kN,,,,,,,https://assets.dmmwales.com/download/114/,https://eu.dmmwales.com/products/ultra-o,,,
974b5615-369b-4a1b-873d-bcda7204cc3e,DMM,Ultra O Screwgate 3 Pack Lime/Grey/Orange,ppe,Connectors,Aluminium alloy,"EN362:2004 B, EN12275:2013 X/B, UIAA121:2009",A322-P3A,999,999,25 kN,,,,,,,https://assets.dmmwales.com/download/114/,https://eu.dmmwales.com/products/ultra-o,,,
6edd987c-97e1-4e54-b391-04903cfe89ad,DMM,Ultra O Screwgate Green,ppe,Connectors,Aluminium alloy,"EN362:2004 B, EN12275:2013 X/B, UIAA121:2009",A322GR,999,999,25 kN,,,,,,,https://assets.dmmwales.com/download/114/,https://eu.dmmwales.com/products/ultra-o,,,
498ec3a1-600b-4b3b-bd90-e45e3e023246,DMM,Ultra O Screwgate Lime,ppe,Connectors,Aluminium alloy,"EN362:2004 B, EN12275:2013 X/B, UIAA121:2009",A322LG,999,999,25 kN,,,,,,,https://assets.dmmwales.com/download/114/,https://eu.dmmwales.com/products/ultra-o,,,
41209f25-fa72-4a17-a0db-251d7323f899,DMM,Ultra O Screwgate Matt Grey,ppe,Connectors,Aluminium alloy,"EN362:2004 B, EN12275:2013 X/B, UIAA121:2009",A322MG,999,999,25 kN,,,,,,,https://assets.dmmwales.com/download/114/,https://eu.dmmwales.com/products/ultra-o,,,
4ec52f23-1f49-4a92-b7c6-2c978d91cafe,DMM,Ultra O Screwgate Orange,ppe,Connectors,Aluminium alloy,"EN362:2004 B, EN12275:2013 X/B, UIAA121:2009",A322OR,999,999,25 kN,,,,,,,https://assets.dmmwales.com/download/114/,https://eu.dmmwales.com/products/ultra-o,,,
e583eda2-3841-4957-8aaf-cb8bbaec05d2,DMM,Ultra O Screwgate Red,no_ppe,Connectors,Aluminium alloy,,A322RD,999,999,,,,,,,,https://assets.dmmwales.com/download/114/,https://eu.dmmwales.com/products/ultra-o,,,
f698c285-9903-4bfa-a79c-d442f0dd251a,DMM,Ultra O Screwgate Titanium,ppe,Connectors,Aluminium alloy,"EN362:2004 B, EN12275:2013 X/B, UIAA121:2009",A322,999,999,25 kN,,,,,,,https://assets.dmmwales.com/download/114/,https://eu.dmmwales.com/products/ultra-o,,,
6ee0d0c6-e44a-4962-a16e-9138de028fe1,DMM,Wire Lanyard 1.5m,ppe,Rigging & Anchors,Stainless steel wire / Stainless thimbles,"EN354:2010, EN795:2012 B",SPWS015,999,999,24 kN,,,,,,,https://assets.dmmwales.com/download/147/,https://eu.dmmwales.com/products/dmm-wire-lanyard,,,
c9397391-f1e7-46eb-a7fc-6816593d3f51,DMM,Wire Lanyard 1m,ppe,Rigging & Anchors,Stainless steel wire / Stainless thimbles,"EN354:2010, EN795:2012 B",SPWS010,999,999,24 kN,,,,,,,https://assets.dmmwales.com/download/147/,https://eu.dmmwales.com/products/dmm-wire-lanyard,,,
7185bb1a-dd0c-40c0-8be3-c4ac2d36a81e,DMM,Wire Lanyard 2m,ppe,Rigging & Anchors,Stainless steel wire / Stainless thimbles,"EN354:2010, EN795:2012 B",SPWS020,999,999,24 kN,,,,,,,https://assets.dmmwales.com/download/147/,https://eu.dmmwales.com/products/dmm-wire-lanyard,,,
2244e991-ab29-4d8d-971b-55d94d6de8c9,DMM,Wire Lanyard 35cm,ppe,Rigging & Anchors,Stainless steel wire / Stainless thimbles,"EN354:2010, EN795:2012 B",SPWS0035,999,999,24 kN,,,,,,,https://assets.dmmwales.com/download/147/,https://eu.dmmwales.com/products/dmm-wire-lanyard,,,
8d3dc465-1e75-49f6-9440-a2ae7ffe291a,DMM,Wire Lanyard 50cm,ppe,Rigging & Anchors,Stainless steel wire / Stainless thimbles,"EN354:2010, EN795:2012 B",SPWS0050,999,999,24 kN,,,,,,,https://assets.dmmwales.com/download/147/,https://eu.dmmwales.com/products/dmm-wire-lanyard,,,
65c73b08-b81e-4f76-b4a8-71b6b38a6cf4,DMM,Zodiac Matt Grey Locksafe,ppe,Connectors,Aluminium alloy,"EN362:2004 B, EN12275:2013 B, UIAA121:2009",A827MG,999,999,32 kN,,,,,,,https://assets.dmmwales.com/download/114/,https://eu.dmmwales.com/products/zodiac,,,
2110a885-90f8-4c46-a80b-6df4465433a5,DMM,Zodiac Matt Grey Screwgate,ppe,Connectors,Aluminium alloy,"EN362:2004 B, EN12275:2013 B, UIAA121:2009",A822MG,999,999,32 kN,,,,,,,https://assets.dmmwales.com/download/114/,https://eu.dmmwales.com/products/zodiac,,,
8b03167b-9f09-404c-bba6-a062649feec7,DMM,Zodiac Titanium Captive Bar Kwiklock,ppe,Connectors,Aluminium alloy,"EN362:2004 B/T, EN12275:2013 B/T",A823CB,999,999,32 kN,,,,,,,https://assets.dmmwales.com/download/114/,https://eu.dmmwales.com/products/zodiac,,,
e2278367-43ac-41fb-96c6-508f7c1a04cb,DMM,Zodiac Titanium Captive Bar Locksafe,ppe,Connectors,Aluminium alloy,"EN362:2004 B/T, EN12275:2013 B/T",A827CB,999,999,32 kN,,,,,,,https://assets.dmmwales.com/download/114/,https://eu.dmmwales.com/products/zodiac,,,
c594f1aa-51e5-4892-b182-e5d8e67743bc,DMM,Zodiac Titanium Kwiklock,ppe,Connectors,Aluminium alloy,"EN362:2004 B, EN12275:2013 B, UIAA121:2009",A823,999,999,32 kN,,,,,,,https://assets.dmmwales.com/download/114/,https://eu.dmmwales.com/products/zodiac,,,
ab423782-ef08-4f86-aaff-b5d942b39d27,DMM,Zodiac Titanium Locksafe,ppe,Connectors,Aluminium alloy,"EN362:2004 B, EN12275:2013 B, UIAA121:2009",A827,999,999,32 kN,,,,,,,https://assets.dmmwales.com/download/114/,https://eu.dmmwales.com/products/zodiac,,,
746e047f-ad96-4c63-abd3-a4d017c2e6b5,DMM,Zodiac Titanium Screwgate,ppe,Connectors,Aluminium alloy,"EN362:2004 B, EN12275:2013 B, UIAA121:2009",A822,999,999,32 kN,,,,,,,https://assets.dmmwales.com/download/114/,https://eu.dmmwales.com/products/zodiac,,,
d304ac83-3e74-412a-9bf0-e0b81aedf1fe,EDELRID,ADJUSTABLE CAMBIUM SAVER 125cm,ppe,Anchor Devices,Polyester / Aluminium rings,EN 795 B,,10,14,,,,,,,,https://edelrid.com/eu-en/professional/anchor-devices-shop/adjustable-cambium-saver,https://edelrid.com/eu-en/professional/anchor-devices-shop/adjustable-cambium-saver,,,
b1e4106b-0f20-4b68-ac92-d62704e49ac9,EDELRID,ADJUSTABLE CAMBIUM SAVER 500cm,ppe,Anchor Devices,Polyester / Aluminium rings,EN 795 B,,10,14,,,,,,,,https://edelrid.com/eu-en/professional/anchor-devices-shop/adjustable-cambium-saver,https://edelrid.com/eu-en/professional/anchor-devices-shop/adjustable-cambium-saver,,,
a35a5074-45e4-40e3-ad3f-6ac6a3832f5e,EDELRID,ANCORA LOOP,ppe,Anchor Devices,Polyester,"EN 566, EN 795 B",,10,14,,,,,,,,https://edelrid.com/eu-en/professional/anchor-devices-shop/ancora-loop,https://edelrid.com/eu-en/professional/anchor-devices-shop/ancora-loop,,,
0a98f709-db10-46b1-b838-d48671544bef,EDELRID,ANCORA OPEN,ppe,Anchor Devices,Polyester,"EN 795 B, EN 354",,10,14,,,,,,,,https://edelrid.com/eu-en/professional/anchor-devices-shop/ancora-open,https://edelrid.com/eu-en/professional/anchor-devices-shop/ancora-open,,,
aeb1a725-ef39-4d21-aae4-a4567759ce8e,EDELRID,ANCORA PRO,ppe,Anchor Devices,Polyester,"EN 795 B, EN 354, EN 358",,10,14,,,,,,,,https://edelrid.com/eu-en/professional/anchor-devices-shop/ancora-pro,https://edelrid.com/eu-en/professional/anchor-devices-shop/ancora-pro,,,
ba8eb11f-b017-4552-a5b1-129e7bc50249,EDELRID,AXIOM,ppe,Connectors,Aluminium,"EN 12275, EN 362",,,999,22 kN,,,,,,,,https://edelrid.com/eu-en/professional/connectors-shop/axiom,,,
e915af47-66d7-4fee-ad59-a63b16b0d798,EDELRID,AXIOM SLIDER,ppe,Connectors,Aluminium,"EN 12275, EN 362",,,999,22 kN,,,,,,,,https://edelrid.com/eu-en/professional/connectors-shop/axiom-slider,,,
8717a305-f394-4e4e-9c9d-1d6b4cbc33d3,EDELRID,BUD,ppe,Descenders,Aluminium,EN 15151-2,,,999,,,,7.8,12,,,https://edelrid.com/eu-en/professional/descenders-shop/bud,,,,
6d66b3bb-165e-4075-be3a-11363ad88a86,EDELRID,CAMBIUMSAVER BICOLOR,ppe,Anchor Devices,Polyester / Aluminium rings,EN 795 B,,10,14,,,,,,,,https://edelrid.com/eu-en/professional/anchor-devices-shop/cambiumsaver-bicolor,https://edelrid.com/eu-en/professional/anchor-devices-shop/cambiumsaver-bicolor,,,
e190283b-4295-45ea-89ff-1e8e06121230,EDELRID,CHEST CRUISER,ppe,Rope Clamps,Aluminium / Steel cam,"EN 567, EN 12841-B",,,999,,,,8,13,,,https://edelrid.com/eu-en/professional/rope-clamps-shop/chest-cruiser,,,,
01ec9a18-87dc-453b-8f62-3b52832ad13e,EDELRID,CUPID,ppe,Connectors,Aluminium,EN 362,,,999,20 kN,,,,,,,,https://edelrid.com/eu-en/professional/connectors-shop/cupid,,,
501f131d-7882-451a-b800-3624aa3c2a5b,EDELRID,CUPID STEEL,ppe,Connectors,Steel,EN 362,852130000060,,999,23 kN,,,,,,,,https://edelrid.com/eu-en/professional/connectors-shop/cupid-steel,,,
d49f658f-66eb-4f84-a23d-2a55246b48f4,EDELRID,D-CLASSIC 3000 SCREW,ppe,Connectors,Aluminium,EN 362,852060000060,,999,30 kN,,,,,,,,https://edelrid.com/eu-en/professional/connectors-shop/d-classic-3000-screw,,,
1fda658d-1504-49b1-b516-113fa15a44f8,EDELRID,DEFUSER RESCUE,ppe,Fall Arresters,Polyester / Nylon,"EN 353-2, EN 12841-A, ANSI Z359.15 (only with FUSE)",,10,14,,15 kN,220,,,,,https://edelrid.com/eu-en/professional/fall-arresters-shop/defuser-rescue,,,,
fe41629b-794a-4742-88c2-a7bf0d31590e,EDELRID,DEFUSER RESCUE L,ppe,Fall Arresters,Polyester / Nylon,"EN 353-2, EN 12841-A, ANSI Z359.15 (only with FUSE)",,10,14,,15 kN,220,,,,,https://edelrid.com/eu-en/professional/fall-arresters-shop/defuser-rescue-l,,,,
769bc8a2-54bc-4ec1-b8e2-0fd116343bef,EDELRID,DSG 4000 STEEL,ppe,Connectors,Steel,"EN 12275, EN 362",,,999,40 kN,,,,,,,,https://edelrid.com/eu-en/professional/connectors-shop/dsg-4000-steel,,,
0fa280cc-bec8-4c2c-94c5-53524d52ee38,EDELRID,DSG TRITON,ppe,Connectors,Aluminium,"EN 12275, EN 362",,,999,33 kN,,,,,,,,https://edelrid.com/eu-en/professional/connectors-shop/dsg-triton,,,
987a85a5-31d6-4d68-9a9e-8f5c8d238f20,EDELRID,EXTREME XP TWISTER TRIPLE,ppe,Lanyards,Steel core / Polyester sheath,EN 358,,10,14,,,,,,,,https://edelrid.com/eu-en/professional/lanyards-shop/extreme-xp-twister-triple,https://edelrid.com/eu-en/professional/lanyards-shop/extreme-xp-twister-triple,,,
c401eeed-bee4-4da1-abbb-251e84712567,EDELRID,FAST SAVER,ppe,Harnesses,Polyester / Nylon,"EN 1497, EN 1498",,10,14,,,140,,,,,https://edelrid.com/eu-en/professional/work-safety-harness-shop/fast-saver,https://edelrid.com/eu-en/professional/work-safety-harness/fast-saver,,,
947eac97-b3a1-448b-b3fd-65d87bac91da,EDELRID,FAST SAVER AIR,ppe,Harnesses,Polyester / Nylon,"EN 1497, EN 1498",,10,14,,,140,,,,,https://edelrid.com/eu-en/professional/work-safety-harness-shop/fast-saver-air,https://edelrid.com/eu-en/professional/work-safety-harness/fast-saver-air,,,
c75cb224-56b1-443f-8a5f-26b0ef2a59db,EDELRID,FLEX LITE size 1,ppe,Harnesses,Polyester / Nylon,"EN 361, ANSI/ASSE Z359.11-2014",820390142170,10,14,,,150,,,,,https://edelrid.com/eu-en/professional/work-safety-harness-shop/flex-lite,https://edelrid.com/eu-en/professional/work-safety-harness/flex-lite,,,
b244da6e-1333-4d58-8644-9730014be24a,EDELRID,FLEX LITE size 2,ppe,Harnesses,Polyester / Nylon,"EN 361, ANSI/ASSE Z359.11-2014",820390152170,10,14,,,150,,,,,https://edelrid.com/eu-en/professional/work-safety-harness-shop/flex-lite,https://edelrid.com/eu-en/professional/work-safety-harness/flex-lite,,,
226177e6-befe-4169-8963-01dd8ec57acd,EDELRID,FLEX PRO,ppe,Harnesses,Polyester / Nylon,"EN 361, EN 358, ANSI/ASSE Z359.11-2014",,10,14,,,150,,,,,https://edelrid.com/eu-en/professional/work-safety-harness-shop/flex-pro,https://edelrid.com/eu-en/professional/work-safety-harness/flex-pro,,,
658d2394-a6f1-4fbd-bbab-1b6911c2aa0c,EDELRID,FLEX PRO PLUS,ppe,Harnesses,Polyester / Nylon,"EN 361, EN 358, ANSI/ASSE Z359.11-2014",,10,14,,,150,,,,,https://edelrid.com/eu-en/professional/work-safety-harness-shop/flex-pro-plus,https://edelrid.com/eu-en/professional/work-safety-harness/flex-pro-plus,,,
786f1c91-3cf7-42e7-9616-6415e7d1480b,EDELRID,FLUX,ppe,Pulleys,Aluminium,EN 12278,,,999,26 kN,,,6,13,,,https://edelrid.com/eu-en/professional/pulleys-shop/flux,,,,
dd36129f-b1a9-43d1-8da0-92389efb1b2a,EDELRID,FOOT CRUISER LEFT,ppe,Rope Clamps,Aluminium / Steel cam,"EN 567, EN 12841-B",,,999,,,,8,13,,,https://edelrid.com/eu-en/professional/rope-clamps-shop/foot-cruiser-left,,,,
9fda7025-47c2-4b17-a540-faa8e3026718,EDELRID,FOOT CRUISER RIGHT,ppe,Rope Clamps,Aluminium / Steel cam,"EN 567, EN 12841-B",,,999,,,,8,13,,,https://edelrid.com/eu-en/professional/rope-clamps-shop/foot-cruiser-right,,,,
a2f92e10-582a-40de-8f63-1b288e69e586,EDELRID,FUSE,ppe,Fall Arresters,Aluminium,"EN 353-2, EN 12841-A, ANSI Z359.15, PPE-R/11.075",,,999,,,140,10,12,,,https://edelrid.com/eu-en/professional/fall-arresters-shop/fuse,,https://edelrid.com/eu-en/service/recalls/general-safety-notice-ohm-ohmega-fuse,,
21017b5e-6df9-4eed-96bd-bc3a7b2510d5,EDELRID,HAND CRUISER LEFT,ppe,Rope Clamps,Aluminium / Steel cam,"EN 567, EN 12841-B",,,999,,,,8,13,,,https://edelrid.com/eu-en/professional/rope-clamps-shop/hand-cruiser-left,,,,
7f6f1ece-3b9b-472d-b5f5-e414f4e959d5,EDELRID,HAND CRUISER RIGHT,ppe,Rope Clamps,Aluminium / Steel cam,"EN 567, EN 12841-B",,,999,,,,8,13,,,https://edelrid.com/eu-en/professional/rope-clamps-shop/hand-cruiser-right,,,,
49e067b0-74c2-4c52-a5f4-216b11667756,EDELRID,HANNIBAL,ppe,Descenders,Aluminium,EN 15151-2,,,999,,,,8.5,12,,,https://edelrid.com/eu-en/professional/descenders-shop/hannibal,,,,
9bdbfac3-d6e0-4df9-9578-58668729bafd,EDELRID,HMS BULLET PERMALOCK,ppe,Connectors,Aluminium,"EN 12275, EN 362",,,999,26 kN,,,,,,,,https://edelrid.com/eu-en/professional/connectors-shop/hms-bullet-permalock,,,
c1049d5b-0d56-4c5b-ae0f-aa284322136b,EDELRID,HMS BULLET SCREW,ppe,Connectors,Aluminium,"EN 12275, EN 362",,,999,26 kN,,,,,,,,https://edelrid.com/eu-en/professional/connectors-shop/hms-bullet-screw,,,
13506e3c-5950-4b56-a549-bea9ca0b6822,EDELRID,HMS BULLET SCREW RFID,ppe,Connectors,Aluminium,"EN 12275, EN 362",,,999,26 kN,,,,,,,,https://edelrid.com/eu-en/professional/connectors-shop/hms-bullet-screw-rfid,,,
f2ea898e-10b3-4ab9-91f6-f81bc7979cd6,EDELRID,HMS BULLET TRIPLE,ppe,Connectors,Aluminium,"EN 12275, EN 362",,,999,26 kN,,,,,,,,https://edelrid.com/eu-en/professional/connectors-shop/hms-bullet-triple,,,
a23281d6-e314-4626-8e56-3b2b8a942c1d,EDELRID,HMS BULLET TRIPLE RFID,ppe,Connectors,Aluminium,"EN 12275, EN 362",,,999,26 kN,,,,,,,,https://edelrid.com/eu-en/professional/connectors-shop/hms-bullet-triple-rfid,,,
d2b8212d-8fcf-4302-bd9a-b5514cd456dc,EDELRID,HMS BULLETPROOF SCREW,ppe,Connectors,Aluminium / Steel,"EN 12275, EN 362",,,999,27 kN,,,,,,,,https://edelrid.com/eu-en/professional/connectors-shop/hms-bulletproof-screw,,,
2bd7a8ef-d590-496c-91a7-a1454c565a0c,EDELRID,HMS BULLETPROOF TRIPLE,ppe,Connectors,Aluminium / Steel,"EN 12275, EN 362",,,999,25 kN,,,,,,,,https://edelrid.com/eu-en/professional/connectors-shop/hms-bulletproof-triple,,,
482fe05a-6e59-450f-8552-d40c2f1ff737,EDELRID,HMS MAGNUM SCREW,ppe,Connectors,Aluminium,"EN 12275, EN 362",,,999,24 kN,,,,,,,,https://edelrid.com/eu-en/professional/connectors-shop/hms-magnum-screw,,,
8026803a-29e7-430b-9c8b-e0c160337f47,EDELRID,HMS MAGNUM TRIPLE,ppe,Connectors,Aluminium,"EN 12275, EN 362",,,999,24 kN,,,,,,,,https://edelrid.com/eu-en/professional/connectors-shop/hms-magnum-triple,,,
228ccb86-5ab4-406f-89e2-8ed497bc6d69,EDELRID,KAA,ppe,Lanyards,Polyester webbing,"EN 354, EN 795 B",,10,14,,,,,,,,https://edelrid.com/eu-en/professional/lanyards-shop/kaa,https://edelrid.com/eu-en/professional/lanyards-shop/kaa,,,
cbc387ee-d154-447c-92ed-9f87a05c6120,EDELRID,KIWI SCREW,ppe,Connectors,Aluminium,"EN 12275, EN 362",,,999,24 kN,,,,,,,,https://edelrid.com/eu-en/professional/connectors-shop/kiwi-screw,,,
3f665f04-cd60-4581-bd13-7b67215d6265,EDELRID,KIWI SLIDER,ppe,Connectors,Aluminium,"EN 12275, EN 362",,,999,24 kN,,,,,,,,https://edelrid.com/eu-en/professional/connectors-shop/kiwi-slider,,,
1c41ca1a-e77a-4c98-97b0-ab3b0dd0d1ee,EDELRID,KNEE CRUISER,ppe,Rope Clamps,Aluminium / Steel cam,"EN 567, EN 12841-B",,,999,,,,8,13,,,https://edelrid.com/eu-en/professional/rope-clamps-shop/knee-cruiser,,,,
fbb1e6f6-0fa1-4abe-a8d6-e19b31e9757f,EDELRID,MAGGI RIG,ppe,Anchor Devices,Stainless Steel,CNB/P 11.114 PfE,,,999,35 kN,,,,,,,,https://edelrid.com/eu-en/professional/anchor-devices-shop/maggi-rig,,,
1d95b69d-49e4-4037-ad72-b362449045a5,EDELRID,MASTER RIG,ppe,Anchor Devices,Aluminium,CNB/P 11.114 PfE,,,999,50 kN,,,,,,,,https://edelrid.com/eu-en/professional/anchor-devices-shop/master-rig,,,
d373c238-a989-4d2e-b2c6-e47027c838cc,EDELRID,MATCH SLING 45MM,ppe,Anchor Devices,Polyester 45mm,EN 795 B,,10,14,,,,,,,,https://edelrid.com/eu-en/professional/anchor-devices-shop/match-sling-45mm,https://edelrid.com/eu-en/professional/anchor-devices-shop/match-sling-45mm,,,
b5ff5aed-618f-4891-9a14-ab77a786eb23,EDELRID,MAXIOM RIG SLIDER,ppe,Connectors,Aluminium,EN 362,,,999,20 kN,,,,,,,,https://edelrid.com/eu-en/professional/connectors-shop/maxiom-rig-slider,,,
6d125caf-b637-4cf2-baea-e3abfa836f92,EDELRID,MAXIOM RIG TRIPLE,ppe,Connectors,Aluminium,EN 362,,,999,20 kN,,,,,,,,https://edelrid.com/eu-en/professional/connectors-shop/maxiom-rig-triple,,,
a8de7059-40a2-4305-81cd-3fd45d733fae,EDELRID,MEGAWATT,ppe,Descenders,Aluminium / Steel inserts,"EN 12841-C, EN 341-2A, EN 15151-1/8, ANSI/ASSE Z359.4",,,999,,,,8.9,11.8,,,https://edelrid.com/eu-en/professional/descenders-shop/megawatt,,,,
4fd92931-55f4-4289-b869-b33cb8eac60d,EDELRID,MINI RIG,ppe,Anchor Devices,Aluminium,CNB/P 11.114 PfE,,,999,36 kN,,,,,,,,https://edelrid.com/eu-en/professional/anchor-devices-shop/mini-rig,,,
1a2b7310-8732-4df9-9004-a945529209e2,EDELRID,MOUNTAIN RESCUE CHEST,ppe,Harnesses,Polyester / Nylon,EN 361,,10,14,,,,,,,,https://edelrid.com/eu-en/professional/work-safety-harness-shop/mountain-rescue-chest,https://edelrid.com/eu-en/professional/work-safety-harness/mountain-rescue-chest,,,
88b0a951-6e77-4514-a374-680099c44a26,EDELRID,MULTICHAIN,ppe,Anchor Devices,Dyneema / Polyamide,"EN 795 B, EN 566",,10,14,22 kN,,,,,,,,https://edelrid.com/eu-en/professional/anchor-devices-shop/multichain,,,
4d61cb32-78c5-4570-b254-572263830547,EDELRID,NEELIX,ppe,Pulleys,Aluminium,EN 12278,,,999,30 kN,,,6,13,,,https://edelrid.com/eu-en/professional/pulleys-shop/neelix,,,,
a5b0e217-5a5d-4f3b-a1d9-1ce06b1ba98e,EDELRID,OMBILIX 140,ppe,Fall Arresters,Aluminium / Semi-static rope Type A,"EN 353-2, EN 358, PPE-R/11.075",,10,14,,,140,,,,,,https://edelrid.com/eu-en/professional/fall-arresters-shop/ombilix-140,,,
20e3ce5d-b74b-426b-8ca8-40e11b41d969,EDELRID,OMBILIX ADJUST,ppe,Lanyards,Kernmantle 12mm / DSG TRITON,EN 358,https://edelrid.com/eu-en/professional/lanyards-shop/ombilix-adjust,10,14,,,12,12,,,,,https://edelrid.com/eu-en/professional/lanyards-shop/ombilix-adjust,,,
545ef1ab-324a-4519-b078-8f01e593b02b,EDELRID,OVAL POWER 2500 PERMALOCK,ppe,Connectors,Aluminium,"EN 12275, EN 362",852060000080,,999,25 kN,,,,,,,,https://edelrid.com/eu-en/sport/carabiners-and-quickdraws/oval-power-2500-permalock,,,
6ba99083-81de-41c1-99a6-2c25b6108e85,EDELRID,OVAL POWER 2500 SCREW,ppe,Connectors,Aluminium,"EN 12275, EN 362",,,999,25 kN,,,,,,,,https://edelrid.com/eu-en/sport/carabiners-and-quickdraws/oval-power-2500-screw,,,
bedc5897-6218-4bf1-9bab-e8de54e58b8b,EDELRID,OVAL POWER 2500 TRIPLE,ppe,Connectors,Aluminium,"EN 12275, EN 362",852060000070,,999,25 kN,,,,,,,,https://edelrid.com/eu-en/sport/carabiners-and-quickdraws/oval-power-2500-triple,,,
383d80fa-8da6-4d25-8404-59431a0450a4,EDELRID,OVAL POWER 2500 TRIPLE NFC,ppe,Connectors,Aluminium,"EN 12275, EN 362",,,999,24 kN,,,,,,,,https://edelrid.com/eu-en/sport/carabiners-and-quickdraws/oval-power-2500-triple-nfc,,,
72b6a037-1686-44eb-85e8-f09bdc28dc69,EDELRID,OVAL POWER 2500 TRIPLE RFID,ppe,Connectors,Aluminium,"EN 12275, EN 362",,,999,24 kN,,,,,,,,https://edelrid.com/eu-en/professional/connectors-shop/oval-power-2500-triple-rfid,,,
028afa46-e188-43cc-a6c4-8392fb2e9dab,EDELRID,OVAL POWER STEEL TRIPLE,ppe,Connectors,Steel,EN 362,,,999,30 kN,,,,,,,,https://edelrid.com/eu-en/professional/connectors-shop/oval-power-steel-triple,,,
413108d3-578d-4b6a-b58d-db42bd03323e,EDELRID,PIKE RESCUE,ppe,Pulleys,Aluminium,EN 12278,,,999,46 kN,,,6,13,,,https://edelrid.com/eu-en/professional/pulleys-shop/pike-rescue,,,,
542fc32c-5179-4186-b1c1-543b1c984389,EDELRID,PIKE RESCUE DOUBLE,ppe,Pulleys,Aluminium,EN 12278,,,999,46 kN,,,6,13,,,https://edelrid.com/eu-en/professional/pulleys-shop/pike-rescue-double,,,,
e8f1a223-9316-4d12-8b35-6d14e8f30294,EDELRID,PINCH,ppe,Descenders,Steel / Aluminium,"EN 15151-1, EN 12841-C",,,999,,120,,8.5,10.5,,,https://edelrid.com/eu-en/professional/descenders-shop/pinch,,,,
35632746-8da9-40eb-822b-10cf717a050d,EDELRID,POWER STEEL,ppe,Anchor Devices,Steel core / Polyester sheath,"EN 795 B, EN 354, EN 358",,10,14,,,,,,,,https://edelrid.com/eu-en/professional/anchor-devices-shop/power-steel,https://edelrid.com/eu-en/professional/anchor-devices-shop/power-steel,,,
3a713cfa-eb0d-43ae-8664-adc398f3207b,EDELRID,PUCK,ppe,Pulleys,Aluminium,EN 12278,,,999,40 kN,,,,,,,,https://edelrid.com/eu-en/professional/pulleys-shop/puck,,,
e15cff8b-a7e2-4346-8310-c9a5e96e026c,EDELRID,PURE SCREW,ppe,Connectors,Aluminium,"EN 12275, EN 362",,,999,22 kN,,,,,,,,https://edelrid.com/eu-en/professional/connectors-shop/pure-screw,,,
54a5364e-5186-47e3-856f-5e9d852bdcae,EDELRID,PURE STRAIGHT,ppe,Connectors,Aluminium,EN 12275,,,999,23 kN,,,,,,,,https://edelrid.com/eu-en/professional/connectors-shop/pure-straight,,,
aafbf985-7956-4fd1-8d51-bcdfe4d9a5bd,EDELRID,RESCUE 8,ppe,Descenders,Aluminium,EN 15151-2,,,999,,,,7.8,12,,,https://edelrid.com/eu-en/professional/descenders-shop/rescue-8,,,,
48f6d13e-d74b-493c-b88a-8ab60f709747,EDELRID,RING ALU,ppe,Anchor Devices,Aluminium,,,,999,,,,,,,,,https://edelrid.com/eu-en/professional/anchor-devices-shop/ring-alu,,,
6814becc-463e-4462-9e11-edbfadeadee5,EDELRID,SAFE DESCENT 9.8mm,ppe,Descenders,Aluminium / Aramid sheath rope,"EN 341:2011 1A/1B, EN 1496:2006/B",,10,14,,,,9.8,9.8,,,https://edelrid.com/eu-en/professional/descenders-shop/safe-descent-9-8mm,,,,
1529b923-8f15-4c40-bfd1-7b1b0b55d975,EDELRID,SAFE DESCENT 10.5mm,ppe,Descenders,Aluminium / Kernmantel rope,"EN 341:2011 1A/1B, EN 1496:2006/B",,10,14,,,,10.5,10.5,,,https://edelrid.com/eu-en/professional/descenders-shop/safe-descent-10-5mm,,,,
0a2b506c-a3fd-4eae-8615-1895dacf9ea7,EDELRID,SAFE DESCENT PRO 10.5mm,ppe,Descenders,Aluminium / Kernmantel rope,"EN 341:2011 1A/1B, EN 1496:2006/B",,10,14,,,,10.5,10.5,,,https://edelrid.com/eu-en/professional/descenders-shop/safe-descent-pro-10-5mm,,,,
a5a5e141-e75c-4ec5-a06f-080fb6258a96,EDELRID,SALATHE,ppe,Helmets,ABS / EPP (hybrid),EN 12492,,10,14,,,,,,,,https://edelrid.com/eu-en/professional/helmet-shop/salathe,https://edelrid.com/eu-en/professional/helmet/salathe,,,
8cb3af86-3294-415f-8e34-37f0017a9519,EDELRID,SHIELD,ppe,Helmets,Softshell / EPS,EN 12492,,10,14,,,,,,,,https://edelrid.com/eu-en/professional/helmet-shop/shield,https://edelrid.com/eu-en/professional/helmet/shield,,,
ecdffc24-622b-4dbd-bc11-3ce704f0e0d2,EDELRID,SHOCKSTOP-Y 140 GIANT,ppe,Lanyards,Polyester / Elastomer,"EN 354, EN 355",,10,14,,140,140,,,,,https://edelrid.com/eu-en/professional/lanyards-shop/shockstop-y-140-giant,https://edelrid.com/eu-en/professional/lanyards-shop/shockstop-y-140-giant,,,
884017a3-3e5a-4a9e-ae6d-6160afceec8e,EDELRID,SPOC,ppe,Pulleys,Aluminium / Steel cam,"EN 12278, EN 567",,,999,15 kN,,,7,11,,,https://edelrid.com/eu-en/professional/pulleys-shop/spoc,,,,
becf639d-f2f0-4fc1-b821-50964ad24f24,EDELRID,STEEL HMS TRIPLE,ppe,Connectors,Steel,EN 362,882920000060,,999,40 kN,,,,,,,,https://edelrid.com/eu-en/professional/connectors-shop/steel-hms-triple,,,
a8d78b98-7a0f-4bc7-a20b-103154f19bcb,EDELRID,STEEL STRONG TRIPLE,ppe,Connectors,Steel,EN 362,,,999,50 kN,,,,,,,,https://edelrid.com/eu-en/professional/connectors-shop/steel-strong-triple,,,
aa40e501-6985-4c59-b148-571ab73948dc,EDELRID,SWITCH PRO,ppe,Lanyards,Dynamic rope (Dyneema / Kernmantle),"EN 354, EN 795 B",,10,14,,,,,,,,https://edelrid.com/eu-en/professional/lanyards-shop/switch-pro,https://edelrid.com/eu-en/professional/lanyards-shop/switch-pro,,,
0e589bce-c7b4-415b-a58e-9311b9916d9e,EDELRID,SWITCH PRO ADJUST,ppe,Lanyards,Static rope 10.5mm / Aluminium,"EN 358, EN 795 B",,10,14,15 kN,,,,,,,,https://edelrid.com/eu-en/professional/lanyards-shop/switch-pro-adjust,,,
60967114-2924-4aa9-878b-6fb8125299a7,EDELRID,SWITCH PRO DOUBLE ADJUST,ppe,Lanyards,Static rope 10.5mm / Aluminium,"EN 358, EN 795 B",,10,14,15 kN,,,,,,,,https://edelrid.com/eu-en/professional/lanyards-shop/switch-pro-double-adjust,,,
58638bed-4dca-41e6-814c-5808d1ab7afa,EDELRID,SWITCH PRO Y-STATIC,ppe,Lanyards,Static rope 11mm,"EN 354, EN 795 B",,10,14,,,,,,,,https://edelrid.com/eu-en/professional/lanyards-shop/switch-pro-y-static,https://edelrid.com/eu-en/professional/lanyards-shop/switch-pro-y-static,,,
dbed57cc-c4a2-45e6-bca7-d68731b4b081,EDELRID,TALON TREE SPURS LONG GAFF,no_ppe,Tree Crampons,Steel / Plastic / Textile,ASTM F887-16,,10,999,,,,,,,,https://edelrid.com/eu-en/professional/tree-crampon-shop/talon-tree-spurs-long-gaff,,,,
6dc92b21-f1cb-4b47-b851-7ac9da05154f,EDELRID,TALON TREE SPURS SHORT GAFF,no_ppe,Tree Crampons,Steel / Plastic / Textile,ASTM F887-16,,10,999,,,,,,,,https://edelrid.com/eu-en/professional/tree-crampon-shop/talon-tree-spurs-short-gaff,,,,
76fddff2-8a49-4c22-b0ea-95795478162b,EDELRID,TECTUM,ppe,Helmets,ABS / EPS,"EN 397, EN 50365 Class 1, ANSI/ISEA Z89.1 Type I Class E",,10,14,,,,,,,,https://edelrid.com/eu-en/professional/helmet-shop/tectum,https://edelrid.com/eu-en/professional/helmet/tectum,,,
29efc89f-2aac-4395-9229-48759ca03bd8,EDELRID,TECTUM AIR,ppe,Helmets,ABS / EPS,"EN 12492, EN 397, ANSI/ISEA Z89.1 Type I Class C",,10,14,,,,,,,,https://edelrid.com/eu-en/professional/helmet-shop/tectum-air,https://edelrid.com/eu-en/professional/helmet/tectum-air,,,
d8e8f90d-22c8-45bd-90f8-0d675cb62b0c,EDELRID,TIBOR 8MM LOOP,ppe,Anchor Devices,Aramid / Kernmantle,"EN 566, EN 354",,10,14,,,,,,,,https://edelrid.com/eu-en/professional/anchor-devices-shop/tibor-8mm-loop,https://edelrid.com/eu-en/professional/anchor-devices-shop/tibor-8mm-loop,,,
12b088e4-c452-46a1-a8d2-129ff2395677,EDELRID,TIBOR 8MM OPEN,ppe,Anchor Devices,Aramid / Kernmantle,"EN 566, EN 354",,10,14,,,,,,,,https://edelrid.com/eu-en/professional/anchor-devices-shop/tibor-8mm-open,https://edelrid.com/eu-en/professional/anchor-devices-shop/tibor-8mm-open,,,
aa5d6df3-2e06-4f5f-9bc2-e849786262b0,EDELRID,TIBOR 10MM LOOP,ppe,Anchor Devices,Aramid / Kernmantle,"EN 566, EN 354",,10,14,,,,,,,,https://edelrid.com/eu-en/professional/anchor-devices-shop/tibor-10mm-loop,https://edelrid.com/eu-en/professional/anchor-devices-shop/tibor-10mm-loop,,,
7c0f7eff-40ab-4ecd-9ed3-cd6be2637408,EDELRID,TREE CRUISER LEFT,ppe,Rope Clamps,Aluminium / Steel cam,"EN 567, EN 12841-B",,,999,,,,8,13,,,https://edelrid.com/eu-en/professional/rope-clamps-shop/tree-cruiser-left,,,,
d44ba9e7-5aab-48f3-8ce6-a314cff751bd,EDELRID,TREE CRUISER RIGHT,ppe,Rope Clamps,Aluminium / Steel cam,"EN 567, EN 12841-B",,,999,,,,8,13,,,https://edelrid.com/eu-en/professional/rope-clamps-shop/tree-cruiser-right,,,,
03376233-d7dc-461e-b000-dadaaf9ba335,EDELRID,TREERAPTOR,ppe,Harnesses,Polyester / Nylon,"EN 358, EN 813",,10,14,,,150,,,,,https://edelrid.com/eu-en/professional/work-safety-harness-shop/treeraptor,https://edelrid.com/eu-en/professional/work-safety-harness/treeraptor,,,
eaeb00a0-4dbc-4828-b6f0-c5ce00bf3412,EDELRID,TREEREX BUNGEE CHEST,ppe,Harnesses,Polyester / Nylon / Elastomer,EN 361,,10,14,,,,,,,,https://edelrid.com/eu-en/professional/work-safety-harness-shop/treerex-bungee-chest,https://edelrid.com/eu-en/professional/work-safety-harness/treerex-bungee-chest,,,
,EDELRID,TREEREX II size 0,ppe,Harnesses,Polyester / Nylon,"EN 358, EN 813, EN 361, ANSI Z133, ASTM F887",820250132190,10,14,,,150,,,,,https://edelrid.com/eu-en/professional/work-safety-harness-shop/treerex,https://edelrid.com/eu-en/professional/work-safety-harness/treerex,,,
92c5a910-f054-41ed-9d58-9529663b334b,EDELRID,TREEREX II size 1,ppe,Harnesses,Polyester / Nylon,"EN 358, EN 813, EN 361, ANSI Z133, ASTM F887",820250142190,10,14,,,150,,,,,https://edelrid.com/eu-en/professional/work-safety-harness-shop/treerex,https://edelrid.com/eu-en/professional/work-safety-harness/treerex,,,
,EDELRID,TREEREX II size 2,ppe,Harnesses,Polyester / Nylon,"EN 358, EN 813, EN 361, ANSI Z133, ASTM F887",820250152190,10,14,,,150,,,,,https://edelrid.com/eu-en/professional/work-safety-harness-shop/treerex,https://edelrid.com/eu-en/professional/work-safety-harness/treerex,,,
dd7e74eb-127d-42b6-9fc8-caaeb8a90ed8,EDELRID,TWISTER TRIPLE 21MM,ppe,Connectors,Aluminium,"EN 12275, EN 362",882690000730,,999,25 kN,,,,,,,,https://edelrid.com/eu-en/professional/connectors-shop/twister-triple-21mm,,,
d27cddd3-851f-49e6-8696-b8ea0cad514f,EDELRID,ULTRALIGHT,ppe,Helmets,ABS / EPS,EN 12492,,10,14,,,,,,,,https://edelrid.com/eu-en/professional/helmet-shop/ultralight,https://edelrid.com/eu-en/professional/helmet/ultralight,,,
0a05bf12-4746-4b69-8f0c-0b7fa764aae7,EDELRID,UNI CRUISER,ppe,Rope Clamps,Aluminium / Steel cam,"EN 567, EN 12841-B",,,999,,150,,8,13,,,https://edelrid.com/eu-en/professional/rope-clamps-shop/uni-cruiser,,,,
455d0bf9-716a-4414-8e4c-eb255f2ace85,EDELRID,VECTOR CHEST X,ppe,Harnesses,Polyester / Nylon,EN 361,,10,14,,,,,,,,https://edelrid.com/eu-en/professional/work-safety-harness-shop/vector-chest-x,https://edelrid.com/eu-en/professional/work-safety-harness/vector-chest-x,,,
3907960f-7cc8-4d0f-9d4d-b22e185d5c27,EDELRID,VERTIC TRIPLE LOCK,ppe,Harnesses,Polyester / Nylon,"EN 361, EN 358, EN 813, ANSI Z359.11",,10,14,,,150,,,,,https://edelrid.com/eu-en/professional/work-safety-harness-shop/vertic-triple-lock,https://edelrid.com/eu-en/professional/work-safety-harness/vertic-triple-lock,,,
c729c8ef-4984-4577-be08-645afb09c4ec,EDELRID,VERTIC TRIPLE LOCK BLACK,ppe,Harnesses,Polyester / Nylon,"EN 361, EN 358, EN 813, ANSI Z359.11",,10,14,,,150,,,,,https://edelrid.com/eu-en/professional/work-safety-harness-shop/vertic-triple-lock-black,https://edelrid.com/eu-en/professional/work-safety-harness/vertic-triple-lock-black,,,
0415fdd5-6c5e-488c-a961-660c8e8e1a7b,EDELRID,WARP,ppe,Pulleys,Aluminium / Stainless steel,EN 12278,,,999,32 kN,,,,,,,,https://edelrid.com/eu-en/professional/pulleys-shop/warp,,,
86feeab2-f2d7-4df0-981a-f886632e2dde,EDELRID,WING UNIVERSAL,ppe,Harnesses,Polyester / Nylon,"EN 813, EN 358",,10,14,,,150,,,,,https://edelrid.com/eu-en/professional/work-safety-harness-shop/wing-universal,https://edelrid.com/eu-en/professional/work-safety-harness/wing-universal,,,
1fc45dee-a675-4ea5-a4c2-24666c7253d4,EDELRID,ZODIAC,ppe,Helmets,ABS / EPS (hybrid),EN 12492,,10,14,,,,,,,,https://edelrid.com/eu-en/professional/helmet-shop/zodiac,https://edelrid.com/eu-en/professional/helmet/zodiac,,,
6fb3476e-cb9d-4d91-9ff9-6a6913a13818,EDELRID,ZODIAC 3R,ppe,Helmets,ABS / EPS (hybrid / recycled),EN 12492,,10,14,,,,,,,,https://edelrid.com/eu-en/professional/helmet-shop/zodiac-3r,https://edelrid.com/eu-en/professional/helmet/zodiac-3r,,,
,Ellersafe,dubbele valstopapparaat DWR040S (2m),ppe,Retractable Fall Arresters,"webbing, plastic housing","EN360, VG11.085, VG11.062",DWR040S,,,,,140,,,,,,https://cdnm.heyzine.com/flip-book/pdf/fdef2042cef6b5c57f74b8d07922c3eb47e5a21f-4.pdf,,,
,Ellersafe,"FAA-25 valdemper (energy absorber, 25cm)",ppe,Lanyards & Energy Absorbers,44mm polyester webbing,EN355,FAA-25,,,,,120,,,,,,https://cdnm.heyzine.com/flip-book/pdf/fdef2042cef6b5c57f74b8d07922c3eb47e5a21f-4.pdf,,,
,Ellersafe,FAE-I elastic vanglijn (snaphook),ppe,Lanyards & Energy Absorbers,"44mm polyester webbing absorber, 28mm elastic polyester webbing",EN355,FAE-I,,,,,120,,,,,,https://cdnm.heyzine.com/flip-book/pdf/fdef2042cef6b5c57f74b8d07922c3eb47e5a21f-4.pdf,,,
,Ellersafe,FAE-Y double elastic vanglijn (MGO),ppe,Lanyards & Energy Absorbers,"44mm polyester webbing absorber, 28mm elastic polyester webbing",EN355,FAE-Y,,,,,120,,,,,,https://cdnm.heyzine.com/flip-book/pdf/fdef2042cef6b5c57f74b8d07922c3eb47e5a21f-4.pdf,,,
,Ellersafe,"FAR-I vanglijn (kernmantel, snaphook)",ppe,Lanyards & Energy Absorbers,"44mm polyester webbing absorber, 11mm static rope",EN355,FAR-I,,,,,120,,,,,,https://cdnm.heyzine.com/flip-book/pdf/fdef2042cef6b5c57f74b8d07922c3eb47e5a21f-4.pdf,,,
,Ellersafe,"FAR-Y double vanglijn (kernmantel, MGO)",ppe,Lanyards & Energy Absorbers,"44mm polyester webbing absorber, 11mm static rope",EN355,FAR-Y,,,,,120,,,,,,https://cdnm.heyzine.com/flip-book/pdf/fdef2042cef6b5c57f74b8d07922c3eb47e5a21f-4.pdf,,,
,Ellersafe,H110 harness,ppe,Work Harnesses,,EN361,H110,,,,,,,,,,,https://www.ellersafe.com/product/harness-h110/,,,
,Ellersafe,H115 harness - quick release buckles,ppe,Work Harnesses,,EN361,H115,,,,,,,,,,,https://www.ellersafe.com/product/harness-quick-release-buckles-h115/,,,
,Ellersafe,H120 harness - rescue loops,ppe,Work Harnesses,,EN361,H120,,,,,,,,,,,https://www.ellersafe.com/product/harness-rescue-loops-h120/,,,
,Ellersafe,H130 positioning harness,ppe,Work Harnesses,,"EN361, EN358",H130,,,,,,,,,,,https://www.ellersafe.com/product/positioning-harness-h130/,,,
,Ellersafe,H210 PRO harness,ppe,Work Harnesses,,EN361,H210,,,,,,,,,,,https://www.ellersafe.com/product/pro-harness-h210/,,,
,Ellersafe,H230 PRO positioning harness (M-XL),ppe,Work Harnesses,,"EN361, EN358",H230,,,,,,,,,,,https://www.ellersafe.com/product/positioning-harness-h230-pro/,,,
,Ellersafe,H230 PRO positioning harness (XXL),ppe,Work Harnesses,,"EN361, EN358",H230,,,,,,,,,,,https://www.ellersafe.com/product/positioning-harness-h230-pro/,,,
,Ellersafe,H280 PRO positioning harness (M-XL),ppe,Work Harnesses,,"EN361, EN358, EN813",H280,,,,,,,,,,,https://www.ellersafe.com/product/ellersafe-h280-pro-positioning-harness/,,,
,Ellersafe,H280 PRO positioning harness (XXL),ppe,Work Harnesses,,"EN361, EN358, EN813",H280,,,,,,,,,,,https://www.ellersafe.com/product/ellersafe-h280-pro-positioning-harness/,,,
,Ellersafe,H310 rope access harness (M-XL),ppe,Work Harnesses,,"EN361, EN358, EN813",H310,,,,,,,,,,,https://www.ellersafe.com/product-category/harnesses/rope-access/,,,
,Ellersafe,H310 rope access harness (XXL),ppe,Work Harnesses,,"EN361, EN358, EN813",H310,,,,,,,,,,,https://www.ellersafe.com/product-category/harnesses/rope-access/,,,
,Ellersafe,H330 rope access harness with ascender (M-XL),ppe,Work Harnesses,,"EN361, EN358, EN813",H330,,,,,,,,,,,https://www.ellersafe.com/product-category/harnesses/rope-access/,,,
,Ellersafe,H330 rope access harness with ascender (XXL),ppe,Work Harnesses,,"EN361, EN358, EN813",H330,,,,,,,,,,,https://www.ellersafe.com/product-category/harnesses/rope-access/,,,
,Ellersafe,harness P-81C (S),ppe,Work Harnesses,,"EN361, EN358, EN813",P-81C,,,,,140,,,,,,https://www.licht-produktiv.de/en/ellersafe-harness-p-81c-s,,,
,Ellersafe,harness P32PRO,ppe,Work Harnesses,,EN361,P-32PRO,,,,,,,,,,,https://www.riggersworld.eu/ellersafe-harness-p-32pro.html,,,
,Ellersafe,P-10 Harness (M-XL),ppe,Work Harnesses,,"EN361, EN358, EN813",P-10,,,,,,,,,,,https://prolight.co.uk/product/rigg130,,,
,Ellersafe,P81 Safety Harness,ppe,Work Harnesses,,"EN361, EN358, EN813",P81,,,,,,,,,,,https://sos-shop.com/products/safety-harness-p81-new,,,
,Ellersafe,"ROLEX valstopapparaat (2m, webbing, schroefsluiting karabijnhaak)",ppe,Retractable Fall Arresters,"webbing, radilon housing",EN360:2002,AH210,,,,,140,,,on device label,,,https://cdnm.heyzine.com/flip-book/pdf/fdef2042cef6b5c57f74b8d07922c3eb47e5a21f-4.pdf,,,
,Ellersafe,"ROLEX valstopapparaat (2m, webbing, steigerpijphaak)",ppe,Retractable Fall Arresters,"webbing, radilon housing",EN360:2002,AH220,,,,,140,,,on device label,,,https://cdnm.heyzine.com/flip-book/pdf/fdef2042cef6b5c57f74b8d07922c3eb47e5a21f-4.pdf,,,
,Ellersafe,"valstop- en reddingslier CRW200 (15m, met lier)",ppe,Retractable Fall Arresters,steel cable,"EN360, EN1496 type B",CRW200,,,,,140,,,,,,https://cdnm.heyzine.com/flip-book/pdf/fdef2042cef6b5c57f74b8d07922c3eb47e5a21f-4.pdf,,,
,Ellersafe,"valstop- en reddingslier CRW300 (25m, met lier)",ppe,Retractable Fall Arresters,steel cable,"EN360, EN1496",CRW300,,,,,140,,,,,,https://cdnm.heyzine.com/flip-book/pdf/fdef2042cef6b5c57f74b8d07922c3eb47e5a21f-4.pdf,,,
,Ellersafe,"valstopapparaat CR030 (3m, staalkabel)",ppe,Retractable Fall Arresters,galvanized 4mm steel cable,EN360,CR030,,,,,140,,,,,,https://cdnm.heyzine.com/flip-book/pdf/fdef2042cef6b5c57f74b8d07922c3eb47e5a21f-4.pdf,,,
,Ellersafe,"valstopapparaat CR250HV-11 (11m, staalkabel, horiz./vert.)",ppe,Retractable Fall Arresters,galvanized 5mm steel cable,"EN360:2002, VG11.060, VG11.062",CR250HV-11,,,,,120,,,,,,https://cdnm.heyzine.com/flip-book/pdf/fdef2042cef6b5c57f74b8d07922c3eb47e5a21f-4.pdf,,,
,Ellersafe,"valstopapparaat CR250V-15 (15m, staalkabel, vert.)",ppe,Retractable Fall Arresters,galvanized 4mm steel cable,"EN360:2002, VG11.062",CR250V-15,,,,,140,,,,,,https://cdnm.heyzine.com/flip-book/pdf/fdef2042cef6b5c57f74b8d07922c3eb47e5a21f-4.pdf,,,
,Ellersafe,"valstopapparaat CR255V-11 RVS (11m, staalkabel, vert.)",ppe,Retractable Fall Arresters,stainless steel 5mm cable,"EN360:2002, VG11.062",CR255V-11,,,,,140,,,,,,https://cdnm.heyzine.com/flip-book/pdf/fdef2042cef6b5c57f74b8d07922c3eb47e5a21f-4.pdf,,,
,Ellersafe,"valstopapparaat CR300-28 (28m, staalkabel)",ppe,Retractable Fall Arresters,galvanized 4mm steel cable,EN360,CR300-28,,,,,140,,,,,,https://cdnm.heyzine.com/flip-book/pdf/fdef2042cef6b5c57f74b8d07922c3eb47e5a21f-4.pdf,,,
,Ellersafe,"valstopapparaat WR020 (2m, webbing)",ppe,Retractable Fall Arresters,"webbing, radilon housing",EN360,WR020,,,,,,,,,,,https://cdnm.heyzine.com/flip-book/pdf/fdef2042cef6b5c57f74b8d07922c3eb47e5a21f-4.pdf,,,
,Ellersafe,"valstopapparaat WR040HV (2m, horiz./vert.)",ppe,Retractable Fall Arresters,"webbing, radilon housing","EN360, VG11.085, VG11.062, VG11.060",WR040HV,,,,,140,,,,,,https://cdnm.heyzine.com/flip-book/pdf/fdef2042cef6b5c57f74b8d07922c3eb47e5a21f-4.pdf,,,
,Ellersafe,"valstopapparaat WR100-06 (6m, webbing)",ppe,Retractable Fall Arresters,"webbing, radilon housing",EN360,WR100-06,,,,,120,,,,,,https://cdnm.heyzine.com/flip-book/pdf/fdef2042cef6b5c57f74b8d07922c3eb47e5a21f-4.pdf,,,
,Ellersafe,"WR020-Y double fall arrester (2m, webbing, MGO)",ppe,Retractable Fall Arresters,"20mm UHMWPE webbing, PA housing",EN360:2002,WR020-Y,,,,,140,,,,,,https://www.ellersafe.com/product/ellersafe-wr020-y-double-fall-arrester-webbing-mgo-2m/,,,
27c636ff-475e-4d3b-a115-b09d6e96e014,FALL SAFE,ATEX HARNESS L/XL,ppe,Harnesses,Anti-static polyester / Aluminium,CE - EN361:2002,FS249-L/XL,,8,,,140,,,,,https://fallsafe-online.com/storage/Manuais/50-700550-7005-STD2023_R2.pdf,https://fallsafe-online.com/product/fs249,,,
c54c5d54-7294-4feb-92c0-ec84471978cb,FALL SAFE,ATEX HARNESS S/M,ppe,Harnesses,Anti-static polyester / Aluminium,CE - EN361:2002,FS249-S/M,,8,,,140,,,,,https://fallsafe-online.com/storage/Manuais/50-700550-7005-STD2023_R2.pdf,https://fallsafe-online.com/product/fs249,,,
c42cc8c2-5435-4092-986d-dc2e480f99fa,FALL SAFE,ATEX HARNESS XXL,ppe,Harnesses,Anti-static polyester / Aluminium,CE - EN361:2002,FS249-XXL,,8,,,140,,,,,https://fallsafe-online.com/storage/Manuais/50-700550-7005-STD2023_R2.pdf,https://fallsafe-online.com/product/fs249,,,
45fe5dfa-ae1f-49d7-8fbf-19663144eeed,FALL SAFE,CLASSIC EVO HARNESS L/XL,ppe,Harnesses,Polyester / Polyamide / Aluminium / Steel,CE - EN361:2002,FS202EVO-L/XL,,10,,,140,,,,,https://fallsafe-online.com/storage/Manuais/50-700550-7005-STD2023_R2.pdf,https://fallsafe-online.com/product/fs202evo,,,
91432d5b-7e1d-4281-9d03-d22c221fdff4,FALL SAFE,CLASSIC EVO HARNESS S/M,ppe,Harnesses,Polyester / Polyamide / Aluminium / Steel,CE - EN361:2002,FS202EVO-S/M,,10,,,140,,,,,https://fallsafe-online.com/storage/Manuais/50-700550-7005-STD2023_R2.pdf,https://fallsafe-online.com/product/fs202evo,,,
b189be0b-7cad-4653-b67a-701e75ef34aa,FALL SAFE,CLASSIC EVO HARNESS XXL,ppe,Harnesses,Polyester / Polyamide / Aluminium / Steel,CE - EN361:2002,FS202EVO-XXL,,10,,,140,,,,,https://fallsafe-online.com/storage/Manuais/50-700550-7005-STD2023_R2.pdf,https://fallsafe-online.com/product/fs202evo,,,
01d3ad20-e283-4b22-9073-65fa265d189d,FALL SAFE,CLASSIC HARNESS L/XL,ppe,Harnesses,Polyester / Polyamide / Aluminium / Steel,CE - EN361:2002,FS202-L/XL,,10,,,140,,,,,https://fallsafe-online.com/storage/Manuais/50-700550-7005-STD2023_R2.pdf,https://fallsafe-online.com/product/fs202,,,
c369e28a-9f0e-43d1-9d1b-380f409efd25,FALL SAFE,CLASSIC HARNESS S/M,ppe,Harnesses,Polyester / Polyamide / Aluminium / Steel,CE - EN361:2002,FS202-S/M,,10,,,140,,,,,https://fallsafe-online.com/storage/Manuais/50-700550-7005-STD2023_R2.pdf,https://fallsafe-online.com/product/fs202,,,
fef3821d-d5d0-4e3e-9483-f54664dd271b,FALL SAFE,CLASSIC HARNESS XXL,ppe,Harnesses,Polyester / Polyamide / Aluminium / Steel,CE - EN361:2002,FS202-XXL,,10,,,140,,,,,https://fallsafe-online.com/storage/Manuais/50-700550-7005-STD2023_R2.pdf,https://fallsafe-online.com/product/fs202,,,
06de8355-28a7-42ef-999c-844a6995190b,FALL SAFE,FLASH HARNESS L/XL,ppe,Harnesses,Polyester / Polyamide / Aluminium / Steel,"CE - EN361:2002, CE - EN358:2018, CE - EN813:2024",FS240-L/XL,,10,,,140,,,,,https://fallsafe-online.com/storage/Manuais/50-700550-7005-STD2023_R2.pdf,https://fallsafe-online.com/product/fs240,,,
17e61adf-457a-4936-9311-a627e93b2d46,FALL SAFE,FLASH HARNESS S/M,ppe,Harnesses,Polyester / Polyamide / Aluminium / Steel,"CE - EN361:2002, CE - EN358:2018, CE - EN813:2024",FS240-S/M,,10,,,140,,,,,https://fallsafe-online.com/storage/Manuais/50-700550-7005-STD2023_R2.pdf,https://fallsafe-online.com/product/fs240,,,
9a1cf4e4-b61f-460f-8f7d-509390a4c368,FALL SAFE,FLASH HARNESS XXL,ppe,Harnesses,Polyester / Polyamide / Aluminium / Steel,"CE - EN361:2002, CE - EN358:2018, CE - EN813:2024",FS240-XXL,,10,,,140,,,,,https://fallsafe-online.com/storage/Manuais/50-700550-7005-STD2023_R2.pdf,https://fallsafe-online.com/product/fs240,,,
f7439e38-9600-40ee-94a1-f62efc3c252c,FALL SAFE,FS930 SERIES - FALL ARREST BLOCKS 2M,ppe,SRL,Steel / Carbon / Dyneema / Aluminium / PA6,CE - EN360:2023,FS930,,10,,,140,,,,,,https://fallsafe-online.com/product/fs930,,,
55b5baf3-2f1a-4fda-b50b-98610364aac9,FALL SAFE,FS931 SERIES - FALL ARREST BLOCKS 3M,ppe,SRL,Steel / Carbon / Dyneema / Aluminium / PA6,CE - EN360:2023,FS931,,10,,,140,,,,,,https://fallsafe-online.com/product/fs931,,,
7439ca0d-80f6-4936-bc3e-9f08d95a3a9a,FALL SAFE,HARN CONSTRUCTION COMFORT 3D 2XL,ppe,Harnesses,Polyester / Polyamide / EVA / TPU / Aluminium / Steel alloy,"ANSI Z359.11-2021, CSA Z259.10-18, OSHA 1926.502, OSHA 1910.140",FS240IC-2XL,,,,,140,,,,,,https://fallsafe-online.com/product/fs240ic,,,
8d8e65af-8fcc-4c20-b161-751b784d5198,FALL SAFE,HARN CONSTRUCTION COMFORT 3D L/XL,ppe,Harnesses,Polyester / Polyamide / EVA / TPU / Aluminium / Steel alloy,"ANSI Z359.11-2021, CSA Z259.10-18, OSHA 1926.502, OSHA 1910.140",FS240IC-L/XL,,,,,140,,,,,,https://fallsafe-online.com/product/fs240ic,,,
fcba8520-021e-4763-b62c-64825d65dd34,FALL SAFE,HARN CONSTRUCTION COMFORT 3D S/M,ppe,Harnesses,Polyester / Polyamide / EVA / TPU / Aluminium / Steel alloy,"ANSI Z359.11-2021, CSA Z259.10-18, OSHA 1926.502, OSHA 1910.140",FS240IC-S/M,,,,,140,,,,,,https://fallsafe-online.com/product/fs240ic,,,
004224b9-242e-4303-a59d-3abc0c9d2804,FALL SAFE,HARN CONSTRUCTION COMFORT 4D 2XL,ppe,Harnesses,Polyester / Polyamide / EVA / TPU / Aluminium / Steel alloy,"ANSI Z359.11-2021, CSA Z259.10-18, OSHA 1926.502, OSHA 1910.140",FS240ICD-2XL,,,,,140,,,,,,https://fallsafe-online.com/product/fs240icd,,,
c1e479f8-caec-4437-96e3-3641f85cc6d6,FALL SAFE,HARN CONSTRUCTION COMFORT 4D L/XL,ppe,Harnesses,Polyester / Polyamide / EVA / TPU / Aluminium / Steel alloy,"ANSI Z359.11-2021, CSA Z259.10-18, OSHA 1926.502, OSHA 1910.140",FS240ICD-L/XL,,,,,140,,,,,,https://fallsafe-online.com/product/fs240icd,,,
fa9d4012-ac20-488a-93a9-ba356431260a,FALL SAFE,HARN CONSTRUCTION COMFORT 4D S/M,ppe,Harnesses,Polyester / Polyamide / EVA / TPU / Aluminium / Steel alloy,"ANSI Z359.11-2021, CSA Z259.10-18, OSHA 1926.502, OSHA 1910.140",FS240ICD-S/M,,,,,140,,,,,,https://fallsafe-online.com/product/fs240icd,,,
2e06c450-101a-470a-906a-a6134d172a3f,FALL SAFE,HARN FLEX BASIC 1D 2XL,ppe,Harnesses,Polyester / Polyamide / EVA / Aluminium / Steel alloy,"ANSI Z359.11-2021, CSA Z259.10-18, OSHA 1926.502, OSHA 1910.140",FS242IB-2XL,,,,,140,,,,,,https://fallsafe-online.com/product/fs242ib,,,
2ac03ca2-ff28-48ca-a20b-6ad860b7b081,FALL SAFE,HARN FLEX BASIC 1D L/XL,ppe,Harnesses,Polyester / Polyamide / EVA / Aluminium / Steel alloy,"ANSI Z359.11-2021, CSA Z259.10-18, OSHA 1926.502, OSHA 1910.140",FS242IB-L/XL,,,,,140,,,,,,https://fallsafe-online.com/product/fs242ib,,,
1aad2e95-35ec-42d1-9344-d88503c3f368,FALL SAFE,HARN FLEX BASIC 1D S/M,ppe,Harnesses,Polyester / Polyamide / EVA / Aluminium / Steel alloy,"ANSI Z359.11-2021, CSA Z259.10-18, OSHA 1926.502, OSHA 1910.140",FS242IB-S/M,,,,,140,,,,,,https://fallsafe-online.com/product/fs242ib,,,
14248794-0920-4d21-b808-3a9484ab4ce4,FALL SAFE,HARN FLEX BASIC 2D 2XL,ppe,Harnesses,Polyester / Polyamide / EVA / Aluminium / Steel alloy,"ANSI Z359.11-2021, CSA Z259.10-18, OSHA 1926.502, OSHA 1910.140",FS242IBD-2XL,,,,,140,,,,,,https://fallsafe-online.com/product/fs242ibd,,,
35fa5532-0091-4851-a73e-7603e50702e7,FALL SAFE,HARN FLEX BASIC 2D L/XL,ppe,Harnesses,Polyester / Polyamide / EVA / Aluminium / Steel alloy,"ANSI Z359.11-2021, CSA Z259.10-18, OSHA 1926.502, OSHA 1910.140",FS242IBD-L/XL,,,,,140,,,,,,https://fallsafe-online.com/product/fs242ibd,,,
2edf0b44-7b1d-4577-a593-5cdd5a29e1a4,FALL SAFE,HARN FLEX BASIC 2D S/M,ppe,Harnesses,Polyester / Polyamide / EVA / Aluminium / Steel alloy,"ANSI Z359.11-2021, CSA Z259.10-18, OSHA 1926.502, OSHA 1910.140",FS242IBD-S/M,,,,,140,,,,,,https://fallsafe-online.com/product/fs242ibd,,,
274295ca-0abd-4de4-83ee-bffe9256d3fd,FALL SAFE,HARN FLEX COMFORT 1D 2XL,ppe,Harnesses,Polyester / Polyamide / EVA / Aluminium / Steel alloy,"ANSI Z359.11-2021, CSA Z259.10-18, OSHA 1926.502, OSHA 1910.140",FS242IC-2XL,,,,,140,,,,,,https://fallsafe-online.com/product/fs242ic,,,
d1a8ce40-15fd-498b-84f3-569402e2305c,FALL SAFE,HARN FLEX COMFORT 1D L/XL,ppe,Harnesses,Polyester / Polyamide / EVA / Aluminium / Steel alloy,"ANSI Z359.11-2021, CSA Z259.10-18, OSHA 1926.502, OSHA 1910.140",FS242IC-L/XL,,,,,140,,,,,,https://fallsafe-online.com/product/fs242ic,,,
3bce3c86-7e43-4f99-b44f-5e876b8fbb07,FALL SAFE,HARN FLEX COMFORT 1D S/M,ppe,Harnesses,Polyester / Polyamide / EVA / Aluminium / Steel alloy,"ANSI Z359.11-2021, CSA Z259.10-18, OSHA 1926.502, OSHA 1910.140",FS242IC-S/M,,,,,140,,,,,,https://fallsafe-online.com/product/fs242ic,,,
ce7bc2e4-e2f8-4e61-865d-dd37d29289e1,FALL SAFE,HARN FLEX COMFORT 2D 2XL,ppe,Harnesses,Polyester / Polyamide / EVA / Aluminium / Steel alloy,"ANSI Z359.11-2021, CSA Z259.10-18, OSHA 1926.502, OSHA 1910.140",FS242ICD-2XL,,,,,140,,,,,,https://fallsafe-online.com/product/fs242icd,,,
dfbb70b9-dbef-4b7e-b306-be4b7d16c48f,FALL SAFE,HARN FLEX COMFORT 2D L/XL,ppe,Harnesses,Polyester / Polyamide / EVA / Aluminium / Steel alloy,"ANSI Z359.11-2021, CSA Z259.10-18, OSHA 1926.502, OSHA 1910.140",FS242ICD-L/XL,,,,,140,,,,,,https://fallsafe-online.com/product/fs242icd,,,
623803bd-a7c4-42de-aef7-b6a58df95cbe,FALL SAFE,HARN FLEX COMFORT 2D S/M,ppe,Harnesses,Polyester / Polyamide / EVA / Aluminium / Steel alloy,"ANSI Z359.11-2021, CSA Z259.10-18, OSHA 1926.502, OSHA 1910.140",FS242ICD-S/M,,,,,140,,,,,,https://fallsafe-online.com/product/fs242icd,,,
b03a2d6d-c898-4ea3-8d06-aa1c563dbfc5,FALL SAFE,HARN FLYER PRO 5D 2XL,ppe,Harnesses,Polyester / Polyamide / Aluminium / Steel alloy,"ANSI Z359.11-2021, CSA Z259.10-18, OSHA 1926.502, OSHA 1910.140",FS243.2IP-2XL,,,,,140,,,,,,https://fallsafe-online.com/product/fs2432ip,,,
7f1b9d6c-5dce-4308-b3bd-b2c5c42e8c5c,FALL SAFE,HARN FLYER PRO 5D L/XL,ppe,Harnesses,Polyester / Polyamide / Aluminium / Steel alloy,"ANSI Z359.11-2021, CSA Z259.10-18, OSHA 1926.502, OSHA 1910.140",FS243.2IP-L/XL,,,,,140,,,,,,https://fallsafe-online.com/product/fs2432ip,,,
682b5bd6-a5c1-4c69-886f-aeca96316a67,FALL SAFE,HARN FLYER PRO 5D S/M,ppe,Harnesses,Polyester / Polyamide / Aluminium / Steel alloy,"ANSI Z359.11-2021, CSA Z259.10-18, OSHA 1926.502, OSHA 1910.140",FS243.2IP-S/M,,,,,140,,,,,,https://fallsafe-online.com/product/fs2432ip,,,
ea998ecb-4037-4935-9e13-d9ae9e14b043,FALL SAFE,HARN STEALTH FLYER PRO 5D 2XL,ppe,Harnesses,Polyester / Polyamide / Aluminium / Steel alloy,"ANSI Z359.11-2021, CSA Z259.10-18, OSHA 1926.502, OSHA 1910.140",FS243.2IPB-2XL,,,,,140,,,,,,https://fallsafe-online.com/product/fs2432ipb,,,
dc925ffc-086a-4f5e-aabe-5b59af8a4d3e,FALL SAFE,HARN STEALTH FLYER PRO 5D L/XL,ppe,Harnesses,Polyester / Polyamide / Aluminium / Steel alloy,"ANSI Z359.11-2021, CSA Z259.10-18, OSHA 1926.502, OSHA 1910.140",FS243.2IPB-L/XL,,,,,140,,,,,,https://fallsafe-online.com/product/fs2432ipb,,,
8c66b4a2-acc3-4a61-b7a0-58e18b13b27f,FALL SAFE,HARN STEALTH FLYER PRO 5D S/M,ppe,Harnesses,Polyester / Polyamide / Aluminium / Steel alloy,"ANSI Z359.11-2021, CSA Z259.10-18, OSHA 1926.502, OSHA 1910.140",FS243.2IPB-S/M,,,,,140,,,,,,https://fallsafe-online.com/product/fs2432ipb,,,
10c3e232-a155-402b-868d-9ef7af89508e,FALL SAFE,LITE EVO HARNESS L/XL,ppe,Harnesses,Polyester / Polyamide / Aluminium / Steel,CE - EN361:2002,FS242EVO-L/XL,,10,,,140,,,,,https://fallsafe-online.com/storage/Manuais/50-700550-7005-STD2023_R2.pdf,https://fallsafe-online.com/product/fs242evo,,,
7d21a2d5-9fd7-4219-9bad-5e73288b85c2,FALL SAFE,LITE EVO HARNESS S/M,ppe,Harnesses,Polyester / Polyamide / Aluminium / Steel,CE - EN361:2002,FS242EVO-S/M,,10,,,140,,,,,https://fallsafe-online.com/storage/Manuais/50-700550-7005-STD2023_R2.pdf,https://fallsafe-online.com/product/fs242evo,,,
adaa8227-b734-4225-8747-60d55c0f6dec,FALL SAFE,LITE EVO HARNESS XXL,ppe,Harnesses,Polyester / Polyamide / Aluminium / Steel,CE - EN361:2002,FS242EVO-XXL,,10,,,140,,,,,https://fallsafe-online.com/storage/Manuais/50-700550-7005-STD2023_R2.pdf,https://fallsafe-online.com/product/fs242evo,,,
9e914214-d10c-44e1-8eb4-194208381097,FALL SAFE,LITE HARNESS L/XL,ppe,Harnesses,Polyester / Polyamide / Aluminium / Steel,CE - EN361:2002,FS242-L/XL,,10,,,140,,,,,https://fallsafe-online.com/storage/Manuais/50-700550-7005-STD2023_R2.pdf,https://fallsafe-online.com/product/fs242,,,
7ee3dc32-3edf-4ce4-826d-e8a8816545b0,FALL SAFE,LITE HARNESS S/M,ppe,Harnesses,Polyester / Polyamide / Aluminium / Steel,CE - EN361:2002,FS242-S/M,,10,,,140,,,,,https://fallsafe-online.com/storage/Manuais/50-700550-7005-STD2023_R2.pdf,https://fallsafe-online.com/product/fs242,,,
f1002fdf-74aa-4a58-892f-4595b177ed40,FALL SAFE,LITE HARNESS XXL,ppe,Harnesses,Polyester / Polyamide / Aluminium / Steel,CE - EN361:2002,FS242-XXL,,10,,,140,,,,,https://fallsafe-online.com/storage/Manuais/50-700550-7005-STD2023_R2.pdf,https://fallsafe-online.com/product/fs242,,,
abf3cad1-3c0f-476c-8c8f-6f254484db75,FALL SAFE,LYD POSITIONING GRIPPA 12MM ROPE,ppe,Positioning Lanyards,Polyester / Polyamide / Aluminium,"CE - EN358:2018, ANSI Z359.3-2019",FS053KI-OG-6FT,,10,,,140,12,12,,,https://fallsafe-online.com/storage/Manuais/50-7006I50-7006I_STD24_R0.pdf,https://fallsafe-online.com/product/fs053ki-og-6ft,,,
302ea6dd-7f19-4c8a-a790-abfa271090bd,FALL SAFE,LYD SA TWIN STRETX AL REBAR HOOK,ppe,Lanyards,Polyester / Aluminium,"CE - EN354:2010, CE - EN355:2002, ANSI Z359.13-2013",FS512I-GY-6FT,,,,,140,,,,,https://fallsafe-online.com/storage/Manuais/50-7009I50-7009I_STD24_R0.pdf,https://fallsafe-online.com/product/fs512i-gy-6ft,,,
75ac3938-966a-479a-80e2-dd01703f65b8,FALL SAFE,ORBLOX - FALL ARREST BLOCKS SHARP EDGE 2.30M,ppe,SRL,Aluminium / UHMWPE / Stainless steel,CE - EN360:2023,FS930E,,10,,,140,,,,,,https://fallsafe-online.com/product/fs930e,,,
b6512c02-425c-4468-85dc-73367f076b4c,FALL SAFE,PSRL MICRO-LE SW/SNAP SINGLE 8FT,ppe,SRL,Nylon / Steel,"ANSI Z359.14 Class 2, OSHA",4280008-1,,,,,140,,,,,https://fallsafe-online.com/storage/Manuais/UI_MICRO LOC4200008-200 Rev A.pdf,https://fallsafe-online.com/product/4280008-1,,,
12c57740-ed5d-45ac-bd3a-98e4747b5714,FALL SAFE,PSRL MICRO-LE SW/SNAP TWIN 8FT,ppe,SRL,Nylon / Steel,"ANSI Z359.14 Class 2, OSHA",4290008-1,,,,,140,,,,,https://fallsafe-online.com/storage/Manuais/UI_MICRO LOC4200008-200 Rev A.pdf,https://fallsafe-online.com/product/4290008-1,,,
376d2091-516f-4da2-aae7-1482041cbda6,FALL SAFE,PSRL MICRO-LOC LE REBAR SINGLE 8FT,ppe,SRL,Nylon / Steel,"ANSI Z359.14 Class 2, OSHA",4286008-1,,,,,140,,,,,https://fallsafe-online.com/storage/Manuais/UI_MICRO LOC4200008-200 Rev A.pdf,https://fallsafe-online.com/product/4286008-1,,,
a53cf5f2-4059-4f30-ae97-8496b87166a4,FALL SAFE,PSRL MICRO-LOC LE REBAR TWIN 8FT,ppe,SRL,Nylon / Steel,"ANSI Z359.14 Class 2, OSHA",4296008-1,,,,,140,,,,,https://fallsafe-online.com/storage/Manuais/UI_MICRO LOC4200008-200 Rev A.pdf,https://fallsafe-online.com/product/4296008-1,,,
a0759bdd-1218-4411-a68c-6bdd81e10dcd,FALL SAFE,PSRL MICRO-LOC LE SNAP SINGLE 8FT,ppe,SRL,Nylon / Steel,"ANSI Z359.14 Class 2, OSHA",4285008-1,,,,,140,,,,,https://fallsafe-online.com/storage/Manuais/UI_MICRO LOC4200008-200 Rev A.pdf,https://fallsafe-online.com/product/4285008-1,,,
b6b19e69-280d-413e-bdc5-bec1d7c3b651,FALL SAFE,PSRL MICRO-LOC LE SNAP TWIN 8FT,ppe,SRL,Nylon / Steel,"ANSI Z359.14 Class 2, OSHA",4295008-1,,,,,140,,,,,https://fallsafe-online.com/storage/Manuais/UI_MICRO LOC4200008-200 Rev A.pdf,https://fallsafe-online.com/product/4295008-1,,,
af7579b5-969a-42df-a312-db5bc6a298f4,FALL SAFE,RETRACTABLE FALL ARRESTER BLOCK WEBBING 7M,ppe,SRL,Steel / PA6 / Dyneema,CE - EN360:2023,FS932,,,,,140,,,,,,https://fallsafe-online.com/product/fs932,,,
16b81eb9-ddff-459a-917b-ff61530dc046,FALL SAFE,SPINDEL COMBO 1 HARNESS L/XL,ppe,Harnesses,Polyester / Polyamide / Aluminium / Steel,"CE - EN361:2002, CE - EN358:2018, CE - EN813:2024",FS243.01-L/XL,,10,,,140,,,,,https://fallsafe-online.com/storage/Manuais/50-700550-7005-STD2023_R2.pdf,https://fallsafe-online.com/product/fs24301,,,
4f746f3e-93be-44ef-9ead-b78234c4c7da,FALL SAFE,SPINDEL COMBO 1 HARNESS S/M,ppe,Harnesses,Polyester / Polyamide / Aluminium / Steel,"CE - EN361:2002, CE - EN358:2018, CE - EN813:2024",FS243.01-S/M,,10,,,140,,,,,https://fallsafe-online.com/storage/Manuais/50-700550-7005-STD2023_R2.pdf,https://fallsafe-online.com/product/fs24301,,,
9e72bfe8-9f4d-442a-852b-538fc29682cc,FALL SAFE,SPINDEL COMBO 1 HARNESS XXL,ppe,Harnesses,Polyester / Polyamide / Aluminium / Steel,"CE - EN361:2002, CE - EN358:2018, CE - EN813:2024",FS243.01-XXL,,10,,,140,,,,,https://fallsafe-online.com/storage/Manuais/50-700550-7005-STD2023_R2.pdf,https://fallsafe-online.com/product/fs24301,,,
ca453992-e67a-4605-9868-dac38648241e,FALL SAFE,SPINDEL COMBO 2 HARNESS L/XL,ppe,Harnesses,Polyester / Polyamide / Aluminium / Steel,"CE - EN361:2002, CE - EN358:2018, CE - EN813:2024",FS243.02-L/XL,,10,,,140,,,,,https://fallsafe-online.com/storage/Manuais/50-700550-7005-STD2023_R2.pdf,https://fallsafe-online.com/product/fs24302,,,
a334554b-31be-40ea-a437-170841b28251,FALL SAFE,SPINDEL COMBO 2 HARNESS S/M,ppe,Harnesses,Polyester / Polyamide / Aluminium / Steel,"CE - EN361:2002, CE - EN358:2018, CE - EN813:2024",FS243.02-S/M,,10,,,140,,,,,https://fallsafe-online.com/storage/Manuais/50-700550-7005-STD2023_R2.pdf,https://fallsafe-online.com/product/fs24302,,,
6c15191f-71a2-4ce0-a925-f5010c9a60d7,FALL SAFE,SPINDEL COMBO 2 HARNESS XXL,ppe,Harnesses,Polyester / Polyamide / Aluminium / Steel,"CE - EN361:2002, CE - EN358:2018, CE - EN813:2024",FS243.02-XXL,,10,,,140,,,,,https://fallsafe-online.com/storage/Manuais/50-700550-7005-STD2023_R2.pdf,https://fallsafe-online.com/product/fs24302,,,
e655acf1-bdfc-4726-92ff-3a6e7d8b13ea,FALL SAFE,SPINDEL EVO HARNESS L/XL,ppe,Harnesses,Polyester / Polyamide / Aluminium / Steel,"CE - EN361:2002, CE - EN358:2018, CE - EN813:2024",FS243.06-L/XL,,10,,,140,,,,,https://fallsafe-online.com/storage/Manuais/50-700550-7005-STD2023_R2.pdf,https://fallsafe-online.com/product/fs24306,,,
2e2faef5-616b-4ad5-88e2-a96ec73fd981,FALL SAFE,SPINDEL EVO HARNESS S/M,ppe,Harnesses,Polyester / Polyamide / Aluminium / Steel,"CE - EN361:2002, CE - EN358:2018, CE - EN813:2024",FS243.06-S/M,,10,,,140,,,,,https://fallsafe-online.com/storage/Manuais/50-700550-7005-STD2023_R2.pdf,https://fallsafe-online.com/product/fs24306,,,
a3ba392d-f0e6-4140-a1de-411d2ed253b4,FALL SAFE,SPINDEL EVO HARNESS XXL,ppe,Harnesses,Polyester / Polyamide / Aluminium / Steel,"CE - EN361:2002, CE - EN358:2018, CE - EN813:2024",FS243.06-XXL,,10,,,140,,,,,https://fallsafe-online.com/storage/Manuais/50-700550-7005-STD2023_R2.pdf,https://fallsafe-online.com/product/fs24306,,,
c9412ee2-f945-49e9-8fd0-5d34d439dc56,FALL SAFE,SRL FLO 30FT GALV CLASS 2 LE,ppe,SRL,Nylon / Steel,"ANSI Z359.14 Class 2, OSHA",4710000-30,,,,,140,,,,,https://fallsafe-online.com/storage/Manuais/UI_F.L.O4700000-200-manual-eng.pdf,https://fallsafe-online.com/product/4710000-30,,,
ba9c9969-d2a2-4f88-9a37-8b0a56d8d31b,FALL SAFE,ULTRA EVO HARNESS L/XL,ppe,Harnesses,Polyester / Polyamide / Aluminium / Steel,"CE - EN361:2002, CE - EN358:2018",FS222EVO-L/XL,,10,,,140,,,,,https://fallsafe-online.com/storage/Manuais/50-700550-7005-STD2023_R2.pdf,https://fallsafe-online.com/product/fs222evo,,,
8db44054-24f3-442d-9969-d09252bd1520,FALL SAFE,ULTRA EVO HARNESS S/M,ppe,Harnesses,Polyester / Polyamide / Aluminium / Steel,"CE - EN361:2002, CE - EN358:2018",FS222EVO-S/M,,10,,,140,,,,,https://fallsafe-online.com/storage/Manuais/50-700550-7005-STD2023_R2.pdf,https://fallsafe-online.com/product/fs222evo,,,
2532f3a5-48f2-4b0e-8bfb-2ebab97e7cc8,FALL SAFE,ULTRA EVO HARNESS XXL,ppe,Harnesses,Polyester / Polyamide / Aluminium / Steel,"CE - EN361:2002, CE - EN358:2018",FS222EVO-XXL,,10,,,140,,,,,https://fallsafe-online.com/storage/Manuais/50-700550-7005-STD2023_R2.pdf,https://fallsafe-online.com/product/fs222evo,,,
7b2b9553-9eb2-45af-8ae6-8119d87fe967,FALL SAFE,VERT RESCUE HARNESS L/XL,ppe,Harnesses,Polyester / Polyamide / Aluminium / Steel,"CE - EN361:2002, CE - EN1497:2007",FS236-L/XL,,10,,,140,,,,,https://fallsafe-online.com/storage/Manuais/50-700550-7005-STD2023_R2.pdf,https://fallsafe-online.com/product/fs236,,,
0e7d946f-bc52-488e-bc1b-c1b9b6e80c0c,FALL SAFE,VERT RESCUE HARNESS S/M,ppe,Harnesses,Polyester / Polyamide / Aluminium / Steel,"CE - EN361:2002, CE - EN1497:2007",FS236-S/M,,10,,,140,,,,,https://fallsafe-online.com/storage/Manuais/50-700550-7005-STD2023_R2.pdf,https://fallsafe-online.com/product/fs236,,,
484c183f-f0c3-4488-9916-f0192b976e03,FALL SAFE,VERT RESCUE HARNESS XXL,ppe,Harnesses,Polyester / Polyamide / Aluminium / Steel,"CE - EN361:2002, CE - EN1497:2007",FS236-XXL,,10,,,140,,,,,https://fallsafe-online.com/storage/Manuais/50-700550-7005-STD2023_R2.pdf,https://fallsafe-online.com/product/fs236,,,
1a8345e2-597b-4717-8074-f9a56180ae85,FTC Tree,Anaconda 12 mm,rigging,rigging rope,100% polyester double braid (polyurethane coated),Machinery Directive 2006/42/CE,,,10,45,6.4 kN,,12,12,,,https://ftc-tree.com/en/module/pixel_product_files/download?id_file=471,https://ftc-tree.com/en/rigging/57-rigging-rope-anaconda.html,,,
6d4da775-bc92-40be-bdd2-a58566cf22c4,FTC Tree,Anaconda 14 mm,rigging,rigging rope,100% polyester double braid (polyurethane coated),Machinery Directive 2006/42/CE,,,10,55,7.8 kN,,14,14,,,https://ftc-tree.com/en/module/pixel_product_files/download?id_file=471,https://ftc-tree.com/en/rigging/57-rigging-rope-anaconda.html,,,
d6c17915-80f4-41ed-90d8-174de8e3b852,FTC Tree,Anaconda 16 mm,rigging,rigging rope,100% polyester double braid (polyurethane coated),Machinery Directive 2006/42/CE,,,10,67,9.5 kN,,16,16,,,https://ftc-tree.com/en/module/pixel_product_files/download?id_file=471,https://ftc-tree.com/en/rigging/57-rigging-rope-anaconda.html,,,
4fbee888-f392-4a72-aea0-23baddd9791d,FTC Tree,Anaconda 18 mm,rigging,rigging rope,100% polyester double braid (polyurethane coated),Machinery Directive 2006/42/CE,,,10,76,11 kN,,18,18,,,https://ftc-tree.com/en/module/pixel_product_files/download?id_file=471,https://ftc-tree.com/en/rigging/57-rigging-rope-anaconda.html,,,
20c32733-0081-4136-a7f5-0085b8c9ddcf,FTC Tree,Anaconda sling 12 mm - 2 m,rigging,rigging sling,100% polyurethane coated polyester double braid 20-strand,Machinery Directive 2006/42/CE,,,10,45,6.4 kN,,12,12,,,https://ftc-tree.com/en/module/pixel_product_files/download?id_file=459,https://ftc-tree.com/en/rigging/63-anaconda-sling.html,,,
43b3b0ed-7656-43ee-865f-29c1c7e59fb5,FTC Tree,Anaconda sling 14 mm - 2.5 m,rigging,rigging sling,100% polyurethane coated polyester double braid 20-strand,Machinery Directive 2006/42/CE,,,10,55,7.8 kN,,14,14,,,https://ftc-tree.com/en/module/pixel_product_files/download?id_file=459,https://ftc-tree.com/en/rigging/63-anaconda-sling.html,,,
60590b83-99a4-406e-8ac5-f8f6cd9dab10,FTC Tree,Anaconda sling 14 mm - 3.5 m,rigging,rigging sling,100% polyurethane coated polyester double braid 20-strand,Machinery Directive 2006/42/CE,,,10,55,7.8 kN,,14,14,,,https://ftc-tree.com/en/module/pixel_product_files/download?id_file=459,https://ftc-tree.com/en/rigging/63-anaconda-sling.html,,,
efbdafc9-6a16-4dca-9714-9a8da2e35b24,FTC Tree,Anaconda sling 16 mm - 2.5 m,rigging,rigging sling,100% polyurethane coated polyester double braid 20-strand,Machinery Directive 2006/42/CE,,,10,67,9.5 kN,,16,16,,,https://ftc-tree.com/en/module/pixel_product_files/download?id_file=459,https://ftc-tree.com/en/rigging/63-anaconda-sling.html,,,
21615060-f2e7-4d67-b4cc-88e5e2b78762,FTC Tree,Anaconda sling 16 mm - 3.5 m,rigging,rigging sling,100% polyurethane coated polyester double braid 20-strand,Machinery Directive 2006/42/CE,,,10,67,9.5 kN,,16,16,,,https://ftc-tree.com/en/module/pixel_product_files/download?id_file=459,https://ftc-tree.com/en/rigging/63-anaconda-sling.html,,,
83dc8cf4-1b74-42b2-87aa-49dd0bf0d579,FTC Tree,Anaconda sling 18 mm - 4.5 m,rigging,rigging sling,100% polyurethane coated polyester double braid 20-strand,Machinery Directive 2006/42/CE,,,10,76,11 kN,,18,18,,,https://ftc-tree.com/en/module/pixel_product_files/download?id_file=459,https://ftc-tree.com/en/rigging/63-anaconda-sling.html,,,
04e10658-a8f9-40fb-8b76-be5803f949ff,FTC Tree,Argiope Acid 12.1,ppe,climbing rope,67% polyester (cover) / 33% polyamide (core),CE EN 1891 Type A,,,10,34,,,12.1,12.1,,,https://ftc-tree.com/en/module/pixel_product_files/download?id_file=560,https://ftc-tree.com/en/climbing/126-argiope-acid-3701356701692.html,,,
82beb5e0-be16-4e30-bec8-6a54bcc6a5a4,FTC Tree,Argiope Evo 11.7 Berry,ppe,climbing rope,100% polyester,CE EN 1891:1998 Type A,,,10,28.9,,,11.7,11.7,,,https://ftc-tree.com/en/module/pixel_product_files/download?id_file=551,https://ftc-tree.com/en/climbing/224-argiope-evo.html,,,
201257d3-6ca8-43aa-bc30-055f4d381350,FTC Tree,Argiope Evo 11.7 Blue,ppe,climbing rope,100% polyester,CE EN 1891:1998 Type A,,,10,28.9,,,11.7,11.7,,,https://ftc-tree.com/en/module/pixel_product_files/download?id_file=551,https://ftc-tree.com/en/climbing/224-argiope-evo.html,,,
06470641-eb5e-4dff-95e3-8dce7aea0f99,FTC Tree,Argon 8 mm - 70 cm (2 sewn eyes),ppe,friction knot cord,Technora / polyester mix,EN 795:2012 Type B,,,10,18,,,8,8,,,https://ftc-tree.com/en/module/pixel_product_files/download?id_file=545,https://ftc-tree.com/en/climbing/229-neon-argon.html,,,
399b0db2-0f2a-4db3-8129-ef7bef8a1403,FTC Tree,Argon 8 mm - 90 cm (2 sewn eyes),ppe,friction knot cord,Technora / polyester mix,EN 795:2012 Type B,,,10,18,,,8,8,,,https://ftc-tree.com/en/module/pixel_product_files/download?id_file=545,https://ftc-tree.com/en/climbing/229-neon-argon.html,,,
a9c36135-e735-4b91-a5d5-b94da6cf29cc,FTC Tree,Argon 8 mm - by the meter,ppe,friction knot cord,Technora / polyester mix,EN 564:2014,,,10,16,,,8,8,,,https://ftc-tree.com/en/module/pixel_product_files/download?id_file=545,https://ftc-tree.com/en/climbing/229-neon-argon.html,,,
0e48f4b8-8e34-46a7-9854-fdd9754ee0c5,FTC Tree,Azur 3 m (with mechanical adjuster + Twister),ppe,positioning lanyard,stainless steel core 6 mm / polyester sheath 12 mm,CE EN 358,FTC/LAT-AR3,,,,,,,,,,https://ftc-tree.com/en/module/pixel_product_files/download?id_file=569,https://ftc-tree.com/en/climbing/191-azur-steel-core-lanyard.html,,,
40d0ef03-ddf0-4f95-804f-1415540a06b2,FTC Tree,Azur 3 m (with mechanical adjuster),ppe,positioning lanyard,stainless steel core 6 mm / polyester sheath 12 mm,CE EN 358,FTC/LA-AR3,,,,,,,,,,https://ftc-tree.com/en/module/pixel_product_files/download?id_file=569,https://ftc-tree.com/en/climbing/191-azur-steel-core-lanyard.html,,,
0ae0f4ce-e42c-4292-b290-d2877cfe34da,FTC Tree,Azur 4 m (with mechanical adjuster + Twister),ppe,positioning lanyard,stainless steel core 6 mm / polyester sheath 12 mm,CE EN 358,FTC/LAT-AR4,,,,,,,,,,https://ftc-tree.com/en/module/pixel_product_files/download?id_file=569,https://ftc-tree.com/en/climbing/191-azur-steel-core-lanyard.html,,,
f95a6d25-cd93-4e8a-aaf8-218bb8300b23,FTC Tree,Azur 4 m (with mechanical adjuster),ppe,positioning lanyard,stainless steel core 6 mm / polyester sheath 12 mm,CE EN 358,FTC/LA-AR4,,,,,,,,,,https://ftc-tree.com/en/module/pixel_product_files/download?id_file=569,https://ftc-tree.com/en/climbing/191-azur-steel-core-lanyard.html,,,
dd1793b5-22d0-41cd-b37d-6a17eef6571e,FTC Tree,Azur 5 m (with mechanical adjuster + Twister),ppe,positioning lanyard,stainless steel core 6 mm / polyester sheath 12 mm,CE EN 358,FTC/LAT-AR5,,,,,,,,,,https://ftc-tree.com/en/module/pixel_product_files/download?id_file=569,https://ftc-tree.com/en/climbing/191-azur-steel-core-lanyard.html,,,
ce402f60-7b75-40e1-ac5e-dc42c3ed1b97,FTC Tree,Boa 3 m,rigging,rigging sling,100% polyurethane coated polyester hollow braid 26 mm,Machinery Directive 2006/42/CE,,,10,80,11 kN,,,,,,https://ftc-tree.com/en/module/pixel_product_files/download?id_file=435,https://ftc-tree.com/en/rigging/62-boa-attaching-sling.html,,,
727926dc-061d-4966-9555-c9307e666b9b,FTC Tree,Boa 4 m,rigging,rigging sling,100% polyurethane coated polyester hollow braid 26 mm,Machinery Directive 2006/42/CE,,,10,80,11 kN,,,,,,https://ftc-tree.com/en/module/pixel_product_files/download?id_file=435,https://ftc-tree.com/en/rigging/62-boa-attaching-sling.html,,,
4dd7a843-7313-408f-8915-3820e51023b9,FTC Tree,Boa Tenex 12 mm - 1.5 m,rigging,rigging sling,100% polyester Samthane-coated hollow braid 12-strand 12 mm,Machinery Directive 2006/42/EC,,,10,97,13.8 kN,,12,12,,,https://ftc-tree.com/en/module/pixel_product_pdf/download?id=245&lang=en,https://ftc-tree.com/en/rigging/245-attaching-sling-boa-tenex.html,,,
ec10bb8d-9588-4f98-8967-59b662110a1c,FTC Tree,Boa Tenex 12 mm - 2.5 m,rigging,rigging sling,100% polyester Samthane-coated hollow braid 12-strand 12 mm,Machinery Directive 2006/42/EC,,,10,97,13.8 kN,,12,12,,,https://ftc-tree.com/en/module/pixel_product_pdf/download?id=245&lang=en,https://ftc-tree.com/en/rigging/245-attaching-sling-boa-tenex.html,,,
0a985b1e-68ca-4c22-8ca9-72c466e47815,FTC Tree,Boa Tenex 14 mm - 1.5 m,rigging,rigging sling,100% polyester Samthane-coated hollow braid 12-strand 14 mm,Machinery Directive 2006/42/EC,,,10,119,17 kN,,14,14,,,https://ftc-tree.com/en/module/pixel_product_pdf/download?id=245&lang=en,https://ftc-tree.com/en/rigging/245-attaching-sling-boa-tenex.html,,,
c2fde2f4-40b5-4965-b42e-2ce9ef27ffe7,FTC Tree,Boa Tenex 14 mm - 2.5 m,rigging,rigging sling,100% polyester Samthane-coated hollow braid 12-strand 14 mm,Machinery Directive 2006/42/EC,,,10,119,17 kN,,14,14,,,https://ftc-tree.com/en/module/pixel_product_pdf/download?id=245&lang=en,https://ftc-tree.com/en/rigging/245-attaching-sling-boa-tenex.html,,,
ba02fd1d-553e-4dc1-9ad9-516fa934b31a,FTC Tree,Boa Tenex 16 mm - 4 m,rigging,rigging sling,100% polyester Samthane-coated hollow braid 12-strand 16 mm,Machinery Directive 2006/42/EC,,,10,136,19.4 kN,,16,16,,,https://ftc-tree.com/en/module/pixel_product_pdf/download?id=245&lang=en,https://ftc-tree.com/en/rigging/245-attaching-sling-boa-tenex.html,,,
20f45394-74b1-4eba-ae82-86575ac6c9ba,FTC Tree,Chainsaw strop (Leash),no_ppe,tool strop,Kevlar reinforced polyurethane / polyamide strap / stainless steel ring,not PPE,,,,0.88,,,,,,,,https://ftc-tree.com/en/-accessories/5-chainsaw-strop-3701356700077.html,,,
2d8b0b0c-79ae-4fae-a4dc-7bde87032bb5,FTC Tree,Choker Joker Light,ppe,cambium saver,100% polyester strap / steel ultra quick link / aluminium retrieval ball,CE EN 795:B; TS 16415:2013 (2 users),,,,30,,,,,,,https://ftc-tree.com/en/module/pixel_product_files/download?id_file=575,https://ftc-tree.com/en/climbing/160-choker-joker-light-3701356700336.html,,,
246e63d2-bd34-481c-8531-1c8ee35cd02f,FTC Tree,Donut,rigging,rigging block,aluminium sideplates+sheave / stainless steel inner ring,Machinery Directive 2006/42/EC,,,,300-400,60-80 kN,,,22,,,https://ftc-tree.com/en/module/pixel_product_pdf/download?id=240&lang=en,https://ftc-tree.com/en/accueil/240-donut-rigging-block.html,,,
341d3bfb-3c88-4a24-ae7e-0ac615db4705,FTC Tree,Éclipse 3,rigging,rigging block,aluminium,Machinery Directive 2006/42/CE,,,,150,30 kN,,,18,,,https://ftc-tree.com/en/module/pixel_product_files/download?id_file=142,https://ftc-tree.com/en/rigging/48-eclipse-3-rigging-block-3701356700008.html,,,
d7cdb33d-55e4-4f0e-8028-c75d2c42e158,FTC Tree,Equilibre 14 mm - 7 m,rigging,rigging sling,100% polyurethane coated polyester double braid 20-strand 14 mm,Machinery Directive 2006/42/CE,,,10,38.2,5 kN,,14,14,,,https://ftc-tree.com/en/module/pixel_product_files/download?id_file=425,https://ftc-tree.com/en/rigging/65-equilibre-ftc-tree-sling-3701356702705.html,,,
fa912dad-9d94-45ee-a7db-78f48976dbe0,FTC Tree,Freexion (device only),ppe,rope progression system,aluminium body / stainless steel pin,CE EN 12841:2006 Type C,,,,,,150,11.5,12.5,,,https://ftc-tree.com/en/module/pixel_product_pdf/download?id=230&lang=en,https://ftc-tree.com/en/climbing/230-freexion.html,,,
8567b83a-12eb-43b8-a271-26bd7cf45fec,FTC Tree,Friction Ring FR1,rigging,friction ring,aluminium,Machinery Directive 2006/42/CE,,,,65,13 kN,,,14,,,https://ftc-tree.com/en/module/pixel_product_pdf/download?id=196&lang=en,https://ftc-tree.com/en/rigging/196-friction-ring-ftc-tree.html,,,
c9308a70-7a64-4ae0-9638-e89cd4b79c67,FTC Tree,Friction Ring FR2,rigging,friction ring,aluminium,Machinery Directive 2006/42/CE,,,,135,27 kN,,,20,,,https://ftc-tree.com/en/module/pixel_product_pdf/download?id=196&lang=en,https://ftc-tree.com/en/rigging/196-friction-ring-ftc-tree.html,,,
15ec5a23-aa3e-493a-b23f-4cf1fa8c5f9a,FTC Tree,Friction Ring FR3,rigging,friction ring,aluminium,Machinery Directive 2006/42/CE,,,,240,48 kN,,,28,,,https://ftc-tree.com/en/module/pixel_product_pdf/download?id=196&lang=en,https://ftc-tree.com/en/rigging/196-friction-ring-ftc-tree.html,,,
bbab8184-e319-4a7f-bd22-ae994345ebd4,FTC Tree,Joker Light 110 cm (1 ring),ppe,cambium saver,100% polyester strap / stainless steel ring,EN 795 B; TS 16415:2013 (2 users),,,,26,,,,,,,https://ftc-tree.com/en/module/pixel_product_files/download?id_file=572,https://ftc-tree.com/en/climbing/188-joker-light.html,,,
af1a55e8-47b3-4662-b710-a8d898921acc,FTC Tree,Joker Light 110 cm (2 rings),ppe,cambium saver,100% polyester strap / stainless steel rings,EN 795 B; TS 16415:2013 (2 users),,,,26,,,,,,,https://ftc-tree.com/en/module/pixel_product_files/download?id_file=572,https://ftc-tree.com/en/climbing/188-joker-light.html,,,
e48fa166-7548-4441-81c2-3aad7aeeb3e2,FTC Tree,Joker Light 200 cm (1 ring),ppe,cambium saver,100% polyester strap / stainless steel ring,EN 795 B; TS 16415:2013 (2 users),,,,26,,,,,,,https://ftc-tree.com/en/module/pixel_product_files/download?id_file=572,https://ftc-tree.com/en/climbing/188-joker-light.html,,,
11e03194-7bfa-42a0-bb7c-00877596c253,FTC Tree,Joker Light 500 cm (1 ring),ppe,cambium saver,100% polyester strap / stainless steel ring,EN 795 B; TS 16415:2013 (2 users),,,,26,,,,,,,https://ftc-tree.com/en/module/pixel_product_files/download?id_file=572,https://ftc-tree.com/en/climbing/188-joker-light.html,,,
cd6b9ebc-9b81-45fd-9b2b-a96de064ed72,FTC Tree,Katuali 10 mm,rigging,rigging rope,100% polyester double braid,Machinery Directive 2006/42/CE,,,10,32,4.5 kN,,10,10,,,https://ftc-tree.com/en/module/pixel_product_files/download?id_file=474,https://ftc-tree.com/en/rigging/115-rope-katuali.html,,,
dd1e39d9-15e0-4c09-b57b-45818daab884,FTC Tree,Katuali 12 mm,rigging,rigging rope,100% polyester double braid,Machinery Directive 2006/42/CE,,,10,42,6 kN,,12,12,,,https://ftc-tree.com/en/module/pixel_product_files/download?id_file=474,https://ftc-tree.com/en/rigging/115-rope-katuali.html,,,
beece9b0-4a74-41d0-b689-7993a9a53fad,FTC Tree,Katuali 14 mm,rigging,rigging rope,100% polyester double braid,Machinery Directive 2006/42/CE,,,10,55,7.8 kN,,14,14,,,https://ftc-tree.com/en/module/pixel_product_files/download?id_file=474,https://ftc-tree.com/en/rigging/115-rope-katuali.html,,,
d3f6ba0f-8561-4adc-8042-549a8b1746ea,FTC Tree,Katuali 16 mm,rigging,rigging rope,100% polyester double braid,Machinery Directive 2006/42/CE,,,10,72,10.2 kN,,16,16,,,https://ftc-tree.com/en/module/pixel_product_files/download?id_file=474,https://ftc-tree.com/en/rigging/115-rope-katuali.html,,,
048107d6-4fd5-4148-8176-dca836ac6d56,FTC Tree,Katuali 18 mm,rigging,rigging rope,100% polyester double braid,Machinery Directive 2006/42/CE,,,10,86,12.2 kN,,18,18,,,https://ftc-tree.com/en/module/pixel_product_files/download?id_file=474,https://ftc-tree.com/en/rigging/115-rope-katuali.html,,,
739b6fb0-bb85-46ec-a0f2-c8af77b664fe,FTC Tree,Katuali rigging sling 10 mm,rigging,rigging sling,100% polyester double braid,Machinery Directive 2006/42/CE,,,10,29,4.1 kN,,10,10,,,https://ftc-tree.com/en/module/pixel_product_files/download?id_file=401,https://ftc-tree.com/en/rigging/235-katuali-rigging-sling.html,,,
2189ee24-0581-4d80-8214-7fdce6280ea1,FTC Tree,Katuali rigging sling 12 mm,rigging,rigging sling,100% polyester double braid,Machinery Directive 2006/42/CE,,,10,40,5.7 kN,,12,12,,,https://ftc-tree.com/en/module/pixel_product_files/download?id_file=401,https://ftc-tree.com/en/rigging/235-katuali-rigging-sling.html,,,
2196724d-3a94-4428-8294-858824288039,FTC Tree,Katuali rigging sling 14 mm,rigging,rigging sling,100% polyester double braid,Machinery Directive 2006/42/CE,,,10,52,7.4 kN,,14,14,,,https://ftc-tree.com/en/module/pixel_product_files/download?id_file=401,https://ftc-tree.com/en/rigging/235-katuali-rigging-sling.html,,,
527d5c39-3efb-42c8-b356-caeb86d072ad,FTC Tree,Katuali rigging sling 16 mm,rigging,rigging sling,100% polyester double braid,Machinery Directive 2006/42/CE,,,10,70,10 kN,,16,16,,,https://ftc-tree.com/en/module/pixel_product_files/download?id_file=401,https://ftc-tree.com/en/rigging/235-katuali-rigging-sling.html,,,
fcda6df6-1e7e-425c-86cf-47fa5fb52fa4,FTC Tree,Katuali rigging sling 18 mm,rigging,rigging sling,100% polyester double braid,Machinery Directive 2006/42/CE,,,10,84,12 kN,,18,18,,,https://ftc-tree.com/en/module/pixel_product_files/download?id_file=401,https://ftc-tree.com/en/rigging/235-katuali-rigging-sling.html,,,
62aa08aa-7494-4663-bd57-5ab4ef1fa4a3,FTC Tree,Klik N'Ka climbing spurs,no_ppe,climbing spurs,aluminium shanks / epoxy-glass fibre + carbon shells / forged stainless steel gaffs / EVA foam,not PPE,FTC/KNK-E,,,,,,,,,,https://ftc-tree.com/en/module/pixel_product_pdf/download?id=222&lang=en,https://ftc-tree.com/en/rigging/222-klik-n-ka-climbing-spurs.html,,,
c7b18c57-2cd2-4589-9d90-07ba60fb48fc,FTC Tree,Micro-cylindre 2.1,rigging,friction device,aluminium,Machinery Directive 2006/42/CE,,,,40,8 kN,,,14,,,https://ftc-tree.com/en/module/pixel_product_files/download?id_file=334,https://ftc-tree.com/en/rigging/192-micro-cylindre-2-1.html,,,
9f547d24-49c1-405e-b782-5bf5075293b1,FTC Tree,Mini-cylindre HR 2.1,rigging,friction device,aluminium,Machinery Directive 2006/42/CE,,,,50,10 kN,,,16,,,https://ftc-tree.com/en/module/pixel_product_files/download?id_file=335,https://ftc-tree.com/en/rigging/4-mini-cylindre-hr-21.html,,,
a2f7c807-113a-4bba-a84c-904af2532584,FTC Tree,Mini-Éclipse 2,rigging,rigging block,aluminium,Machinery Directive 2006/42/CE,,,,100,20 kN,,,16,,,https://ftc-tree.com/en/module/pixel_product_files/download?id_file=149,https://ftc-tree.com/en/rigging/49-rigging-block-mini-eclipse-2-3701356700725.html,,,
74b83856-6f08-4c4c-a552-ccd60ed88429,FTC Tree,Néon 10 mm - 70 cm (2 sewn eyes),ppe,friction knot cord,Technora / polyester mix,EN 795:2012 Type B,,,10,18,,,10,10,,,https://ftc-tree.com/en/module/pixel_product_files/download?id_file=548,https://ftc-tree.com/en/climbing/229-neon-argon.html,,,
55004fae-fc75-4f2e-b696-68c9c5232445,FTC Tree,Néon 10 mm - 90 cm (2 sewn eyes),ppe,friction knot cord,Technora / polyester mix,EN 795:2012 Type B,,,10,18,,,10,10,,,https://ftc-tree.com/en/module/pixel_product_files/download?id_file=548,https://ftc-tree.com/en/climbing/229-neon-argon.html,,,
fa4e08a3-b873-4e41-ba49-b1534eca9cd3,FTC Tree,Nigma 12 mm,ppe,climbing rope,100% polyester,CE EN 1891 Type A,,,10,35,,,12,12,,,https://ftc-tree.com/en/module/pixel_product_files/download?id_file=557,https://ftc-tree.com/en/climbing/122-nigma-climbing-rope-12mm-3701356701807.html,,,
4c5b188f-eb8e-4050-b3cc-beffd6ab810e,FTC Tree,O'Ring 2 - 12 mm Katuali - 3 m,rigging,rigging sling,100% polyester double braid 16-strand / aluminium ring,Machinery Directive 2006/42/EC,,,10,40,5.7 kN,,12,12,,,https://ftc-tree.com/en/module/pixel_product_pdf/download?id=193&lang=en,https://ftc-tree.com/en/rigging/193-o-ring-2-ftc-tree-sling.html,,,
541f2183-1705-4e60-a728-13a689b6d82d,FTC Tree,O'Ring 2 - 14 mm Katuali - 4 m,rigging,rigging sling,100% polyester double braid 16-strand / aluminium ring,Machinery Directive 2006/42/EC,,,10,52,7.4 kN,,14,14,,,https://ftc-tree.com/en/module/pixel_product_pdf/download?id=193&lang=en,https://ftc-tree.com/en/rigging/193-o-ring-2-ftc-tree-sling.html,,,
74630bcc-3f0a-4eb3-8df9-71a1ca7a0bd2,FTC Tree,O'Ring 2 - 16 mm Katuali - 5 m,rigging,rigging sling,100% polyester double braid 16-strand / aluminium ring,Machinery Directive 2006/42/EC,,,10,70,10 kN,,16,16,,,https://ftc-tree.com/en/module/pixel_product_pdf/download?id=193&lang=en,https://ftc-tree.com/en/rigging/193-o-ring-2-ftc-tree-sling.html,,,
dd3e8175-724d-4a85-b74e-04997c9b9daa,FTC Tree,O'Ring 2 - 18 mm Katuali - 6 m,rigging,rigging sling,100% polyester double braid 16-strand / aluminium ring,Machinery Directive 2006/42/EC,,,10,84,12 kN,,18,18,,,https://ftc-tree.com/en/module/pixel_product_pdf/download?id=193&lang=en,https://ftc-tree.com/en/rigging/193-o-ring-2-ftc-tree-sling.html,,,
dfa75b7f-0bcf-4d94-892e-4c9c8c076233,FTC Tree,Orvet 0.70 m (yellow),rigging,rigging sling,100% polyurethane coated polyester Ø10 mm,Machinery Directive 2006/42/EC,,,10,15,2 kN,,10,10,,,https://ftc-tree.com/en/module/pixel_product_files/download?id_file=582,https://ftc-tree.com/en/rigging/64-orvet-rigging-sling-3701356700206.html,,,
11db213c-3468-44f4-a5dc-ff59237fcbf7,FTC Tree,Orvet 1.30 m (red),rigging,rigging sling,100% polyurethane coated polyester Ø10 mm,Machinery Directive 2006/42/EC,,,10,15,2 kN,,10,10,,,https://ftc-tree.com/en/module/pixel_product_files/download?id_file=582,https://ftc-tree.com/en/rigging/64-orvet-rigging-sling-3701356700206.html,,,
8bdeb918-e657-4bb8-9bc9-ebd7bf99c4b7,FTC Tree,Spider Friction,rigging,rigging sling,100% polyester double braid 24-strand 16 mm,Machinery Directive 2006/42/CE,FTC/PRUSFTC Y,,10,59,8.4 kN,,16,16,,,https://ftc-tree.com/en/module/pixel_product_files/download?id_file=422,https://ftc-tree.com/en/rigging/66-spider-friction-3701356702675.html,,,
69604fd8-2c68-44e7-90e8-9b1e61a8a18b,FTC Tree,Stable Braid 12 mm (1 splice),rigging,rigging rope,100% polyester Samthane-coated double braid 16-strand,Machinery Directive 2006/42/EC,,,10,46,6.5 kN,,12,12,,,https://ftc-tree.com/en/module/pixel_product_pdf/download?id=251&lang=en,https://ftc-tree.com/en/rigging/251-rigging-rope-stable-braid.html,,,
5baef1a1-85ff-42aa-8859-4369856963d0,FTC Tree,Stable Braid 14 mm (1 splice),rigging,rigging rope,100% polyester Samthane-coated double braid 16-strand,Machinery Directive 2006/42/EC,,,10,55,7.8 kN,,14,14,,,https://ftc-tree.com/en/module/pixel_product_pdf/download?id=251&lang=en,https://ftc-tree.com/en/rigging/251-rigging-rope-stable-braid.html,,,
81b25734-a2ba-4f5f-85af-d84b107314bd,FTC Tree,Sting & Stay size L,no_ppe,climbing spurs,stainless steel shank / leather calf pads / stainless steel gaffs,not PPE,FTC/SAS-PS2,,,,,,,,,,https://ftc-tree.com/en/module/pixel_product_pdf/download?id=179&lang=en,https://ftc-tree.com/en/rigging/179-204-sting-stay-climbing-spurs.html,,,
814013c8-e918-4634-85ce-7911ff903964,FTC Tree,Sting & Stay size S,no_ppe,climbing spurs,stainless steel shank / leather calf pads / stainless steel gaffs,not PPE,FTC/SAS-PS2,,,,,,,,,,https://ftc-tree.com/en/module/pixel_product_pdf/download?id=179&lang=en,https://ftc-tree.com/en/rigging/179-204-sting-stay-climbing-spurs.html,,,
92cd74ea-9ad6-436a-a110-3af27cd6ae66,FTC Tree,Straplink (with carabiner),no_ppe,lanyard choker,100% polyester strap / steel buckles,,,,,,500 kg,,,,,,https://ftc-tree.com/en/module/pixel_product_files/download?id_file=366,https://ftc-tree.com/en/climbing/181-246-straplink.html,,,
1a577647-827e-4d20-8daf-dd8e040ac91e,FTC Tree,Straplink (without carabiner),no_ppe,lanyard choker,100% polyester strap / steel buckles,,,,,,500 kg,,,,,,https://ftc-tree.com/en/module/pixel_product_files/download?id_file=366,https://ftc-tree.com/en/climbing/181-246-straplink.html,,,
003850f3-898a-496d-ace6-21c2f196fd2a,FTC Tree,Super Boa 3 m,rigging,rigging sling,100% high modulus polythene coated 15 mm hollow braid,Machinery Directive 2006/42/EC,,,10,130,19 kN,,,,,,https://ftc-tree.com/en/module/pixel_product_files/download?id_file=432,https://ftc-tree.com/en/rigging/195-super-boa-ftc-tree-sling.html,,,
c15ecee7-81bf-4f5d-b7a3-aca29bff15b4,FTC Tree,Super Boa 5 m,rigging,rigging sling,100% high modulus polythene coated 15 mm hollow braid,Machinery Directive 2006/42/EC,,,10,130,19 kN,,,,,,https://ftc-tree.com/en/module/pixel_product_files/download?id_file=432,https://ftc-tree.com/en/rigging/195-super-boa-ftc-tree-sling.html,,,
8dd23bb8-e0cd-47aa-b55c-231d33db877d,FTC Tree,Tenex 2R 14 mm - 1.1 m,rigging,rigging cambium saver,100% polyester Samthane-coated hollow braid 12-strand 14 mm / 2x aluminium FR2 ring,Machinery Directive 2006/42/CE,,,10,,,,14,14,,,https://ftc-tree.com/en/module/pixel_product_pdf/download?id=247&lang=en,https://ftc-tree.com/en/rigging/247-ATTACHING-SLING-WITH-TWO-FRICTION-RING-tenex-2r.html,,,
de242456-b0e5-42ea-825b-5d01627a6c3c,FTC Tree,Tenex DNA 16 mm - 2 m,rigging,rigging sling,100% polyester Samthane-coated hollow braid 12-strand 16 mm / aluminium FR2 ring,Machinery Directive 2006/42/EC,FTC/ETDNA16T2-2,,10,117,16.7 kN,,16,16,,,https://ftc-tree.com/en/module/pixel_product_pdf/download?id=246&lang=en,https://ftc-tree.com/en/rigging/246-ATTACHING-SLING-WITH-LOOPS-TENEX-DNA.html,,,
53bef787-850c-4731-9cbc-3e969a0087e1,FTC Tree,Tenex DNA 16 mm - 3 m,rigging,rigging sling,100% polyester Samthane-coated hollow braid 12-strand 16 mm / aluminium FR2 ring,Machinery Directive 2006/42/EC,FTC/ETDNA16T2-3,,10,117,16.7 kN,,16,16,,,https://ftc-tree.com/en/module/pixel_product_pdf/download?id=246&lang=en,https://ftc-tree.com/en/rigging/246-ATTACHING-SLING-WITH-LOOPS-TENEX-DNA.html,,,
e4c45047-3a0c-4b63-9709-0a57efce4dce,FTC Tree,Tenex Loop 14 mm - 1 m,rigging,rigging sling,100% polyester Samthane-coated hollow braid 12-strand 14 mm,Machinery Directive 2006/42/CE,,,10,151,21.5 kN,,14,14,,,https://ftc-tree.com/en/module/pixel_product_pdf/download?id=249&lang=en,https://ftc-tree.com/en/rigging/249-ADJUSTABLE-SLING-tenex-loop.html,,,
c6a4b1f9-da86-4913-8b8a-f295a5ad0404,FTC Tree,Tenex Loop 16 mm - 2 m,rigging,rigging sling,100% polyester Samthane-coated hollow braid 12-strand 16 mm,Machinery Directive 2006/42/CE,,,10,174,24.8 kN,,16,16,,,https://ftc-tree.com/en/module/pixel_product_pdf/download?id=249&lang=en,https://ftc-tree.com/en/rigging/249-ADJUSTABLE-SLING-tenex-loop.html,,,
38c65a35-7bc5-41d6-8632-4356b80c15d9,FTC Tree,Vipere Tenex R 16 mm - 2.5 m,rigging,rigging sling,100% polyester Samthane-coated hollow braid 12-strand 16 mm / aluminium FR2 ring,Machinery Directive 2006/42/EC,,,10,,,,16,16,,,https://ftc-tree.com/en/module/pixel_product_pdf/download?id=248&lang=en,https://ftc-tree.com/en/rigging/248-adjustable-sling-vipere-tenex-r.html,,,
14e18bf8-3d63-47ce-aa42-1742a5c63195,FTC Tree,Vipere Tenex R 16 mm - 3.5 m,rigging,rigging sling,100% polyester Samthane-coated hollow braid 12-strand 16 mm / aluminium FR2 ring,Machinery Directive 2006/42/EC,,,10,,,,16,16,,,https://ftc-tree.com/en/module/pixel_product_pdf/download?id=248&lang=en,https://ftc-tree.com/en/rigging/248-adjustable-sling-vipere-tenex-r.html,,,
7b3a27d6-3e2c-40e8-a78f-f4b2ff327d17,Haberkorn,treeAustria 3.2 Arborist Harness Size 1,ppe,Harnesses,Polyester; aluminium,EN 813; EN 358,,,12,,,,,,,,,https://drayer.de/en/shop/climbing-harnesses/tree-climbing-harnesses/564/treeaustria-3.2-arborist-harness,,,
920cf241-777e-4487-91ae-df65fec6035d,Haberkorn,treeAustria 3.2 Arborist Harness Size 2,ppe,Harnesses,Polyester; aluminium,EN 813; EN 358,,,12,,,,,,,,,https://drayer.de/en/shop/climbing-harnesses/tree-climbing-harnesses/564/treeaustria-3.2-arborist-harness,,,
bbbb4eb7-6cd2-4f50-9713-3d4bd93c0641,Haberkorn,treeAustria 3.2 Arborist Harness Size 3,ppe,Harnesses,Polyester; aluminium,EN 813; EN 358,,,12,,,,,,,,,https://drayer.de/en/shop/climbing-harnesses/tree-climbing-harnesses/564/treeaustria-3.2-arborist-harness,,,
564af260-5224-471c-a49b-217fdd3e53da,Haberkorn,treeAustria Pro Arborist Harness Size 1,ppe,Harnesses,Polyester; aluminium,EN 813; EN 358,,,12,,,,,,,,,https://drayer.de/en/shop/climbing-harnesses/tree-climbing-harnesses/931/treeaustria-pro-arborist-harness,,,
b30f7463-3f61-4b0a-a8cd-b85c5b58eef3,Haberkorn,treeAustria Pro Arborist Harness Size 2,ppe,Harnesses,Polyester; aluminium,EN 813; EN 358,,,12,,,,,,,,,https://drayer.de/en/shop/climbing-harnesses/tree-climbing-harnesses/931/treeaustria-pro-arborist-harness,,,
2806a879-fbb3-4272-bd22-bd068ee60194,Haberkorn,treeAustria Pro Arborist Harness Size 3,ppe,Harnesses,Polyester; aluminium,EN 813; EN 358,,,12,,,,,,,,,https://drayer.de/en/shop/climbing-harnesses/tree-climbing-harnesses/931/treeaustria-pro-arborist-harness,,,
9dc08af6-7041-4edc-be1b-14fe580379aa,Husqvarna,"Accessory Carabiner Mini, 3-pack (NOT PPE-rated)",no_ppe,connector,,,536 17 63-02,,,4 kN (major axis),,,,,,,,https://www.husqvarna.com/us/arborist-tools/carabiner-mini/,,,
62757cc4-967d-4724-8140-df84044b113b,Husqvarna,Climbing Harness (with multiple bridge),ppe,harness,"polyester, polyamide, aluminum, Dyneema","EN 813:2008, EN 358:1999, EN 795B:2012, ANSI Z133-2017, ASTM F887-16, CSA Z259.1-05, AS/NZS 1891.1:2007, EN 365",534 09 86-02,,10,,150 kg,150,,,,,https://www-static-nw.husqvarna.com/hbd/tdrdownload/v2/pub000091625/doc000221301/OM/qOg2xodjdKo5jkrL8YX2KHECzkQ,https://www.husqvarna.com/us/arborist-tools/climbing-harness/,,,
3330aece-bfb5-44db-acab-a7a47c68e1de,Husqvarna,"Climbing Rope 11.5mm, 45m, Blue, one splice",ppe,climbing rope,"Polyester sheath, Nylon core","EN 1891:1998 Type A, ANSI Z133-2017",534 09 87-11,7,,18,,,11.5,11.5,,,https://www-static-nw.husqvarna.com/hbd/tdrdownload/v2/pub000093241/doc000236128/OM/CXF5xKeDLTHEm3d4Q62Z191iaIQ,https://www.husqvarna.com/us/arborist-tools/climbing-rope-11-5-mm/,,,
1b55291b-22e7-48c0-a769-561e5fb02905,Husqvarna,"Climbing Rope 11.5mm, 45m, Orange, one splice",ppe,climbing rope,"Polyester sheath, Nylon core","EN 1891:1998 Type A, ANSI Z133-2017",534 09 87-01,7,,18,,,11.5,11.5,,,https://www-static-nw.husqvarna.com/hbd/tdrdownload/v2/pub000093241/doc000236128/OM/CXF5xKeDLTHEm3d4Q62Z191iaIQ,https://www.husqvarna.com/us/arborist-tools/climbing-rope-11-5-mm/,,,
e0ded400-210c-4836-a894-09cf8f94f46f,Husqvarna,"Climbing Rope 11.5mm, 60m, Blue, one splice",ppe,climbing rope,"Polyester sheath, Nylon core","EN 1891:1998 Type A, ANSI Z133-2017",534 09 87-12,7,,18,,,11.5,11.5,,,https://www-static-nw.husqvarna.com/hbd/tdrdownload/v2/pub000093241/doc000236128/OM/CXF5xKeDLTHEm3d4Q62Z191iaIQ,https://www.husqvarna.com/us/arborist-tools/climbing-rope-11-5-mm/,,,
99ee001b-65a3-4262-a9e8-1b66910600ea,Husqvarna,"Climbing Rope 11.5mm, 60m, Orange, one splice",ppe,climbing rope,"Polyester sheath, Nylon core","EN 1891:1998 Type A, ANSI Z133-2017",534 09 87-02,7,,18,,,11.5,11.5,,,https://www-static-nw.husqvarna.com/hbd/tdrdownload/v2/pub000093241/doc000236128/OM/CXF5xKeDLTHEm3d4Q62Z191iaIQ,https://www.husqvarna.com/us/arborist-tools/climbing-rope-11-5-mm/,,,
731554ef-4b34-4d1e-8c93-058d30a51cbf,Husqvarna,"Climbing Rope 11.8mm, 45m, Blue, one splice",ppe,climbing rope,"Polyester sheath, Nylon core","EN 1891:1998 Type A, ANSI Z133-2017",534 09 88-11,7,,20,,,11.8,11.8,,,https://www-static-nw.husqvarna.com/hbd/tdrdownload/v2/pub000093241/doc000236128/OM/CXF5xKeDLTHEm3d4Q62Z191iaIQ,https://www.husqvarna.com/us/arborist-tools/climbing-rope-11-8-mm/,,,
f08a8484-a837-425e-878a-71c7930d2710,Husqvarna,"Climbing Rope 11.8mm, 45m, Orange, one splice",ppe,climbing rope,"Polyester sheath, Nylon core","EN 1891:1998 Type A, ANSI Z133-2017",534 09 88-01,7,,20,,,11.8,11.8,,,https://www-static-nw.husqvarna.com/hbd/tdrdownload/v2/pub000093241/doc000236128/OM/CXF5xKeDLTHEm3d4Q62Z191iaIQ,https://www.husqvarna.com/us/arborist-tools/climbing-rope-11-8-mm/,,,
2145fe50-57e3-477a-8bf4-a2c91aae28fd,Husqvarna,"Climbing Rope 11.8mm, 60m, Blue, one splice",ppe,climbing rope,"Polyester sheath, Nylon core","EN 1891:1998 Type A, ANSI Z133-2017",534 09 88-12,7,,20,,,11.8,11.8,,,https://www-static-nw.husqvarna.com/hbd/tdrdownload/v2/pub000093241/doc000236128/OM/CXF5xKeDLTHEm3d4Q62Z191iaIQ,https://www.husqvarna.com/us/arborist-tools/climbing-rope-11-8-mm/,,,
abf5ef48-30b7-4021-b1bd-636f0a47db46,Husqvarna,"Climbing Rope 11.8mm, 60m, Orange, one splice",ppe,climbing rope,"Polyester sheath, Nylon core","EN 1891:1998 Type A, ANSI Z133-2017",534 09 88-02,7,,20,,,11.8,11.8,,,https://www-static-nw.husqvarna.com/hbd/tdrdownload/v2/pub000093241/doc000236128/OM/CXF5xKeDLTHEm3d4Q62Z191iaIQ,https://www.husqvarna.com/us/arborist-tools/climbing-rope-11-8-mm/,,,
11a39117-1626-4019-9846-1034640800bf,Husqvarna,"Climbing Rope Ascend 11.0mm, 60m, Blue",ppe,climbing rope,"Nylon core, Nylon sheath","EN 1891:1998 Type A, ANSI Z133-2017",546 72 49-02,,10,32,,,11,11,,,https://www-static-nw.husqvarna.com/hbd/tdrdownload/v2/pub000093241/doc000236128/OM/CXF5xKeDLTHEm3d4Q62Z191iaIQ,https://www.husqvarna.com/us/arborist-tools/climbing-rope-ascend-11-0-mm/,,,
822e505c-52d7-46f0-8a4a-4e39498ae842,Husqvarna,"D Carabiner, D-shaped",ppe,connector,hot-forged aluminum (7075),"EN 362:2004 Class B, ANSI Z133-2012",596 93 62-02,,,"30 kN (major axis), 7 kN (minor axis), 7 kN (gate open)",,,,,,,,https://www.husqvarna.com/us/arborist-tools/carabiners/,,,
179aa033-d572-4f1f-98a0-30db2538faa1,Husqvarna,"Elevation Arborist Helmet (Class C, Vented) - shell only",ppe,helmet,,"ANSI/ISEA Z89.1-2014, CSA Z94.1-2015 Type 1 Class C",594 89 32-02,,10,,,,,,,,,https://www.husqvarna.com/us/personal-protective-equipment/elevation-arborist-helmet-class-c/,,,
7dbabced-f675-40cd-b65d-57463efd76a2,Husqvarna,"Friction Saver, Adjustable 2m",ppe,cambium saver,"synthetic fiber rope, aluminum rings","EN 795B:2012, ANSI Z133-2017, AS/NZS 5532:2013",534 09 92-02,5,,25,,,12,12,,,https://www-static-nw.husqvarna.com/hbd/tdrdownload/v2/pub000091597/doc000217955/OM/hBnwMUWtBHATV3DpJPMNqiQ9HZ0,https://www.husqvarna.com/us/arborist-tools/friction-saver/,,,
cbc43618-06df-4d5b-91aa-779b2acb3606,Husqvarna,"HMS Carabiner, pear-shaped",ppe,connector,hot-forged aluminum (7075),"EN 362:2004 Class B, ANSI Z133-2012",596 93 62-03,,,"24 kN (major axis), 7 kN (minor axis), 7 kN (gate open)",,,,,,,,https://www.husqvarna.com/us/arborist-tools/carabiners/,,,
6c93f132-ff2a-4746-bf00-22cda0b8dd5d,Husqvarna,"Spire Arborist Helmet (Class E, Orange) - shell only",ppe,helmet,,"ANSI Z89.1-2014 Type I Class E, CSA Z94.1-2015 Type I",594 89 32-01,,10,,,,,,,,,https://www.husqvarna.com/us/personal-protective-equipment/spire-arborist-helmet-class-e/,,,
07c5ae26-85f4-4ae5-ac20-e16e9e6f5282,Husqvarna,"Work Positioning Lanyard 11.5mm (kit incl. carabiners, prusik loop, pulley)",ppe,lanyard,"synthetic fiber rope, aluminum (carabiners), steel","EN 358:2018, EN 795B:2012, ANSI Z133-2017, AS/NZS 1891.1:2007, AS/NZS 5532:2013, AS 1891.5:2020",534 09 98-03,5,,25,150 kg,150,11.5,11.5,,,https://www-static-nw.husqvarna.com/hbd/tdrdownload/v2/pub000091598/doc000217976/OM/Z2HpGuQFlUIQCbM7m_FhkjI4CX0,https://www.husqvarna.com/us/arborist-tools/work-positioning-lanyard/,,,
f7176c9c-e98f-4f66-9199-a82f9f68a59a,Husqvarna,x Skylotec Power Ascender (without battery and charger),machine,ascender,,"Machinery Directive 2006/42/EC, CE",970 73 58-02,,,,185 kg,,11,11,,,,https://www.husqvarna.com/us/arborist-tools/husqvarna-x-skylotec-power-ascender/,,,
e73e685a-f83f-40be-a682-e8acee1582fc,Inter,Action Belt Barkowa,ppe,Harnesses,,,WS08040G,,10,,,,,,,,http://jmpinter.com/wp-content/uploads/2020/08/SZELKI-BEZPIECZE%C5%83STWA-z-pasem-i-bez.pdf,http://jmpinter.com/wp-content/uploads/2022/03/2022-KATALOG-CENNIK-PL.pdf,,,
a378f53a-1142-4e54-8b17-a06fee56547b,Inter,Action Belt Biodrowa,ppe,Harnesses,,,WS08040D,,10,,,,,,,,http://jmpinter.com/wp-content/uploads/2020/08/SZELKI-BEZPIECZE%C5%83STWA-z-pasem-i-bez.pdf,http://jmpinter.com/wp-content/uploads/2022/03/2022-KATALOG-CENNIK-PL.pdf,,,
04baa54c-4691-4fa0-ac52-f54d8617472f,Inter,Action Belt Komplet,ppe,Harnesses,,"EN 361, EN 358, EN 813",WS08040,,10,,,,,,,,http://jmpinter.com/wp-content/uploads/2020/08/SZELKI-BEZPIECZE%C5%83STWA-z-pasem-i-bez.pdf,http://jmpinter.com/wp-content/uploads/2022/03/2022-KATALOG-CENNIK-PL.pdf,,,
b0827838-182b-4385-a24b-69ef6701b8c1,Inter,Action Belt Lacznik,no_ppe,Harnesses,,,WS08040S,,10,,,,,,,,http://jmpinter.com/wp-content/uploads/2020/08/SZELKI-BEZPIECZE%C5%83STWA-z-pasem-i-bez.pdf,http://jmpinter.com/wp-content/uploads/2022/03/2022-KATALOG-CENNIK-PL.pdf,,,
7075e50f-a54f-4cce-8655-2647024ff9c8,Inter,Action Force,ppe,Harnesses,,"EN 361, EN 358, EN 813",WS05050,,10,,,,,,,,http://jmpinter.com/wp-content/uploads/2020/08/SZELKI-BEZPIECZE%C5%83STWA-z-pasem-i-bez.pdf,http://jmpinter.com/wp-content/uploads/2022/03/2022-KATALOG-CENNIK-PL.pdf,,,
a8e87e6f-5e0f-4d6c-8755-1eb5b687e37d,Inter,Action One Auto Belt,ppe,Harnesses,,"EN 358, EN 813",WS08320D,,10,,,,,,,,http://jmpinter.com/wp-content/uploads/2020/08/SZELKI-BEZPIECZE%C5%83STWA-z-pasem-i-bez.pdf,http://jmpinter.com/wp-content/uploads/2022/03/2022-KATALOG-CENNIK-PL.pdf,,,
b31dffd9-de95-40ca-a084-af6b5fff549f,Inter,Action One Auto M/L,ppe,Harnesses,,"EN 361, EN 358, EN 813",WS08320,,10,,,,,,,,http://jmpinter.com/wp-content/uploads/2020/08/SZELKI-BEZPIECZE%C5%83STWA-z-pasem-i-bez.pdf,http://jmpinter.com/wp-content/uploads/2022/03/2022-KATALOG-CENNIK-PL.pdf,,,
40b7989f-45af-4e8f-bbdc-adb06cd7dfcc,Inter,Action One Auto XL,ppe,Harnesses,,"EN 361, EN 358, EN 813",WS08321,,10,,,,,,,,http://jmpinter.com/wp-content/uploads/2020/08/SZELKI-BEZPIECZE%C5%83STWA-z-pasem-i-bez.pdf,http://jmpinter.com/wp-content/uploads/2022/03/2022-KATALOG-CENNIK-PL.pdf,,,
3bcca675-a891-4166-a2ee-67d71bba1472,Inter,Action One Belt M/L,ppe,Harnesses,,"EN 358, EN 813",WS08020G,,10,,,,,,,,http://jmpinter.com/wp-content/uploads/2020/08/SZELKI-BEZPIECZE%C5%83STWA-z-pasem-i-bez.pdf,http://jmpinter.com/wp-content/uploads/2022/03/2022-KATALOG-CENNIK-PL.pdf,,,
502b37e8-606c-4ce5-81ec-80c800bd1874,Inter,Action One Belt XL,ppe,Harnesses,,"EN 358, EN 813",WS08021G,,10,,,,,,,,http://jmpinter.com/wp-content/uploads/2020/08/SZELKI-BEZPIECZE%C5%83STWA-z-pasem-i-bez.pdf,http://jmpinter.com/wp-content/uploads/2022/03/2022-KATALOG-CENNIK-PL.pdf,,,
7c671737-6164-4018-be0b-226fdf9d6744,Inter,Action One Ergo Belt,ppe,Harnesses,,"EN 358, EN 813",WS08120D,,10,,,,,,,,http://jmpinter.com/wp-content/uploads/2020/08/SZELKI-BEZPIECZE%C5%83STWA-z-pasem-i-bez.pdf,http://jmpinter.com/wp-content/uploads/2022/03/2022-KATALOG-CENNIK-PL.pdf,,,
482b34c6-f124-42b6-857a-60585d3d2d14,Inter,Action One Ergo M/L,ppe,Harnesses,,"EN 361, EN 358, EN 813",WS08120,,10,,,,,,,,http://jmpinter.com/wp-content/uploads/2020/08/SZELKI-BEZPIECZE%C5%83STWA-z-pasem-i-bez.pdf,http://jmpinter.com/wp-content/uploads/2022/03/2022-KATALOG-CENNIK-PL.pdf,,,
7118ce9c-ef52-46d1-97e3-f47de1361121,Inter,Action One Ergo XL,ppe,Harnesses,,"EN 361, EN 358, EN 813",WS08121,,10,,,,,,,,http://jmpinter.com/wp-content/uploads/2020/08/SZELKI-BEZPIECZE%C5%83STWA-z-pasem-i-bez.pdf,http://jmpinter.com/wp-content/uploads/2022/03/2022-KATALOG-CENNIK-PL.pdf,,,
2b763f88-a8cd-4553-abc7-1f1749c6b07b,Inter,Action One M/L,ppe,Harnesses,,"EN 361, EN 358, EN 813",WS08020,,10,,,,,,,,http://jmpinter.com/wp-content/uploads/2020/08/SZELKI-BEZPIECZE%C5%83STWA-z-pasem-i-bez.pdf,http://jmpinter.com/wp-content/uploads/2022/03/2022-KATALOG-CENNIK-PL.pdf,,,
846da642-9ba8-4c8f-8cb6-8ac0a39ec599,Inter,Action One Top M/L,ppe,Harnesses,,EN 361,WS08042,,10,,,,,,,,http://jmpinter.com/wp-content/uploads/2020/08/SZELKI-BEZPIECZE%C5%83STWA-z-pasem-i-bez.pdf,http://jmpinter.com/wp-content/uploads/2022/03/2022-KATALOG-CENNIK-PL.pdf,,,
ed270d83-f6ae-433e-b630-61bdf549ae33,Inter,Action One Top XL,ppe,Harnesses,,EN 361,WS08043,,10,,,,,,,,http://jmpinter.com/wp-content/uploads/2020/08/SZELKI-BEZPIECZE%C5%83STWA-z-pasem-i-bez.pdf,http://jmpinter.com/wp-content/uploads/2022/03/2022-KATALOG-CENNIK-PL.pdf,,,
9f7df9ea-e3e1-400e-a7bf-3bf2a19ec657,Inter,Action One XL,ppe,Harnesses,,"EN 361, EN 358, EN 813",WS08021,,10,,,,,,,,http://jmpinter.com/wp-content/uploads/2020/08/SZELKI-BEZPIECZE%C5%83STWA-z-pasem-i-bez.pdf,http://jmpinter.com/wp-content/uploads/2022/03/2022-KATALOG-CENNIK-PL.pdf,,,
c2b32c7e-f2b4-4ecf-ac8a-724d230c333a,Inter,Action P M/L,ppe,Harnesses,,"EN 358, EN 813",WS08032,,10,,,,,,,,http://jmpinter.com/wp-content/uploads/2020/08/SZELKI-BEZPIECZE%C5%83STWA-z-pasem-i-bez.pdf,http://jmpinter.com/wp-content/uploads/2022/03/2022-KATALOG-CENNIK-PL.pdf,,,
e6dfa02b-a4bc-4a27-aa18-a594e5883455,Inter,Action P S,ppe,Harnesses,,"EN 358, EN 813",WS08031,,10,,,,,,,,http://jmpinter.com/wp-content/uploads/2020/08/SZELKI-BEZPIECZE%C5%83STWA-z-pasem-i-bez.pdf,http://jmpinter.com/wp-content/uploads/2022/03/2022-KATALOG-CENNIK-PL.pdf,,,
bf697a68-fad9-4395-b133-39b75f1c910e,Inter,Action P XL,ppe,Harnesses,,"EN 358, EN 813",WS08033,,10,,,,,,,,http://jmpinter.com/wp-content/uploads/2020/08/SZELKI-BEZPIECZE%C5%83STWA-z-pasem-i-bez.pdf,http://jmpinter.com/wp-content/uploads/2022/03/2022-KATALOG-CENNIK-PL.pdf,,,
5ce866b0-81f9-4d1c-8329-4b51e71efe2d,Inter,Action Work Auto,ppe,Harnesses,,"EN 361, EN 358, EN 813",WS08142,,10,,,,,,,,http://jmpinter.com/wp-content/uploads/2020/08/SZELKI-BEZPIECZE%C5%83STWA-z-pasem-i-bez.pdf,http://jmpinter.com/wp-content/uploads/2022/03/2022-KATALOG-CENNIK-PL.pdf,,,
107f99e8-17c3-4f53-a174-17b914052bd4,Inter,Action Work Ergo,ppe,Harnesses,,"EN 361, EN 358, EN 813",WS08242,,10,,,,,,,,http://jmpinter.com/wp-content/uploads/2020/08/SZELKI-BEZPIECZE%C5%83STWA-z-pasem-i-bez.pdf,http://jmpinter.com/wp-content/uploads/2022/03/2022-KATALOG-CENNIK-PL.pdf,,,
10690ea4-6b2b-4d97-a10b-d991eedc5fbe,Inter,Action Work M/L,ppe,Harnesses,,"EN 361, EN 358, EN 813",WS08020D,,10,,,,,,,,http://jmpinter.com/wp-content/uploads/2020/08/SZELKI-BEZPIECZE%C5%83STWA-z-pasem-i-bez.pdf,http://jmpinter.com/wp-content/uploads/2022/03/2022-KATALOG-CENNIK-PL.pdf,,,
c5415927-eef5-4fd2-ad26-694c3c22f66a,Inter,Action Work Plus,ppe,Harnesses,,"EN 361, EN 358, EN 813",WS08052,,10,,,,,,,,http://jmpinter.com/wp-content/uploads/2020/08/SZELKI-BEZPIECZE%C5%83STWA-z-pasem-i-bez.pdf,http://jmpinter.com/wp-content/uploads/2022/03/2022-KATALOG-CENNIK-PL.pdf,,,
51e48c70-adf4-4ec6-afdc-0cb83c8acd85,Inter,Action Work XL,ppe,Harnesses,,"EN 361, EN 358, EN 813",WS08021D,,10,,,,,,,,http://jmpinter.com/wp-content/uploads/2020/08/SZELKI-BEZPIECZE%C5%83STWA-z-pasem-i-bez.pdf,http://jmpinter.com/wp-content/uploads/2022/03/2022-KATALOG-CENNIK-PL.pdf,,,
e53192c3-a3ef-45f9-abc9-fc29177e96f8,Inter,BT 12,ppe,Harnesses,,"EN 361, EN 358",WS04012,,10,,,,,,,,http://jmpinter.com/wp-content/uploads/2020/08/SZELKI-BEZPIECZE%C5%83STWA-z-pasem-i-bez.pdf,http://jmpinter.com/wp-content/uploads/2022/03/2022-KATALOG-CENNIK-PL.pdf,,,
ed4f016a-4372-4417-99e7-d6f7d2a0d072,Inter,BT 21,ppe,Harnesses,,EN 361,WS04021,,10,,,,,,,,http://jmpinter.com/wp-content/uploads/2020/08/SZELKI-BEZPIECZE%C5%83STWA-z-pasem-i-bez.pdf,http://jmpinter.com/wp-content/uploads/2022/03/2022-KATALOG-CENNIK-PL.pdf,,,
5440b3be-c828-4693-be3f-76d53806f395,Inter,BT 22,ppe,Harnesses,,"EN 361, EN 358",WS04022,,10,,,,,,,,http://jmpinter.com/wp-content/uploads/2020/08/SZELKI-BEZPIECZE%C5%83STWA-z-pasem-i-bez.pdf,http://jmpinter.com/wp-content/uploads/2022/03/2022-KATALOG-CENNIK-PL.pdf,,,
4989e176-75b6-4973-bcd4-455625cea133,Inter,Hakon N,ppe,Lanyards,,EN 355,WL04022,,10,,,,,,,,,http://jmpinter.com/wp-content/uploads/2022/03/2022-KATALOG-CENNIK-PL.pdf,,,
333da785-473d-45b7-909f-d19dafe9e76c,Inter,Hakon NS,ppe,Lanyards,,EN 355,WL04020,,10,,,,,,,,,http://jmpinter.com/wp-content/uploads/2022/03/2022-KATALOG-CENNIK-PL.pdf,,,
c98bce81-5173-47d6-af92-670c41e77d4b,Inter,Prus O Prusik 60 cm,ppe,Prusik Loops,Polyester/Aramid,"EN 354, EN 358, EN 566, EN 795B",,,7,,,,9,9,,,,https://www.safetygreen.eu/jmp-inter-prus-o-prusik.html,,,
be2e8f6f-c1c3-452d-8928-d6b43b1cecd5,Inter,Prus O Prusik 70 cm,ppe,Prusik Loops,Polyester/Aramid,"EN 354, EN 358, EN 566, EN 795B",,,7,,,,9,9,,,,https://www.safetygreen.eu/jmp-inter-prus-o-prusik.html,,,
cf04f472-916f-4243-909a-c95856883237,Inter,Tree Chest M/L,ppe,Harnesses,,EN 361,WS07341,,10,,,,,,,,http://jmpinter.com/wp-content/uploads/2020/08/SZELKI-BEZPIECZE%C5%83STWA-z-pasem-i-bez.pdf,http://jmpinter.com/wp-content/uploads/2022/03/2022-KATALOG-CENNIK-PL.pdf,,,
a68898c8-f7e1-4d03-badc-85242e90e23b,Inter,Tree Chest S/M,ppe,Harnesses,,EN 361,WS07340,,10,,,,,,,,http://jmpinter.com/wp-content/uploads/2020/08/SZELKI-BEZPIECZE%C5%83STWA-z-pasem-i-bez.pdf,http://jmpinter.com/wp-content/uploads/2022/03/2022-KATALOG-CENNIK-PL.pdf,,,
b29e41b3-3402-4872-969e-ec9c30b93b03,Inter,Tree Chest XL,ppe,Harnesses,,EN 361,WS07342,,10,,,,,,,,http://jmpinter.com/wp-content/uploads/2020/08/SZELKI-BEZPIECZE%C5%83STWA-z-pasem-i-bez.pdf,http://jmpinter.com/wp-content/uploads/2022/03/2022-KATALOG-CENNIK-PL.pdf,,,
4f06dcfd-175b-4684-9f23-0c4b1e207d5d,Inter,Tree Top M/L,ppe,Harnesses,,EN 361,WS07351,,10,,,,,,,,http://jmpinter.com/wp-content/uploads/2020/08/SZELKI-BEZPIECZE%C5%83STWA-z-pasem-i-bez.pdf,http://jmpinter.com/wp-content/uploads/2022/03/2022-KATALOG-CENNIK-PL.pdf,,,
ab9402bc-faaf-4788-b08d-0fc6c7512b49,Inter,Tree Top S/M,ppe,Harnesses,,EN 361,WS07350,,10,,,,,,,,http://jmpinter.com/wp-content/uploads/2020/08/SZELKI-BEZPIECZE%C5%83STWA-z-pasem-i-bez.pdf,http://jmpinter.com/wp-content/uploads/2022/03/2022-KATALOG-CENNIK-PL.pdf,,,
5a8e2238-c66e-424d-856b-0cf000fb6739,Inter,Tree Top XL,ppe,Harnesses,,EN 361,WS07352,,10,,,,,,,,http://jmpinter.com/wp-content/uploads/2020/08/SZELKI-BEZPIECZE%C5%83STWA-z-pasem-i-bez.pdf,http://jmpinter.com/wp-content/uploads/2022/03/2022-KATALOG-CENNIK-PL.pdf,,,
dfb8ef36-92d1-4ded-8916-2df130105944,Inter,Treeman M/L,ppe,Harnesses,,"EN 358, EN 813",WS07311,,10,,,,,,,,http://jmpinter.com/wp-content/uploads/2020/08/SZELKI-BEZPIECZE%C5%83STWA-z-pasem-i-bez.pdf,http://jmpinter.com/wp-content/uploads/2022/03/2022-KATALOG-CENNIK-PL.pdf,,,
decd6d00-2d31-45f5-9a55-0850c5b8e080,Inter,Treeman S/M,ppe,Harnesses,,"EN 358, EN 813",WS07310,,10,,,,,,,,http://jmpinter.com/wp-content/uploads/2020/08/SZELKI-BEZPIECZE%C5%83STWA-z-pasem-i-bez.pdf,http://jmpinter.com/wp-content/uploads/2022/03/2022-KATALOG-CENNIK-PL.pdf,,,
54c5100c-45c0-4c82-ba42-afd7ec3cfbaf,Inter,Treeman SR M/L,ppe,Harnesses,,"EN 358, EN 813",WS07331,,10,,,,,,,,http://jmpinter.com/wp-content/uploads/2020/08/SZELKI-BEZPIECZE%C5%83STWA-z-pasem-i-bez.pdf,http://jmpinter.com/wp-content/uploads/2022/03/2022-KATALOG-CENNIK-PL.pdf,,,
3873fdb9-448a-48e8-889e-a206286deb7e,Inter,Treeman SR S/M,ppe,Harnesses,,"EN 358, EN 813",WS07330,,10,,,,,,,,http://jmpinter.com/wp-content/uploads/2020/08/SZELKI-BEZPIECZE%C5%83STWA-z-pasem-i-bez.pdf,http://jmpinter.com/wp-content/uploads/2022/03/2022-KATALOG-CENNIK-PL.pdf,,,
6c52ea8d-6e00-4b27-ae7a-716befd707e5,Inter,Treeman SR XL,ppe,Harnesses,,"EN 358, EN 813",WS07332,,10,,,,,,,,http://jmpinter.com/wp-content/uploads/2020/08/SZELKI-BEZPIECZE%C5%83STWA-z-pasem-i-bez.pdf,http://jmpinter.com/wp-content/uploads/2022/03/2022-KATALOG-CENNIK-PL.pdf,,,
06fbea31-964a-4705-86e4-535edee3d12d,Inter,Treeman XL,ppe,Harnesses,,"EN 358, EN 813",WS07312,,10,,,,,,,,http://jmpinter.com/wp-content/uploads/2020/08/SZELKI-BEZPIECZE%C5%83STWA-z-pasem-i-bez.pdf,http://jmpinter.com/wp-content/uploads/2022/03/2022-KATALOG-CENNIK-PL.pdf,,,
c79a84ac-f2d7-4ddb-b3d0-de1b1f2375ee,Inter,TreeRing 100 cm,ppe,Cambium Savers,"Aluminium rings, webbing","CE, EN 795:2012 Type B, EN 354:2010",,,10,22 kN,,,,14,,,,https://www.polskiarborysta.pl/product-pol-391-Ochraniacz-kambium-TreeRing.html,,,
5657afc6-428e-4ace-808e-63b638a8fdf9,Inter,TreeRing 120 cm,ppe,Cambium Savers,"Aluminium rings, webbing","CE, EN 795:2012 Type B, EN 354:2010",,,10,22 kN,,,,14,,,,https://www.polskiarborysta.pl/product-pol-391-Ochraniacz-kambium-TreeRing.html,,,
663cfb5b-d178-4b42-9da5-5aadd37f0670,Inter,TreeRing 140 cm,ppe,Cambium Savers,"Aluminium rings, webbing","CE, EN 795:2012 Type B, EN 354:2010",,,10,22 kN,,,,14,,,,https://www.polskiarborysta.pl/product-pol-391-Ochraniacz-kambium-TreeRing.html,,,
f9960163-f342-4b5e-bc01-ac684603aa11,Inter,TreeRing 200 cm,ppe,Cambium Savers,"Aluminium rings, webbing","CE, EN 795:2012 Type B, EN 354:2010",,,10,22 kN,,,,14,,,,https://www.polskiarborysta.pl/product-pol-391-Ochraniacz-kambium-TreeRing.html,,,
20fb216e-c671-4569-9cbd-9c433734747f,Inter,Treewor C (Comfort) M/L,ppe,Harnesses,,"EN 358, EN 813",WS07030,,10,,,,,,,,http://jmpinter.com/wp-content/uploads/2020/08/SZELKI-BEZPIECZE%C5%83STWA-z-pasem-i-bez.pdf,http://jmpinter.com/wp-content/uploads/2022/03/2022-KATALOG-CENNIK-PL.pdf,,,
a00b74bb-463f-4010-91a7-f0a0cd6b88ac,Inter,Treewor C (Comfort) S,ppe,Harnesses,,"EN 358, EN 813",WS07029,,10,,,,,,,,http://jmpinter.com/wp-content/uploads/2020/08/SZELKI-BEZPIECZE%C5%83STWA-z-pasem-i-bez.pdf,http://jmpinter.com/wp-content/uploads/2022/03/2022-KATALOG-CENNIK-PL.pdf,,,
1671cfae-3331-4435-8382-b72563e51424,Inter,Treewor C (Comfort) XL,ppe,Harnesses,,"EN 358, EN 813",WS07031,,10,,,,,,,,http://jmpinter.com/wp-content/uploads/2020/08/SZELKI-BEZPIECZE%C5%83STWA-z-pasem-i-bez.pdf,http://jmpinter.com/wp-content/uploads/2022/03/2022-KATALOG-CENNIK-PL.pdf,,,
4604f887-3630-40ce-a863-36ecd92f474a,Inter,Treewor M/L,ppe,Harnesses,,"EN 358, EN 813",WS07020,,10,,,,,,,,http://jmpinter.com/wp-content/uploads/2020/08/SZELKI-BEZPIECZE%C5%83STWA-z-pasem-i-bez.pdf,http://jmpinter.com/wp-content/uploads/2022/03/2022-KATALOG-CENNIK-PL.pdf,,,
561ce21d-c679-4213-a2fb-f0069cd2b3a8,Inter,Treewor S,ppe,Harnesses,,"EN 358, EN 813",WS07019,,10,,,,,,,,http://jmpinter.com/wp-content/uploads/2020/08/SZELKI-BEZPIECZE%C5%83STWA-z-pasem-i-bez.pdf,http://jmpinter.com/wp-content/uploads/2022/03/2022-KATALOG-CENNIK-PL.pdf,,,
15f89c36-5d0f-4add-9e55-5ba8a1ac0ee9,Inter,Treewor Top M/L,ppe,Harnesses,,EN 361,WS07060G,,10,,,,,,,,http://jmpinter.com/wp-content/uploads/2020/08/SZELKI-BEZPIECZE%C5%83STWA-z-pasem-i-bez.pdf,http://jmpinter.com/wp-content/uploads/2022/03/2022-KATALOG-CENNIK-PL.pdf,,,
180496a3-497a-49e8-ae80-c3f0f2cca477,Inter,Treewor Top Pad,ppe,Harnesses,,EN 361,WS07070G,,10,,,,,,,,http://jmpinter.com/wp-content/uploads/2020/08/SZELKI-BEZPIECZE%C5%83STWA-z-pasem-i-bez.pdf,http://jmpinter.com/wp-content/uploads/2022/03/2022-KATALOG-CENNIK-PL.pdf,,,
0b036c14-139d-4849-ac4f-1901b25cdd65,Inter,Treewor Top XL,ppe,Harnesses,,EN 361,WS07061G,,10,,,,,,,,http://jmpinter.com/wp-content/uploads/2020/08/SZELKI-BEZPIECZE%C5%83STWA-z-pasem-i-bez.pdf,http://jmpinter.com/wp-content/uploads/2022/03/2022-KATALOG-CENNIK-PL.pdf,,,
6e9cf529-7168-4a48-b7ea-7e6059700545,Inter,Treewor U M/L,ppe,Harnesses,,"EN 358, EN 813",WS07040,,10,,,,,,,,http://jmpinter.com/wp-content/uploads/2020/08/SZELKI-BEZPIECZE%C5%83STWA-z-pasem-i-bez.pdf,http://jmpinter.com/wp-content/uploads/2022/03/2022-KATALOG-CENNIK-PL.pdf,,,
570a084e-97c6-4303-8770-8b38c7e5e481,Inter,Treewor U S,ppe,Harnesses,,"EN 358, EN 813",WS07039,,10,,,,,,,,http://jmpinter.com/wp-content/uploads/2020/08/SZELKI-BEZPIECZE%C5%83STWA-z-pasem-i-bez.pdf,http://jmpinter.com/wp-content/uploads/2022/03/2022-KATALOG-CENNIK-PL.pdf,,,
71a9c261-7f9a-4f5d-b5b7-600a3bd03831,Inter,Treewor U XXL,ppe,Harnesses,,"EN 358, EN 813",WS07041,,10,,,,,,,,http://jmpinter.com/wp-content/uploads/2020/08/SZELKI-BEZPIECZE%C5%83STWA-z-pasem-i-bez.pdf,http://jmpinter.com/wp-content/uploads/2022/03/2022-KATALOG-CENNIK-PL.pdf,,,
d15c997a-65ac-400c-883c-b711ab07a24f,Inter,Treewor UC (Comfort) M/L,ppe,Harnesses,,"EN 358, EN 813",WS07050,,10,,,,,,,,http://jmpinter.com/wp-content/uploads/2020/08/SZELKI-BEZPIECZE%C5%83STWA-z-pasem-i-bez.pdf,http://jmpinter.com/wp-content/uploads/2022/03/2022-KATALOG-CENNIK-PL.pdf,,,
9778b5c9-e316-4164-b76e-375a4e4c04dd,Inter,Treewor UC (Comfort) S,ppe,Harnesses,,"EN 358, EN 813",WS07049,,10,,,,,,,,http://jmpinter.com/wp-content/uploads/2020/08/SZELKI-BEZPIECZE%C5%83STWA-z-pasem-i-bez.pdf,http://jmpinter.com/wp-content/uploads/2022/03/2022-KATALOG-CENNIK-PL.pdf,,,
788e1108-b01e-4df5-991b-8cc1ebe93685,Inter,Treewor UC (Comfort) XL,ppe,Harnesses,,"EN 358, EN 813",WS07051,,10,,,,,,,,http://jmpinter.com/wp-content/uploads/2020/08/SZELKI-BEZPIECZE%C5%83STWA-z-pasem-i-bez.pdf,http://jmpinter.com/wp-content/uploads/2022/03/2022-KATALOG-CENNIK-PL.pdf,,,
9f50b2ee-c3ec-4365-b1a9-167a42282bda,Inter,Treewor XXL,ppe,Harnesses,,"EN 358, EN 813",WS07021,,10,,,,,,,,http://jmpinter.com/wp-content/uploads/2020/08/SZELKI-BEZPIECZE%C5%83STWA-z-pasem-i-bez.pdf,http://jmpinter.com/wp-content/uploads/2022/03/2022-KATALOG-CENNIK-PL.pdf,,,
2fa3923a-7073-4b9d-aefb-08e1184722c8,ISC,1 inch Double-action Snaphook SH908,ppe,Snaphook,Aluminium,EN362:2004 T,SH908,999,999,28 kN,,,,,,,https://www.iscwales.com/Uploads/Products/UIMs/1-296-5-2469-1-SH908-1-inch-Double-action-SnaphookUser-Manual.pdf,https://www.iscwales.com/Products/snaphooks/SH908-1-inch-Double-action-Snaphook/,,,
f48973da-8054-4475-80ef-6f057156dae7,ISC,1 inch Triple-action Snaphook SH909,ppe,Snaphook,Aluminium,EN362:2004 T,SH909,999,999,28 kN,,,,,,,https://www.iscwales.com/Uploads/Products/UIMs/1-294-5-2461-1-Connectors-User-Instruction-Manual.pdf,https://www.iscwales.com/Products/snaphooks/SH909-1-inch-Triple-action-Snaphook/,,,
2c580800-69ed-4010-a0db-bd240bb4dc31,ISC,3.3m Merlin Block (webbing) UB033,ppe,Fall Arrest Blocks,Aluminium / Webbing,EN360 / ANSI Z359,UB033,10,10,136 kg SWL,136 kg,136,,,,,https://www.iscwales.com/Uploads/Products/UIMs/1-100-5-1207-1-UB033-33m-11ft-Merlin-Block-User-Instruction-Manual.pdf,https://www.iscwales.com/Products/fall-arrest-blocks/UB033-33m-11ft-Merlin-Block/,,,
8c433b6a-d5e1-4fd4-b947-92c1ac85cff6,ISC,6.6m Merlin Block (webbing) UB066,ppe,Fall Arrest Blocks,Aluminium / Webbing,EN360 / ANSI Z359,UB066,10,10,136 kg SWL,136 kg,136,,,,,https://www.iscwales.com/Uploads/Products/UIMs/1-101-5-1208-1-UB066-66m-20ft-Merlin-Fall-Arrest-Block-User-Instruction-Manual.pdf,https://www.iscwales.com/Products/fall-arrest-blocks/UB066-66m-20ft-Merlin-Fall-Arrest-Block/,,,
2ed26d37-34f0-4118-b181-f730fb9bd25d,ISC,15m Heavy Duty Fall Arrest Block (staalkabel) UB170,ppe,Fall Arrest Blocks,Aluminium / Steel cable,EN360 / ANSI Z359,UB170,999,999,136 kg SWL,136 kg,136,,,,,https://www.iscwales.com/Uploads/Products/UIMs/1-3-5-1212-1-UB170-15m-50ft-Heavy-Duty-Fall-Arrest-Block-User-Instruction-Manual.pdf,https://www.iscwales.com/Products/fall-arrest-blocks/UB170-15m-50ft-heavy-duty-fall-arrest-block/,,,
de609fc5-8c2c-4d2e-b8c4-8b59dcd6886c,ISC,15m Heavy Duty Fall Arrest Block met Recovery Winch UB171,ppe,Fall Arrest Blocks,Aluminium / Steel cable,EN360 / EN1496 / ANSI Z359,UB171,999,999,136 kg SWL,136 kg,136,,,,,https://www.iscwales.com/Uploads/Products/UIMs/1-99-5-1213-1-UB171-15m-50ft-Heavy-Duty-Fall-Arrest-Block-with-Recovery-Winch-User-Instruction-Manual.pdf,https://www.iscwales.com/Products/fall-arrest-blocks/UB171-15m-50ft-Heavy-Duty-Fall-Arrest-Block-with-Recovery-Winch/,,,
7200f397-2069-4fe3-9c08-8f2901e17c83,ISC,200-Series Compact Rigging Pulley RP248,rigging,Pulleys & Rigging Devices,Aluminium,CE Machinery Directive 2006/42/EC,RP248,999,999,100 kN,,,,14,,,https://www.iscwales.com/Uploads/Products/UIMs/1-288-5-2438-1-Rigging-Pulley-User-Instruction-Manual.pdf,https://www.iscwales.com/Products/pulleys/RP248-200-Series-Compact-Rigging-Pulley/,,,
8f1f652b-12ca-4d2e-af20-5733c0d1d9ad,ISC,200-Series Large Rigging Pulley RP257,rigging,Pulleys & Rigging Devices,Aluminium,CE Machinery Directive 2006/42/EC,RP257,999,999,380 kN,,,,26,,,https://www.iscwales.com/Uploads/Products/UIMs/1-297-5-2519-1-RP257-200-Series-Large-Rigging-Pulley-UIM.pdf,https://www.iscwales.com/Products/pulleys/RP257-200-Series-Large-Rigging-Pulley/,,,
f6c84645-6814-4d05-aa3d-5b684ee09e45,ISC,200-Series Medium Rigging Pulley RP255,rigging,Pulleys & Rigging Devices,Aluminium,CE Machinery Directive 2006/42/EC,RP255,999,999,300 kN,,,,20,,,https://www.iscwales.com/Uploads/Products/UIMs/1-290-5-2436-1-Rigging-Pulley-User-Instruction-Manual.pdf,https://www.iscwales.com/Products/pulleys/RP255-200-Series-Medium-Rigging-Pulley/,,,
4768cbf7-9a87-4683-9d6e-04584b619070,ISC,200-Series Small Rigging Pulley RP251,rigging,Pulleys & Rigging Devices,Aluminium,CE Machinery Directive 2006/42/EC,RP251,999,999,250 kN,,,,16,,,https://www.iscwales.com/Uploads/Products/UIMs/1-289-5-2437-1-Rigging-Pulley-User-Instruction-Manual.pdf,https://www.iscwales.com/Products/pulleys/RP251-200-Series-Small-Rigging-Pulley/,,,
bd97823a-c7cf-4352-aacb-dde7bfc27525,ISC,A-B Descender RP810,ppe,Descender,Aluminium / Stainless Steel cam,EN12841:2006-C / EN341:2011/2D,RP810,999,999,,150 kg (EN12841-C) / 200 kg rescue (EN12841-C),,10.5,11,,,https://www.iscwales.com/Uploads/Products/UIMs/1-42-5-2868-1-RP810-A-B-Descender-UIM.pdf,https://www.iscwales.com/Products/descenders/RP810-A-B-Descender/,,,
7a6920a2-448c-47e0-906e-272fbcc9f448,ISC,APEX (niet PPE) RP285,no_ppe,SRT / Tree Climbing,Aluminium,NIET voor primaire levensondersteuning,RP285,999,999,,,,,,,,https://www.iscwales.com/Uploads/Products/UIMs/1-302-5-2553-1-RP285A1-APEX-Rope-Wrench.pdf,https://www.iscwales.com/Products/rope-wrench-accessories/RP285A1-APEX/,,,
21525b91-8741-49c7-954c-2f092cbfacbb,ISC,APEX & Squirrel FLEX Tether KT300A2,ppe,SRT / Tree Climbing,Textile / Polymer,CE PPE Reg. 2016/425 als deel van KT282 / ANSI Z133 / UKCA,KT300A2,10,10,24 kN,,,,,,,,https://www.iscwales.com/Products/rope-wrench-accessories/KT300A-APEX-Squirrel-FLEX-Tether-with-Accessory-Karabiner/,,,
fffbb0f2-8085-4755-bfe3-39019723768b,ISC,Big Dan KH455,ppe,Karabiner,Steel,CE EN362,KH455,999,999,50 kN,,,,,,,https://www.iscwales.com/Uploads/Products/UIMs/1-131-5-1602-1-Connector-UIM.pdf,https://www.iscwales.com/Products/karabiners/KH455-Big-Dan-Karabiner/,,,
7f39c364-403b-476f-b73e-ceb5923b52c1,ISC,Captive Eye (Alu) KH300,ppe,Karabiner,Aluminium,EN362,KH300,999,999,30 kN,,,,,,,https://www.iscwales.com/Uploads/Products/UIMs/1-125-5-1591-1-Connector-UIM.pdf,https://www.iscwales.com/Products/karabiners/KH300-Captive-Eye-Karabiner/,,,
67501e29-d7a5-4f55-abbd-96f8f09ed810,ISC,Captive Eye (Steel) KH301,ppe,Karabiner,Steel,CE EN362,KH301,999,999,50 kN,,,,,,,https://www.iscwales.com/Uploads/Products/UIMs/1-138-5-1608-1-Connector-UIM.pdf,https://www.iscwales.com/Products/karabiners/KH301-Captive-Eye-Karabiner/,,,
b97a08d9-d4db-457b-8614-e8c83b0abf8f,ISC,Chest Ascender RP229,ppe,Ascent Device,Aluminium / Stainless Steel cam,EN567:2013,RP229,999,999,,,,8,13,,,https://www.iscwales.com/Uploads/Products/UIMs/1-201-5-2219-1-RP229-UIM.pdf,https://www.iscwales.com/Products/ascent-devices/RP229-Chest-Ascender/,,,
34289c82-ccbb-4e59-ab2b-4173a2581507,ISC,Chipmunk FLEX Tether RT305A2,ppe,SRT / Tree Climbing,Textile / Polymer,CE PPE Reg. 2016/425 als deel van KT282 / ANSI Z133 / UKCA,RT305A2,10,10,24 kN,,,,,,,https://www.iscwales.com/Uploads/Products/UIMs/1-317-5-2844-1-RT305A1-Chipmunk-FLEX-Tether.pdf,https://www.iscwales.com/Products/rope-wrench-accessories/RT305A1-Chipmunk-FLEX-Tether/,,,
5290fa62-d5cd-47b0-bcbf-6efe7f263c10,ISC,Compact Rigging Pulley 13mm RP048,ppe,Pulleys & Rigging Devices,Aluminium,CE,RP048,999,999,,,,,13,,,https://www.iscwales.com/Uploads/Products/UIMs/1-213-5-1188-1-RP048-Compact-Rigging-Pulley-User-Instruction-Manual.pdf,https://www.iscwales.com/Products/pulleys/RP048-Compact-Rigging-Pulley/,,,
5f004139-ff95-40e9-b5b0-9aadadf38a93,ISC,Concrete Anchor GG201,ppe,Anchors & Accessories,Aluminium / Steel,EN795:2012,GG201,999,999,12 kN,,,,,,,https://www.iscwales.com/Uploads/Products/UIMs/1-112-5-1161-1-GG201-Concrete-Anchor-User-Instruction-Manual.pdf,https://www.iscwales.com/Products/anchors-accessories/GG201-Concrete-Anchor/,,,
d6ab2637-7911-4b69-8468-d3e11fabda67,ISC,D Shape Keylock KL308,ppe,Karabiner,Steel,CE EN362,KL308,999,999,35 kN,,,,,,,https://www.iscwales.com/Uploads/Products/UIMs/1-132-5-1240-1-KL308-D-Shape-Keylock-Karabiner-User-Instruction-Manual.pdf,https://www.iscwales.com/Products/karabiners/KL308-D-Shape-Keylock-Karabiner/,,,
2636f4c3-67ee-4473-b4d4-fb9726e3d31c,ISC,D4 Work/Rescue Descender RP880,ppe,Descender,Aluminium / Stainless Steel cam,EN12841:2024-C / ANSI Z359 / NFPA 1983 / 5kN slip load,RP880,999,999,,240 kg,240,10.5,11.5,As standard (locatie niet gespecificeerd op pagina),,https://www.iscwales.com/Uploads/Products/UIMs/1-200-5-1997-1-D4-Descender-UIM.pdf,https://www.iscwales.com/Products/descenders/RP880-D4-Work-Rescue-Descender/,,,
7a46a34b-8680-4d97-b7d8-ca38999d2f67,ISC,D4PRO Work/Rescue Descender RP881,ppe,Descender,Aluminium / Stainless Steel cam,EN12841:2024-C / NFPA 1983 / 5kN slip load,RP881,999,999,,240 kg,240,10.5,11.5,As standard (locatie niet gespecificeerd op pagina),,https://www.iscwales.com/Uploads/Products/UIMs/1-245-5-1328-1-RP881-D4PRO-WorkRescue-Descender.pdf,https://www.iscwales.com/Products/descenders/RP881-D4PRO-WorkRescue-Descender/,,,
2761c368-095d-4770-8226-951836a20d45,ISC,D5 Work/Rescue Descender RP885,ppe,Descender,Aluminium / Stainless Steel cam,EN12841:2024-C / ANSI Z359 / NFPA 1983 / 5kN slip load,RP885,999,999,,240 kg,240,12.5,13,As standard (locatie niet gespecificeerd op pagina),,https://www.iscwales.com/Uploads/Products/UIMs/1-229-5-1432-1-D5-Descender-UIM.pdf,https://www.iscwales.com/Products/descenders/RP885-D5-WorkRescue-Descender/,,,
1046d499-e906-4e8b-b71c-70dcfa851be2,ISC,D5PRO Work/Rescue Descender RP886,ppe,Descender,Aluminium / Stainless Steel cam,EN12841:2024-C / NFPA 1983 / 5kN slip load,RP886,999,999,,240 kg,240,12.5,13,As standard (locatie niet gespecificeerd op pagina),,https://www.iscwales.com/Uploads/Products/UIMs/1-261-5-2895-1-RP886-D5PRO-DescenderUser-Instruction-Manual.pdf,https://www.iscwales.com/Products/descenders/RP886-D5PRO-WorkRescue-Descender/,,,
eb4951b1-566e-4dd5-9627-3aa999d22a33,ISC,Double Progress Capture Pulley (non-locking) RP703,ppe,Progress Capture Pulleys,Aluminium,EN12278 / EN567 / NFPA 1983,RP703,999,999,40 kN,,,10,13,,,https://www.iscwales.com/Uploads/Products/UIMs/1-96-5-1202-1-RP703-Double-Progress-Capture-Pulley-non-locking-User-Instruction-Manual.pdf,https://www.iscwales.com/Products/progress-capture-pulleys/RP703-Double-Progress-Capture-Pulley-non-locking/,,,
c6274ce4-7dd5-4378-b411-3d8334500701,ISC,Double Rescue Pulley (non-locking) RP701,ppe,Progress Capture Pulleys,Aluminium,EN12278,RP701,999,999,40 kN,,,10,13,,,https://www.iscwales.com/Uploads/Products/UIMs/1-94-5-1200-1-RP701-Double-Rescue-Pulley-non-locking-User-Instruction-Manual.pdf,https://www.iscwales.com/Products/progress-capture-pulleys/RP701-Double-Rescue-Pulley-non-locking/,,,
76c553b7-724b-49a1-8019-d748e315094e,ISC,Double-action Snaphook SH906,ppe,Snaphook,Aluminium,EN362:2004 T,SH906,999,999,28 kN,,,,,,,https://www.iscwales.com/Uploads/Products/UIMs/1-295-5-2465-1-ConnectorsUser-Instruction-Manual.pdf,https://www.iscwales.com/Products/snaphooks/SH906-Double-action-Snaphook/,,,
a74638df-ff18-4106-b217-4e1ccb1a5e7d,ISC,Double-action Swivel Snaphook SH904,ppe,Snaphook,Aluminium,EN362:2004 T,SH904,999,999,27 kN,,,,,,,https://www.iscwales.com/Uploads/Products/UIMs/1-36-5-1256-1-SH904-Double-Action-Swivel-Snaphook-User-Instruction-Manual.pdf,https://www.iscwales.com/Products/snaphooks/SH904-Double-Action-Swivel-Snaphook/,,,
1a1f1bbb-03d3-46d1-bfbb-11b77328b9dc,ISC,Edge Roller ER100,ppe,Descender,Aluminium,,ER100,999,999,,,,,,,,https://www.iscwales.com/Uploads/Products/UIMs/1-14-5-2292-1-ER100-Edge-RollerUser-Instruction-Manual.pdf,https://www.iscwales.com/Products/descenders/ER100-Edge-Roller-Edge-Protection-Device/,,,
1d101c7d-9616-48ac-8dd5-d72eadb45199,ISC,Eiger Double Re-direct Pulley RP031,ppe,Pulleys & Rigging Devices,Aluminium,EN12278,RP031,999,999,36 kN,,,,13,,,https://www.iscwales.com/Uploads/Products/UIMs/1-85-5-1196-1-Eiger-Pulley-User-Instruction-Manual.pdf,https://www.iscwales.com/Products/pulleys/RP031-Double-Re-direct-Pulley/,,,
c9a1f14d-304c-4c03-b47b-15cec7d77176,ISC,Eiger Medium Double Ended Pulley RP034,ppe,Pulleys & Rigging Devices,Aluminium,EN12278,RP034,999,999,36 kN,,,,13,,,https://www.iscwales.com/Uploads/Products/UIMs/1-85-5-1196-1-Eiger-Pulley-User-Instruction-Manual.pdf,https://www.iscwales.com/Products/pulleys/RP034-Medium-Double-Ended-Pulley/,,,
434ca13b-5d81-4c07-9cf2-73cab15b5609,ISC,Eiger Medium Double Pulley RP033,ppe,Pulleys & Rigging Devices,Aluminium,EN12278,RP033,999,999,36 kN,,,,13,,,https://www.iscwales.com/Uploads/Products/UIMs/1-85-5-1196-1-Eiger-Pulley-User-Instruction-Manual.pdf,https://www.iscwales.com/Products/pulleys/RP033-Medium-Double-Pulley/,,,
7cb2a640-6def-4f87-b525-c6ea74a6505a,ISC,Eiger Medium Single Pulley RP032,ppe,Pulleys & Rigging Devices,Aluminium,EN12278,RP032,999,999,36 kN,,,,13,,,https://www.iscwales.com/Uploads/Products/UIMs/1-85-5-1196-1-Eiger-Pulley-User-Instruction-Manual.pdf,https://www.iscwales.com/Products/pulleys/RP032-Medium-Single-Pulley/,,,
198352cd-0d01-466e-a285-2d3b719364ea,ISC,Eiger Small Double Pulley RP030,ppe,Pulleys & Rigging Devices,Aluminium,EN12278,RP030,999,999,36 kN,,,,13,,,https://www.iscwales.com/Uploads/Products/UIMs/1-85-5-1196-1-Eiger-Pulley-User-Instruction-Manual.pdf,https://www.iscwales.com/Products/pulleys/RP030-Small-Double-Pulley/,,,
e26a3027-6743-4334-a707-f87951339a0c,ISC,Eiger Small Single Pulley RP012,ppe,Pulleys & Rigging Devices,Aluminium,EN12278,RP012,999,999,36 kN,,,,13,,,https://www.iscwales.com/Uploads/Products/UIMs/1-85-5-1196-1-Eiger-Pulley-User-Instruction-Manual.pdf,https://www.iscwales.com/Products/pulleys/RP012-Small-Single-Pulley/,,,
390b8820-224f-4472-bd56-015a2911367c,ISC,Extra Large Single Prussik 19mm RP069,ppe,Pulleys & Rigging Devices,Aluminium,EN12278,RP069,999,999,70 kN,,,,19,,,https://www.iscwales.com/Uploads/Products/UIMs/1-76-5-1195-1-Prussik-Minding-Pulley-User-Instruction-Manual.pdf,https://www.iscwales.com/Products/pulleys/RP069-Extra-Large-Single-Prussik-max-19mm-Rope/,,,
009ead1e-254d-4564-ba86-dde82a7eaec9,ISC,Figure 8 RP110,ppe,Descender,Aluminium,,RP110,999,999,25 kN,,,,,,,https://www.iscwales.com/Uploads/Products/UIMs/1-48-5-1215-1-RP110-Figure-8-Descender-User-Instruction-Manual.pdf,https://www.iscwales.com/Products/descenders/RP110-Figure-8-Descender/,,,
0cc2ff46-1407-4cfd-9b91-56e47fcae040,ISC,Firemans (Steel) KH307,ppe,Karabiner,Steel,CE EN362 / Meets NFPA 1983 (17ED) G,KH307,999,999,40 kN,,,,,,,https://www.iscwales.com/Uploads/Products/UIMs/1-140-5-1610-1-Connector-UIM.pdf,https://www.iscwales.com/Products/karabiners/KH307-Firemans-Karabiner/,,,
80d6c1ed-44f5-477f-858a-57b837f6c03d,ISC,Fixed Wheel Shear Reduction Block Pulley RP029,ppe,Pulleys & Rigging Devices,Stainless steel,CE PPE Directive,RP029,999,999,44 kN,,,,13,,,https://www.iscwales.com/Uploads/Products/UIMs/1-84-5-1194-1-RP029-Fixed-Wheel-Shear-Reduction-Block-Pulley-User-Instruction-Manual.pdf,https://www.iscwales.com/Products/pulleys/RP029-Fixed-Wheel-Shear-Reduction-Block-Pulley/,,,
28566b5e-3ebd-4626-8db0-4a3bdbb6dbc8,ISC,Flame Rigging Pulley 16mm RP056,ppe,Pulleys & Rigging Devices,Aluminium,CE,RP056,999,999,,,,,16,,,https://www.iscwales.com/Uploads/Products/UIMs/1-62-5-1193-1-RP056-Flame-Rigging-Pulley-User-Instruction-Manual.pdf,https://www.iscwales.com/Products/pulleys/RP056-Flame-Rigging-Pulley-for-16mm-Rope/,,,
afe22f83-3901-4e48-b34b-d6f3ba06bd5c,ISC,Gator KH453,ppe,Karabiner,Aluminium,CE EN362,KH453,999,999,25 kN,,,,,,,https://www.iscwales.com/Uploads/Products/UIMs/1-120-5-1588-1-Connector-UIM.pdf,https://www.iscwales.com/Products/karabiners/KH453-Gator-Karabiner/,,,
441a8b9a-a924-4881-ad95-caea6966fd5f,ISC,Gecko KH452,ppe,Karabiner,Aluminium,CE EN362,KH452,999,999,30 kN,,,,,,,https://www.iscwales.com/Uploads/Products/UIMs/1-123-5-1589-1-Connector-UIM.pdf,https://www.iscwales.com/Products/karabiners/KH452-Gecko-Karabiner/,,,
8c45fa20-5dc5-4a11-87f7-9064527cceba,ISC,Girder Grip Anchor GG101,ppe,Anchors & Accessories,Aluminium / Steel,EN795:2012,GG101,999,999,,,,,,,,https://www.iscwales.com/Uploads/Products/UIMs/1-109-5-1162-1-GG101-Girder-Grip-Anchor-User-Instruction-Manual.pdf,https://www.iscwales.com/Products/anchors-accessories/GG101-Girder-Grip-Anchor/,,,
affe00be-ab7b-443a-b69a-d55b4d6b3667,ISC,HALO Rigging Plate (L) RP304,ppe,Anchors & Accessories,Aluminium,89/686/EEC / NFPA 1983 (17ED)G,RP304,999,999,70 kN,,,,,,,https://www.iscwales.com/Uploads/Products/UIMs/1-242-5-1294-1-RP304-HALO-Rigging-Plate-Large-UIM.pdf,https://www.iscwales.com/Products/anchors-accessories/RP304-HALO-Rigging-Plate-Large/,,,
5b65c958-32c8-4a1c-b5c8-fcc2ab075adf,ISC,HALO Rigging Plate (M) RP303,ppe,Anchors & Accessories,Aluminium,89/686/EEC / NFPA 1983 (17ED)G,RP303,999,999,50 kN,,,,,,,https://www.iscwales.com/Uploads/Products/UIMs/1-241-5-1296-1-HALO-Rigging-Plate-Medium-UIM.pdf,https://www.iscwales.com/Products/anchors-accessories/RP303-HALO-Rigging-Plate-Medium/,,,
4c144a31-e0ce-4fae-9520-ca90f7708ef7,ISC,HALO Rigging Plate (S) RP302,ppe,Anchors & Accessories,Aluminium,89/686/EEC / NFPA 1983 (17ED)G,RP302,999,999,40 kN,,,,,,,https://www.iscwales.com/Uploads/Products/UIMs/1-240-5-1295-1-RP302-HALO-Rigging-Plate-Small-UIM.pdf,https://www.iscwales.com/Products/anchors-accessories/RP302-HALO-Rigging-Plate-Small/,,,
a5b2d623-2b43-4d97-857c-dcc4f739273f,ISC,HaulerBiner Compact Rescue Kit (105/165/300cm) HB105.2 / HB165.2 / HB300.2,ppe,Progress Capture Pulleys,Aluminium / 6mm rope,Voldoet aan EN12278 / EN567,HB105.2 / HB165.2 / HB300.2,999,999,,16 kN MBS / 140 kg WLL,,,,,,https://www.iscwales.com/Uploads/Products/UIMs/1-237-5-1136-1-HaulerBiner-Compact-Rescue-Kit-User-Manual.pdf,https://www.iscwales.com/Products/progress-capture-pulleys/HaulerBiner-Compact-Rescue-Kits/,,,
4aef6a79-0aab-42ee-9150-8732b2903d50,ISC,HMS (Steel) KH212,ppe,Karabiner,Steel,CE EN362,KH212,999,999,50 kN,,,,,,,https://www.iscwales.com/Uploads/Products/UIMs/1-134-5-1603-1-Connector-UIM.pdf,https://www.iscwales.com/Products/karabiners/KH212-HMS-Karabiner/,,,
abfd2ea0-af65-40e4-ad8c-8767027343d0,ISC,HMS KH204,ppe,Karabiner,Aluminium,EN362,KH204,999,999,27 kN,,,,,,,https://www.iscwales.com/Uploads/Products/UIMs/1-118-5-1586-1-Connector-UIM.pdf,https://www.iscwales.com/Products/karabiners/KH204-HMS-Karabiner/,,,
37536e2d-5598-43b7-b028-7044c92c9f7f,ISC,Iron Wizard KH219,ppe,Karabiner,Steel,CE EN362,KH219,999,999,70 kN,,,,,,,https://www.iscwales.com/Uploads/Products/UIMs/1-130-5-1601-1-Connector-UIM.pdf,https://www.iscwales.com/Products/karabiners/KH219-Small-Iron-Wizard-Karabiner/,,,
aa281b7e-fa49-44eb-81c7-1795282d32b4,ISC,Iron Wizard Large KH415,ppe,Karabiner,Steel,CE EN362,KH415,999,999,70 kN,,,,,,,https://www.iscwales.com/Uploads/Products/UIMs/1-129-5-1596-1-Connector-UIM.pdf,https://www.iscwales.com/Products/karabiners/KH415-Large-Wizard-Karabiner/,,,
b8ac2710-8b3c-4e3a-8ccc-9d4e0f2c96b0,ISC,Klettersteig Keylock KL202,ppe,Karabiner,Steel,EN362,KL202,999,999,45 kN,,,,,,,https://www.iscwales.com/Uploads/Products/UIMs/1-133-5-1604-1-Connector-UIM.pdf,https://www.iscwales.com/Products/karabiners/KL202-Klettsteig-Keylock-Karabiner/,,,
b1902178-d3e9-4c89-a17c-d06111c6dd96,ISC,Large Cast Pulley 20mm RP057,ppe,Pulleys & Rigging Devices,Aluminium,CE,RP057,999,999,,,,,20,,,https://www.iscwales.com/Uploads/Products/UIMs/1-63-5-1192-1-RP057-Large-Cast-Pulley-for-20mm-User-Instruction-Manual.pdf,https://www.iscwales.com/Products/pulleys/RP057-Large-Cast-Pulley-for-20mm-three-quarter-inch-Rope/,,,
5d26d334-fad4-4ea1-a049-7e78e80d62cf,ISC,Large Double Prussik Alu 16mm RP067-ALU,ppe,Pulleys & Rigging Devices,Aluminium,EN12278,RP067-ALU,999,999,70 kN,,,,16,,,https://www.iscwales.com/Uploads/Products/UIMs/1-76-5-1195-1-Prussik-Minding-Pulley-User-Instruction-Manual.pdf,https://www.iscwales.com/Products/pulleys/RP067-Large-Double-Prussik-max-16mm-Rope/,,,
8d357acb-6519-4d72-a821-703ce6bf9dd0,ISC,Large Double Prussik SS 16mm RP067-SS,ppe,Pulleys & Rigging Devices,Stainless steel,EN12278,RP067-SS,999,999,50 kN,,,,16,,,https://www.iscwales.com/Uploads/Products/UIMs/1-76-5-1195-1-Prussik-Minding-Pulley-User-Instruction-Manual.pdf,https://www.iscwales.com/Products/pulleys/RP067-Large-Stainless-Steel-Double-Prussik-max-16mm-Rope/,,,
92f04a75-018c-4d0c-86e4-1ab0ef18454d,ISC,Large Double-action Locking Nose Snaphook SH999,ppe,Snaphook,Aluminium,CE EN362,SH999,999,999,35 kN,,,,,,,https://www.iscwales.com/Uploads/Products/UIMs/1-39-5-1259-1-SH999-Large-Double-action-Locking-Nose-Snaphook-User-Instruction-User-Instruction-Manual.pdf,https://www.iscwales.com/Products/snaphooks/SH999-Large-Double-Action-Locking-Nose-Snaphook/,,,
a828cd4d-f241-4683-9483-1fc68745da1e,ISC,Large Double-action Snaphook SH979,ppe,Snaphook,Aluminium,EN362:2004 A & T,SH979,999,999,22 kN,,,,,,,https://www.iscwales.com/Uploads/Products/UIMs/1-38-5-1258-1-SH979-Large-Aluminium-Double-action-Snaphook-User-Instruction-Manual.pdf,https://www.iscwales.com/Products/snaphooks/SH979-Large-Aluminium-Double-Action-Snaphook/,,,
ec6df2af-1497-4cbf-a029-ab59638fd7ae,ISC,Large Rigging Plate RP320,ppe,Anchors & Accessories,Aluminium,CE 0120 89/686/EEC,RP320,999,999,45 kN,,,,,,,https://www.iscwales.com/Uploads/Products/UIMs/1-115-5-1223-1-RP320-Large-Rigging-Plate-User-Instruction-Manual.pdf,https://www.iscwales.com/Products/anchors-accessories/RP320-Large-Rigging-Plate/,,,
79df9431-2f88-4719-90c6-a422430c51c5,ISC,Large Single Prussik Alu 16mm RP066-ALU,ppe,Pulleys & Rigging Devices,Aluminium,EN12278,RP066-ALU,999,999,70 kN,,,,16,,,https://www.iscwales.com/Uploads/Products/UIMs/1-76-5-1195-1-Prussik-Minding-Pulley-User-Instruction-Manual.pdf,https://www.iscwales.com/Products/pulleys/RP066-Large-Single-Prussik-Aluminium-max-16mm-Rope/,,,
c183485d-0726-4160-bb60-2e8aa6d8a292,ISC,Large Single Prussik met Load Becket 16mm RP068,ppe,Pulleys & Rigging Devices,Aluminium,EN12278,RP068,999,999,70 kN,,,,16,,,https://www.iscwales.com/Uploads/Products/UIMs/1-76-5-1195-1-Prussik-Minding-Pulley-User-Instruction-Manual.pdf,https://www.iscwales.com/Products/pulleys/RP068-Large-Single-Prussik-with-Load-Becket-max-16mm-Rope/,,,
7a5946c4-4c40-4ee4-9e01-e670b0814c28,ISC,Large Single Prussik SS 16mm RP066-SS,ppe,Pulleys & Rigging Devices,Stainless steel,EN12278,RP066-SS,999,999,50 kN,,,,16,,,https://www.iscwales.com/Uploads/Products/UIMs/1-76-5-1195-1-Prussik-Minding-Pulley-User-Instruction-Manual.pdf,https://www.iscwales.com/Products/pulleys/RP066-Large-Stainless-Steel-Single-Prussik-max-16mm-Rope/,,,
8603cead-c9c2-455f-8e9c-d6fc5ec06c83,ISC,Link KH215,ppe,Karabiner,Aluminium,CE EN362,KH215,999,999,25 kN,,,,,,,https://www.iscwales.com/Uploads/Products/UIMs/1-127-5-1593-1-Connector-UIM.pdf,https://www.iscwales.com/Products/karabiners/KH215-Link-Karabiner/,,,
8b53233e-c6e7-44af-bfab-631604952cfa,ISC,Medium Double Prussik Alu 13mm RP064-ALU,ppe,Pulleys & Rigging Devices,Aluminium,EN12278,RP064-ALU,999,999,50 kN,,,,13,,,https://www.iscwales.com/Uploads/Products/UIMs/1-76-5-1195-1-Prussik-Minding-Pulley-User-Instruction-Manual.pdf,https://www.iscwales.com/Products/pulleys/RP064-Medium-Double-Prussik-max-13mm-Rope/,,,
9dd86998-bb1c-415b-a993-f0757b98d4ee,ISC,Medium Double Prussik SS 13mm RP064-SS,ppe,Pulleys & Rigging Devices,Stainless steel,EN12278,RP064-SS,999,999,50 kN,,,,13,,,https://www.iscwales.com/Uploads/Products/UIMs/1-76-5-1195-1-Prussik-Minding-Pulley-User-Instruction-Manual.pdf,https://www.iscwales.com/Products/pulleys/RP064-Medium-Stainless-Steel-Double-Prussik-max-13mm-Rope/,,,
f47530c7-0c6b-475a-9539-e180d011ae3a,ISC,Medium Forged Pulley 16mm RP054,ppe,Pulleys & Rigging Devices,Aluminium,CE,RP054,999,999,,,,,16,,,https://www.iscwales.com/Uploads/Products/UIMs/1-213-5-1191-1-RP054-Medium-Rigging-Pulley-for-16mm-User-Instruction-Manual.pdf,https://www.iscwales.com/Products/pulleys/RP054-Medium-Forged-Pulley-for-16mm-58-Rope/,,,
0cfc2b87-c800-49c3-affe-ce752d055f8e,ISC,Medium Forged Pulley 20mm RP055,ppe,Pulleys & Rigging Devices,Aluminium,CE,RP055,999,999,,,,,20,,,https://www.iscwales.com/Uploads/Products/UIMs/1-61-5-1190-1-RP055-Medium-Rigging-Pulley-for-20mm-User-Instruction-Manual.pdf,https://www.iscwales.com/Products/pulleys/RP055-Medium-Forged-Pulley-for-20mm-three-quarter-inch-Rope/,,,
8c3a160a-7cdc-4835-aa7c-88d96cb0ab72,ISC,Medium Pre-Cast Anchor GG301,ppe,Anchors & Accessories,Aluminium / Steel,EN795:2012,GG301,999,999,12 kN,,,,,,,https://www.iscwales.com/Uploads/Products/UIMs/1-198-5-1163-1-GG301-Medium-Pre-Cast-Anchor-User-Instruction-Manual.pdf,https://www.iscwales.com/Products/anchors-accessories/GG301-medium-pre-cast-anchor/,,,
ad626e6b-2ee8-440a-8396-f43928815b33,ISC,Medium Rigging Plate RP310,ppe,Anchors & Accessories,Aluminium,CE 0120 89/686/EEC,RP310,999,999,40 kN,,,,,,,https://www.iscwales.com/Uploads/Products/UIMs/1-114-5-1222-1-RP310-Medium-Rigging-Plate-User-Instruction-Manual.pdf,https://www.iscwales.com/Products/anchors-accessories/RP310-Medium-Rigging-Plate/,,,
b0bbb651-c68a-4752-992e-42e57fbdb0aa,ISC,Medium Single Prussik Alu RP063-ALU,ppe,Pulleys & Rigging Devices,Aluminium,EN12278,RP063-ALU,999,999,50 kN,,,,13,,,https://www.iscwales.com/Uploads/Products/UIMs/1-76-5-1195-1-Prussik-Minding-Pulley-User-Instruction-Manual.pdf,https://www.iscwales.com/Products/pulleys/RP063-Medium-Single-Prussik-Aluminium/,,,
a7374322-35ac-425c-addd-225f94ac228e,ISC,Medium Single Prussik met Load Becket 13mm RP065-ALU,ppe,Pulleys & Rigging Devices,Aluminium,EN12278,RP065-ALU,999,999,50 kN,,,,13,,,https://www.iscwales.com/Uploads/Products/UIMs/1-76-5-1195-1-Prussik-Minding-Pulley-User-Instruction-Manual.pdf,https://www.iscwales.com/Products/pulleys/RP065-Medium-Single-Prussik-with-Load-Becket-max-13mm-Rope/,,,
c1e0bf8c-c649-4fb2-9c75-05e3e38ce4df,ISC,Medium Single Prussik SS 13mm RP063-SS,ppe,Pulleys & Rigging Devices,Stainless steel,EN12278,RP063-SS,999,999,50 kN,,,,13,,,https://www.iscwales.com/Uploads/Products/UIMs/1-76-5-1195-1-Prussik-Minding-Pulley-User-Instruction-Manual.pdf,https://www.iscwales.com/Products/pulleys/RP063-Medium-Stainless-Steel-Single-Prussik-max-13mm-Rope/,,,
fe1c361c-17b5-4b76-b95b-eaad347d9738,ISC,Medium Single Prussik SS met Load Becket RP065-SS,ppe,Pulleys & Rigging Devices,Stainless steel,EN12278,RP065-SS,999,999,50 kN,,,,13,,,https://www.iscwales.com/Uploads/Products/UIMs/1-76-5-1195-1-Prussik-Minding-Pulley-User-Instruction-Manual.pdf,https://www.iscwales.com/Products/pulleys/RP065-Medium-Stainless-Steel-Single-Prussik-with-Load-Becket/,,,
729a9163-ddcc-4c02-9e87-8908831440b9,ISC,Micro Pulley RP037,ppe,Pulleys & Rigging Devices,Aluminium,EN12278,RP037,999,999,,,,,,,,https://www.iscwales.com/Uploads/Products/UIMs/1-85-5-1196-1-Eiger-Pulley-User-Instruction-Manual.pdf,https://www.iscwales.com/Products/pulleys/Micro-Pulley/,,,
668ee83c-a371-42a2-9ab3-675581605846,ISC,Mini HMS KH214,ppe,Karabiner,Aluminium,CE EN362,KH214,999,999,27 kN,,,,,,,https://www.iscwales.com/Uploads/Products/UIMs/1-117-5-1585-1-Connector-UIM.pdf,https://www.iscwales.com/Products/karabiners/KH214-Mini-HMS-Karabiner/,,,
58be653c-d47f-4e32-97c1-87955bf84957,ISC,Mini Ropegrab (Fixed Axle) RP203,ppe,Back-up & Ropegrab,Aluminium,EN353-2:2002 / EN567:2013,RP203,999,999,Dependent on rope type,,,10.5,12.5,,,https://www.iscwales.com/Uploads/Products/UIMs/1-28-5-1153-1-RP203-Mini-Ropegrab-Fixed-Axle-User-Instruction-Manual.pdf,https://www.iscwales.com/Products/back-up-ropegrabs/rp203-mini-ropegrab-fixed-axle/,,,
4a99a4dd-8b1e-4077-a147-b88f956b9f22,ISC,Mini Ropegrab (Pip Pin) RP209,ppe,Back-up & Ropegrab,Aluminium,EN353-2:2002 / EN567:2013,RP209,999,999,Dependent on rope type,,,10.5,12.5,,,https://www.iscwales.com/Uploads/Products/UIMs/1-12-5-1219-1-RP209-Mini-Ropegrab-Pip-Pin-User-Instruction-Manual.pdf,https://www.iscwales.com/Products/back-up-ropegrabs/rp209-mini-ropegrab-with-pip-pin/,,,
503ea022-f611-48af-913a-48bd24259fdb,ISC,Mongoose KH451,ppe,Karabiner,Aluminium,CE EN362,KH451,999,999,30 kN,,,,,,,https://www.iscwales.com/Uploads/Products/UIMs/1-124-5-1590-1-Connector-UIM.pdf,https://www.iscwales.com/Products/karabiners/KH451-Mongoose-Karabiner/,,,
25ebd51d-a2eb-4f37-b836-92c757832280,ISC,Offset D Keylock KL200,ppe,Karabiner,Steel,CE EN362,KL200,999,999,50 kN,,,,,,,https://www.iscwales.com/Uploads/Products/UIMs/1-136-5-1606-1-Connector-UIM.pdf,https://www.iscwales.com/Products/karabiners/KL200-Offset-D-Karabiner/,,,
a659f640-cb95-4911-af25-f8a0f0629619,ISC,Offset KL216,ppe,Karabiner,Aluminium,"EN362:2004 B,T",KL216,999,999,30 kN,,,,,,,https://www.iscwales.com/Uploads/Products/UIMs/1-292-5-2450-1-KL216-Offset-KarabinerUser-Instruction-Manual.pdf,https://www.iscwales.com/Products/karabiners/KL216-Offset-Karabiner/,,,
3fc0e728-8197-414e-abb8-9c494c7e55ce,ISC,Offset Oval Keylock KL321,ppe,Karabiner,Steel,CE EN362,KL321,999,999,40 kN,,,,,,,https://www.iscwales.com/Uploads/Products/UIMs/1-211-5-1594-1-Connector-UIM.pdf,https://www.iscwales.com/Products/karabiners/KL321-Offset-Oval-Keylock-Karabiner/,,,
4279d77b-ae42-4326-9db5-932efd4362a9,ISC,Offset Oval KH221,ppe,Karabiner,Aluminium,"CE EN362:2004 B,T",KH221,999,999,25 kN,,,,,,,https://www.iscwales.com/Uploads/Products/UIMs/1-248-5-1583-1-Connector-UIM.pdf,https://www.iscwales.com/Products/karabiners/KH221-Aluminium-Offset-Oval/,,,
e789a7e0-e326-4f3d-ac77-decd27d0d488,ISC,One-way Locking Double Progress Capture Pulley RP705,ppe,Progress Capture Pulleys,Aluminium,EN12278,RP705,999,999,30 kN,,,,13,,,https://www.iscwales.com/Uploads/Products/UIMs/1-98-5-1204-1-RP705-One-way-Locking-Double-Progress-Capture-Pulley-User-Instruction-Manual.pdf,https://www.iscwales.com/Products/progress-capture-pulleys/RP705-One-way-Locking-Double-Progress-Capture-Pulley/,,,
74331f48-7366-4b47-8ffd-f547477633e8,ISC,One-Way Locking Double Pulley RP700,ppe,Progress Capture Pulleys,Aluminium,EN12278,RP700,999,999,30 kN,,,,13,,,https://www.iscwales.com/Uploads/Products/UIMs/1-93-5-1199-1-RP700-One-Way-Locking-Double-Pulley-User-Instruction-Manual.pdf,https://www.iscwales.com/Products/progress-capture-pulleys/RP700-One-Way-Locking-Double-Pulley/,,,
9c627d3a-5f20-49fb-94c1-c29680dfaffc,ISC,One-way Locking Single Progress Capture Pulley RP704,ppe,Progress Capture Pulleys,Aluminium,EN12278,RP704,999,999,30 kN,,,,13,,,https://www.iscwales.com/Uploads/Products/UIMs/1-97-5-1203-1-RP704-One-way-Locking-Single-Progress-Capture-Pulley-User-Instruction-Manual.pdf,https://www.iscwales.com/Products/progress-capture-pulleys/RP704-One-way-Locking-Single-Progress-Capture-Pulley/,,,
f94cfb1f-8391-4345-a39c-972a6559a23c,ISC,Oval (Compact) KL120,ppe,Karabiner,Aluminium,"EN362:2004 B,T / EN12275:2013 B,X,T",KL120,999,999,24 kN,,,,,,,https://www.iscwales.com/Uploads/Products/UIMs/1-316-5-2861-1-KL120-Compact-Oval-Karabiner.pdf,https://www.iscwales.com/Products/karabiners/KL120-Compact-Oval-Karabiner2/,,,
30e8f00d-834f-4af2-a584-9c062afa7f41,ISC,Oval (Standard) KL121,ppe,Karabiner,Aluminium,"EN362:2004 B,T / EN12275:2013 B,X,T",KL121,999,999,25 kN,,,,,,,https://www.iscwales.com/Uploads/Products/UIMs/1-321-5-2911-1-KL121-Aluminium-Oval-KarabinerUser-Instruction-Manual.pdf,https://www.iscwales.com/Products/karabiners/KL121-Aluminium-Oval-Karabiner/,,,
b86a9806-2445-470d-95c1-8ffcf7845401,ISC,Oval (Steel) KH311,ppe,Karabiner,Steel,CE EN362,KH311,999,999,25 kN,,,,,,,https://www.iscwales.com/Uploads/Products/UIMs/1-135-5-1605-1-Connector-UIM.pdf,https://www.iscwales.com/Products/karabiners/KH311-Oval-Karabiner/,,,
1d2262d5-80b5-446f-b154-981ef72ed654,ISC,Oval Keylock (Steel) KL311,ppe,Karabiner,Steel,EN362:2004/B,KL311,999,999,30 kN,,,,,,,https://www.iscwales.com/Uploads/Products/UIMs/1-266-5-2162-1-Connector-UIM.pdf,https://www.iscwales.com/Products/karabiners/KL311-Steel-Oval-Karabiner-Keylock/,,,
e5e67f99-ccc0-45d9-b5e0-3951df6cd2fc,ISC,Phlotich Pulley RP282,ppe,SRT / Tree Climbing,Aluminium,EN12278:2007,RP282,999,999,30 kN,,,,13,,,https://www.iscwales.com/Uploads/Products/UIMs/1-247-5-1467-1-RP282-Phlotich-Pulley-USER-MANUAL.pdf,https://www.iscwales.com/Products/rope-wrench-accessories/RP282-Phlotich-Pulley/,,,
8afe4119-41bb-44c0-8ff0-312bad3b0ede,ISC,Professional Hand Ascender (L) RP210,ppe,Ascent Device,Aluminium / Stainless Steel cam,EN567 / EN12841 / NFPA compliant,RP210,999,999,,,,9,13,,,https://www.iscwales.com/Uploads/Products/UIMs/1-51-5-1156-1-RP210-Professional-Hand-Ascender-Left-Hand-User-Instruction-Manual.pdf,https://www.iscwales.com/Products/ascent-devices/RP210-Professional-Hand-Ascender-Left-Hand/,,,
16043a68-5dc3-499f-8592-8c402edbe69b,ISC,Professional Hand Ascender (R) RP220,ppe,Ascent Device,Aluminium / Stainless Steel cam,EN567 / EN12841 / NFPA compliant,RP220,999,999,,,,9,13,,,https://www.iscwales.com/Uploads/Products/UIMs/1-52-5-1157-1-RP220-Professional-Hand-Ascender-Right-Hand-User-Instruction-Manual.pdf,https://www.iscwales.com/Products/ascent-devices/RP220-Professional-Hand-Ascender-Right-Hand/,,,
27454100-5e21-4111-a125-160289c615b5,ISC,RAD Rope Adjustment Device RP815/KT815,ppe,Rope Adjustment Device,Aluminium,EN12841:2006-C / EN358:2018 / EN795:2012-B / EN341:2011-2D / EN15151:2012-6,RP815/KT815,999,999,,200 kg,,10.5,11,,,https://www.iscwales.com/Uploads/Products/UIMs/1-228-5-1013-1-RP8152-NEW-Swing-cheek-version.pdf,https://www.iscwales.com/Products/rope-adjustment-device/RAD-Work-Positioning-Kit/,,,
ae5a07d4-810c-42f0-bdf5-8774ad943d75,ISC,RED Back-up (Fixed Cord) RP891,ppe,Back-up & Ropegrab,Aluminium,EN12841,RP891,999,999,,240 kg,,10.5,11,,,https://www.iscwales.com/Uploads/Products/UIMs/1-179-5-320-1-RP891-UIM-issue-H.pdf,https://www.iscwales.com/Products/back-up-ropegrabs/RP891-RED-Back-up-Device-with-Fixed-Cord/,,,
b93f4693-2b72-45ea-813a-72c4a55b2adf,ISC,RED Back-up (Popper Cord) RP892,ppe,Back-up & Ropegrab,Aluminium,EN12841,RP892,999,999,,240 kg,,10.5,11,,,https://www.iscwales.com/Uploads/Products/UIMs/1-178-5-321-1-RP892-UIM.pdf,https://www.iscwales.com/Products/back-up-ropegrabs/RP892-RED-Back-up-Device-with-Popper-Cord/,,,
6b58264c-6179-4836-b1b2-fa45331299ee,ISC,RED Back-up (Stainless) RP892E,ppe,Back-up & Ropegrab,Stainless steel / Aluminium cam,EN12841,RP892E,999,999,,240 kg,,10.5,11,,,https://www.iscwales.com/Uploads/Products/UIMs/1-212-5-659-1-RP892E-RED-Back-up-Stainless-Steel.pdf,https://www.iscwales.com/Products/back-up-ropegrabs/RP892E-RED-Back-up-Device/,,,
db6cc1c1-d0f4-4d7d-8687-37489fc09a06,ISC,RED Back-up (zonder cord) RP890,ppe,Back-up & Ropegrab,Aluminium,EN12841A,RP890,999,999,,240 kg,,10.5,11,,,https://www.iscwales.com/Uploads/Products/UIMs/1-180-5-319-1-RP890-UIM-issue-H.pdf,https://www.iscwales.com/Products/back-up-ropegrabs/RP890-RED-Back-up-Device-no-Cord/,,,
0622142e-1299-433e-a87b-1a5f73fb81aa,ISC,REFLEX Mechanical Hitch MH285,ppe,SRT / Tree Climbing,Aluminium,EN12841:2024/C on 11-13mm EN1891 Type A rope,MH285,999,999,12 kN,50-200 kg,200,11,13,,,https://www.iscwales.com/Uploads/Products/UIMs/1-327-5-3012-1-MH285-Mechanical-HitchUIM.pdf,https://www.iscwales.com/Products/rope-wrench-accessories/REFLEX-Mechanical-Hitch/,,,
909ec11c-f52f-4c2f-bf10-12390b890483,ISC,Rescue Figure 8 (Alu) RP100,ppe,Descender,Aluminium,,RP100,999,999,35 kN,,,,,,,https://www.iscwales.com/Uploads/Products/UIMs/1-46-5-1216-1-RP100-Rescue-Figure-8-Descender-User-Instruction-Manual.pdf,https://www.iscwales.com/Products/descenders/RP100-Rescue-Figure-8-Descender/,,,
71141ea7-4cb2-4ff9-aa5f-1448d2f1d244,ISC,Rescue Figure 8 (Stainless) RP101,ppe,Descender,Stainless steel,,RP101,999,999,80 kN,,,,,,,https://www.iscwales.com/Uploads/Products/UIMs/1-47-5-1217-1-RP101-Rescue-Figure-8-Stainless-User-Instruction-Manual.pdf,https://www.iscwales.com/Products/descenders/RP101-Rescue-Figure-8-Stainless-Steel/,,,
83b3636c-78c0-482f-9bae-a247508a0d8f,ISC,Rigging Rope Wrench (one way locking) RP292,ppe,Pulleys & Rigging Devices,Aluminium,CE,RP292,999,999,,20-120 kg,,12,13,,,https://www.iscwales.com/Uploads/Products/UIMs/1-284-5-2366-1-RP292-Rigging-Rope-Wrench-One-Way-Locking-User-Instruction-Manual.pdf,https://www.iscwales.com/Products/pulleys/RP292-Rigging-Rope-Wrench/,,,
822a5dcb-2688-40e8-984a-b0821f6e84f2,ISC,Rigging Rope Wrench RP290,ppe,Pulleys & Rigging Devices,Aluminium,CE,RP290,999,999,,70 kg,,12,13,,,https://www.iscwales.com/Uploads/Products/UIMs/1-280-5-2342-1-RP290-Rigging-Rope-Wrench-User-Instruction-Manual.pdf,https://www.iscwales.com/Products/pulleys/RP290-Rigging-Rope-Wrench/,,,
8a777ab5-6d4e-4e2b-a8d2-c00be596e49d,ISC,Rocker RP500,ppe,Back-up & Ropegrab,Aluminium,CE EN353-2:2002 / EN358:2018 / EN12841:2006-A / UKCA,RP500,999,999,,,150,10.5,11,,,https://www.iscwales.com/Uploads/Products/UIMs/1-175-5-2886-1-RP500-Rocker-User-Instruction-Manual.pdf,https://www.iscwales.com/Products/back-up-ropegrabs/RP500-Rocker-Ropegrab/,,,
0deb57d4-5318-4a04-bd63-2008b923c18a,ISC,Rope Wrench 11-13mm (niet PPE) RP280,no_ppe,SRT / Tree Climbing,Aluminium,NIET CE goedgekeurd / NIET voor PPE,RP280,999,999,,,,11,13,,,,https://www.iscwales.com/Products/rope-wrench-accessories/RP280-Rope-Wrench/,,,
00a9d022-ffe6-40d2-8ed9-b05b7b7b0931,ISC,Rope Wrench 13mm geoptimaliseerd (niet PPE) RP283,no_ppe,SRT / Tree Climbing,Aluminium,NIET voor primaire levensondersteuning,RP283,999,999,,,,13,13,,,,https://www.iscwales.com/Products/rope-wrench-accessories/RP283-13mm-Optimised-Rope-Wrench/,,,
680125a6-ee06-4568-96da-0a97c7ea52c8,ISC,Ropegrab (Fixed Axle) RP204,ppe,Back-up & Ropegrab,Aluminium,EN567,RP204,999,999,Dependent on rope type,,,14,16,,,https://www.iscwales.com/Uploads/Products/UIMs/1-31-5-1154-1-RP204-Ropegrab-Fixed-Axle-User-Instruction-Manual.pdf,https://www.iscwales.com/Products/back-up-ropegrabs/RP204-Ropegrab-Fixed-Axle/,,,
460ae268-0222-4c11-af1b-ae93f028c7d9,ISC,Ropegrab (Pip Pin) RP205,ppe,Back-up & Ropegrab,Aluminium,EN567,RP205,999,999,Dependent on rope type,,,14,16,,,https://www.iscwales.com/Uploads/Products/UIMs/1-227-5-1155-1-RP205-Ropegrab-Pip-pin-User-Instruction-Manual.pdf,https://www.iscwales.com/Products/back-up-ropegrabs/RP205-Ropegrab-with-Pip-Pin/,,,
53fbf330-ab9a-45a7-91a2-2a0319c40710,ISC,Saturn Rigging Ring Large RIN4452A,ppe,Pulleys & Rigging Devices,Aluminium,CE,RIN4452A,999,999,,60 kN,,,,,,https://www.iscwales.com/Uploads/Products/UIMs/1-303-5-2560-1-Saturn-Series-Rigging-Ring.pdf,https://www.iscwales.com/Products/pulleys/RIN4452A-Saturn-Series-Rigging-Ring-Large/,,,
c2bc5909-39ae-4d26-83c4-e398e5596147,ISC,Saturn Rigging Ring Medium RIN3238A,ppe,Pulleys & Rigging Devices,Aluminium,CE,RIN3238A,999,999,,40 kN,,,,,,https://www.iscwales.com/Uploads/Products/UIMs/1-303-5-2560-1-Saturn-Series-Rigging-Ring.pdf,https://www.iscwales.com/Products/pulleys/RIN3238A-Saturn-Series-Rigging-Ring-Medium/,,,
c556fec1-e777-4988-9f98-61f7a5ad2617,ISC,Saturn Rigging Ring Small RIN2528A,ppe,Pulleys & Rigging Devices,Aluminium,CE,RIN2528A,999,999,,28 kN,,,,,,https://www.iscwales.com/Uploads/Products/UIMs/1-303-5-2560-1-Saturn-Series-Rigging-Ring.pdf,https://www.iscwales.com/Products/pulleys/RIN2528A-Saturn-Series-Rigging-Ring-Small/,,,
13c3a686-5e6d-4e9b-b490-243ae92c6812,ISC,Scaffold Hook KH407,ppe,Karabiner,Steel,CE EN362,KH407,999,999,35 kN,,,,,,,https://www.iscwales.com/Uploads/Products/UIMs/1-141-5-1598-1-Connector-UIM.pdf,https://www.iscwales.com/Products/karabiners/KH407-Scaffold-Hook/,,,
76b49638-f5a3-4324-9ca5-b7ea8e16c1cb,ISC,Single Leg Tether RT270B1,ppe,SRT / Tree Climbing,Textile (Vectran/Technora),ANSI Z133,RT270B1,10,10,24 kN,,,,,,,,https://www.iscwales.com/Products/rope-wrench-accessories/RT270B1-Single-Leg-Tether/,,,
57d6944d-0b6c-406e-8bb1-c66c283127fb,ISC,Single Progress Capture Pulley (non-locking) RP702,ppe,Progress Capture Pulleys,Aluminium,EN12278 / EN567 / NFPA 1983,RP702,999,999,40 kN,,,10,13,,,https://www.iscwales.com/Uploads/Products/UIMs/1-95-5-1201-1-RP702-Single-Progress-Capture-Pulley-non-locking-User-Instruction-Manual.pdf,https://www.iscwales.com/Products/progress-capture-pulleys/RP702-Single-Progress-Capture-Pulley-non-locking/,,,
e14d9f2f-4516-429b-beb1-8922d05311e4,ISC,Small Double Prussik Alu 13mm RP061-ALU,ppe,Pulleys & Rigging Devices,Aluminium,EN12278,RP061-ALU,999,999,40 kN,,,,13,,,https://www.iscwales.com/Uploads/Products/UIMs/1-76-5-1195-1-Prussik-Minding-Pulley-User-Instruction-Manual.pdf,https://www.iscwales.com/Products/pulleys/RP061-Small-Double-Prussik-for-13mm-Rope/,,,
fc012fd1-fdcf-4ea7-b568-3d50b6ace694,ISC,Small Double Prussik SS 13mm RP061-SS,ppe,Pulleys & Rigging Devices,Stainless steel,EN12278,RP061-SS,999,999,40 kN,,,,13,,,https://www.iscwales.com/Uploads/Products/UIMs/1-76-5-1195-1-Prussik-Minding-Pulley-User-Instruction-Manual.pdf,https://www.iscwales.com/Products/pulleys/RP061-Small-Stainless-Steel-Double-Prussik-max-13mm-Rope/,,,
799736cd-8573-415d-8269-9f76e2c2584f,ISC,Small Forged Pulley 13mm RP050,ppe,Pulleys & Rigging Devices,Aluminium,CE,RP050,999,999,,2000 kg WLL,,,13,,,https://www.iscwales.com/Uploads/Products/UIMs/1-57-5-1189-1-RP050-Small-Rigging-Pulley-for-13mm-12-Rope-User-Instruction-Manual.pdf,https://www.iscwales.com/Products/pulleys/RP050-Small-Forged-Pulley-for-13mm-12-Rope/,,,
b291fe7e-d09c-4263-b771-2d4393efca3c,ISC,Small Forged Pulley 16mm RP051-16,ppe,Pulleys & Rigging Devices,Aluminium,CE,RP051-16,999,999,,,,,16,,,https://www.iscwales.com/Uploads/Products/UIMs/1-57-5-1189-1-RP050-Small-Rigging-Pulley-for-13mm-12-Rope-User-Instruction-Manual.pdf,https://www.iscwales.com/Products/pulleys/RP051-Small-Forged-Pulley-for-16mm-58-Rope/,,,
7a42381c-734c-408f-8d64-e717981e681a,ISC,Small Rigging Plate RP300,ppe,Anchors & Accessories,Aluminium,CE 0120 89/686/EEC,RP300,999,999,36 kN,,,,,,,https://www.iscwales.com/Uploads/Products/UIMs/1-113-5-1221-1-RP300-Small-Rigging-Plate-User-Instruction-Manual.pdf,https://www.iscwales.com/Products/anchors-accessories/RP300-Small-Rigging-Plate/,,,
3bd9a33d-85c6-4ba8-b8fb-e469fc8837b4,ISC,Small Single Prussik Alu 13mm RP060-ALU,ppe,Pulleys & Rigging Devices,Aluminium,EN12278,RP060-ALU,999,999,40 kN,,,,13,,,https://www.iscwales.com/Uploads/Products/UIMs/1-76-5-1195-1-Prussik-Minding-Pulley-User-Instruction-Manual.pdf,https://www.iscwales.com/Products/pulleys/RP060-Small-Single-Prussik-Aluminium-13mm-Rope/,,,
5d204964-1faf-4d14-925a-695f494b315b,ISC,Small Single Prussik SS 13mm RP060-SS,ppe,Pulleys & Rigging Devices,Stainless steel,EN12278,RP060-SS,999,999,40 kN,,,,13,,,https://www.iscwales.com/Uploads/Products/UIMs/1-76-5-1195-1-Prussik-Minding-Pulley-User-Instruction-Manual.pdf,https://www.iscwales.com/Products/pulleys/RP060-Small-Stainless-Steel-Single-Prussik-max-13mm-Rope/,,,
7cca9273-1f8b-4a18-9a95-23f54de3e441,ISC,Squirrel Aluminium Tether RT290A2,ppe,SRT / Tree Climbing,Aluminium,CE PPE Reg. 2016/425 als deel van KT282 / ANSI Z133 / UKCA,RT290A2,999,999,24 kN,,,,,,,,https://www.iscwales.com/Products/rope-wrench-accessories/RT290A1/,,,
d5a929f4-6872-4c15-bad1-74d681a7d9ac,ISC,Squirrel FLEX Tether RT300A2,ppe,SRT / Tree Climbing,Textile / Polymer,CE PPE Reg. 2016/425 als deel van KT282 / ANSI Z133 / UKCA,RT300A2,10,10,24 kN,,,,,,,https://www.iscwales.com/Uploads/Products/UIMs/1-305-5-2575-1-RT300A2-Squirrel-FLEX-Tether-with-Accessory-Karabiner.pdf,https://www.iscwales.com/Products/rope-wrench-accessories/RT300A2-Squirrel-FLEX-Tether-with-Accessory-Karabiner/,,,
f19676fd-ae39-48b9-87d2-fceed7a0d1d2,ISC,STRYDER Foot Ascender (L) - NIET PPE RP228,no_ppe,Ascent Device,Aluminium / Stainless Steel cam,NIET voor PPE,RP228,999,999,2.5 kN MBS,140 kg,,8,13,,,https://www.iscwales.com/Uploads/Products/UIMs/1-232-5-1054-1-RP227-STRYDER-Foot-Ascender-Issue-A.pdf,https://www.iscwales.com/Products/ascent-devices/RP227-ISC-STRYDER-Foot-Ascender/,,,
2b550088-daba-4e0d-b48b-4257e605f7f2,ISC,STRYDER Foot Ascender (R) - NIET PPE RP227,no_ppe,Ascent Device,Aluminium / Stainless Steel cam,NIET voor PPE,RP227,999,999,2.5 kN MBS,140 kg,,8,13,,,https://www.iscwales.com/Uploads/Products/UIMs/1-232-5-1054-1-RP227-STRYDER-Foot-Ascender-Issue-A.pdf,https://www.iscwales.com/Products/ascent-devices/RP227-ISC-STRYDER-Foot-Ascender/,,,
dff2d8d5-640b-4dee-b4a6-9e6dfa8ebf8d,ISC,Triple-action Snaphook SH907,ppe,Snaphook,Aluminium,EN362:2004 T,SH907,999,999,28 kN,,,,,,,https://www.iscwales.com/Uploads/Products/UIMs/1-293-5-2457-1-Connector-User-Instruction-Manual.pdf,https://www.iscwales.com/Products/snaphooks/SH907-Triple-action-Snaphook/,,,
9a699a50-2b16-4cdc-b28c-ec78328cd5b8,ISC,Triple-action Swivel Snaphook SH905,ppe,Snaphook,Aluminium,EN362:2004 T,SH905,999,999,27 kN,,,,,,,https://www.iscwales.com/Uploads/Products/UIMs/1-37-5-1257-1-SH905-Triple-action-Swivel-Snaphook-User-Instruction-Manual.pdf,https://www.iscwales.com/Products/snaphooks/SH905-Triple-Action-Swivel-Snaphook/,,,
5c11f584-670e-4d49-9f53-883ffa73c5a7,ISC,Twin Leg Tether RT270C2,ppe,SRT / Tree Climbing,Textile (Technora),Onderdeel van KT282 CE PPE systeem / ANSI Z133,RT270C2,10,10,24 kN,,,,,,,,https://www.iscwales.com/Products/rope-wrench-accessories/RT270C2-Twin-Leg-Tether/,,,
73a3e073-9c98-47c0-b974-ee69b969d019,ISC,Twister (Alu) KH255,ppe,Karabiner,Aluminium,CE EN362,KH255,999,999,27 kN,,,,,,,https://www.iscwales.com/Uploads/Products/UIMs/1-128-5-1592-1-Connector-UIM.pdf,https://www.iscwales.com/Products/karabiners/KH255-Twister-Karabiner/,,,
b214f9eb-7340-440a-b793-cbecde33b682,ISC,Twister (Steel) KH260,ppe,Karabiner,Steel,EN362:2004/T,KH260,999,999,40 kN,,,,,,,https://www.iscwales.com/Uploads/Products/UIMs/1-137-5-1607-1-Connector-UIM.pdf,https://www.iscwales.com/Products/karabiners/KH260-Twister-Karabiner/,,,
222e5fcc-69c5-4c55-879d-fc1a6375d25a,ISC,Ultrasafe Hand Ascender (L) RP230,ppe,Ascent Device,Aluminium / Stainless Steel cam,EN567 / EN12841 / NFPA compliant,RP230,999,999,,,,9,13,,,https://www.iscwales.com/Uploads/Products/UIMs/1-53-5-1158-1-RP230-Ultrasafe-Hand-Ascender-Left-Hand-User-Instruction-Manual.pdf,https://www.iscwales.com/Products/ascent-devices/RP230-Ultrasafe-Hand-Ascender-Left-Hand/,,,
5fd79f9c-df6e-4620-8f80-6d3a01f091e5,ISC,Ultrasafe Hand Ascender (R) RP240,ppe,Ascent Device,Aluminium / Stainless Steel cam,EN567 / EN12841 / NFPA compliant,RP240,999,999,,,,9,13,,,https://www.iscwales.com/Uploads/Products/UIMs/1-54-5-1159-1-RP240-Ultrasafe-Hand-Ascender-Right-Hand-User-Instruction-Manual.pdf,https://www.iscwales.com/Products/ascent-devices/RP240-Ultrasafe-Hand-Ascender-Right-Hand/,,,
436a44bd-3f22-46dd-9bd8-4dc1b64985f9,ISC,Wire Anchor Strop WS100,ppe,Anchors & Accessories,Steel (galvanised or stainless),EN795:12(B) / PD CEN/TS 16415:13,WS100,999,999,25 kN,,,,,,,https://www.iscwales.com/Uploads/Products/UIMs/1-116-5-1305-1-WS100-Wire-Anchor-Strop.pdf,https://www.iscwales.com/Products/anchors-accessories/WS100-Wire-Anchor-Strop/,,,
b391bd10-6368-4a54-a46e-708289f87c73,ISC,Wizard (Alu) KH218,ppe,Karabiner,Aluminium,"CE EN362:2004 B,T / Meets NFPA 2500 / ANSI Z359.12 2019 (opt.)",KH218,999,999,45 kN,,,,,,,https://www.iscwales.com/Uploads/Products/UIMs/1-239-5-1584-1-Connector-UIM.pdf,https://www.iscwales.com/Products/karabiners/KH218-Small-Aluminium-Wizard-Karabiner/,,,
d86c0d6a-17a1-45a7-9e74-48162f2d692e,ISC,Wrench Pulley RP281,ppe,SRT / Tree Climbing,Aluminium,CE (DoC aanwezig),RP281,999,999,36 kN,,,,13,,,https://www.iscwales.com/Uploads/Products/UIMs/1-202-5-1168-1-RP281-Rope-Wrench-Pulley-User-Instruction-Manual.pdf,https://www.iscwales.com/Products/rope-wrench-accessories/RP281-Rope-Wrench-Pulley/,,,
0a3e6f4e-0102-4e7c-8594-19f2ae4c5afa,Kask,HP Plus Orange,ppe,Helmets,"PP/ABS Polypropylene shell, HD Polystyrene inner shell, PA Nylon headband","CE EN 14052, CE EN 12492 (4.2.1.2/3/4)",WHE00060-206,3,10,,,,,,Inside shell,,,https://www.kask-safety.com/en/helmets/hp-plus/hp-plus-discontinued-items.htm,,,
11cf2dcc-8b5f-4cab-97b8-e3c33aa4c697,Kask,HP Plus White,ppe,Helmets,"PP/ABS Polypropylene shell, HD Polystyrene inner shell, PA Nylon headband","CE EN 14052, CE EN 12492 (4.2.1.2/3/4)",WHE00060-201,3,10,,,,,,Inside shell,,,https://www.kask-safety.com/en/helmets/hp-plus/hp-plus-discontinued-items.htm,,,
373e42de-7b1b-4144-9086-556fbf5b91a6,Kask,HP Plus Yellow,ppe,Helmets,"PP/ABS Polypropylene shell, HD Polystyrene inner shell, PA Nylon headband","CE EN 14052, CE EN 12492 (4.2.1.2/3/4)",WHE00060-204,3,10,,,,,,Inside shell,,,https://www.kask-safety.com/en/helmets/hp-plus/hp-plus-discontinued-items.htm,,,
04faf374-95bc-485d-8b65-8bd11e0e9af2,Kask,Primero Air Black,ppe,Helmets,"HD Polypropylene shell, HD Expanded Polystyrene inner shell, PA Nylon headband","CE EN 397, CE EN 12492 (clauses 4.2.1.2, 4.2.1.3, 4.2.1.4, 4.2.2, 4.2.3, 4.2.4, 4.1.4)",WHE00123-210,3,10,,,,,,Inside shell,,,https://www.kask-safety.com/en-us/primero.htm,,,
1a7ef3d0-cafa-45fb-ad40-e045195e1357,Kask,Primero Air Blue,ppe,Helmets,"HD Polypropylene shell, HD Expanded Polystyrene inner shell, PA Nylon headband","CE EN 397, CE EN 12492 (clauses 4.2.1.2, 4.2.1.3, 4.2.1.4, 4.2.2, 4.2.3, 4.2.4, 4.1.4)",WHE00123-203,3,10,,,,,,Inside shell,,,https://www.kask-safety.com/en-us/primero.htm,,,
f0764d6b-7bd9-4c3a-becf-b01e822ddb69,Kask,Primero Air Hi-Viz,ppe,Helmets,"HD Polypropylene shell, HD Expanded Polystyrene inner shell, PA Nylon headband","CE EN 397, CE EN 12492 (clauses 4.2.1.2, 4.2.1.3, 4.2.1.4, 4.2.2, 4.2.3, 4.2.4, 4.1.4)",WHE00123-208,3,10,,,,,,Inside shell,,,https://www.kask-safety.com/en-us/primero.htm,,,
29316948-6880-4c99-a989-5a47a2fe8450,Kask,Primero Air Orange,ppe,Helmets,"HD Polypropylene shell, HD Expanded Polystyrene inner shell, PA Nylon headband","CE EN 397, CE EN 12492 (clauses 4.2.1.2, 4.2.1.3, 4.2.1.4, 4.2.2, 4.2.3, 4.2.4, 4.1.4)",WHE00123-206,3,10,,,,,,Inside shell,,,https://www.kask-safety.com/en-us/primero.htm,,,
959ef476-3677-46ed-afac-16cb990fd7d2,Kask,Primero Air Red,ppe,Helmets,"HD Polypropylene shell, HD Expanded Polystyrene inner shell, PA Nylon headband","CE EN 397, CE EN 12492 (clauses 4.2.1.2, 4.2.1.3, 4.2.1.4, 4.2.2, 4.2.3, 4.2.4, 4.1.4)",WHE00123-205,3,10,,,,,,Inside shell,,,https://www.kask-safety.com/en-us/primero.htm,,,
feb4c640-b988-4da6-80e3-24d1b8631ff6,Kask,Primero Air White,ppe,Helmets,"HD Polypropylene shell, HD Expanded Polystyrene inner shell, PA Nylon headband","CE EN 397, CE EN 12492 (clauses 4.2.1.2, 4.2.1.3, 4.2.1.4, 4.2.2, 4.2.3, 4.2.4, 4.1.4)",WHE00123-201,3,10,,,,,,Inside shell,,,https://www.kask-safety.com/en-us/primero.htm,,,
1943501e-0f7a-41be-acf7-4fbc8acdf06b,Kask,Primero Air Yellow,ppe,Helmets,"HD Polypropylene shell, HD Expanded Polystyrene inner shell, PA Nylon headband","CE EN 397, CE EN 12492 (clauses 4.2.1.2, 4.2.1.3, 4.2.1.4, 4.2.2, 4.2.3, 4.2.4, 4.1.4)",WHE00123-204,3,10,,,,,,Inside shell,,,https://www.kask-safety.com/en-us/primero.htm,,,
05f9acc6-50bf-4fc2-bac7-a670116cf183,Kask,Primero PL Black,ppe,Helmets,"HD Polypropylene shell, HD Expanded Polystyrene inner shell, PA Nylon headband",CE EN 12492,WHE00116-210,3,10,,,,,,Inside shell,,,https://www.kask-safety.com/en-us/primero.htm,,,
f696b7d0-f391-4fa3-a486-7fa9b2bff20c,Kask,Primero PL Hi-Viz,ppe,Helmets,"HD Polypropylene shell, HD Expanded Polystyrene inner shell, PA Nylon headband",CE EN 12492,WHE00116-208,3,10,,,,,,Inside shell,,,https://www.kask-safety.com/en-us/primero.htm,,,
6461c6f6-0a2f-492a-9862-c4a91b409b60,Kask,Primero PL Orange,ppe,Helmets,"HD Polypropylene shell, HD Expanded Polystyrene inner shell, PA Nylon headband",CE EN 12492,WHE00116-206,3,10,,,,,,Inside shell,,,https://www.kask-safety.com/en-us/primero.htm,,,
edf4f3d7-fba8-46aa-b64b-9c63640d4f53,Kask,Primero PL White,ppe,Helmets,"HD Polypropylene shell, HD Expanded Polystyrene inner shell, PA Nylon headband",CE EN 12492,WHE00116-201,3,10,,,,,,Inside shell,,,https://www.kask-safety.com/en-us/primero.htm,,,
a7da1318-6d9e-4c41-8298-50c7dbddb5e6,Kask,Primero PL Yellow,ppe,Helmets,"HD Polypropylene shell, HD Expanded Polystyrene inner shell, PA Nylon headband",CE EN 12492,WHE00116-204,3,10,,,,,,Inside shell,,,https://www.kask-safety.com/en-us/primero.htm,,,
17c9ffc4-1d03-4ae4-ae2f-ca7e709b6e11,Kask,Superplasma AQ Black,ppe,Helmets,"HD Polypropylene shell, HD Expanded Polystyrene inner shell, PA Nylon headband","CE EN 397, CE EN 12492 (clauses 4.2.1.2, 4.2.1.3, 4.2.1.4, 4.2.2, 4.1.4)",WHE00104-210,3,10,,,,,,Inside shell,,,https://www.kask-safety.com/en/superplasma.htm,,,
61ad1b88-aaa8-4fff-897e-1915480fbd71,Kask,Superplasma AQ Blue,ppe,Helmets,"HD Polypropylene shell, HD Expanded Polystyrene inner shell, PA Nylon headband","CE EN 397, CE EN 12492 (clauses 4.2.1.2, 4.2.1.3, 4.2.1.4, 4.2.2, 4.1.4)",WHE00104-203,3,10,,,,,,Inside shell,,,https://www.kask-safety.com/en/superplasma.htm,,,
9728066e-b05c-478c-b762-ee82def27c75,Kask,Superplasma AQ Green,ppe,Helmets,"HD Polypropylene shell, HD Expanded Polystyrene inner shell, PA Nylon headband","CE EN 397, CE EN 12492 (clauses 4.2.1.2, 4.2.1.3, 4.2.1.4, 4.2.2, 4.1.4)",WHE00104-208,3,10,,,,,,Inside shell,,,https://www.kask-safety.com/en/superplasma.htm,,,
2b84f2c9-bddc-4570-83c1-66bf7136a706,Kask,Superplasma AQ Orange,ppe,Helmets,"HD Polypropylene shell, HD Expanded Polystyrene inner shell, PA Nylon headband","CE EN 397, CE EN 12492 (clauses 4.2.1.2, 4.2.1.3, 4.2.1.4, 4.2.2, 4.1.4)",WHE00104-206,3,10,,,,,,Inside shell,,,https://www.kask-safety.com/en/superplasma.htm,,,
a2d5a0a0-913b-41f3-985b-0cdf7ed9ea42,Kask,Superplasma AQ Red,ppe,Helmets,"HD Polypropylene shell, HD Expanded Polystyrene inner shell, PA Nylon headband","CE EN 397, CE EN 12492 (clauses 4.2.1.2, 4.2.1.3, 4.2.1.4, 4.2.2, 4.1.4)",WHE00104-205,3,10,,,,,,Inside shell,,,https://www.kask-safety.com/en/superplasma.htm,,,
73e26a00-56e2-4b50-8a3d-968d28cab989,Kask,Superplasma AQ White,ppe,Helmets,"HD Polypropylene shell, HD Expanded Polystyrene inner shell, PA Nylon headband","CE EN 397, CE EN 12492 (clauses 4.2.1.2, 4.2.1.3, 4.2.1.4, 4.2.2, 4.1.4)",WHE00104-201,3,10,,,,,,Inside shell,,,https://www.kask-safety.com/en/superplasma.htm,,,
a69428bd-01fe-460d-8059-4f416712c34a,Kask,Superplasma AQ Yellow,ppe,Helmets,"HD Polypropylene shell, HD Expanded Polystyrene inner shell, PA Nylon headband","CE EN 397, CE EN 12492 (clauses 4.2.1.2, 4.2.1.3, 4.2.1.4, 4.2.2, 4.1.4)",WHE00104-204,3,10,,,,,,Inside shell,,,https://www.kask-safety.com/en/superplasma.htm,,,
be0c4090-76aa-40ee-9ae7-49de048785e8,Kask,Superplasma HD,ppe,Helmets,"PP/ABS Polypropylene shell, HD Polystyrene inner shell, PA Nylon headband","CE EN 12492, ANSI Z89.1, CSA Z94.1",WHE00020,3,10,,,,,,Inside shell,,,https://www.kask-safety.com/en/helmets/superplasma/superplasma-discontinued-items.htm,,,
edd8c557-497a-4b92-969a-be6a3bda39b7,Kask,Superplasma HP,ppe,Helmets,"HD Polypropylene shell, HD Expanded Polystyrene inner shell, PA Nylon headband",CE EN 12492,AHE00005,3,10,,,,,,Inside shell,,,https://www.kask-safety.com/en/superplasma.htm,,,
2d0e783b-ed37-4f00-af6f-5006c75751fa,Kask,Superplasma HP Visor,ppe,Helmets,"HD Polypropylene shell, HD Expanded Polystyrene inner shell, PA Nylon headband","CE EN 14052, CE EN 12492 (4.2.1.2/3/4), CE EN 397 LD",WHE00107,3,10,,,,,,Inside shell,,,https://www.kask-safety.com/en/helmets/superplasma/superplasma-hp-visor_24_100.htm,,,
c660ba93-5997-4bf3-a6c1-0a568ec44470,Kask,Superplasma PL Black,ppe,Helmets,"HD Polypropylene shell, HD Expanded Polystyrene inner shell, PA Nylon headband",CE EN 12492,WHE00013-210,3,10,,,,,,Inside shell,,,https://www.kask-safety.com/en/helmets/superplasma/superplasma-pl_24_13.htm,,,
87a4145c-0568-4485-9fff-c38dbffdbd76,Kask,Superplasma PL Hi-Viz,ppe,Helmets,"HD Polypropylene shell, HD Expanded Polystyrene inner shell, PA Nylon headband",CE EN 12492,WHE00013-208,3,10,,,,,,Inside shell,,,https://www.kask-safety.com/en/helmets/superplasma/superplasma-pl-hi-viz_24_14.htm,,,
f4178d93-0777-4f1d-81ca-c233f96b8193,Kask,Superplasma PL Orange,ppe,Helmets,"HD Polypropylene shell, HD Expanded Polystyrene inner shell, PA Nylon headband",CE EN 12492,WHE00013-206,3,10,,,,,,Inside shell,,,https://www.kask-safety.com/en/helmets/superplasma/superplasma-pl_24_13.htm,,,
ba0bd352-1d11-4dd4-8f0a-1724fbf81e5e,Kask,Superplasma PL White,ppe,Helmets,"HD Polypropylene shell, HD Expanded Polystyrene inner shell, PA Nylon headband",CE EN 12492,WHE00013-201,3,10,,,,,,Inside shell,,,https://www.kask-safety.com/en/helmets/superplasma/superplasma-pl_24_13.htm,,,
de8e2c66-1354-4e2f-8d4e-173e5dafbf18,Kask,Superplasma PL Yellow,ppe,Helmets,"HD Polypropylene shell, HD Expanded Polystyrene inner shell, PA Nylon headband",CE EN 12492,WHE00013-204,3,10,,,,,,Inside shell,,,https://www.kask-safety.com/en/helmets/superplasma/superplasma-pl_24_13.htm,,,
c5438bdc-3b16-46db-b749-7ec9e9f8a984,Kask,Zenith Air Orange,ppe,Helmets,"PP/ABS Polypropylene shell, HD Polystyrene inner shell, PA Nylon headband","CE EN 12492, ANSI Z89.1 Type 1 Class C",WHE00034-206,3,10,,,,,,Inside shell,,,https://www.kask-safety.com/en/helmets/zenith/zenith-discontinued-items.htm,,,
90d1d221-c349-4269-8705-5719d1d48370,Kask,Zenith Air White,ppe,Helmets,"PP/ABS Polypropylene shell, HD Polystyrene inner shell, PA Nylon headband","CE EN 12492, ANSI Z89.1 Type 1 Class C",WHE00034-201,3,10,,,,,,Inside shell,,,https://www.kask-safety.com/en/helmets/zenith/zenith-discontinued-items.htm,,,
084e59db-e21b-47a8-963e-179dbd7080ff,Kask,Zenith Combo PL,ppe,Helmets,"PP/ABS Polypropylene shell, HD Polystyrene inner shell, PA Nylon headband",CE EN 12492,WHE00035-201,3,10,,,,,,Inside shell,,,https://www.kask-safety.com/en/helmets/zenith/zenith-discontinued-items.htm,,,
cd8e3c84-9b48-40d6-8d6e-08831bfdad22,Kask,Zenith Hi-Viz,ppe,Helmets,"PP/ABS Polypropylene shell, HD Polystyrene inner shell, PA Nylon headband",CE EN 12492,WHE00048-208,3,10,,,,,,Inside shell,,,https://www.kask-safety.com/en/helmets/zenith/zenith-discontinued-items.htm,,,
6c8549b3-f279-4ebd-b3a4-a8799ede86fa,Kask,Zenith PL Black,ppe,Helmets,"PP/ABS Polypropylene shell, HD Polystyrene inner shell, PA Nylon headband",CE EN 12492,WHE00029-210,3,10,,,,,,Inside shell,,,https://www.kask-safety.com/en/helmets/zenith/zenith-discontinued-items.htm,,,
b3925b5f-71d5-45af-8896-ac1cdf2a60ac,Kask,Zenith PL Orange,ppe,Helmets,"PP/ABS Polypropylene shell, HD Polystyrene inner shell, PA Nylon headband",CE EN 12492,WHE00029-206,3,10,,,,,,Inside shell,,,https://www.kask-safety.com/en/helmets/zenith/zenith-discontinued-items.htm,,,
aa9ffeea-58fe-4555-9e83-aac136a931a0,Kask,Zenith PL White,ppe,Helmets,"PP/ABS Polypropylene shell, HD Polystyrene inner shell, PA Nylon headband",CE EN 12492,WHE00029-201,3,10,,,,,,Inside shell,,,https://www.kask-safety.com/en/helmets/zenith/zenith-discontinued-items.htm,,,
61f17977-2a27-4f73-ae9d-eeca3c6560e9,Kask,Zenith PL Yellow,ppe,Helmets,"PP/ABS Polypropylene shell, HD Polystyrene inner shell, PA Nylon headband",CE EN 12492,WHE00029-204,3,10,,,,,,Inside shell,,,https://www.kask-safety.com/en/helmets/zenith/zenith-discontinued-items.htm,,,
f78b051b-ef92-4a90-a880-8b7ae561136d,Kask,Zenith X PL Black,ppe,Helmets,"HD Polypropylene shell, HD Expanded Polystyrene inner shell, PA Nylon headband",CE EN 12492,WHE00076-210,3,10,,,,,,Inside shell,,,https://www.kask-safety.com/en/helmets/zenith-x/zenith-x-pl_24_64.htm,,,
944215b5-6aed-4ac0-b5d9-4881dded658c,Kask,Zenith X PL Hi-Viz,ppe,Helmets,"HD Polypropylene shell, HD Expanded Polystyrene inner shell, PA Nylon headband",CE EN 12492,WHE00076-208,3,10,,,,,,Inside shell,,,https://www.kask-safety.com/en/helmets/zenith-x/zenith-x-pl-hi-viz_24_66.htm,,,
f02f741c-4db4-42c6-87df-31cc54b586c6,Kask,Zenith X PL Orange,ppe,Helmets,"HD Polypropylene shell, HD Expanded Polystyrene inner shell, PA Nylon headband",CE EN 12492,WHE00076-206,3,10,,,,,,Inside shell,,,https://www.kask-safety.com/en/helmets/zenith-x/zenith-x-pl_24_64.htm,,,
516b5588-0a26-435b-b7e3-d7264e3f583d,Kask,Zenith X PL White,ppe,Helmets,"HD Polypropylene shell, HD Expanded Polystyrene inner shell, PA Nylon headband",CE EN 12492,WHE00076-201,3,10,,,,,,Inside shell,,,https://www.kask-safety.com/en/helmets/zenith-x/zenith-x-pl_24_64.htm,,,
40809c30-6f51-4cb2-9709-7150ad45b5f1,Kask,Zenith X PL Yellow,ppe,Helmets,"HD Polypropylene shell, HD Expanded Polystyrene inner shell, PA Nylon headband",CE EN 12492,WHE00076-204,3,10,,,,,,Inside shell,,,https://www.kask-safety.com/en/helmets/zenith-x/zenith-x-pl_24_64.htm,,,
0ac77477-34d6-413c-b250-106333234c86,Kask,Zenith X-Air Black,ppe,Helmets,"HD Polypropylene shell, HD Expanded Polystyrene inner shell, PA Nylon headband","CE EN 12492, ANSI Z89.1 Type 1 Class C",WHE00084-210,3,10,,,,,,Inside shell,,,https://www.kask-safety.com/en/helmets/zenith-x/zenith-x-air_24_66.htm,,,
497eb364-178a-42cd-a941-fe25267c74e3,Kask,Zenith X-Air Blue,ppe,Helmets,"HD Polypropylene shell, HD Expanded Polystyrene inner shell, PA Nylon headband","CE EN 12492, ANSI Z89.1 Type 1 Class C",WHE00084-203,3,10,,,,,,Inside shell,,,https://www.kask-safety.com/en/helmets/zenith-x/zenith-x-air_24_66.htm,,,
3a207d93-d821-40e3-bf70-8c864e321dd4,Kask,Zenith X-Air Olive Green,ppe,Helmets,"HD Polypropylene shell, HD Expanded Polystyrene inner shell, PA Nylon headband","CE EN 12492, ANSI Z89.1 Type 1 Class C",WHE00084-218,3,10,,,,,,Inside shell,,,https://www.kask-safety.com/en/helmets/zenith-x/zenith-x-air_24_66.htm,,,
5e7719c1-b3df-4d1b-a08b-94b8f3ce21fb,Kask,Zenith X-Air Orange,ppe,Helmets,"HD Polypropylene shell, HD Expanded Polystyrene inner shell, PA Nylon headband","CE EN 12492, ANSI Z89.1 Type 1 Class C",WHE00084-206,3,10,,,,,,Inside shell,,,https://www.kask-safety.com/en/helmets/zenith-x/zenith-x-air_24_66.htm,,,
4b5f76dc-6038-4af8-8231-9929c6c1fc28,Kask,Zenith X-Air Pink,ppe,Helmets,"HD Polypropylene shell, HD Expanded Polystyrene inner shell, PA Nylon headband","CE EN 12492, ANSI Z89.1 Type 1 Class C",WHE00084-214,3,10,,,,,,Inside shell,,,https://www.kask-safety.com/en/helmets/zenith-x/zenith-x-air_24_66.htm,,,
05b648ea-3319-47e3-ad9f-8fa2394f9b4e,Kask,Zenith X-Air Red,ppe,Helmets,"HD Polypropylene shell, HD Expanded Polystyrene inner shell, PA Nylon headband","CE EN 12492, ANSI Z89.1 Type 1 Class C",WHE00084-205,3,10,,,,,,Inside shell,,,https://www.kask-safety.com/en/helmets/zenith-x/zenith-x-air_24_66.htm,,,
ec74bac5-15d9-4697-be20-0ff1e0942cfa,Kask,Zenith X-Air White,ppe,Helmets,"HD Polypropylene shell, HD Expanded Polystyrene inner shell, PA Nylon headband","CE EN 12492, ANSI Z89.1 Type 1 Class C",WHE00084-201,3,10,,,,,,Inside shell,,,https://www.kask-safety.com/en/helmets/zenith-x/zenith-x-air_24_66.htm,,,
c5a8e1c1-b2b4-4da7-933c-87b7d3885eca,Kask,Zenith X-Air Yellow,ppe,Helmets,"HD Polypropylene shell, HD Expanded Polystyrene inner shell, PA Nylon headband","CE EN 12492, ANSI Z89.1 Type 1 Class C",WHE00084-204,3,10,,,,,,Inside shell,,,https://www.kask-safety.com/en/helmets/zenith-x/zenith-x-air_24_66.htm,,,
81f9288e-5353-4fb9-833f-c9356296388b,Kask,Zenith X2 Air Black,ppe,Helmets,"HD Polypropylene shell, HD Expanded Polystyrene inner shell, PA Nylon headband","CE EN 12492, ANSI Z89.1 Type I/II Class E",WHE00085-210,3,10,,,,,,Inside shell,,,https://www.kask-safety.com/en/helmets/zenith-x2/zenith-x2-air_24_85.htm,,,
0072e2a0-2161-471c-bcc0-a5ee770a7946,Kask,Zenith X2 Air Blue,ppe,Helmets,"HD Polypropylene shell, HD Expanded Polystyrene inner shell, PA Nylon headband","CE EN 12492, ANSI Z89.1 Type I/II Class E",WHE00085-203,3,10,,,,,,Inside shell,,,https://www.kask-safety.com/en/helmets/zenith-x2/zenith-x2-air_24_85.htm,,,
8aa39e4f-0158-4a9a-9862-4b4caef5c193,Kask,Zenith X2 Air Hi-Viz,ppe,Helmets,"HD Polypropylene shell, HD Expanded Polystyrene inner shell, PA Nylon headband","CE EN 12492, ANSI Z89.1 Type I/II Class E",WHE00085-208,3,10,,,,,,Inside shell,,,https://www.kask-safety.com/en/helmets/zenith-x2/zenith-x2-air_24_85.htm,,,
d21b177d-b425-466a-b0f8-92c39f5e25a4,Kask,Zenith X2 Air Orange,ppe,Helmets,"HD Polypropylene shell, HD Expanded Polystyrene inner shell, PA Nylon headband","CE EN 12492, ANSI Z89.1 Type I/II Class E",WHE00085-206,3,10,,,,,,Inside shell,,,https://www.kask-safety.com/en/helmets/zenith-x2/zenith-x2-air_24_85.htm,,,
217052e6-224f-4475-b4c4-0f79ae9bbf4b,Kask,Zenith X2 Air Red,ppe,Helmets,"HD Polypropylene shell, HD Expanded Polystyrene inner shell, PA Nylon headband","CE EN 12492, ANSI Z89.1 Type I/II Class E",WHE00085-205,3,10,,,,,,Inside shell,,,https://www.kask-safety.com/en/helmets/zenith-x2/zenith-x2-air_24_85.htm,,,
46ea4f93-e7ba-45eb-a35c-ecd78a62e030,Kask,Zenith X2 Air White,ppe,Helmets,"HD Polypropylene shell, HD Expanded Polystyrene inner shell, PA Nylon headband","CE EN 12492, ANSI Z89.1 Type I/II Class E",WHE00085-201,3,10,,,,,,Inside shell,,,https://www.kask-safety.com/en/helmets/zenith-x2/zenith-x2-air_24_85.htm,,,
adcb4cfa-557c-412c-bf73-c1bfa7a636db,Kask,Zenith X2 Air Yellow,ppe,Helmets,"HD Polypropylene shell, HD Expanded Polystyrene inner shell, PA Nylon headband","CE EN 12492, ANSI Z89.1 Type I/II Class E",WHE00085-204,3,10,,,,,,Inside shell,,,https://www.kask-safety.com/en/helmets/zenith-x2/zenith-x2-air_24_85.htm,,,
0e465632-2eb3-4775-9410-e5e8450f9132,Kratos,GRAVITY-S - 2 m forked energy absorbing lanyard with intermediate tie-back rings,ppe,Energy Absorbers,"Polyester, Aluminium","EN 355:2002, PPE-R 11.062, PPE-R 11.063, PPE-R 11.074",FA3082420,10,,,,140,,,,,,https://kratossafety.com/en/energy-absorbing-lanyards/934-gravity-s-2-m-forked-energy-absorbing-lanyard-with-intermediate-tie-back-rings.html,,,
b2010995-4079-4395-93ec-49da833ec39c,Kratos,"GRAVITY-S - Adjustable webbing lanyard with compact energy absorber, 0.75-2 m",ppe,Energy Absorbers,"Polyester, Aluminium",,FA3072420,10,,,,140,,,,,,https://kratossafety.com/en/energy-absorbing-lanyards/948-gravity-s-adjustable-webbing-lanyard-with-compact-energy-absorber-140-kg-sharp-edges-lg-2-m.html,,,
37adcc53-1bde-4218-b21d-ad272816f9f8,Kratos,"GRAVITY-S - Compact energy absorber with forked lanyards, 1.50 m (sharp edges)",ppe,Energy Absorbers,"Polyester, Aluminium","EN 355:2002, PPE-R/11.063, PPE-R/11.074",FA3082315,10,,,,140,,,,,,https://kratossafety.com/en/energy-absorbing-lanyards/947-gravity-s-compact-energy-absorber-with-forked-lanyards-140-kg-sharp-edges-elastic-strap-lg-150-m.html,,,
7aacb46a-69d1-4163-9268-7b49634f1ee7,Kratos,GRAVITY-S - Expandable lanyard with energy absorber 2 m,ppe,Energy Absorbers,"Polyester, Aluminium",EN 355:2002,FA3072320,10,,,,140,,,,,,https://kratossafety.com/en/energy-absorbing-lanyards/634-gravity-s-expandable-lanyard-with-energy-absorber-and-2-aluminium-hooks-length-2-m.html,,,
ad79dde6-aea1-4f66-ae8b-ef8d13d4ea10,Kratos,GRAVITY-S - Expandable webbing lanyard 2 m with integrated energy absorber,ppe,Energy Absorbers,"Polyester, Aluminium",EN 355:2002,FA3090020,10,,,,140,,,,,,https://kratossafety.com/en/energy-absorbing-lanyards/308-gravity-s-expandable-lanyard-2-m-with-energy-absorber-integrated-in-the-lanyard.html,,,
bf894332-0162-4480-924b-4f4a47589ab1,Kratos,"GRAVITY-S - Forked expandable lanyard with energy absorber, 1.50 m (3 aluminium karabiners)",ppe,Energy Absorbers,"Polyester, Aluminium",EN 355:2002,FA3082015,10,,,,140,,,,,,https://kratossafety.com/en/energy-absorbing-lanyards/635-forked-expandable-lanyard-with-energy-absorber-and-3-aluminium-karabiners-lg-150-m.html,,,
204cafdc-f738-4bb3-b5e9-f40482441b21,Kratos,HOPE - Energy Absorber in wide webbing 35 mm,ppe,Energy Absorbers,Polyester,EN 355:2002,FA3000035,10,,,,100,,,,,,https://kratossafety.com/en/energy-absorbing-lanyards/134-hope-energy-absorber-in-35-mm-wide-webbing.html,,,
7efc1387-74a3-4c43-819f-f5b309b53ce0,Kratos,HOPE - Energy absorbing expandable lanyard 2 m,ppe,Energy Absorbers,"Polyester, Steel",EN 355:2002,FA3070320,10,,,,100,,,,,,https://kratossafety.com/en/energy-absorbing-lanyards/162-hope-energy-absorbing-expandable-lanyard-2-mtr-with-connectors-fa5020217-and-fa5020755.html,,,
a319f36d-9a94-446b-9b81-da8443c9de27,Kratos,HOPE - Energy absorbing kernmantle rope lanyard 1.50 m,ppe,Energy Absorbers,"Polyamide, Polyester, Steel",EN 355:2002,FA3050215,10,,,,,,,,,,https://kratossafety.com/en/energy-absorbing-lanyards/154-hope-energy-absorbing-kernmantle-rope-lanyard-150-mtr-with-connector-fa5020755.html,,,
b0d6f3a0-9e10-4ef1-8a57-f22e4202320e,Kratos,HOPE - Energy absorbing kernmantle rope lanyard 2 m,ppe,Energy Absorbers,"Polyamide, Polyester, Steel",EN 355:2002,FA3050320,10,,,,100,,,,,,https://kratossafety.com/en/energy-absorbing-lanyards/157-hope-energy-absorbing-kernmantle-rope-lanyard-2-mtr-with-connectors-fa5020217-and-fa5020755.html,,,
261ac207-44eb-44cf-9a51-ac381f1321ed,Kratos,HOPE - Energy absorbing webbing lanyard 1.80 m,ppe,Energy Absorbers,"Polyester, Polyamide, Steel",EN 355:2002,FA3030418,10,,,,100,,,,,,https://kratossafety.com/en/energy-absorbing-lanyards/148-hope-energy-absorbing-webbing-lanyard-180-mtr-and-connectors-fa5010117-and-fa5020755.html,,,
d1f4a6af-f8b6-4548-ada6-d7fda6603b07,Kratos,HOPE - Forked energy absorbing expandable lanyard 1.50 m,ppe,Energy Absorbers,"Polyester, Steel",EN 355:2002,FA3080015,10,,,,140,,,,,,https://kratossafety.com/en/energy-absorbing-lanyards/163-hope-forked-energy-absorbing-expandable-lanyard-150-mtr-with-connectors-fa5010117-and-fa5020755.html,,,
4aea49c6-3525-490a-ac94-6b3f64738808,Kratos,HOPE - Forked energy absorbing kernmantle rope lanyard - without connector,ppe,Energy Absorbers,,EN 355:2002,FA3060013,10,,,,,,,,,,https://kratossafety.com/en/energy-absorbing-lanyards/671-hope-forked-energy-absorbing-kernmantle-rope-lanyard-without-connector.html,,,
5c5c7614-bedf-4e44-a460-6c9cd7c5ab07,Kratos,HOPE - Forked energy absorbing kernmantle rope lanyard 1 m,ppe,Energy Absorbers,Steel,EN 355:2002,FA3060010,10,,,,,,,,,,https://kratossafety.com/en/energy-absorbing-lanyards/576-hope-forked-energy-absorbing-kernmantle-rope-lanyard-1-mtr-with-connectors-fa-50-101-17-and-fa-50-207-55.html,,,
f61638b7-aca2-4cea-9de8-2aaae81573c4,Kratos,HOPE - Forked energy absorbing webbing lanyard 1.80 m,ppe,Energy Absorbers,"Polyester, Steel",EN 355:2002,FA3040018,10,,,,,,,,,,https://kratossafety.com/en/energy-absorbing-lanyards/149-hope-forked-energy-absorbing-webbing-lanyard-180-mtr-and-connectors-fa5010117-and-fa5020755.html,,,
a70b0325-667e-4064-ab6c-8a2612cd581d,Kratos Safety,fa4090220,ppe,Work Positioning,,EN 358:2018,FA4090220,10,,,,,,,,,https://kratossafety.com/en/index.php?controller=attachment&id_attachment=1355,https://kratossafety.com/en/lanyards-and-work-positioning-lanyards/125-longe-tressee-de-maintien-au-travail-avec-boucle-a-reducteur.html,,,
1f2f9e34-a423-4444-b057-3feefe58b8b8,Liros,"LIROS Safe Pro, 10mm",ppe,Climbing Ropes,"high-tenacity Polyamide (cover), high-tenacity Polyamide (core)",EN 1891,01011-1000,10,15,,,,10,10,label under plastic tube,,https://www.liros.com/userdata/filegallery/original/123_liros_declaration_of_conformity_safe_pro_mm.pdf,https://www.liros.com/catalog/en/safe-pro-10mm-p3566/,,,
b13ec38a-90eb-486d-95a2-5ab3542785df,Liros,LIROS Safe SLING 50cm,ppe,Sling,,EN 566:2017,,,,,,,,,,,,https://www.liros.com/catalog/en/safety-line/,,,
f0ee1701-b98f-433b-8c52-d0aa681c37e1,Liros,"LIROS-Safe Plus, 11,5mm",ppe,Climbing Ropes,"Polyester (cover), Polyamide (core)",EN 1891,01597-0000,10,15,43 kN,,,11.5,11.5,label under plastic tube,,,https://www.liros.com/catalog/en/,,,
eafafc39-8d54-4daf-941b-e363212014b9,Liros,"Safe Classic, 10,5mm",ppe,Climbing Ropes,"high-tenacity Polyamide (cover), high-tenacity Polyamide (core)",EN 1891,00099-1116,10,15,34 kN,,,10.5,10.5,label under plastic tube,,,https://www.liros.com/catalog/en/safe-classic-10-5mm-p3419/,,,
ab7d5bd2-14a3-4cdf-b5fe-1a980e99fa01,Liros,"Safe Nordic Plus, 9,6mm",ppe,Climbing Ropes,"high-tenacity Polyamide (cover), high-tenacity Polyamide (core)",EN 1891,01019-0000,10,15,29 kN,,,9.6,9.6,label under plastic tube,,,https://www.liros.com/catalog/en/safe-nordic-plus-9-6-mm-p3953/,,,
83f52602-590f-4448-8b9d-1221bf81ddd7,Liros,"Safe Nordic, 11,5mm",ppe,Climbing Ropes,"high-strength Polyamide (cover), high-strength Polyamide (core)",EN 1891,01015-0000,10,15,34 kN,,,11.5,11.5,label under plastic tube,,https://www.liros.com/userdata/filegallery/original/121_liros_declaration_of_conformity_safe_nordic_mm.pdf,https://www.liros.com/catalog/en/safe-nordic-11-5mm-p3370/,,,
88f85e23-2abd-41fc-9d80-9d95282ad8a0,Liros,"Safe Prusik 8mm, 2x sewn eye, 60cm",ppe,Prusik,"Polyester/Aramid (cover), high-tenacity Polyester (core)",EN 566,01592-0001,10,,22 kN,,,8,8,,,,https://www.liros.com/catalog/en/safe-prusik-8mm-p3576/,,,
680811f3-b723-4727-8d5e-fcf7a422a5d1,Liros,"Safe Prusik 8mm, 2x sewn eye, 70cm",ppe,Prusik,"Polyester/Aramid (cover), high-tenacity Polyester (core)",EN 566,01592-0002,10,,22 kN,,,8,8,,,,https://www.liros.com/catalog/en/safe-prusik-8mm-p3576/,,,
4ff91252-5ea8-4827-b8ba-1ae3b878bc1a,Liros,"Safe Prusik 8mm, 2x sewn eye, 80cm",ppe,Prusik,"Polyester/Aramid (cover), high-tenacity Polyester (core)",EN 566,01592-0003,10,,22 kN,,,8,8,,,,https://www.liros.com/catalog/en/safe-prusik-8mm-p3576/,,,
cfbb1598-6027-4ba3-89b7-9dae179ed289,Liros,"Safe Prusik 8mm, 2x sewn eye, 90cm",ppe,Prusik,"Polyester/Aramid (cover), high-tenacity Polyester (core)",EN 566,01592-0004,10,,22 kN,,,8,8,,,,https://www.liros.com/catalog/en/safe-prusik-8mm-p3576/,,,
534d1756-3d6b-4bcb-abbf-f43ffcb8504e,Liros,"Safe Prusik 8mm, 2x sewn eye, 100cm",ppe,Prusik,"Polyester/Aramid (cover), high-tenacity Polyester (core)",EN 566,,10,,22 kN,,,8,8,,,,https://www.liros.com/catalog/en/safe-prusik-8mm-p3576/,,,
daa4da85-35e6-4721-a234-b6309df058de,Liros,"Safe Prusik 8mm, 2x sewn eye, 110cm",ppe,Prusik,"Polyester/Aramid (cover), high-tenacity Polyester (core)",EN 566,,10,,22 kN,,,8,8,,,,https://www.liros.com/catalog/en/safe-prusik-8mm-p3576/,,,
4950cd91-f60d-428f-9cd3-83410478a3a1,Liros,"Safe Prusik 8mm, 2x sewn eye, 120cm",ppe,Prusik,"Polyester/Aramid (cover), high-tenacity Polyester (core)",EN 566,,10,,22 kN,,,8,8,,,,https://www.liros.com/catalog/en/safe-prusik-8mm-p3576/,,,
6f08c7fa-25aa-4dc4-9eac-e9eb6c92ea58,Liros,"Safe Prusik 8mm, meterware/by the metre",ppe,Prusik,"Polyester/Aramid (cover), high-tenacity Polyester (core)",EN 566,01592-0000,,,22 kN,,,8,8,,,,https://www.liros.com/catalog/en/safe-prusik-8mm-p3576/,,,
cdcc97bb-c593-4f73-921d-2e35cf624c90,Liros,"Safe Prusik 9.1mm, 2x sewn eye, 60cm",ppe,Prusik,"Polyester/Aramid (cover), high-tenacity Polyester (core)",EN 566,01590-0001,,,22 kN,,,9.1,9.1,,,,https://www.liros.com/catalog/en/safe-prusik-9-1mm-p1909/,,,
a85225ad-5fe3-48ad-a7a7-e66965eb65ba,Liros,"Safe Prusik 9.1mm, 2x sewn eye, 70cm",ppe,Prusik,"Polyester/Aramid (cover), high-tenacity Polyester (core)",EN 566,,,,22 kN,,,9.1,9.1,,,,https://www.liros.com/catalog/en/safe-prusik-9-1mm-p1909/,,,
790d4ec0-0ae7-4a36-8cbe-a2e9ef0545f5,Liros,"Safe Prusik 9.1mm, 2x sewn eye, 80cm",ppe,Prusik,"Polyester/Aramid (cover), high-tenacity Polyester (core)",EN 566,,,,22 kN,,,9.1,9.1,,,,https://www.liros.com/catalog/en/safe-prusik-9-1mm-p1909/,,,
66388ec2-40fb-4238-8c8a-761328450cee,Liros,"Safe Prusik 9.1mm, 2x sewn eye, 90cm",ppe,Prusik,"Polyester/Aramid (cover), high-tenacity Polyester (core)",EN 566,,,,22 kN,,,9.1,9.1,,,,https://www.liros.com/catalog/en/safe-prusik-9-1mm-p1909/,,,
c71b62be-f8e5-499e-b86b-3df371ee29b1,Liros,"Safe Prusik 9.1mm, 2x sewn eye, 100cm",ppe,Prusik,"Polyester/Aramid (cover), high-tenacity Polyester (core)",EN 566,,,,22 kN,,,9.1,9.1,,,,https://www.liros.com/catalog/en/safe-prusik-9-1mm-p1909/,,,
8d939a5b-ff99-4de5-bd42-a011dc9aeb76,Liros,"Safe Prusik 9.1mm, 2x sewn eye, 110cm",ppe,Prusik,"Polyester/Aramid (cover), high-tenacity Polyester (core)",EN 566,,,,22 kN,,,9.1,9.1,,,,https://www.liros.com/catalog/en/safe-prusik-9-1mm-p1909/,,,
f00d2019-f084-44d7-a9c1-039cdc17507b,Liros,"Safe Prusik 9.1mm, 2x sewn eye, 120cm",ppe,Prusik,"Polyester/Aramid (cover), high-tenacity Polyester (core)",EN 566,,,,22 kN,,,9.1,9.1,,,,https://www.liros.com/catalog/en/safe-prusik-9-1mm-p1909/,,,
9ae28645-5784-4f3d-bd99-3cc3a8beb059,Liros,"Safe Prusik 9.1mm, meterware/by the metre",ppe,Prusik,"Polyester/Aramid (cover), high-tenacity Polyester (core)",EN 566,01590-0000,,,22 kN,,,9.1,9.1,,,,https://www.liros.com/catalog/en/safe-prusik-9-1mm-p1909/,,,
1f4732a3-4c40-4d86-bcd3-c825fd34fd88,Liros,"Safe Prusik 10mm, 2x sewn eye, 60cm",ppe,Prusik,,EN 566,,,,22 kN,,,10,10,,,,https://www.liros.com/catalog/en/safe-prusik-10mm-p3531/,,,
05c967f5-8176-48b0-b46d-b0f85ae93604,Liros,"Safe Prusik 10mm, 2x sewn eye, 70cm",ppe,Prusik,,EN 566,,,,22 kN,,,10,10,,,,https://www.liros.com/catalog/en/safe-prusik-10mm-p3531/,,,
1d579b2c-a845-40cd-93bd-ec909a80f336,Liros,"Safe Prusik 10mm, 2x sewn eye, 80cm",ppe,Prusik,,EN 566,,,,22 kN,,,10,10,,,,https://www.liros.com/catalog/en/safe-prusik-10mm-p3531/,,,
fd0ad687-f515-442d-aa3d-110b835b125a,Liros,"Safe Prusik 10mm, 2x sewn eye, 90cm",ppe,Prusik,,EN 566,,,,22 kN,,,10,10,,,,https://www.liros.com/catalog/en/safe-prusik-10mm-p3531/,,,
e233f9e8-3e12-4fc0-866a-c63032910169,Liros,"Safe Prusik 10mm, 2x sewn eye, 100cm",ppe,Prusik,,EN 566,,,,22 kN,,,10,10,,,,https://www.liros.com/catalog/en/safe-prusik-10mm-p3531/,,,
1eb522fa-a334-44ba-870d-4b3daadb139d,Liros,"Safe Prusik 10mm, 2x sewn eye, 110cm",ppe,Prusik,,EN 566,,,,22 kN,,,10,10,,,,https://www.liros.com/catalog/en/safe-prusik-10mm-p3531/,,,
12ed2a4e-cbad-49a2-aff1-d5b3fa7b5fac,Liros,"Safe Prusik 10mm, 2x sewn eye, 120cm",ppe,Prusik,,EN 566,,,,22 kN,,,10,10,,,,https://www.liros.com/catalog/en/safe-prusik-10mm-p3531/,,,
06d67bc8-830c-48fd-ae9f-4734ccba54d1,Liros,"Safe Prusik 10mm, meterware/by the metre",ppe,Prusik,,EN 566,01593-0000,,,22 kN,,,10,10,,,,https://www.liros.com/catalog/en/safe-prusik-10mm-p3531/,,,
235ef038-cea6-4f21-91a8-f68efa94b472,Liros,"Safe Prusik XTR 9mm, 2x sewn eye, 60cm",ppe,Prusik,"Aramid/Polyester (cover), Dyneema/Aramid (core)",EN 566,,,,22 kN,,,9,9,,,,https://www.liros.com/catalog/en/safe-prusik-xtr-9mm-p3577/,,,
6bf98d14-edc1-400e-876a-b2e00afcde5c,Liros,"Safe Prusik XTR 9mm, 2x sewn eye, 70cm",ppe,Prusik,"Aramid/Polyester (cover), Dyneema/Aramid (core)",EN 566,,,,22 kN,,,9,9,,,,https://www.liros.com/catalog/en/safe-prusik-xtr-9mm-p3577/,,,
c0138916-738b-44d0-85fe-09c01bfa33e9,Liros,"Safe Prusik XTR 9mm, 2x sewn eye, 80cm",ppe,Prusik,"Aramid/Polyester (cover), Dyneema/Aramid (core)",EN 566,,,,22 kN,,,9,9,,,,https://www.liros.com/catalog/en/safe-prusik-xtr-9mm-p3577/,,,
0188af08-d606-4786-b696-7427b8565610,Liros,"Safe Prusik XTR 9mm, 2x sewn eye, 90cm",ppe,Prusik,"Aramid/Polyester (cover), Dyneema/Aramid (core)",EN 566,,,,22 kN,,,9,9,,,,https://www.liros.com/catalog/en/safe-prusik-xtr-9mm-p3577/,,,
00aa08e7-acd0-4c7c-8cf7-b7c6250f9032,Liros,"Safe Prusik XTR 9mm, 2x sewn eye, 100cm",ppe,Prusik,"Aramid/Polyester (cover), Dyneema/Aramid (core)",EN 566,,,,22 kN,,,9,9,,,,https://www.liros.com/catalog/en/safe-prusik-xtr-9mm-p3577/,,,
5abfc18a-1e52-4976-b791-921b4bc16d33,Liros,"Safe Prusik XTR 9mm, 2x sewn eye, 110cm",ppe,Prusik,"Aramid/Polyester (cover), Dyneema/Aramid (core)",EN 566,,,,22 kN,,,9,9,,,,https://www.liros.com/catalog/en/safe-prusik-xtr-9mm-p3577/,,,
eaa72292-ece2-4217-b2a2-a5f650f2201a,Liros,"Safe Prusik XTR 9mm, 2x sewn eye, 120cm",ppe,Prusik,"Aramid/Polyester (cover), Dyneema/Aramid (core)",EN 566,,,,22 kN,,,9,9,,,,https://www.liros.com/catalog/en/safe-prusik-xtr-9mm-p3577/,,,
67f40956-95e9-4565-98fd-d79371073689,Liros,"Safe Prusik XTR 9mm, meterware/by the metre",ppe,Prusik,"Aramid/Polyester (cover), Dyneema/Aramid (core)",EN 566,01594-0000,,,22 kN,,,9,9,,,,https://www.liros.com/catalog/en/safe-prusik-xtr-9mm-p3577/,,,
e8878f39-a45a-4a0d-b121-e68545efcce9,Liros,"Safe Vision, 11,8mm",ppe,Climbing Ropes,"high-strength Polyester (cover), high-strength Polyamide (core)",EN 1891,01596-0000,10,15,45 kN,,,11.8,11.8,label under plastic tube,,https://www.liros.com/userdata/filegallery/original/132_liros_declaration_of_conformity_safe_vision_mm.pdf,https://www.liros.com/catalog/en/safe-vision-11-8mm-p3654/,,,
82ff3b27-8274-4915-bc62-89bf267de931,Miller,"H500 CC1 Full-Body Harness, Tongue Leg & Mating Chest Buckles, Back, Side D-Ring(s), Steel Hardware - Size S/M",ppe,harness,"Polyester webbing, Steel hardware",OSHA 1926.502; ANSI Z359.11-2021; CSA Z259.10-2018,H5CC311021,,,22 kN (webbing/D-ring),,190.5,,,,,https://prod-edam.honeywell.com/content/dam/honeywell-edam/sps/hppe/en-us/products/fall-protection/harnesses-belts-and-accessories/miller-h500-harness/hon-ia-ppe-sp560-rev-a-harness-h500.pdf,https://automation.honeywell.com/us/en/products/personal-protective-equipment/fall-protection/harnesses/miller-h500-harness-construction-comfort-cc,,,
c09af972-85c3-4567-868a-60d5ff9488e5,Miller,"H500 CC1 Full-Body Harness, Tongue Leg & Mating Chest Buckles, Back, Side D-Ring(s), Steel Hardware - Size UNIV",ppe,harness,"Polyester webbing, Steel hardware",OSHA 1926.502; ANSI Z359.11-2021; CSA Z259.10-2018,H5CC311022,,,22 kN (webbing/D-ring),,190.5,,,,,https://prod-edam.honeywell.com/content/dam/honeywell-edam/sps/hppe/en-us/products/fall-protection/harnesses-belts-and-accessories/miller-h500-harness/hon-ia-ppe-sp560-rev-a-harness-h500.pdf,https://automation.honeywell.com/us/en/products/personal-protective-equipment/fall-protection/harnesses/miller-h500-harness-construction-comfort-cc,,,
781c0865-eb40-4804-88a4-9d2648c4e4f2,Miller,"H500 CC1 Full-Body Harness, Tongue Leg & Mating Chest Buckles, Back, Side D-Ring(s), Steel Hardware - Size XXL",ppe,harness,"Polyester webbing, Steel hardware",OSHA 1926.502; ANSI Z359.11-2021; CSA Z259.10-2018,H5CC311023,,,22 kN (webbing/D-ring),,190.5,,,,,https://prod-edam.honeywell.com/content/dam/honeywell-edam/sps/hppe/en-us/products/fall-protection/harnesses-belts-and-accessories/miller-h500-harness/hon-ia-ppe-sp560-rev-a-harness-h500.pdf,https://automation.honeywell.com/us/en/products/personal-protective-equipment/fall-protection/harnesses/miller-h500-harness-construction-comfort-cc,,,
48ff5a67-6847-40c2-932d-5e11691545f9,Miller,"H500 CC2 Full-Body Harness, Tongue Leg & Mating Chest Buckles, Back, Front, Side D-Ring(s), Steel Hardware - Size S/M",ppe,harness,"Polyester webbing, Steel hardware",OSHA 1926.502; ANSI Z359.11-2021; CSA Z259.10-2018,H5CC311121,,,22 kN (webbing/D-ring),,190.5,,,,,https://prod-edam.honeywell.com/content/dam/honeywell-edam/sps/hppe/en-us/products/fall-protection/harnesses-belts-and-accessories/miller-h500-harness/hon-ia-ppe-sp560-rev-a-harness-h500.pdf,https://automation.honeywell.com/us/en/products/personal-protective-equipment/fall-protection/harnesses/miller-h500-harness-construction-comfort-cc,,,
86369cf1-8efb-49a1-ab63-fa3414e3f61c,Miller,"H500 CC2 Full-Body Harness, Tongue Leg & Mating Chest Buckles, Back, Front, Side D-Ring(s), Steel Hardware - Size UNIV",ppe,harness,"Polyester webbing, Steel hardware",OSHA 1926.502; ANSI Z359.11-2021; CSA Z259.10-2018,H5CC311122,,,22 kN (webbing/D-ring),,190.5,,,,,https://prod-edam.honeywell.com/content/dam/honeywell-edam/sps/hppe/en-us/products/fall-protection/harnesses-belts-and-accessories/miller-h500-harness/hon-ia-ppe-sp560-rev-a-harness-h500.pdf,https://automation.honeywell.com/us/en/products/personal-protective-equipment/fall-protection/harnesses/miller-h500-harness-construction-comfort-cc,,,
b0682bc8-4dc4-4a46-9e68-8e42fd0c74db,Miller,"H500 CC2 Full-Body Harness, Tongue Leg & Mating Chest Buckles, Back, Front, Side D-Ring(s), Steel Hardware - Size XXL",ppe,harness,"Polyester webbing, Steel hardware",OSHA 1926.502; ANSI Z359.11-2021; CSA Z259.10-2018,H5CC311123,,,22 kN (webbing/D-ring),,190.5,,,,,https://prod-edam.honeywell.com/content/dam/honeywell-edam/sps/hppe/en-us/products/fall-protection/harnesses-belts-and-accessories/miller-h500-harness/hon-ia-ppe-sp560-rev-a-harness-h500.pdf,https://automation.honeywell.com/us/en/products/personal-protective-equipment/fall-protection/harnesses/miller-h500-harness-construction-comfort-cc,,,
25cfe5ec-c0af-4996-8d5e-a0a1c464b3f4,Miller,"H500 CC3 Full-Body Harness, Tongue Leg & Mating Chest Buckles, Back, Front, Side D-Ring(s), Aluminum Hardware - Size S/M",ppe,harness,"Polyester webbing, Aluminum hardware",OSHA 1926.502; ANSI Z359.11-2021; CSA Z259.10-2018,H5CC312221,,,22 kN (webbing/D-ring),,190.5,,,,,https://prod-edam.honeywell.com/content/dam/honeywell-edam/sps/hppe/en-us/products/fall-protection/harnesses-belts-and-accessories/miller-h500-harness/hon-ia-ppe-sp560-rev-a-harness-h500.pdf,https://automation.honeywell.com/us/en/products/personal-protective-equipment/fall-protection/harnesses/miller-h500-harness-construction-comfort-cc,,,
9cca6089-87d0-4a08-84b2-760eadf82653,Miller,"H500 CC3 Full-Body Harness, Tongue Leg & Mating Chest Buckles, Back, Front, Side D-Ring(s), Aluminum Hardware - Size UNIV",ppe,harness,"Polyester webbing, Aluminum hardware",OSHA 1926.502; ANSI Z359.11-2021; CSA Z259.10-2018,H5CC312222,,,22 kN (webbing/D-ring),,190.5,,,,,https://prod-edam.honeywell.com/content/dam/honeywell-edam/sps/hppe/en-us/products/fall-protection/harnesses-belts-and-accessories/miller-h500-harness/hon-ia-ppe-sp560-rev-a-harness-h500.pdf,https://automation.honeywell.com/us/en/products/personal-protective-equipment/fall-protection/harnesses/miller-h500-harness-construction-comfort-cc,,,
017f5bef-b7b0-48ad-877b-c199903cb884,Miller,"H500 CC3 Full-Body Harness, Tongue Leg & Mating Chest Buckles, Back, Front, Side D-Ring(s), Aluminum Hardware - Size XXL",ppe,harness,"Polyester webbing, Aluminum hardware",OSHA 1926.502; ANSI Z359.11-2021; CSA Z259.10-2018,H5CC312223,,,22 kN (webbing/D-ring),,190.5,,,,,https://prod-edam.honeywell.com/content/dam/honeywell-edam/sps/hppe/en-us/products/fall-protection/harnesses-belts-and-accessories/miller-h500-harness/hon-ia-ppe-sp560-rev-a-harness-h500.pdf,https://automation.honeywell.com/us/en/products/personal-protective-equipment/fall-protection/harnesses/miller-h500-harness-construction-comfort-cc,,,
fae01a65-9311-400b-9a82-8b906ef19e6e,Miller,"H500 CC4 Full-Body Harness, Quick-Connect Leg & Quick-Connect Chest Buckles, Back, Front, Side D-Ring(s), Aluminum Hardware - Size S/M",ppe,harness,"Polyester webbing, Aluminum hardware",OSHA 1926.502; ANSI Z359.11-2021; CSA Z259.10-2018,H5CC222221,,,22 kN (webbing/D-ring),,190.5,,,,,https://prod-edam.honeywell.com/content/dam/honeywell-edam/sps/hppe/en-us/products/fall-protection/harnesses-belts-and-accessories/miller-h500-harness/hon-ia-ppe-sp560-rev-a-harness-h500.pdf,https://automation.honeywell.com/us/en/products/personal-protective-equipment/fall-protection/harnesses/miller-h500-harness-construction-comfort-cc,,,
2874e626-3f1f-4cd9-acd9-19a6832f61db,Miller,"H500 CC4 Full-Body Harness, Quick-Connect Leg & Quick-Connect Chest Buckles, Back, Front, Side D-Ring(s), Aluminum Hardware - Size UNIV",ppe,harness,"Polyester webbing, Aluminum hardware",OSHA 1926.502; ANSI Z359.11-2021; CSA Z259.10-2018,H5CC222222,,,22 kN (webbing/D-ring),,190.5,,,,,https://prod-edam.honeywell.com/content/dam/honeywell-edam/sps/hppe/en-us/products/fall-protection/harnesses-belts-and-accessories/miller-h500-harness/hon-ia-ppe-sp560-rev-a-harness-h500.pdf,https://automation.honeywell.com/us/en/products/personal-protective-equipment/fall-protection/harnesses/miller-h500-harness-construction-comfort-cc,,,
929349bc-d334-483e-934b-d32776150ce7,Miller,"H500 CC4 Full-Body Harness, Quick-Connect Leg & Quick-Connect Chest Buckles, Back, Front, Side D-Ring(s), Aluminum Hardware - Size XXL",ppe,harness,"Polyester webbing, Aluminum hardware",OSHA 1926.502; ANSI Z359.11-2021; CSA Z259.10-2018,H5CC222223,,,22 kN (webbing/D-ring),,190.5,,,,,https://prod-edam.honeywell.com/content/dam/honeywell-edam/sps/hppe/en-us/products/fall-protection/harnesses-belts-and-accessories/miller-h500-harness/hon-ia-ppe-sp560-rev-a-harness-h500.pdf,https://automation.honeywell.com/us/en/products/personal-protective-equipment/fall-protection/harnesses/miller-h500-harness-construction-comfort-cc,,,
b0f8e4c0-c7d2-4d35-9bac-31a222959618,Miller,"H500 CC5 Full-Body Harness, Quick-Connect Leg & Quick-Connect Chest Buckles, Back, Side D-Ring(s), Aluminum Hardware - Size S/M",ppe,harness,"Polyester webbing, Aluminum hardware",OSHA 1926.502; ANSI Z359.11-2021; CSA Z259.10-2018,H5CC222021,,,22 kN (webbing/D-ring),,190.5,,,,,https://prod-edam.honeywell.com/content/dam/honeywell-edam/sps/hppe/en-us/products/fall-protection/harnesses-belts-and-accessories/miller-h500-harness/hon-ia-ppe-sp560-rev-a-harness-h500.pdf,https://automation.honeywell.com/us/en/products/personal-protective-equipment/fall-protection/harnesses/miller-h500-harness-construction-comfort-cc,,,
d081a03e-e476-4629-9dc1-1d894cbf122d,Miller,"H500 CC5 Full-Body Harness, Quick-Connect Leg & Quick-Connect Chest Buckles, Back, Side D-Ring(s), Aluminum Hardware - Size UNIV",ppe,harness,"Polyester webbing, Aluminum hardware",OSHA 1926.502; ANSI Z359.11-2021; CSA Z259.10-2018,H5CC222022,,,22 kN (webbing/D-ring),,190.5,,,,,https://prod-edam.honeywell.com/content/dam/honeywell-edam/sps/hppe/en-us/products/fall-protection/harnesses-belts-and-accessories/miller-h500-harness/hon-ia-ppe-sp560-rev-a-harness-h500.pdf,https://automation.honeywell.com/us/en/products/personal-protective-equipment/fall-protection/harnesses/miller-h500-harness-construction-comfort-cc,,,
5061a675-24d1-47dc-a4b1-23fdf6183375,Miller,"H500 CC5 Full-Body Harness, Quick-Connect Leg & Quick-Connect Chest Buckles, Back, Side D-Ring(s), Aluminum Hardware - Size XXL",ppe,harness,"Polyester webbing, Aluminum hardware",OSHA 1926.502; ANSI Z359.11-2021; CSA Z259.10-2018,H5CC222023,,,22 kN (webbing/D-ring),,190.5,,,,,https://prod-edam.honeywell.com/content/dam/honeywell-edam/sps/hppe/en-us/products/fall-protection/harnesses-belts-and-accessories/miller-h500-harness/hon-ia-ppe-sp560-rev-a-harness-h500.pdf,https://automation.honeywell.com/us/en/products/personal-protective-equipment/fall-protection/harnesses/miller-h500-harness-construction-comfort-cc,,,
cd651f82-34c8-401d-9cd3-d99f09ba785c,Miller,"H500 CC6 Full-Body Harness, Quick-Connect Leg & Quick-Connect Chest Buckles, Back, Front, Side D-Ring(s), Steel Hardware - Size S/M",ppe,harness,"Polyester webbing, Steel hardware",OSHA 1926.502; ANSI Z359.11-2021; CSA Z259.10-2018,H5CC221121,,,22 kN (webbing/D-ring),,190.5,,,,,https://prod-edam.honeywell.com/content/dam/honeywell-edam/sps/hppe/en-us/products/fall-protection/harnesses-belts-and-accessories/miller-h500-harness/hon-ia-ppe-sp560-rev-a-harness-h500.pdf,https://automation.honeywell.com/us/en/products/personal-protective-equipment/fall-protection/harnesses/miller-h500-harness-construction-comfort-cc,,,
0f3355f5-e02d-48f3-8c0a-c1f0d1012c96,Miller,"H500 CC6 Full-Body Harness, Quick-Connect Leg & Quick-Connect Chest Buckles, Back, Front, Side D-Ring(s), Steel Hardware - Size UNIV",ppe,harness,"Polyester webbing, Steel hardware",OSHA 1926.502; ANSI Z359.11-2021; CSA Z259.10-2018,H5CC221122,,,22 kN (webbing/D-ring),,190.5,,,,,https://prod-edam.honeywell.com/content/dam/honeywell-edam/sps/hppe/en-us/products/fall-protection/harnesses-belts-and-accessories/miller-h500-harness/hon-ia-ppe-sp560-rev-a-harness-h500.pdf,https://automation.honeywell.com/us/en/products/personal-protective-equipment/fall-protection/harnesses/miller-h500-harness-construction-comfort-cc,,,
b40a2202-5188-43fe-816a-398aa2069628,Miller,"H500 CC6 Full-Body Harness, Quick-Connect Leg & Quick-Connect Chest Buckles, Back, Front, Side D-Ring(s), Steel Hardware - Size XXL",ppe,harness,"Polyester webbing, Steel hardware",OSHA 1926.502; ANSI Z359.11-2021; CSA Z259.10-2018,H5CC221123,,,22 kN (webbing/D-ring),,190.5,,,,,https://prod-edam.honeywell.com/content/dam/honeywell-edam/sps/hppe/en-us/products/fall-protection/harnesses-belts-and-accessories/miller-h500-harness/hon-ia-ppe-sp560-rev-a-harness-h500.pdf,https://automation.honeywell.com/us/en/products/personal-protective-equipment/fall-protection/harnesses/miller-h500-harness-construction-comfort-cc,,,
637e6a73-0220-4490-a2ac-1490b84b5405,Miller,"H500 CC7 Full-Body Harness, Tongue Leg & Mating Chest Buckles, Back D-Ring(s), Steel Hardware - Size S/M",ppe,harness,"Polyester webbing, Steel hardware",OSHA 1926.502; ANSI Z359.11-2021; CSA Z259.10-2018,H5CC311001,,,22 kN (webbing/D-ring),,190.5,,,,,https://prod-edam.honeywell.com/content/dam/honeywell-edam/sps/hppe/en-us/products/fall-protection/harnesses-belts-and-accessories/miller-h500-harness/hon-ia-ppe-sp560-rev-a-harness-h500.pdf,https://automation.honeywell.com/us/en/products/personal-protective-equipment/fall-protection/harnesses/miller-h500-harness-construction-comfort-cc,,,
660e4904-a1f9-4234-9251-0a79ec6abc11,Miller,"H500 CC7 Full-Body Harness, Tongue Leg & Mating Chest Buckles, Back D-Ring(s), Steel Hardware - Size UNIV",ppe,harness,"Polyester webbing, Steel hardware",OSHA 1926.502; ANSI Z359.11-2021; CSA Z259.10-2018,H5CC311002,,,22 kN (webbing/D-ring),,190.5,,,,,https://prod-edam.honeywell.com/content/dam/honeywell-edam/sps/hppe/en-us/products/fall-protection/harnesses-belts-and-accessories/miller-h500-harness/hon-ia-ppe-sp560-rev-a-harness-h500.pdf,https://automation.honeywell.com/us/en/products/personal-protective-equipment/fall-protection/harnesses/miller-h500-harness-construction-comfort-cc,,,
c1d8e8b7-1b73-4f88-a08e-e686e9edc985,Miller,"H500 CC7 Full-Body Harness, Tongue Leg & Mating Chest Buckles, Back D-Ring(s), Steel Hardware - Size XXL",ppe,harness,"Polyester webbing, Steel hardware",OSHA 1926.502; ANSI Z359.11-2021; CSA Z259.10-2018,H5CC311003,,,22 kN (webbing/D-ring),,190.5,,,,,https://prod-edam.honeywell.com/content/dam/honeywell-edam/sps/hppe/en-us/products/fall-protection/harnesses-belts-and-accessories/miller-h500-harness/hon-ia-ppe-sp560-rev-a-harness-h500.pdf,https://automation.honeywell.com/us/en/products/personal-protective-equipment/fall-protection/harnesses/miller-h500-harness-construction-comfort-cc,,,
f9dcad3f-28fc-4616-8922-7e92adb331c7,Miller,"H500 CS1 Full-Body Harness, Tongue Leg & Mating Chest Buckles, Back, Side D-Ring(s), Steel Hardware - Size S/M",ppe,harness,"Polyester webbing, Steel hardware",OSHA 1926.502; ANSI Z359.11-2021; CSA Z259.10-2018,H5CS311021,,,22 kN (webbing/D-ring),,190.5,,,,,https://prod-edam.honeywell.com/content/dam/honeywell-edam/sps/hppe/en-us/products/fall-protection/harnesses-belts-and-accessories/miller-h500-harness/hon-ia-ppe-sp560-rev-a-harness-h500.pdf,https://automation.honeywell.com/us/en/products/personal-protective-equipment/fall-protection/harnesses/miller-h500-harness-construction-standard-cs,,,
ec2aa612-6628-4fa9-91d3-0749176bd6d3,Miller,"H500 CS1 Full-Body Harness, Tongue Leg & Mating Chest Buckles, Back, Side D-Ring(s), Steel Hardware - Size UNIV",ppe,harness,"Polyester webbing, Steel hardware",OSHA 1926.502; ANSI Z359.11-2021; CSA Z259.10-2018,H5CS311022,,,22 kN (webbing/D-ring),,190.5,,,,,https://prod-edam.honeywell.com/content/dam/honeywell-edam/sps/hppe/en-us/products/fall-protection/harnesses-belts-and-accessories/miller-h500-harness/hon-ia-ppe-sp560-rev-a-harness-h500.pdf,https://automation.honeywell.com/us/en/products/personal-protective-equipment/fall-protection/harnesses/miller-h500-harness-construction-standard-cs,,,
c3e1580c-5def-453b-bf7f-79cf444bae13,Miller,"H500 CS1 Full-Body Harness, Tongue Leg & Mating Chest Buckles, Back, Side D-Ring(s), Steel Hardware - Size XXL",ppe,harness,"Polyester webbing, Steel hardware",OSHA 1926.502; ANSI Z359.11-2021; CSA Z259.10-2018,H5CS311023,,,22 kN (webbing/D-ring),,190.5,,,,,https://prod-edam.honeywell.com/content/dam/honeywell-edam/sps/hppe/en-us/products/fall-protection/harnesses-belts-and-accessories/miller-h500-harness/hon-ia-ppe-sp560-rev-a-harness-h500.pdf,https://automation.honeywell.com/us/en/products/personal-protective-equipment/fall-protection/harnesses/miller-h500-harness-construction-standard-cs,,,
9a50772c-1f72-446f-b3b3-3eac43f1c7b6,Miller,"H500 CS1S Full-Body Harness, Tongue Leg & Mating Chest Buckles, Back, Side, Shoulder D-Ring(s), Steel Hardware - Size S/M",ppe,harness,"Polyester webbing, Steel hardware",OSHA 1926.502; ANSI Z359.11-2021; CSA Z259.10-2018,H5CS31102S1,,,22 kN (webbing/D-ring),,190.5,,,,,https://prod-edam.honeywell.com/content/dam/honeywell-edam/sps/hppe/en-us/products/fall-protection/harnesses-belts-and-accessories/miller-h500-harness/hon-ia-ppe-sp560-rev-a-harness-h500.pdf,https://automation.honeywell.com/us/en/products/personal-protective-equipment/fall-protection/harnesses/miller-h500-harness-construction-standard-cs,,,
c1e9e933-3cba-4331-a368-98dc0dd4a90e,Miller,"H500 CS1S Full-Body Harness, Tongue Leg & Mating Chest Buckles, Back, Side, Shoulder D-Ring(s), Steel Hardware - Size UNIV",ppe,harness,"Polyester webbing, Steel hardware",OSHA 1926.502; ANSI Z359.11-2021; CSA Z259.10-2018,H5CS31102S2,,,22 kN (webbing/D-ring),,190.5,,,,,https://prod-edam.honeywell.com/content/dam/honeywell-edam/sps/hppe/en-us/products/fall-protection/harnesses-belts-and-accessories/miller-h500-harness/hon-ia-ppe-sp560-rev-a-harness-h500.pdf,https://automation.honeywell.com/us/en/products/personal-protective-equipment/fall-protection/harnesses/miller-h500-harness-construction-standard-cs,,,
b95f54d1-a0d4-448a-96c9-712c69dbde7d,Miller,"H500 CS1S Full-Body Harness, Tongue Leg & Mating Chest Buckles, Back, Side, Shoulder D-Ring(s), Steel Hardware - Size XXL",ppe,harness,"Polyester webbing, Steel hardware",OSHA 1926.502; ANSI Z359.11-2021; CSA Z259.10-2018,H5CS31102S3,,,22 kN (webbing/D-ring),,190.5,,,,,https://prod-edam.honeywell.com/content/dam/honeywell-edam/sps/hppe/en-us/products/fall-protection/harnesses-belts-and-accessories/miller-h500-harness/hon-ia-ppe-sp560-rev-a-harness-h500.pdf,https://automation.honeywell.com/us/en/products/personal-protective-equipment/fall-protection/harnesses/miller-h500-harness-construction-standard-cs,,,
74a3a95c-79b2-46e1-a031-f1bd36edc8ff,Miller,"H500 CS2 Full-Body Harness, Tongue Leg & Mating Chest Buckles, Back, Front, Side D-Ring(s), Steel Hardware - Size S/M",ppe,harness,"Polyester webbing, Steel hardware",OSHA 1926.502; ANSI Z359.11-2021; CSA Z259.10-2018,H5CS311121,,,22 kN (webbing/D-ring),,190.5,,,,,https://prod-edam.honeywell.com/content/dam/honeywell-edam/sps/hppe/en-us/products/fall-protection/harnesses-belts-and-accessories/miller-h500-harness/hon-ia-ppe-sp560-rev-a-harness-h500.pdf,https://automation.honeywell.com/us/en/products/personal-protective-equipment/fall-protection/harnesses/miller-h500-harness-construction-standard-cs,,,
db05881b-b47f-4a9b-8ba8-df4bfa47b262,Miller,"H500 CS2 Full-Body Harness, Tongue Leg & Mating Chest Buckles, Back, Front, Side D-Ring(s), Steel Hardware - Size UNIV",ppe,harness,"Polyester webbing, Steel hardware",OSHA 1926.502; ANSI Z359.11-2021; CSA Z259.10-2018,H5CS311122,,,22 kN (webbing/D-ring),,190.5,,,,,https://prod-edam.honeywell.com/content/dam/honeywell-edam/sps/hppe/en-us/products/fall-protection/harnesses-belts-and-accessories/miller-h500-harness/hon-ia-ppe-sp560-rev-a-harness-h500.pdf,https://automation.honeywell.com/us/en/products/personal-protective-equipment/fall-protection/harnesses/miller-h500-harness-construction-standard-cs,,,
bcdb60ae-f802-444c-bc12-49f8d8828b76,Miller,"H500 CS2 Full-Body Harness, Tongue Leg & Mating Chest Buckles, Back, Front, Side D-Ring(s), Steel Hardware - Size XXL",ppe,harness,"Polyester webbing, Steel hardware",OSHA 1926.502; ANSI Z359.11-2021; CSA Z259.10-2018,H5CS311123,,,22 kN (webbing/D-ring),,190.5,,,,,https://prod-edam.honeywell.com/content/dam/honeywell-edam/sps/hppe/en-us/products/fall-protection/harnesses-belts-and-accessories/miller-h500-harness/hon-ia-ppe-sp560-rev-a-harness-h500.pdf,https://automation.honeywell.com/us/en/products/personal-protective-equipment/fall-protection/harnesses/miller-h500-harness-construction-standard-cs,,,
9f9eb996-81e5-4b99-8b45-d2bca100ed83,Miller,"H500 CS3 Full-Body Harness, Quick-Connect Leg & Quick-Connect Chest Buckles, Back, Side D-Ring(s), Steel Hardware - Size S/M",ppe,harness,"Polyester webbing, Steel hardware",OSHA 1926.502; ANSI Z359.11-2021; CSA Z259.10-2018,H5CS221021,,,22 kN (webbing/D-ring),,190.5,,,,,https://prod-edam.honeywell.com/content/dam/honeywell-edam/sps/hppe/en-us/products/fall-protection/harnesses-belts-and-accessories/miller-h500-harness/hon-ia-ppe-sp560-rev-a-harness-h500.pdf,https://automation.honeywell.com/us/en/products/personal-protective-equipment/fall-protection/harnesses/miller-h500-harness-construction-standard-cs,,,
71e49a04-4109-4501-a54d-2115475ae71a,Miller,"H500 CS3 Full-Body Harness, Quick-Connect Leg & Quick-Connect Chest Buckles, Back, Side D-Ring(s), Steel Hardware - Size UNIV",ppe,harness,"Polyester webbing, Steel hardware",OSHA 1926.502; ANSI Z359.11-2021; CSA Z259.10-2018,H5CS221022,,,22 kN (webbing/D-ring),,190.5,,,,,https://prod-edam.honeywell.com/content/dam/honeywell-edam/sps/hppe/en-us/products/fall-protection/harnesses-belts-and-accessories/miller-h500-harness/hon-ia-ppe-sp560-rev-a-harness-h500.pdf,https://automation.honeywell.com/us/en/products/personal-protective-equipment/fall-protection/harnesses/miller-h500-harness-construction-standard-cs,,,
153bb465-8536-4d48-afba-cea026fbb49c,Miller,"H500 CS3 Full-Body Harness, Quick-Connect Leg & Quick-Connect Chest Buckles, Back, Side D-Ring(s), Steel Hardware - Size XXL",ppe,harness,"Polyester webbing, Steel hardware",OSHA 1926.502; ANSI Z359.11-2021; CSA Z259.10-2018,H5CS221023,,,22 kN (webbing/D-ring),,190.5,,,,,https://prod-edam.honeywell.com/content/dam/honeywell-edam/sps/hppe/en-us/products/fall-protection/harnesses-belts-and-accessories/miller-h500-harness/hon-ia-ppe-sp560-rev-a-harness-h500.pdf,https://automation.honeywell.com/us/en/products/personal-protective-equipment/fall-protection/harnesses/miller-h500-harness-construction-standard-cs,,,
00997acf-9b5f-4e44-9c78-7634d51f5e2d,Miller,"H500 IC1 Full-Body Harness, Tongue Leg & Mating Chest Buckles, Back D-Ring(s), Steel Hardware - Size S/M",ppe,harness,"Polyester webbing, Steel hardware",OSHA 1926.502; ANSI Z359.11-2021; CSA Z259.10-2018,H5IC311001,,,22 kN (webbing/D-ring),,190.5,,,,,https://prod-edam.honeywell.com/content/dam/honeywell-edam/sps/hppe/en-us/products/fall-protection/harnesses-belts-and-accessories/miller-h500-harness/hon-ia-ppe-sp560-rev-a-harness-h500.pdf,https://automation.honeywell.com/us/en/products/personal-protective-equipment/fall-protection/harnesses/miller-h500-harness-industry-comfort-ic,,,
c6a1b6e2-9002-422c-a6fb-b24e4ae52049,Miller,"H500 IC1 Full-Body Harness, Tongue Leg & Mating Chest Buckles, Back D-Ring(s), Steel Hardware - Size UNIV",ppe,harness,"Polyester webbing, Steel hardware",OSHA 1926.502; ANSI Z359.11-2021; CSA Z259.10-2018,H5IC311002,,,22 kN (webbing/D-ring),,190.5,,,,,https://prod-edam.honeywell.com/content/dam/honeywell-edam/sps/hppe/en-us/products/fall-protection/harnesses-belts-and-accessories/miller-h500-harness/hon-ia-ppe-sp560-rev-a-harness-h500.pdf,https://automation.honeywell.com/us/en/products/personal-protective-equipment/fall-protection/harnesses/miller-h500-harness-industry-comfort-ic,,,
e575e8eb-9b78-4da8-8ef7-9de2b459ee50,Miller,"H500 IC1 Full-Body Harness, Tongue Leg & Mating Chest Buckles, Back D-Ring(s), Steel Hardware - Size XXL",ppe,harness,"Polyester webbing, Steel hardware",OSHA 1926.502; ANSI Z359.11-2021; CSA Z259.10-2018,H5IC311003,,,22 kN (webbing/D-ring),,190.5,,,,,https://prod-edam.honeywell.com/content/dam/honeywell-edam/sps/hppe/en-us/products/fall-protection/harnesses-belts-and-accessories/miller-h500-harness/hon-ia-ppe-sp560-rev-a-harness-h500.pdf,https://automation.honeywell.com/us/en/products/personal-protective-equipment/fall-protection/harnesses/miller-h500-harness-industry-comfort-ic,,,
0b4f6c74-03a9-4e6a-95b3-6e7f78d0990f,Miller,"H500 IC2 Full-Body Harness, Quick-Connect Leg & Quick-Connect Chest Buckles, Back D-Ring(s), Steel Hardware - Size S/M",ppe,harness,"Polyester webbing, Steel hardware",OSHA 1926.502; ANSI Z359.11-2021; CSA Z259.10-2018,H5IC221001,,,22 kN (webbing/D-ring),,190.5,,,,,https://prod-edam.honeywell.com/content/dam/honeywell-edam/sps/hppe/en-us/products/fall-protection/harnesses-belts-and-accessories/miller-h500-harness/hon-ia-ppe-sp560-rev-a-harness-h500.pdf,https://automation.honeywell.com/us/en/products/personal-protective-equipment/fall-protection/harnesses/miller-h500-harness-industry-comfort-ic,,,
c0f1ddf1-e7cd-4c43-aeeb-11a5eded48fe,Miller,"H500 IC2 Full-Body Harness, Quick-Connect Leg & Quick-Connect Chest Buckles, Back D-Ring(s), Steel Hardware - Size UNIV",ppe,harness,"Polyester webbing, Steel hardware",OSHA 1926.502; ANSI Z359.11-2021; CSA Z259.10-2018,H5IC221002,,,22 kN (webbing/D-ring),,190.5,,,,,https://prod-edam.honeywell.com/content/dam/honeywell-edam/sps/hppe/en-us/products/fall-protection/harnesses-belts-and-accessories/miller-h500-harness/hon-ia-ppe-sp560-rev-a-harness-h500.pdf,https://automation.honeywell.com/us/en/products/personal-protective-equipment/fall-protection/harnesses/miller-h500-harness-industry-comfort-ic,,,
663d9b4d-566f-43b9-bf53-3ac9eb42dc7c,Miller,"H500 IC2 Full-Body Harness, Quick-Connect Leg & Quick-Connect Chest Buckles, Back D-Ring(s), Steel Hardware - Size XXL",ppe,harness,"Polyester webbing, Steel hardware",OSHA 1926.502; ANSI Z359.11-2021; CSA Z259.10-2018,H5IC221003,,,22 kN (webbing/D-ring),,190.5,,,,,https://prod-edam.honeywell.com/content/dam/honeywell-edam/sps/hppe/en-us/products/fall-protection/harnesses-belts-and-accessories/miller-h500-harness/hon-ia-ppe-sp560-rev-a-harness-h500.pdf,https://automation.honeywell.com/us/en/products/personal-protective-equipment/fall-protection/harnesses/miller-h500-harness-industry-comfort-ic,,,
bf8efe79-69ab-426b-9cba-5b627b61e307,Miller,"H500 IC3 Full-Body Harness, Quick-Connect Leg & Quick-Connect Chest Buckles, Back, Side D-Ring(s), Aluminum Hardware - Size S/M",ppe,harness,"Polyester webbing, Aluminum hardware",OSHA 1926.502; ANSI Z359.11-2021; CSA Z259.10-2018,H5IC222021,,,22 kN (webbing/D-ring),,190.5,,,,,https://prod-edam.honeywell.com/content/dam/honeywell-edam/sps/hppe/en-us/products/fall-protection/harnesses-belts-and-accessories/miller-h500-harness/hon-ia-ppe-sp560-rev-a-harness-h500.pdf,https://automation.honeywell.com/us/en/products/personal-protective-equipment/fall-protection/harnesses/miller-h500-harness-industry-comfort-ic,,,
abf95af3-84c0-4aa7-9c5b-ab2d5d80727c,Miller,"H500 IC3 Full-Body Harness, Quick-Connect Leg & Quick-Connect Chest Buckles, Back, Side D-Ring(s), Aluminum Hardware - Size UNIV",ppe,harness,"Polyester webbing, Aluminum hardware",OSHA 1926.502; ANSI Z359.11-2021; CSA Z259.10-2018,H5IC222022,,,22 kN (webbing/D-ring),,190.5,,,,,https://prod-edam.honeywell.com/content/dam/honeywell-edam/sps/hppe/en-us/products/fall-protection/harnesses-belts-and-accessories/miller-h500-harness/hon-ia-ppe-sp560-rev-a-harness-h500.pdf,https://automation.honeywell.com/us/en/products/personal-protective-equipment/fall-protection/harnesses/miller-h500-harness-industry-comfort-ic,,,
a57c6876-e4c8-4c55-a3b3-a3d89871a0ba,Miller,"H500 IC3 Full-Body Harness, Quick-Connect Leg & Quick-Connect Chest Buckles, Back, Side D-Ring(s), Aluminum Hardware - Size XXL",ppe,harness,"Polyester webbing, Aluminum hardware",OSHA 1926.502; ANSI Z359.11-2021; CSA Z259.10-2018,H5IC222023,,,22 kN (webbing/D-ring),,190.5,,,,,https://prod-edam.honeywell.com/content/dam/honeywell-edam/sps/hppe/en-us/products/fall-protection/harnesses-belts-and-accessories/miller-h500-harness/hon-ia-ppe-sp560-rev-a-harness-h500.pdf,https://automation.honeywell.com/us/en/products/personal-protective-equipment/fall-protection/harnesses/miller-h500-harness-industry-comfort-ic,,,
f478ee46-f018-4bc4-9ec5-daf09d09c803,Miller,"H500 IC4 Full-Body Harness, Quick-Connect Leg & Quick-Connect Chest Buckles, Back, Side D-Ring(s), Steel Hardware - Size S/M",ppe,harness,"Polyester webbing, Steel hardware",OSHA 1926.502; ANSI Z359.11-2021; CSA Z259.10-2018,H5IC221021,,,22 kN (webbing/D-ring),,190.5,,,,,https://prod-edam.honeywell.com/content/dam/honeywell-edam/sps/hppe/en-us/products/fall-protection/harnesses-belts-and-accessories/miller-h500-harness/hon-ia-ppe-sp560-rev-a-harness-h500.pdf,https://automation.honeywell.com/us/en/products/personal-protective-equipment/fall-protection/harnesses/miller-h500-harness-industry-comfort-ic,,,
d9a78f05-1314-4562-a779-db3daca5b0b6,Miller,"H500 IC4 Full-Body Harness, Quick-Connect Leg & Quick-Connect Chest Buckles, Back, Side D-Ring(s), Steel Hardware - Size UNIV",ppe,harness,"Polyester webbing, Steel hardware",OSHA 1926.502; ANSI Z359.11-2021; CSA Z259.10-2018,H5IC221022,,,22 kN (webbing/D-ring),,190.5,,,,,https://prod-edam.honeywell.com/content/dam/honeywell-edam/sps/hppe/en-us/products/fall-protection/harnesses-belts-and-accessories/miller-h500-harness/hon-ia-ppe-sp560-rev-a-harness-h500.pdf,https://automation.honeywell.com/us/en/products/personal-protective-equipment/fall-protection/harnesses/miller-h500-harness-industry-comfort-ic,,,
727c9bf0-326f-4b76-9cf1-81bb6f994959,Miller,"H500 IC4 Full-Body Harness, Quick-Connect Leg & Quick-Connect Chest Buckles, Back, Side D-Ring(s), Steel Hardware - Size XXL",ppe,harness,"Polyester webbing, Steel hardware",OSHA 1926.502; ANSI Z359.11-2021; CSA Z259.10-2018,H5IC221023,,,22 kN (webbing/D-ring),,190.5,,,,,https://prod-edam.honeywell.com/content/dam/honeywell-edam/sps/hppe/en-us/products/fall-protection/harnesses-belts-and-accessories/miller-h500-harness/hon-ia-ppe-sp560-rev-a-harness-h500.pdf,https://automation.honeywell.com/us/en/products/personal-protective-equipment/fall-protection/harnesses/miller-h500-harness-industry-comfort-ic,,,
7b82a0a3-9fb7-42d5-b7a9-0962cd3fbedb,Miller,"H500 IC5 Full-Body Harness, Tongue Leg & Mating Chest Buckles, Back, Front, Side D-Ring(s), Steel Hardware - Size S/M",ppe,harness,"Polyester webbing, Steel hardware",OSHA 1926.502; ANSI Z359.11-2021; CSA Z259.10-2018,H5IC311121,,,22 kN (webbing/D-ring),,190.5,,,,,https://prod-edam.honeywell.com/content/dam/honeywell-edam/sps/hppe/en-us/products/fall-protection/harnesses-belts-and-accessories/miller-h500-harness/hon-ia-ppe-sp560-rev-a-harness-h500.pdf,https://automation.honeywell.com/us/en/products/personal-protective-equipment/fall-protection/harnesses/miller-h500-harness-industry-comfort-ic,,,
5a97b4c3-3646-4fea-8be5-087f1f892fcb,Miller,"H500 IC5 Full-Body Harness, Tongue Leg & Mating Chest Buckles, Back, Front, Side D-Ring(s), Steel Hardware - Size UNIV",ppe,harness,"Polyester webbing, Steel hardware",OSHA 1926.502; ANSI Z359.11-2021; CSA Z259.10-2018,H5IC311122,,,22 kN (webbing/D-ring),,190.5,,,,,https://prod-edam.honeywell.com/content/dam/honeywell-edam/sps/hppe/en-us/products/fall-protection/harnesses-belts-and-accessories/miller-h500-harness/hon-ia-ppe-sp560-rev-a-harness-h500.pdf,https://automation.honeywell.com/us/en/products/personal-protective-equipment/fall-protection/harnesses/miller-h500-harness-industry-comfort-ic,,,
81764814-01ca-4c35-b44d-bf9b533cc072,Miller,"H500 IC5 Full-Body Harness, Tongue Leg & Mating Chest Buckles, Back, Front, Side D-Ring(s), Steel Hardware - Size XXL",ppe,harness,"Polyester webbing, Steel hardware",OSHA 1926.502; ANSI Z359.11-2021; CSA Z259.10-2018,H5IC311123,,,22 kN (webbing/D-ring),,190.5,,,,,https://prod-edam.honeywell.com/content/dam/honeywell-edam/sps/hppe/en-us/products/fall-protection/harnesses-belts-and-accessories/miller-h500-harness/hon-ia-ppe-sp560-rev-a-harness-h500.pdf,https://automation.honeywell.com/us/en/products/personal-protective-equipment/fall-protection/harnesses/miller-h500-harness-industry-comfort-ic,,,
221be14d-dd2f-4533-9a1a-088c0aaf2932,Miller,"H500 IC6 Full-Body Harness, Quick-Connect Leg & Quick-Connect Chest Buckles, Back, Front D-Ring(s), Steel Hardware - Size S/M",ppe,harness,"Polyester webbing, Steel hardware",OSHA 1926.502; ANSI Z359.11-2021; CSA Z259.10-2018,H5IC221101,,,22 kN (webbing/D-ring),,190.5,,,,,https://prod-edam.honeywell.com/content/dam/honeywell-edam/sps/hppe/en-us/products/fall-protection/harnesses-belts-and-accessories/miller-h500-harness/hon-ia-ppe-sp560-rev-a-harness-h500.pdf,https://automation.honeywell.com/us/en/products/personal-protective-equipment/fall-protection/harnesses/miller-h500-harness-industry-comfort-ic,,,
e806c06b-e55e-40d1-ac44-e37c95af0505,Miller,"H500 IC6 Full-Body Harness, Quick-Connect Leg & Quick-Connect Chest Buckles, Back, Front D-Ring(s), Steel Hardware - Size UNIV",ppe,harness,"Polyester webbing, Steel hardware",OSHA 1926.502; ANSI Z359.11-2021; CSA Z259.10-2018,H5IC221102,,,22 kN (webbing/D-ring),,190.5,,,,,https://prod-edam.honeywell.com/content/dam/honeywell-edam/sps/hppe/en-us/products/fall-protection/harnesses-belts-and-accessories/miller-h500-harness/hon-ia-ppe-sp560-rev-a-harness-h500.pdf,https://automation.honeywell.com/us/en/products/personal-protective-equipment/fall-protection/harnesses/miller-h500-harness-industry-comfort-ic,,,
b3255a55-eac8-403e-89ff-4225af608641,Miller,"H500 IC6 Full-Body Harness, Quick-Connect Leg & Quick-Connect Chest Buckles, Back, Front D-Ring(s), Steel Hardware - Size XXL",ppe,harness,"Polyester webbing, Steel hardware",OSHA 1926.502; ANSI Z359.11-2021; CSA Z259.10-2018,H5IC221103,,,22 kN (webbing/D-ring),,190.5,,,,,https://prod-edam.honeywell.com/content/dam/honeywell-edam/sps/hppe/en-us/products/fall-protection/harnesses-belts-and-accessories/miller-h500-harness/hon-ia-ppe-sp560-rev-a-harness-h500.pdf,https://automation.honeywell.com/us/en/products/personal-protective-equipment/fall-protection/harnesses/miller-h500-harness-industry-comfort-ic,,,
a9ced52d-c4d2-4afb-a92a-0ba4fcd79ef7,Miller,"H500 IS1P Full-Body Harness, Tongue Leg & Mating Chest Buckles, Back D-Ring(s), Steel Hardware - Size S/M",ppe,harness,"Polyester webbing, Steel hardware",OSHA 1926.502; ANSI Z359.11-2021; CSA Z259.10-2018,H5ISP311001,,,22 kN (webbing/D-ring),,190.5,,,,,https://prod-edam.honeywell.com/content/dam/honeywell-edam/sps/hppe/en-us/products/fall-protection/harnesses-belts-and-accessories/miller-h500-harness/hon-ia-ppe-sp560-rev-a-harness-h500.pdf,https://automation.honeywell.com/us/en/products/personal-protective-equipment/fall-protection/harnesses/miller-h500-harness-industry-standard-is,,,
b9080349-181b-4406-81b0-2b9e87dd49ba,Miller,"H500 IS1P Full-Body Harness, Tongue Leg & Mating Chest Buckles, Back D-Ring(s), Steel Hardware - Size UNIV",ppe,harness,"Polyester webbing, Steel hardware",OSHA 1926.502; ANSI Z359.11-2021; CSA Z259.10-2018,H5ISP311002,,,22 kN (webbing/D-ring),,190.5,,,,,https://prod-edam.honeywell.com/content/dam/honeywell-edam/sps/hppe/en-us/products/fall-protection/harnesses-belts-and-accessories/miller-h500-harness/hon-ia-ppe-sp560-rev-a-harness-h500.pdf,https://automation.honeywell.com/us/en/products/personal-protective-equipment/fall-protection/harnesses/miller-h500-harness-industry-standard-is,,,
66ebf4f5-97f3-4139-9592-a28e3ece3b00,Miller,"H500 IS1P Full-Body Harness, Tongue Leg & Mating Chest Buckles, Back D-Ring(s), Steel Hardware - Size XXL",ppe,harness,"Polyester webbing, Steel hardware",OSHA 1926.502; ANSI Z359.11-2021; CSA Z259.10-2018,H5ISP311003,,,22 kN (webbing/D-ring),,190.5,,,,,https://prod-edam.honeywell.com/content/dam/honeywell-edam/sps/hppe/en-us/products/fall-protection/harnesses-belts-and-accessories/miller-h500-harness/hon-ia-ppe-sp560-rev-a-harness-h500.pdf,https://automation.honeywell.com/us/en/products/personal-protective-equipment/fall-protection/harnesses/miller-h500-harness-industry-standard-is,,,
36c7f11b-8257-4104-9758-c19d4ffb538c,Miller,"H500 IS2P Full-Body Harness, Tongue Leg & Mating Chest Buckles, Back, Side D-Ring(s), Steel Hardware - Size S/M",ppe,harness,"Polyester webbing, Steel hardware",OSHA 1926.502; ANSI Z359.11-2021; CSA Z259.10-2018,H5ISP311021,,,22 kN (webbing/D-ring),,190.5,,,,,https://prod-edam.honeywell.com/content/dam/honeywell-edam/sps/hppe/en-us/products/fall-protection/harnesses-belts-and-accessories/miller-h500-harness/hon-ia-ppe-sp560-rev-a-harness-h500.pdf,https://automation.honeywell.com/us/en/products/personal-protective-equipment/fall-protection/harnesses/miller-h500-harness-industry-standard-is,,,
a97e061f-233c-450d-b183-5986b5615df5,Miller,"H500 IS2P Full-Body Harness, Tongue Leg & Mating Chest Buckles, Back, Side D-Ring(s), Steel Hardware - Size UNIV",ppe,harness,"Polyester webbing, Steel hardware",OSHA 1926.502; ANSI Z359.11-2021; CSA Z259.10-2018,H5ISP311022,,,22 kN (webbing/D-ring),,190.5,,,,,https://prod-edam.honeywell.com/content/dam/honeywell-edam/sps/hppe/en-us/products/fall-protection/harnesses-belts-and-accessories/miller-h500-harness/hon-ia-ppe-sp560-rev-a-harness-h500.pdf,https://automation.honeywell.com/us/en/products/personal-protective-equipment/fall-protection/harnesses/miller-h500-harness-industry-standard-is,,,
7e12dec2-ea21-4f2d-bceb-8604262bdca5,Miller,"H500 IS2P Full-Body Harness, Tongue Leg & Mating Chest Buckles, Back, Side D-Ring(s), Steel Hardware - Size XXL",ppe,harness,"Polyester webbing, Steel hardware",OSHA 1926.502; ANSI Z359.11-2021; CSA Z259.10-2018,H5ISP311023,,,22 kN (webbing/D-ring),,190.5,,,,,https://prod-edam.honeywell.com/content/dam/honeywell-edam/sps/hppe/en-us/products/fall-protection/harnesses-belts-and-accessories/miller-h500-harness/hon-ia-ppe-sp560-rev-a-harness-h500.pdf,https://automation.honeywell.com/us/en/products/personal-protective-equipment/fall-protection/harnesses/miller-h500-harness-industry-standard-is,,,
e301c934-2ab7-45ac-bf3c-f4b429b5782c,Miller,"H500 IS3 Full-Body Harness, Tongue Leg & Mating Chest Buckles, Back, Front D-Ring(s), Steel Hardware - Size S/M",ppe,harness,"Polyester webbing, Steel hardware",OSHA 1926.502; ANSI Z359.11-2021; CSA Z259.10-2018,H5IS311101,,,22 kN (webbing/D-ring),,190.5,,,,,https://prod-edam.honeywell.com/content/dam/honeywell-edam/sps/hppe/en-us/products/fall-protection/harnesses-belts-and-accessories/miller-h500-harness/hon-ia-ppe-sp560-rev-a-harness-h500.pdf,https://automation.honeywell.com/us/en/products/personal-protective-equipment/fall-protection/harnesses/miller-h500-harness-industry-standard-is,,,
e1dfcc22-b0ff-4907-93bb-b569160148f4,Miller,"H500 IS3 Full-Body Harness, Tongue Leg & Mating Chest Buckles, Back, Front D-Ring(s), Steel Hardware - Size UNIV",ppe,harness,"Polyester webbing, Steel hardware",OSHA 1926.502; ANSI Z359.11-2021; CSA Z259.10-2018,H5IS311102,,,22 kN (webbing/D-ring),,190.5,,,,,https://prod-edam.honeywell.com/content/dam/honeywell-edam/sps/hppe/en-us/products/fall-protection/harnesses-belts-and-accessories/miller-h500-harness/hon-ia-ppe-sp560-rev-a-harness-h500.pdf,https://automation.honeywell.com/us/en/products/personal-protective-equipment/fall-protection/harnesses/miller-h500-harness-industry-standard-is,,,
f7877511-c59d-4c9e-af28-e2a58f7ce4be,Miller,"H500 IS3 Full-Body Harness, Tongue Leg & Mating Chest Buckles, Back, Front D-Ring(s), Steel Hardware - Size XXL",ppe,harness,"Polyester webbing, Steel hardware",OSHA 1926.502; ANSI Z359.11-2021; CSA Z259.10-2018,H5IS311103,,,22 kN (webbing/D-ring),,190.5,,,,,https://prod-edam.honeywell.com/content/dam/honeywell-edam/sps/hppe/en-us/products/fall-protection/harnesses-belts-and-accessories/miller-h500-harness/hon-ia-ppe-sp560-rev-a-harness-h500.pdf,https://automation.honeywell.com/us/en/products/personal-protective-equipment/fall-protection/harnesses/miller-h500-harness-industry-standard-is,,,
fd7bfef5-88ad-47a2-8983-279baa8f835d,Miller,"H500 IS3S Full-Body Harness, Tongue Leg & Mating Chest Buckles, Back, Front, Shoulder D-Ring(s), Steel Hardware - Size S/M",ppe,harness,"Polyester webbing, Steel hardware",OSHA 1926.502; ANSI Z359.11-2021; CSA Z259.10-2018,H5IS31110S1,,,22 kN (webbing/D-ring),,190.5,,,,,https://prod-edam.honeywell.com/content/dam/honeywell-edam/sps/hppe/en-us/products/fall-protection/harnesses-belts-and-accessories/miller-h500-harness/hon-ia-ppe-sp560-rev-a-harness-h500.pdf,https://automation.honeywell.com/us/en/products/personal-protective-equipment/fall-protection/harnesses/miller-h500-harness-industry-standard-is,,,
d15120f3-1407-4976-86aa-c07e075734e4,Miller,"H500 IS3S Full-Body Harness, Tongue Leg & Mating Chest Buckles, Back, Front, Shoulder D-Ring(s), Steel Hardware - Size UNIV",ppe,harness,"Polyester webbing, Steel hardware",OSHA 1926.502; ANSI Z359.11-2021; CSA Z259.10-2018,H5IS31110S2,,,22 kN (webbing/D-ring),,190.5,,,,,https://prod-edam.honeywell.com/content/dam/honeywell-edam/sps/hppe/en-us/products/fall-protection/harnesses-belts-and-accessories/miller-h500-harness/hon-ia-ppe-sp560-rev-a-harness-h500.pdf,https://automation.honeywell.com/us/en/products/personal-protective-equipment/fall-protection/harnesses/miller-h500-harness-industry-standard-is,,,
44701c23-6a88-458b-b8fb-04106b454250,Miller,"H500 IS3S Full-Body Harness, Tongue Leg & Mating Chest Buckles, Back, Front, Shoulder D-Ring(s), Steel Hardware - Size XXL",ppe,harness,"Polyester webbing, Steel hardware",OSHA 1926.502; ANSI Z359.11-2021; CSA Z259.10-2018,H5IS31110S3,,,22 kN (webbing/D-ring),,190.5,,,,,https://prod-edam.honeywell.com/content/dam/honeywell-edam/sps/hppe/en-us/products/fall-protection/harnesses-belts-and-accessories/miller-h500-harness/hon-ia-ppe-sp560-rev-a-harness-h500.pdf,https://automation.honeywell.com/us/en/products/personal-protective-equipment/fall-protection/harnesses/miller-h500-harness-industry-standard-is,,,
9f3df73d-501d-4970-88b1-16c249f061f2,Miller,"H500 IS4 Full-Body Harness, Tongue Leg & Mating Chest Buckles, Back, Front, Side D-Ring(s), Steel Hardware - Size S/M",ppe,harness,"Polyester webbing, Steel hardware",OSHA 1926.502; ANSI Z359.11-2021; CSA Z259.10-2018,H5IS311121,,,22 kN (webbing/D-ring),,190.5,,,,,https://prod-edam.honeywell.com/content/dam/honeywell-edam/sps/hppe/en-us/products/fall-protection/harnesses-belts-and-accessories/miller-h500-harness/hon-ia-ppe-sp560-rev-a-harness-h500.pdf,https://automation.honeywell.com/us/en/products/personal-protective-equipment/fall-protection/harnesses/miller-h500-harness-industry-standard-is,,,
19305dfd-5654-4c7d-be32-597658ba07b5,Miller,"H500 IS4 Full-Body Harness, Tongue Leg & Mating Chest Buckles, Back, Front, Side D-Ring(s), Steel Hardware - Size UNIV",ppe,harness,"Polyester webbing, Steel hardware",OSHA 1926.502; ANSI Z359.11-2021; CSA Z259.10-2018,H5IS311122,,,22 kN (webbing/D-ring),,190.5,,,,,https://prod-edam.honeywell.com/content/dam/honeywell-edam/sps/hppe/en-us/products/fall-protection/harnesses-belts-and-accessories/miller-h500-harness/hon-ia-ppe-sp560-rev-a-harness-h500.pdf,https://automation.honeywell.com/us/en/products/personal-protective-equipment/fall-protection/harnesses/miller-h500-harness-industry-standard-is,,,
8cc673ed-0b53-4631-827a-a53c99592174,Miller,"H500 IS4 Full-Body Harness, Tongue Leg & Mating Chest Buckles, Back, Front, Side D-Ring(s), Steel Hardware - Size XXL",ppe,harness,"Polyester webbing, Steel hardware",OSHA 1926.502; ANSI Z359.11-2021; CSA Z259.10-2018,H5IS311123,,,22 kN (webbing/D-ring),,190.5,,,,,https://prod-edam.honeywell.com/content/dam/honeywell-edam/sps/hppe/en-us/products/fall-protection/harnesses-belts-and-accessories/miller-h500-harness/hon-ia-ppe-sp560-rev-a-harness-h500.pdf,https://automation.honeywell.com/us/en/products/personal-protective-equipment/fall-protection/harnesses/miller-h500-harness-industry-standard-is,,,
d28af097-3d5d-4f3d-8422-42489bd4007c,Miller,"H500 IS5P Full-Body Harness, Quick-Connect Leg & Quick-Connect Chest Buckles, Back D-Ring(s), Steel Hardware - Size S/M",ppe,harness,"Polyester webbing, Steel hardware",OSHA 1926.502; ANSI Z359.11-2021; CSA Z259.10-2018,H5ISP221001,,,22 kN (webbing/D-ring),,190.5,,,,,https://prod-edam.honeywell.com/content/dam/honeywell-edam/sps/hppe/en-us/products/fall-protection/harnesses-belts-and-accessories/miller-h500-harness/hon-ia-ppe-sp560-rev-a-harness-h500.pdf,https://automation.honeywell.com/us/en/products/personal-protective-equipment/fall-protection/harnesses/miller-h500-harness-industry-standard-is,,,
84fcca21-0093-4d20-87cc-2392bcd5156b,Miller,"H500 IS5P Full-Body Harness, Quick-Connect Leg & Quick-Connect Chest Buckles, Back D-Ring(s), Steel Hardware - Size UNIV",ppe,harness,"Polyester webbing, Steel hardware",OSHA 1926.502; ANSI Z359.11-2021; CSA Z259.10-2018,H5ISP221002,,,22 kN (webbing/D-ring),,190.5,,,,,https://prod-edam.honeywell.com/content/dam/honeywell-edam/sps/hppe/en-us/products/fall-protection/harnesses-belts-and-accessories/miller-h500-harness/hon-ia-ppe-sp560-rev-a-harness-h500.pdf,https://automation.honeywell.com/us/en/products/personal-protective-equipment/fall-protection/harnesses/miller-h500-harness-industry-standard-is,,,
2861aae0-c521-45ee-8d59-f01e79ac4b16,Miller,"H500 IS5P Full-Body Harness, Quick-Connect Leg & Quick-Connect Chest Buckles, Back D-Ring(s), Steel Hardware - Size XXL",ppe,harness,"Polyester webbing, Steel hardware",OSHA 1926.502; ANSI Z359.11-2021; CSA Z259.10-2018,H5ISP221003,,,22 kN (webbing/D-ring),,190.5,,,,,https://prod-edam.honeywell.com/content/dam/honeywell-edam/sps/hppe/en-us/products/fall-protection/harnesses-belts-and-accessories/miller-h500-harness/hon-ia-ppe-sp560-rev-a-harness-h500.pdf,https://automation.honeywell.com/us/en/products/personal-protective-equipment/fall-protection/harnesses/miller-h500-harness-industry-standard-is,,,
975dc758-c56f-487b-b37d-e428df4e46af,Miller,"H500 IS6P Full-Body Harness, Mating Leg & Mating Chest Buckles, Back D-Ring(s), Steel Hardware - Size S/M",ppe,harness,"Polyester webbing, Steel hardware",OSHA 1926.502; ANSI Z359.11-2021; CSA Z259.10-2018,H5ISP111001,,,22 kN (webbing/D-ring),,190.5,,,,,https://prod-edam.honeywell.com/content/dam/honeywell-edam/sps/hppe/en-us/products/fall-protection/harnesses-belts-and-accessories/miller-h500-harness/hon-ia-ppe-sp560-rev-a-harness-h500.pdf,https://automation.honeywell.com/us/en/products/personal-protective-equipment/fall-protection/harnesses/miller-h500-harness-industry-standard-is,,,
1b67fcc0-aec3-4219-8ae2-82915ce3e93c,Miller,"H500 IS6P Full-Body Harness, Mating Leg & Mating Chest Buckles, Back D-Ring(s), Steel Hardware - Size UNIV",ppe,harness,"Polyester webbing, Steel hardware",OSHA 1926.502; ANSI Z359.11-2021; CSA Z259.10-2018,H5ISP111002,,,22 kN (webbing/D-ring),,190.5,,,,,https://prod-edam.honeywell.com/content/dam/honeywell-edam/sps/hppe/en-us/products/fall-protection/harnesses-belts-and-accessories/miller-h500-harness/hon-ia-ppe-sp560-rev-a-harness-h500.pdf,https://automation.honeywell.com/us/en/products/personal-protective-equipment/fall-protection/harnesses/miller-h500-harness-industry-standard-is,,,
5a21b972-4079-4e04-b7d0-3585b1cfc9fe,Miller,"H500 IS6P Full-Body Harness, Mating Leg & Mating Chest Buckles, Back D-Ring(s), Steel Hardware - Size XXL",ppe,harness,"Polyester webbing, Steel hardware",OSHA 1926.502; ANSI Z359.11-2021; CSA Z259.10-2018,H5ISP111003,,,22 kN (webbing/D-ring),,190.5,,,,,https://prod-edam.honeywell.com/content/dam/honeywell-edam/sps/hppe/en-us/products/fall-protection/harnesses-belts-and-accessories/miller-h500-harness/hon-ia-ppe-sp560-rev-a-harness-h500.pdf,https://automation.honeywell.com/us/en/products/personal-protective-equipment/fall-protection/harnesses/miller-h500-harness-industry-standard-is,,,
ae9ece98-cd6e-44e6-ae7e-13a3ac84ae23,Miller,"H500 IS7P Full-Body Harness, Mating Leg & Mating Chest Buckles, Back, Side D-Ring(s), Steel Hardware - Size S/M",ppe,harness,"Polyester webbing, Steel hardware",OSHA 1926.502; ANSI Z359.11-2021; CSA Z259.10-2018,H5ISP111021,,,22 kN (webbing/D-ring),,190.5,,,,,https://prod-edam.honeywell.com/content/dam/honeywell-edam/sps/hppe/en-us/products/fall-protection/harnesses-belts-and-accessories/miller-h500-harness/hon-ia-ppe-sp560-rev-a-harness-h500.pdf,https://automation.honeywell.com/us/en/products/personal-protective-equipment/fall-protection/harnesses/miller-h500-harness-industry-standard-is,,,
ac1469c0-e29c-44f0-8eb4-e0ab6e247c76,Miller,"H500 IS7P Full-Body Harness, Mating Leg & Mating Chest Buckles, Back, Side D-Ring(s), Steel Hardware - Size UNIV",ppe,harness,"Polyester webbing, Steel hardware",OSHA 1926.502; ANSI Z359.11-2021; CSA Z259.10-2018,H5ISP111022,,,22 kN (webbing/D-ring),,190.5,,,,,https://prod-edam.honeywell.com/content/dam/honeywell-edam/sps/hppe/en-us/products/fall-protection/harnesses-belts-and-accessories/miller-h500-harness/hon-ia-ppe-sp560-rev-a-harness-h500.pdf,https://automation.honeywell.com/us/en/products/personal-protective-equipment/fall-protection/harnesses/miller-h500-harness-industry-standard-is,,,
b4406c34-1f85-42e1-b64c-77c863b31073,Miller,"H500 IS7P Full-Body Harness, Mating Leg & Mating Chest Buckles, Back, Side D-Ring(s), Steel Hardware - Size XXL",ppe,harness,"Polyester webbing, Steel hardware",OSHA 1926.502; ANSI Z359.11-2021; CSA Z259.10-2018,H5ISP111023,,,22 kN (webbing/D-ring),,190.5,,,,,https://prod-edam.honeywell.com/content/dam/honeywell-edam/sps/hppe/en-us/products/fall-protection/harnesses-belts-and-accessories/miller-h500-harness/hon-ia-ppe-sp560-rev-a-harness-h500.pdf,https://automation.honeywell.com/us/en/products/personal-protective-equipment/fall-protection/harnesses/miller-h500-harness-industry-standard-is,,,
fa47ca50-f876-43b7-98e5-39af1febbf59,Miller,"H500 IS8P Full-Body Harness, Tongue Leg & Quick-Connect Chest Buckles, Back D-Ring(s), Steel Hardware - Size S/M",ppe,harness,"Polyester webbing, Steel hardware",OSHA 1926.502; ANSI Z359.11-2021; CSA Z259.10-2018,H5ISP321001,,,22 kN (webbing/D-ring),,190.5,,,,,https://prod-edam.honeywell.com/content/dam/honeywell-edam/sps/hppe/en-us/products/fall-protection/harnesses-belts-and-accessories/miller-h500-harness/hon-ia-ppe-sp560-rev-a-harness-h500.pdf,https://automation.honeywell.com/us/en/products/personal-protective-equipment/fall-protection/harnesses/miller-h500-harness-industry-standard-is,,,
9ee0e0d2-fab5-4d96-9bb7-c165c23e103f,Miller,"H500 IS8P Full-Body Harness, Tongue Leg & Quick-Connect Chest Buckles, Back D-Ring(s), Steel Hardware - Size UNIV",ppe,harness,"Polyester webbing, Steel hardware",OSHA 1926.502; ANSI Z359.11-2021; CSA Z259.10-2018,H5ISP321002,,,22 kN (webbing/D-ring),,190.5,,,,,https://prod-edam.honeywell.com/content/dam/honeywell-edam/sps/hppe/en-us/products/fall-protection/harnesses-belts-and-accessories/miller-h500-harness/hon-ia-ppe-sp560-rev-a-harness-h500.pdf,https://automation.honeywell.com/us/en/products/personal-protective-equipment/fall-protection/harnesses/miller-h500-harness-industry-standard-is,,,
77efa83f-7852-4ae8-8ae0-9f002b67b503,Miller,"H500 IS8P Full-Body Harness, Tongue Leg & Quick-Connect Chest Buckles, Back D-Ring(s), Steel Hardware - Size XXL",ppe,harness,"Polyester webbing, Steel hardware",OSHA 1926.502; ANSI Z359.11-2021; CSA Z259.10-2018,H5ISP321003,,,22 kN (webbing/D-ring),,190.5,,,,,https://prod-edam.honeywell.com/content/dam/honeywell-edam/sps/hppe/en-us/products/fall-protection/harnesses-belts-and-accessories/miller-h500-harness/hon-ia-ppe-sp560-rev-a-harness-h500.pdf,https://automation.honeywell.com/us/en/products/personal-protective-equipment/fall-protection/harnesses/miller-h500-harness-industry-standard-is,,,
b1e9251a-af2e-46e2-930f-2ef098bc8941,Miller,"H500 IS9P Full-Body Harness, Quick-Connect Leg & Quick-Connect Chest Buckles, Back, Side D-Ring(s), Steel Hardware - Size S/M",ppe,harness,"Polyester webbing, Steel hardware",OSHA 1926.502; ANSI Z359.11-2021; CSA Z259.10-2018,H5ISP221021,,,22 kN (webbing/D-ring),,190.5,,,,,https://prod-edam.honeywell.com/content/dam/honeywell-edam/sps/hppe/en-us/products/fall-protection/harnesses-belts-and-accessories/miller-h500-harness/hon-ia-ppe-sp560-rev-a-harness-h500.pdf,https://automation.honeywell.com/us/en/products/personal-protective-equipment/fall-protection/harnesses/miller-h500-harness-industry-standard-is,,,
2a92e3a3-e095-487e-9e36-cc7d4851a63f,Miller,"H500 IS9P Full-Body Harness, Quick-Connect Leg & Quick-Connect Chest Buckles, Back, Side D-Ring(s), Steel Hardware - Size UNIV",ppe,harness,"Polyester webbing, Steel hardware",OSHA 1926.502; ANSI Z359.11-2021; CSA Z259.10-2018,H5ISP221022,,,22 kN (webbing/D-ring),,190.5,,,,,https://prod-edam.honeywell.com/content/dam/honeywell-edam/sps/hppe/en-us/products/fall-protection/harnesses-belts-and-accessories/miller-h500-harness/hon-ia-ppe-sp560-rev-a-harness-h500.pdf,https://automation.honeywell.com/us/en/products/personal-protective-equipment/fall-protection/harnesses/miller-h500-harness-industry-standard-is,,,
b59687f3-3a77-4c69-bfa6-dfcd5a280581,Miller,"H500 IS9P Full-Body Harness, Quick-Connect Leg & Quick-Connect Chest Buckles, Back, Side D-Ring(s), Steel Hardware - Size XXL",ppe,harness,"Polyester webbing, Steel hardware",OSHA 1926.502; ANSI Z359.11-2021; CSA Z259.10-2018,H5ISP221023,,,22 kN (webbing/D-ring),,190.5,,,,,https://prod-edam.honeywell.com/content/dam/honeywell-edam/sps/hppe/en-us/products/fall-protection/harnesses-belts-and-accessories/miller-h500-harness/hon-ia-ppe-sp560-rev-a-harness-h500.pdf,https://automation.honeywell.com/us/en/products/personal-protective-equipment/fall-protection/harnesses/miller-h500-harness-industry-standard-is,,,
c35d2f7a-4a18-4c94-ab3b-48357ccb77cb,Miller,"H500 IS10 Full-Body Harness, Tongue Leg & Quick-Connect Chest Buckles, Back, Front D-Ring(s), Steel Hardware - Size S/M",ppe,harness,"Polyester webbing, Steel hardware",OSHA 1926.502; ANSI Z359.11-2021; CSA Z259.10-2018,H5IS321101,,,22 kN (webbing/D-ring),,190.5,,,,,https://prod-edam.honeywell.com/content/dam/honeywell-edam/sps/hppe/en-us/products/fall-protection/harnesses-belts-and-accessories/miller-h500-harness/hon-ia-ppe-sp560-rev-a-harness-h500.pdf,https://automation.honeywell.com/us/en/products/personal-protective-equipment/fall-protection/harnesses/miller-h500-harness-industry-standard-is,,,
26f74635-ca5f-46c7-a931-bc63f50f8a3a,Miller,"H500 IS10 Full-Body Harness, Tongue Leg & Quick-Connect Chest Buckles, Back, Front D-Ring(s), Steel Hardware - Size UNIV",ppe,harness,"Polyester webbing, Steel hardware",OSHA 1926.502; ANSI Z359.11-2021; CSA Z259.10-2018,H5IS321102,,,22 kN (webbing/D-ring),,190.5,,,,,https://prod-edam.honeywell.com/content/dam/honeywell-edam/sps/hppe/en-us/products/fall-protection/harnesses-belts-and-accessories/miller-h500-harness/hon-ia-ppe-sp560-rev-a-harness-h500.pdf,https://automation.honeywell.com/us/en/products/personal-protective-equipment/fall-protection/harnesses/miller-h500-harness-industry-standard-is,,,
9a94e1a8-3326-43c6-88c5-c6230ce22438,Miller,"H500 IS10 Full-Body Harness, Tongue Leg & Quick-Connect Chest Buckles, Back, Front D-Ring(s), Steel Hardware - Size XXL",ppe,harness,"Polyester webbing, Steel hardware",OSHA 1926.502; ANSI Z359.11-2021; CSA Z259.10-2018,H5IS321103,,,22 kN (webbing/D-ring),,190.5,,,,,https://prod-edam.honeywell.com/content/dam/honeywell-edam/sps/hppe/en-us/products/fall-protection/harnesses-belts-and-accessories/miller-h500-harness/hon-ia-ppe-sp560-rev-a-harness-h500.pdf,https://automation.honeywell.com/us/en/products/personal-protective-equipment/fall-protection/harnesses/miller-h500-harness-industry-standard-is,,,
ccebbb48-9849-43df-9a75-ff2bcfea8b9f,Miller,"H500 IS11 Full-Body Harness, Tongue Leg & Quick-Connect Chest Buckles, Back, Front, Side D-Ring(s), Steel Hardware - Size S/M",ppe,harness,"Polyester webbing, Steel hardware",OSHA 1926.502; ANSI Z359.11-2021; CSA Z259.10-2018,H5IS321111,,,22 kN (webbing/D-ring),,190.5,,,,,https://prod-edam.honeywell.com/content/dam/honeywell-edam/sps/hppe/en-us/products/fall-protection/harnesses-belts-and-accessories/miller-h500-harness/hon-ia-ppe-sp560-rev-a-harness-h500.pdf,https://automation.honeywell.com/us/en/products/personal-protective-equipment/fall-protection/harnesses/miller-h500-harness-industry-standard-is,,,
e1e6a048-4aed-4e33-9c35-abad43f3f729,Miller,"H500 IS11 Full-Body Harness, Tongue Leg & Quick-Connect Chest Buckles, Back, Front, Side D-Ring(s), Steel Hardware - Size UNIV",ppe,harness,"Polyester webbing, Steel hardware",OSHA 1926.502; ANSI Z359.11-2021; CSA Z259.10-2018,H5IS321112,,,22 kN (webbing/D-ring),,190.5,,,,,https://prod-edam.honeywell.com/content/dam/honeywell-edam/sps/hppe/en-us/products/fall-protection/harnesses-belts-and-accessories/miller-h500-harness/hon-ia-ppe-sp560-rev-a-harness-h500.pdf,https://automation.honeywell.com/us/en/products/personal-protective-equipment/fall-protection/harnesses/miller-h500-harness-industry-standard-is,,,
20be0623-4caf-4aef-99ca-0999fb704008,Miller,"H500 IS11 Full-Body Harness, Tongue Leg & Quick-Connect Chest Buckles, Back, Front, Side D-Ring(s), Steel Hardware - Size XXL",ppe,harness,"Polyester webbing, Steel hardware",OSHA 1926.502; ANSI Z359.11-2021; CSA Z259.10-2018,H5IS321113,,,22 kN (webbing/D-ring),,190.5,,,,,https://prod-edam.honeywell.com/content/dam/honeywell-edam/sps/hppe/en-us/products/fall-protection/harnesses-belts-and-accessories/miller-h500-harness/hon-ia-ppe-sp560-rev-a-harness-h500.pdf,https://automation.honeywell.com/us/en/products/personal-protective-equipment/fall-protection/harnesses/miller-h500-harness-industry-standard-is,,,
5f186d58-51d3-4719-9cf7-96178f8af68b,Miller,"H700 Construction Comfort Full-Body Harness with Aluminum Hardware, 5 Points of Adjustment, Back/Front/Side D-Rings, Quick-Connect Leg & Chest Buckles - Size 3/4XL",ppe,harness,"Polyester webbing, Aluminum hardware",OSHA 1926.502; ANSI Z359.11-2021; CSA Z259.10,H7CC3A4,,,"22 kN (webbing/D-ring), 18 kN (buckle)",,190.5,,,,,https://prod-edam.honeywell.com/content/dam/honeywell-edam/sps/his/en-us/products/fall-protection/documents/miller-h700-full-body-harness-industry-comfort-ic/sps-his-hppe-fall-h700-harness-datasheet.pdf,https://us.pipglobal.com/en/products/?scID=2584&ccID=11785&pID=172977,,,
63fc4c90-c1ee-4d67-afaf-afaa3d0ac33d,Miller,"H700 Construction Comfort Full-Body Harness with Aluminum Hardware, 5 Points of Adjustment, Back/Front/Side D-Rings, Quick-Connect Leg & Chest Buckles - Size S/M",ppe,harness,"Polyester webbing, Aluminum hardware",OSHA 1926.502; ANSI Z359.11-2021; CSA Z259.10,H7CC3A1,,,"22 kN (webbing/D-ring), 18 kN (buckle)",,190.5,,,,,https://prod-edam.honeywell.com/content/dam/honeywell-edam/sps/his/en-us/products/fall-protection/documents/miller-h700-full-body-harness-industry-comfort-ic/sps-his-hppe-fall-h700-harness-datasheet.pdf,https://us.pipglobal.com/en/products/?scID=2584&ccID=11785&pID=172977,,,
1cbee664-827b-4f13-8f45-9807d58c8e94,Miller,"H700 Construction Comfort Full-Body Harness with Aluminum Hardware, 5 Points of Adjustment, Back/Front/Side D-Rings, Quick-Connect Leg & Chest Buckles - Size UNIV",ppe,harness,"Polyester webbing, Aluminum hardware",OSHA 1926.502; ANSI Z359.11-2021; CSA Z259.10,H7CC3A2,,,"22 kN (webbing/D-ring), 18 kN (buckle)",,190.5,,,,,https://prod-edam.honeywell.com/content/dam/honeywell-edam/sps/his/en-us/products/fall-protection/documents/miller-h700-full-body-harness-industry-comfort-ic/sps-his-hppe-fall-h700-harness-datasheet.pdf,https://us.pipglobal.com/en/products/?scID=2584&ccID=11785&pID=172977,,,
f08a63a6-9d05-4683-9ddf-6b9514f628d6,Miller,"H700 Construction Comfort Full-Body Harness with Aluminum Hardware, 5 Points of Adjustment, Back/Front/Side D-Rings, Quick-Connect Leg & Chest Buckles - Size XS",ppe,harness,"Polyester webbing, Aluminum hardware",OSHA 1926.502; ANSI Z359.11-2021; CSA Z259.10,H7CC3A0,,,"22 kN (webbing/D-ring), 18 kN (buckle)",,190.5,,,,,https://prod-edam.honeywell.com/content/dam/honeywell-edam/sps/his/en-us/products/fall-protection/documents/miller-h700-full-body-harness-industry-comfort-ic/sps-his-hppe-fall-h700-harness-datasheet.pdf,https://us.pipglobal.com/en/products/?scID=2584&ccID=11785&pID=172977,,,
c69c678d-0b25-4aeb-a0e3-0df1095b8116,Miller,"H700 Construction Comfort Full-Body Harness with Aluminum Hardware, 5 Points of Adjustment, Back/Front/Side D-Rings, Quick-Connect Leg & Chest Buckles - Size XXL",ppe,harness,"Polyester webbing, Aluminum hardware",OSHA 1926.502; ANSI Z359.11-2021; CSA Z259.10,H7CC3A3,,,"22 kN (webbing/D-ring), 18 kN (buckle)",,190.5,,,,,https://prod-edam.honeywell.com/content/dam/honeywell-edam/sps/his/en-us/products/fall-protection/documents/miller-h700-full-body-harness-industry-comfort-ic/sps-his-hppe-fall-h700-harness-datasheet.pdf,https://us.pipglobal.com/en/products/?scID=2584&ccID=11785&pID=172977,,,
7110dbcf-0f6a-4bcd-9422-a9514d5aa628,Miller,"H700 Construction Comfort Full-Body Harness with Aluminum Hardware, 5 Points of Adjustment, Back/Front/Side D-Rings, Tongue Leg Buckles, Quick-Connect Chest Buckle - Size 3/4XL",ppe,harness,"Polyester webbing, Aluminum hardware",OSHA 1926.502; ANSI Z359.11-2021; CSA Z259.10,H7CC1A4,,,"22 kN (webbing/D-ring), 18 kN (buckle)",,190.5,,,,,https://prod-edam.honeywell.com/content/dam/honeywell-edam/sps/his/en-us/products/fall-protection/documents/miller-h700-full-body-harness-industry-comfort-ic/sps-his-hppe-fall-h700-harness-datasheet.pdf,https://us.pipglobal.com/en/products/?scID=2584&ccID=11785&pID=172967,,,
b98977a4-04db-4bf5-9ab6-2c6295d06080,Miller,"H700 Construction Comfort Full-Body Harness with Aluminum Hardware, 5 Points of Adjustment, Back/Front/Side D-Rings, Tongue Leg Buckles, Quick-Connect Chest Buckle - Size S/M",ppe,harness,"Polyester webbing, Aluminum hardware",OSHA 1926.502; ANSI Z359.11-2021; CSA Z259.10,H7CC1A1,,,"22 kN (webbing/D-ring), 18 kN (buckle)",,190.5,,,,,https://prod-edam.honeywell.com/content/dam/honeywell-edam/sps/his/en-us/products/fall-protection/documents/miller-h700-full-body-harness-industry-comfort-ic/sps-his-hppe-fall-h700-harness-datasheet.pdf,https://us.pipglobal.com/en/products/?scID=2584&ccID=11785&pID=172967,,,
f1216769-3d59-4f5e-b346-3fef19f702b3,Miller,"H700 Construction Comfort Full-Body Harness with Aluminum Hardware, 5 Points of Adjustment, Back/Front/Side D-Rings, Tongue Leg Buckles, Quick-Connect Chest Buckle - Size UNIV",ppe,harness,"Polyester webbing, Aluminum hardware",OSHA 1926.502; ANSI Z359.11-2021; CSA Z259.10,H7CC1A2,,,"22 kN (webbing/D-ring), 18 kN (buckle)",,190.5,,,,,https://prod-edam.honeywell.com/content/dam/honeywell-edam/sps/his/en-us/products/fall-protection/documents/miller-h700-full-body-harness-industry-comfort-ic/sps-his-hppe-fall-h700-harness-datasheet.pdf,https://us.pipglobal.com/en/products/?scID=2584&ccID=11785&pID=172967,,,
fb60f258-fa4e-47ac-9d38-18af0354e725,Miller,"H700 Construction Comfort Full-Body Harness with Aluminum Hardware, 5 Points of Adjustment, Back/Front/Side D-Rings, Tongue Leg Buckles, Quick-Connect Chest Buckle - Size XS",ppe,harness,"Polyester webbing, Aluminum hardware",OSHA 1926.502; ANSI Z359.11-2021; CSA Z259.10,H7CC1A0,,,"22 kN (webbing/D-ring), 18 kN (buckle)",,190.5,,,,,https://prod-edam.honeywell.com/content/dam/honeywell-edam/sps/his/en-us/products/fall-protection/documents/miller-h700-full-body-harness-industry-comfort-ic/sps-his-hppe-fall-h700-harness-datasheet.pdf,https://us.pipglobal.com/en/products/?scID=2584&ccID=11785&pID=172967,,,
026b6899-8a57-473f-a787-d44dd5bb7abd,Miller,"H700 Construction Comfort Full-Body Harness with Aluminum Hardware, 5 Points of Adjustment, Back/Front/Side D-Rings, Tongue Leg Buckles, Quick-Connect Chest Buckle - Size XXL",ppe,harness,"Polyester webbing, Aluminum hardware",OSHA 1926.502; ANSI Z359.11-2021; CSA Z259.10,H7CC1A3,,,"22 kN (webbing/D-ring), 18 kN (buckle)",,190.5,,,,,https://prod-edam.honeywell.com/content/dam/honeywell-edam/sps/his/en-us/products/fall-protection/documents/miller-h700-full-body-harness-industry-comfort-ic/sps-his-hppe-fall-h700-harness-datasheet.pdf,https://us.pipglobal.com/en/products/?scID=2584&ccID=11785&pID=172967,,,
7bbd44b2-9ff3-4317-af21-7bb24a30adab,Miller,"H700 Construction Comfort Full-Body Harness with Aluminum Hardware, 5 Points of Adjustment, Back/Side D-Rings, Tongue Leg Buckles, Quick-Connect Chest Buckle - Size 3/4XL",ppe,harness,"Polyester webbing, Aluminum hardware",OSHA 1926.502; ANSI Z359.11-2021; CSA Z259.10,H7CC2A4,,,"22 kN (webbing/D-ring), 18 kN (buckle)",,190.5,,,,,https://prod-edam.honeywell.com/content/dam/honeywell-edam/sps/his/en-us/products/fall-protection/documents/miller-h700-full-body-harness-industry-comfort-ic/sps-his-hppe-fall-h700-harness-datasheet.pdf,https://us.pipglobal.com/en/products/?scID=2584&ccID=11785&pID=172975,,,
06bdd8f2-f88f-499f-85e9-fcec0990a5a3,Miller,"H700 Construction Comfort Full-Body Harness with Aluminum Hardware, 5 Points of Adjustment, Back/Side D-Rings, Tongue Leg Buckles, Quick-Connect Chest Buckle - Size S/M",ppe,harness,"Polyester webbing, Aluminum hardware",OSHA 1926.502; ANSI Z359.11-2021; CSA Z259.10,H7CC2A1,,,"22 kN (webbing/D-ring), 18 kN (buckle)",,190.5,,,,,https://prod-edam.honeywell.com/content/dam/honeywell-edam/sps/his/en-us/products/fall-protection/documents/miller-h700-full-body-harness-industry-comfort-ic/sps-his-hppe-fall-h700-harness-datasheet.pdf,https://us.pipglobal.com/en/products/?scID=2584&ccID=11785&pID=172975,,,
f9ddaf40-1b6d-40fc-8ae8-60160ccfb8df,Miller,"H700 Construction Comfort Full-Body Harness with Aluminum Hardware, 5 Points of Adjustment, Back/Side D-Rings, Tongue Leg Buckles, Quick-Connect Chest Buckle - Size UNIV",ppe,harness,"Polyester webbing, Aluminum hardware",OSHA 1926.502; ANSI Z359.11-2021; CSA Z259.10,H7CC2A2,,,"22 kN (webbing/D-ring), 18 kN (buckle)",,190.5,,,,,https://prod-edam.honeywell.com/content/dam/honeywell-edam/sps/his/en-us/products/fall-protection/documents/miller-h700-full-body-harness-industry-comfort-ic/sps-his-hppe-fall-h700-harness-datasheet.pdf,https://us.pipglobal.com/en/products/?scID=2584&ccID=11785&pID=172975,,,
3660d274-3186-427c-bdbc-2b9714142e76,Miller,"H700 Construction Comfort Full-Body Harness with Aluminum Hardware, 5 Points of Adjustment, Back/Side D-Rings, Tongue Leg Buckles, Quick-Connect Chest Buckle - Size XS",ppe,harness,"Polyester webbing, Aluminum hardware",OSHA 1926.502; ANSI Z359.11-2021; CSA Z259.10,H7CC2A0,,,"22 kN (webbing/D-ring), 18 kN (buckle)",,190.5,,,,,https://prod-edam.honeywell.com/content/dam/honeywell-edam/sps/his/en-us/products/fall-protection/documents/miller-h700-full-body-harness-industry-comfort-ic/sps-his-hppe-fall-h700-harness-datasheet.pdf,https://us.pipglobal.com/en/products/?scID=2584&ccID=11785&pID=172975,,,
d6be034b-ecbb-4b51-b064-efed87e25372,Miller,"H700 Construction Comfort Full-Body Harness with Aluminum Hardware, 5 Points of Adjustment, Back/Side D-Rings, Tongue Leg Buckles, Quick-Connect Chest Buckle - Size XXL",ppe,harness,"Polyester webbing, Aluminum hardware",OSHA 1926.502; ANSI Z359.11-2021; CSA Z259.10,H7CC2A3,,,"22 kN (webbing/D-ring), 18 kN (buckle)",,190.5,,,,,https://prod-edam.honeywell.com/content/dam/honeywell-edam/sps/his/en-us/products/fall-protection/documents/miller-h700-full-body-harness-industry-comfort-ic/sps-his-hppe-fall-h700-harness-datasheet.pdf,https://us.pipglobal.com/en/products/?scID=2584&ccID=11785&pID=172975,,,
04d33a20-4284-43db-9470-2c7ea6b8cabb,Miller,"H700 Premium Full-Body Harness with Lightweight Aluminum Hardware, 5 Points of Adjustment, Back D-Ring and Quick-Connect Chest & Leg Buckles - Size 2XL",ppe,harness,"Polyester webbing, Aluminum hardware",OSHA 1926.502; ANSI Z359.11-2021; CSA Z259.10,H7IC1A3,,,"22 kN (webbing/D-ring), 18 kN (buckle)",,190.5,,,,,https://prod-edam.honeywell.com/content/dam/honeywell-edam/sps/his/en-us/products/fall-protection/documents/miller-h700-full-body-harness-industry-comfort-ic/sps-his-hppe-fall-h700-harness-datasheet.pdf,https://us.pipglobal.com/en/products/?scID=2584&ccID=11785&pID=172990,,,
ba9bdcd8-bb8a-4bd6-8059-c8e3c0f3da66,Miller,"H700 Premium Full-Body Harness with Lightweight Aluminum Hardware, 5 Points of Adjustment, Back D-Ring and Quick-Connect Chest & Leg Buckles - Size 4XL",ppe,harness,"Polyester webbing, Aluminum hardware",OSHA 1926.502; ANSI Z359.11-2021; CSA Z259.10,H7IC1A4,,,"22 kN (webbing/D-ring), 18 kN (buckle)",,190.5,,,,,https://prod-edam.honeywell.com/content/dam/honeywell-edam/sps/his/en-us/products/fall-protection/documents/miller-h700-full-body-harness-industry-comfort-ic/sps-his-hppe-fall-h700-harness-datasheet.pdf,https://us.pipglobal.com/en/products/?scID=2584&ccID=11785&pID=172990,,,
38855ea4-3cbf-4c76-a887-79f2f8237fd0,Miller,"H700 Premium Full-Body Harness with Lightweight Aluminum Hardware, 5 Points of Adjustment, Back D-Ring and Quick-Connect Chest & Leg Buckles - Size L-XL",ppe,harness,"Polyester webbing, Aluminum hardware",OSHA 1926.502; ANSI Z359.11-2021; CSA Z259.10,H7IC1A2,,,"22 kN (webbing/D-ring), 18 kN (buckle)",,190.5,,,,,https://prod-edam.honeywell.com/content/dam/honeywell-edam/sps/his/en-us/products/fall-protection/documents/miller-h700-full-body-harness-industry-comfort-ic/sps-his-hppe-fall-h700-harness-datasheet.pdf,https://us.pipglobal.com/en/products/?scID=2584&ccID=11785&pID=172990,,,
275154b0-97b0-4c6f-bc08-f5bbf4ffe684,Miller,"H700 Premium Full-Body Harness with Lightweight Aluminum Hardware, 5 Points of Adjustment, Back D-Ring and Quick-Connect Chest & Leg Buckles - Size S/M",ppe,harness,"Polyester webbing, Aluminum hardware",OSHA 1926.502; ANSI Z359.11-2021; CSA Z259.10,H7IC1A1,,,"22 kN (webbing/D-ring), 18 kN (buckle)",,190.5,,,,,https://prod-edam.honeywell.com/content/dam/honeywell-edam/sps/his/en-us/products/fall-protection/documents/miller-h700-full-body-harness-industry-comfort-ic/sps-his-hppe-fall-h700-harness-datasheet.pdf,https://us.pipglobal.com/en/products/?scID=2584&ccID=11785&pID=172990,,,
144a113e-d865-4d26-906c-cf2ae61a8c47,Miller,"H700 Premium Full-Body Harness with Lightweight Aluminum Hardware, 5 Points of Adjustment, Back D-Ring and Quick-Connect Chest & Leg Buckles - Size XS",ppe,harness,"Polyester webbing, Aluminum hardware",OSHA 1926.502; ANSI Z359.11-2021; CSA Z259.10,H7IC1A0,,,"22 kN (webbing/D-ring), 18 kN (buckle)",,190.5,,,,,https://prod-edam.honeywell.com/content/dam/honeywell-edam/sps/his/en-us/products/fall-protection/documents/miller-h700-full-body-harness-industry-comfort-ic/sps-his-hppe-fall-h700-harness-datasheet.pdf,https://us.pipglobal.com/en/products/?scID=2584&ccID=11785&pID=172990,,,
e60d7a39-a0ff-4724-950a-4ab6b11454d4,Miller,"H700 Premium Full-Body Harness with Lightweight Aluminum Hardware, 5 Points of Adjustment, Back/Front D-Rings and Quick-Connect Chest & Leg Buckles - Size 2XL",ppe,harness,"Polyester webbing, Aluminum hardware",OSHA 1926.502; ANSI Z359.11-2021; CSA Z259.10,H7IC2A3,,,"22 kN (webbing/D-ring), 18 kN (buckle)",,190.5,,,,,https://prod-edam.honeywell.com/content/dam/honeywell-edam/sps/his/en-us/products/fall-protection/documents/miller-h700-full-body-harness-industry-comfort-ic/sps-his-hppe-fall-h700-harness-datasheet.pdf,https://us.pipglobal.com/en/products/?scID=2584&ccID=11785&pID=172997,,,
1b5c0de9-b179-47bd-96ef-37bea01af541,Miller,"H700 Premium Full-Body Harness with Lightweight Aluminum Hardware, 5 Points of Adjustment, Back/Front D-Rings and Quick-Connect Chest & Leg Buckles - Size 4XL",ppe,harness,"Polyester webbing, Aluminum hardware",OSHA 1926.502; ANSI Z359.11-2021; CSA Z259.10,H7IC2A4,,,"22 kN (webbing/D-ring), 18 kN (buckle)",,190.5,,,,,https://prod-edam.honeywell.com/content/dam/honeywell-edam/sps/his/en-us/products/fall-protection/documents/miller-h700-full-body-harness-industry-comfort-ic/sps-his-hppe-fall-h700-harness-datasheet.pdf,https://us.pipglobal.com/en/products/?scID=2584&ccID=11785&pID=172997,,,
136b1bc7-1d1a-459e-8853-38c0a05093ba,Miller,"H700 Premium Full-Body Harness with Lightweight Aluminum Hardware, 5 Points of Adjustment, Back/Front D-Rings and Quick-Connect Chest & Leg Buckles - Size L/XL",ppe,harness,"Polyester webbing, Aluminum hardware",OSHA 1926.502; ANSI Z359.11-2021; CSA Z259.10,H7IC2A2,,,"22 kN (webbing/D-ring), 18 kN (buckle)",,190.5,,,,,https://prod-edam.honeywell.com/content/dam/honeywell-edam/sps/his/en-us/products/fall-protection/documents/miller-h700-full-body-harness-industry-comfort-ic/sps-his-hppe-fall-h700-harness-datasheet.pdf,https://us.pipglobal.com/en/products/?scID=2584&ccID=11785&pID=172997,,,
448d9210-a08c-4276-a322-d603f8436b30,Miller,"H700 Premium Full-Body Harness with Lightweight Aluminum Hardware, 5 Points of Adjustment, Back/Front D-Rings and Quick-Connect Chest & Leg Buckles - Size S/M",ppe,harness,"Polyester webbing, Aluminum hardware",OSHA 1926.502; ANSI Z359.11-2021; CSA Z259.10,H7IC2A1,,,"22 kN (webbing/D-ring), 18 kN (buckle)",,190.5,,,,,https://prod-edam.honeywell.com/content/dam/honeywell-edam/sps/his/en-us/products/fall-protection/documents/miller-h700-full-body-harness-industry-comfort-ic/sps-his-hppe-fall-h700-harness-datasheet.pdf,https://us.pipglobal.com/en/products/?scID=2584&ccID=11785&pID=172997,,,
e220452e-0230-45cf-87ae-a9e1c2068922,Miller,"H700 Premium Full-Body Harness with Lightweight Aluminum Hardware, 5 Points of Adjustment, Back/Front D-Rings and Quick-Connect Chest & Leg Buckles - Size XS",ppe,harness,"Polyester webbing, Aluminum hardware",OSHA 1926.502; ANSI Z359.11-2021; CSA Z259.10,H7IC2A0,,,"22 kN (webbing/D-ring), 18 kN (buckle)",,190.5,,,,,https://prod-edam.honeywell.com/content/dam/honeywell-edam/sps/his/en-us/products/fall-protection/documents/miller-h700-full-body-harness-industry-comfort-ic/sps-his-hppe-fall-h700-harness-datasheet.pdf,https://us.pipglobal.com/en/products/?scID=2584&ccID=11785&pID=172997,,,
cc211735-2213-4930-96f5-7d44166eeb60,Miller,"H700 Premium Full-Body Harness with Lightweight Aluminum Hardware, 5 Points of Adjustment, Back/Front/Side D-Rings and Quick-Connect Chest & Leg Buckles - Size 2XL",ppe,harness,"Polyester webbing, Aluminum hardware",OSHA 1926.502; ANSI Z359.11-2021; CSA Z259.10,H7IC3A3,,,"22 kN (webbing/D-ring), 18 kN (buckle)",,190.5,,,,,https://prod-edam.honeywell.com/content/dam/honeywell-edam/sps/his/en-us/products/fall-protection/documents/miller-h700-full-body-harness-industry-comfort-ic/sps-his-hppe-fall-h700-harness-datasheet.pdf,https://us.pipglobal.com/en/products/?scID=2584&ccID=11785&pID=173007,,,
846bc9ae-65e4-4670-9f26-42fbac673748,Miller,"H700 Premium Full-Body Harness with Lightweight Aluminum Hardware, 5 Points of Adjustment, Back/Front/Side D-Rings and Quick-Connect Chest & Leg Buckles - Size 4XL",ppe,harness,"Polyester webbing, Aluminum hardware",OSHA 1926.502; ANSI Z359.11-2021; CSA Z259.10,H7IC3A4,,,"22 kN (webbing/D-ring), 18 kN (buckle)",,190.5,,,,,https://prod-edam.honeywell.com/content/dam/honeywell-edam/sps/his/en-us/products/fall-protection/documents/miller-h700-full-body-harness-industry-comfort-ic/sps-his-hppe-fall-h700-harness-datasheet.pdf,https://us.pipglobal.com/en/products/?scID=2584&ccID=11785&pID=173007,,,
fc6c88b7-d34e-4786-9722-60a1453d55a9,Miller,"H700 Premium Full-Body Harness with Lightweight Aluminum Hardware, 5 Points of Adjustment, Back/Front/Side D-Rings and Quick-Connect Chest & Leg Buckles - Size OS",ppe,harness,"Polyester webbing, Aluminum hardware",OSHA 1926.502; ANSI Z359.11-2021; CSA Z259.10,H7IC3A2,,,"22 kN (webbing/D-ring), 18 kN (buckle)",,190.5,,,,,https://prod-edam.honeywell.com/content/dam/honeywell-edam/sps/his/en-us/products/fall-protection/documents/miller-h700-full-body-harness-industry-comfort-ic/sps-his-hppe-fall-h700-harness-datasheet.pdf,https://us.pipglobal.com/en/products/?scID=2584&ccID=11785&pID=173007,,,
25542081-e754-4515-825d-a76d12da0b19,Miller,"H700 Premium Full-Body Harness with Lightweight Aluminum Hardware, 5 Points of Adjustment, Back/Front/Side D-Rings and Quick-Connect Chest & Leg Buckles - Size S/M",ppe,harness,"Polyester webbing, Aluminum hardware",OSHA 1926.502; ANSI Z359.11-2021; CSA Z259.10,H7IC3A1,,,"22 kN (webbing/D-ring), 18 kN (buckle)",,190.5,,,,,https://prod-edam.honeywell.com/content/dam/honeywell-edam/sps/his/en-us/products/fall-protection/documents/miller-h700-full-body-harness-industry-comfort-ic/sps-his-hppe-fall-h700-harness-datasheet.pdf,https://us.pipglobal.com/en/products/?scID=2584&ccID=11785&pID=173007,,,
e778fff3-f8ff-486f-be4a-9dbf8c8d2657,Miller,"H700 Premium Full-Body Harness with Lightweight Aluminum Hardware, 5 Points of Adjustment, Back/Front/Side D-Rings and Quick-Connect Chest & Leg Buckles - Size XS",ppe,harness,"Polyester webbing, Aluminum hardware",OSHA 1926.502; ANSI Z359.11-2021; CSA Z259.10,H7IC3A0,,,"22 kN (webbing/D-ring), 18 kN (buckle)",,190.5,,,,,https://prod-edam.honeywell.com/content/dam/honeywell-edam/sps/his/en-us/products/fall-protection/documents/miller-h700-full-body-harness-industry-comfort-ic/sps-his-hppe-fall-h700-harness-datasheet.pdf,https://us.pipglobal.com/en/products/?scID=2584&ccID=11785&pID=173007,,,
619ac0f8-e516-4d5f-ae6e-f4e4e3965531,Notch,Cargo Tool Carrier,no_ppe,Carabiners & Snaphooks,Moulded plastic,NOT PPE,99658,10,999,,10 kg per arm,,,,,,,https://notchequipment.com/cargo-tool-carrier/,,,
e716fb30-36af-4758-9456-3bab23bdc29a,Notch,CE Quickie,ppe,Carabiners & Snaphooks,Steel,"CE EN 362 Class M, ANSI Z133",99706,999,999,23 kN (major),,,,,,,https://store-byhk2npena.mybigcommerce.com/content/pdf/Quickie_CE_IFU_Booklet_9x13cm_07012024_v2%20%281%29%20%281%29.pdf,https://notchequipment.com/ce-quickie/,,,
fddb3348-2ef0-4236-98e4-17cb031f78da,Notch,Chester SRS Chest Harness,ppe,Ascenders & Descenders,Nylon webbing,,99443,10,999,,,,,,,,,https://notchequipment.com/chester-srs-chest-harness/,,,
b22c9ce5-862c-432a-b66a-72a338ec0543,Notch,Flow Adjustable Rope Wrench,ppe,Work Positioning Devices,Aluminium T6 7075 / Stainless Steel bollard,,PID17340,999,999,23 kN,,,11,13,,,https://notchequipment.com/content/pdf/FlowSquare_9292021_PRINT.pdf,https://notchequipment.com/notch-flow-adjustable-rope-wrench/,,,
a299c6ea-bbae-447b-aaf0-081c017cc4e7,Notch,Friction Savers with Aluminum Wear Safe Rings,ppe,Friction Savers,Textile / Aluminium rings,,,10,999,,,,,,,,,https://notchequipment.com/friction-savers-with-aluminum-wear-safe-rings/,,,
95ed346a-2bd6-4440-9491-441e9a1e9531,Notch,Friction Savers with Steel Rings,ppe,Friction Savers,Textile / Steel rings,,,10,999,,,,,,,,,https://notchequipment.com/friction-savers-with-steel-wear-safe-rings/,,,
cff2055a-ea32-45cc-a374-b3f5c0b4a516,Notch,Glide Rope Grab,no_ppe,Work Positioning Devices,Aluminium,ASTM F887 / CE Technical Specification No. 64055/2022,NGRG,999,999,,,,11,13,,,https://notchequipment.com/content/downloads/manuals/GlideRopeGrab_IFU_3232023_PRINT.pdf,https://notchequipment.com/glide-rope-grab/,,,
f64f0a6a-5f29-4eac-9db9-fcb1b671378a,Notch,Jet Step Foot Ascender,no_ppe,Ascenders & Descenders,Aluminium / Stainless Steel (made in USA),,41001,999,999,,152 kg,152,8,13,,,https://notchequipment.com/content/downloads/manuals/Notch%20JetStep%20Instructions-20190610.pdf,https://notchequipment.com/notch-jet-step-foot-ascender/,,,
1ee50c23-995e-4b55-9dd1-d05ef68e0bc6,Notch,Jet Step II,no_ppe,Ascenders & Descenders,Aluminium / Steel,,NJSII,999,999,,150 kg,150,8,13,,,https://store-byhk2npena.mybigcommerce.com/content/pdf/Notch_Jetstep_IFU_Rev_A%20%281%29.pdf,https://notchequipment.com/jet-step-ii/,,,
c2b320e4-5144-4627-b109-86634eefbeac,Notch,Magneato,no_ppe,Ascenders & Descenders,Aluminium 7075 / magnet,NOT for life support,64807,999,999,,,,,,,,https://store-byhk2npena.mybigcommerce.com/content/pdf/Magneato%20IFU_Booklet_9x13cm_02022024_V1.pdf,https://notchequipment.com/magneato/,,,
81060e49-7beb-4ca8-9fe4-b3975f8c4209,Notch,Modified D Steel Carabiner,ppe,Carabiners & Snaphooks,Steel,"CSA Z59.12-16, EN362-2004/B",MSDC,999,999,53 kN (major),,,,,,,https://notchequipment.com/content/pdf/Notch_Carabiner_Steel_99565_WEB.pdf,https://notchequipment.com/modified-d-steel-carabiner/,,,
01b218b7-519c-4b37-a068-579294566a57,Notch,Notch Absolute Oval Carabiner,ppe,Carabiners & Snaphooks,Aluminium,EN362:2004,54441,999,999,25 kN (major),,,,,,,https://notchequipment.com/content/downloads/manuals/Notch_Carabiner_54441_11152022.pdf,https://notchequipment.com/notch-absolute-oval-carabiner/,,,
367a3ded-5e08-4bd8-8284-df266fb2b1f9,Notch,NOTCH Locking Swivel Snap,no_ppe,Carabiners & Snaphooks,Steel,,16018,999,999,22.2 kN (5000 lbs tensile),,,,,,,,https://notchequipment.com/notch-locking-swivel-snap/,,,
2fa2097a-a9fb-4336-be73-f0ee63480c84,Notch,Notch Micro Carabiner Screw Gate,no_ppe,Carabiners & Snaphooks,Aluminium 7075,NOT for PPE,99379,999,999,4 kN,,,,,,,,https://notchequipment.com/notch-micro-carabiner-screw-gate/,,,
35b7a2fe-1a3a-49eb-a687-e58fd1ad0fd3,Notch,Notch Micro Carabiner Standard Gate,no_ppe,Carabiners & Snaphooks,Aluminium 7075,NOT for PPE,99380,999,999,4 kN,,,,,,,,https://notchequipment.com/notch-micro-carabiner-standard-gate/,,,
d36dc031-43bc-4aeb-be3f-1f99c4930107,Notch,Notch Quick Cinch Chainsaw Lanyard 17mm,no_ppe,Lanyards & Fliplines,Textile / plastic,,NQCCL-17mm,10,999,105 kg (berekend: 7 x SWL),15 kg SWL (7:1),,,,,,,https://notchequipment.com/notch-quick-cinch-chainsaw-lanyard/,,,"Breedte 17 mm. Opgeborgen 31"" (79 cm), uitgeschoven 60"" (152 cm). Gewicht 0,23 kg. Individueel genummerd. Fabrikant geeft alleen SWL bij verhouding 7:1, geen breuksterkte."
97310a9c-b139-4593-b2ff-b6a8a71b3ff6,Notch,Notch Quick Cinch Chainsaw Lanyard 25mm,no_ppe,Lanyards & Fliplines,Textile / plastic,,NQCCL-25mm,10,999,175 kg (berekend: 7 x SWL),25 kg SWL (7:1),,,,,,,https://notchequipment.com/notch-quick-cinch-chainsaw-lanyard/,,,"Breedte 25 mm. Opgeborgen 31"" (79 cm), uitgeschoven 60"" (152 cm). Gewicht 0,27 kg. Individueel genummerd. Fabrikant geeft alleen SWL bij verhouding 7:1, geen breuksterkte."
65f0ecfb-c935-4c71-afd5-cf9c77d579b3,Notch,Notch Quickie,no_ppe,Carabiners & Snaphooks,Stainless Steel,,99546,999,999,30 kN (major),,,,,,,https://store-byhk2npena.mybigcommerce.com/content/pdf/Quickie%20IFU_Booklet_8232023.pdf,https://notchequipment.com/notch-quickie/,,,
5b249942-08f0-4078-a971-babe38f221a3,Notch,Notch ROOK Positioning Lanyards,no_ppe,Lanyards & Fliplines,Multiple components (kit),,,10,,,,,,,,,https://notchequipment.com/notch-rook-positioning-lanyards/,,,,
7bf995a3-1569-4a5a-9a47-897ed823513a,Notch,Notch Rook Swivel Pulley,rigging,Micro Pulleys,Aluminium T6 (made in USA by Rock Exotica),,NRSP,999,999,28 kN,,,,13,,,https://store-byhk2npena.mybigcommerce.com/content/pdf/Rook%20EU%20instructions_111423.pdf,https://notchequipment.com/notch-rook-swivel-pulley/,,,
63c2ed02-a5a6-4b0e-9fe8-102119efc843,Notch,Oval 3600lb Carabiner,ppe,Carabiners & Snaphooks,Aluminium 7075,"ANSI Z359.12, CSA Z259.12",41458SB,999,999,29 kN (major),,,,,,,https://notchequipment.com/content/downloads/manuals/Notch_Carabiner_54441_11152022.pdf,https://notchequipment.com/oval-3600lb-carabiner/,,,
5f72ac71-7c62-4823-91e7-65dc30fa0413,Notch,RC Grapple,ppe,Work Positioning Devices,Aluminium / Stainless Steel / Polyester tether,,99803,10,999,,160 kg,160,,,,,https://store-byhk2npena.mybigcommerce.com/content/pdf/Notch_RC_Grapple_Hook_IFU_05142024.pdf,https://notchequipment.com/rc-grapple/,,,
72036d49-32b0-4409-bc63-3424c26d7420,Notch,Rope Runner Pro,ppe,Ascenders & Descenders,Aluminium / Stainless Steel,CE (EU) 2016/425,,999,999,,140 kg,140,11,13,close to date,,,https://www.google.com/url?sa=t&source=web&rct=j&opi=89978449&url=https://notchequipment.com/content/downloads/manuals/NotchRopeRunnerInstructions_100720.pdf&ved=2ahUKEwiWqdO6mPaVAxU1-gIHHUWRD0QQFnoECA0QAQ&usg=AOvVaw2ULb05p-4TbnFA2HItk0u8,,,
1ccecd76-67fd-422e-9d81-25742c5c00bc,Notch,Rope Runner Vertec,ppe,Ascenders & Descenders,Aluminium / Stainless Steel,CE (EU) 2016/425,99703,999,999,,130 kg,130,11,12.9,,,https://store-byhk2npena.mybigcommerce.com/content/pdf/NotchRopeRunnerVertec_RevA.pdf,https://notchequipment.com/rope-runner-vertec/,,,
f10b5804-703e-47c6-85c6-213dfc0655e6,Notch,Roperunner pro,ppe,Ascenders & Descenders,,ANSI Z133-2012,,,999,,,140,11,13,close to date,,https://www.google.com/url?sa=t&source=web&rct=j&opi=89978449&url=https://notchequipment.com/content/downloads/manuals/NotchRopeRunnerInstructions_100720.pdf&ved=2ahUKEwi16t61kfaVAxWr7LsIHfyXCR8QFnoECA0QAQ&usg=AOvVaw2ULb05p-4TbnFA2HItk0u8,,,,
46215a1a-c2d9-46f8-9bfe-54ac4411e40c,Notch,Swinger,no_ppe,Carabiners & Snaphooks,Aluminium / Stainless Steel,NOT PPE,64350,999,999,,20 kg,,,,,,,https://notchequipment.com/swinger/,,,
ab5bc852-5bff-416e-aa56-25dbb373da66,Notch,Thirty Three Micro Pulley,rigging,Micro Pulleys,Aluminium / Stainless Steel axle,,100053,999,999,33 kN,,,,12.9,,,,https://notchequipment.com/notch-thirty-three-micro-pulley/,,,
136bf956-9144-435a-9f98-79de2f7e7644,Notch,Treemaster Adjustable Friction Saver with Wear Safe Rings,ppe,Friction Savers,1/2 Treemaster / Wear Safe rings,,,10,999,,,,,,,,,https://notchequipment.com/rope-logics-steel-ring-adjustable-friction-saver-with-1-2-treemaster/,,,
50c4205d-af85-4e60-964e-3095ead40e51,Notch,Treemaster Friction Saver with Wear Safe Rings,ppe,Friction Savers,1/2 Treemaster / Wear Safe rings,,,10,999,,,,,,,,,https://notchequipment.com/rope-logics-steel-ring-friction-saver-with-1-2-treemaster/,,,
6ed35d1d-4331-4817-9400-0607608dbb1c,Notch,Triple Action Snaphook,ppe,Carabiners & Snaphooks,Aluminium,"CE EN362, ANSI Z133",54650BT,999,999,30 kN (major),,,,,,,https://store-byhk2npena.mybigcommerce.com/content/pdf/TA_Snaphook%20IFU_Booklet_9x13cm_Rev%20A.pdf,https://notchequipment.com/triple-action-snaphook/,,,
bce13626-73b9-4454-9ad9-5cebd02aed43,Notch,Wear Safe Aluminum Friction Rings,ppe,Friction Savers,Aluminium,,,999,999,,,,,,,,,https://notchequipment.com/aluminum-wear-safe-friction-rings/,,,
c4aa55e2-ab34-4202-9d62-0295933e9fcf,Notch,Wear Safe Steel Friction Rings,ppe,Friction Savers,Steel,,,999,999,,,,,,,,,https://notchequipment.com/notch-wear-safe-steel-friction-rings/,,,
c2280b7c-2f36-4b9b-8cd5-16425a104f2c,Petzl,ABSORBICA-I VARIO,ppe,Energy absorbers,"Polyester, nylon, aluminium","CE EN 355, EAC, ANSI Z359.13",L016AB00,,,,,140,,,,,,https://www.petzl.com/INT/en/Professional/Lanyards-and-energy-absorbers/ABSORBICA-I-VARIO,,,
d82aaa43-0cda-4cca-a879-f01e4838dcb9,Petzl,Am'D,ppe,Connectors,Aluminium,"CE EN 12275, CE EN 362, NFPA 2500 Technical Use, GB/T 23469 / B, UIAA, EAC",M34A / M34AB,,999,27 kN,,,,,,,https://www.petzl.com/sfc/servlet.shepherd/version/download/068Tx000009q1ZBIAY,https://www.petzl.com/NL/en/Professional/Connectors/Am-D,,,
0a1fa33b-4396-4b21-9c16-6e1113077e96,Petzl,Am'D BALL-LOCK,ppe,Connectors,Aluminium,"CE EN 12275, CE EN 362, NFPA 2500 Technical Use, GB/T 23469 / B, UIAA, EAC",M34A BL / M34AB BL,,999,27 kN,,,,,,,https://www.petzl.com/sfc/servlet.shepherd/version/download/068Tx000009q1ZBIAY,https://www.petzl.com/NL/en/Professional/Connectors/Am-D-BALL-LOCK,,,
e7944ff7-479a-4c9c-99f2-41f02887e69b,Petzl,Am'D PIN-LOCK,ppe,Connectors,Aluminium,"CE EN 12275, CE EN 362, NFPA 2500 Technical Use, GB/T 23469 / B, UIAA, EAC",M34A PL / M34AB PL,,999,27 kN,,,,,,,https://www.petzl.com/sfc/servlet.shepherd/version/download/068Tx000009q1ZBIAY,https://www.petzl.com/NL/en/Professional/Connectors/Am-D-PIN-LOCK,,,
bf75a33e-3ef9-4c35-9e4a-a86fd8b7cc11,Petzl,Am'D SCREW-LOCK,ppe,Connectors,Aluminium,"CE EN 12275, CE EN 362, NFPA 2500 Technical Use, GB/T 23469 / B, UIAA, EAC",M34A SL / M34AB SL,,999,27 kN,,,,,,,https://www.petzl.com/sfc/servlet.shepherd/version/download/068Tx000009q1ZBIAY,https://www.petzl.com/NL/en/Professional/Connectors/Am-D-SCREW-LOCK,,,
2fa36faa-4c2d-4c8a-9c25-1154bb398464,Petzl,Am'D TRIACT-LOCK,ppe,Connectors,Aluminium,"CE EN 12275, CE EN 362, NFPA 2500 Technical Use, GB/T 23469 / B, UIAA, EAC",M34A TL / M34AB TL,,999,27 kN,,,,,,,https://www.petzl.com/sfc/servlet.shepherd/version/download/068Tx000009q1ZBIAY,https://www.petzl.com/NL/en/Professional/Connectors/Am-D-TRIACT-LOCK,,,
db0da47d-2620-4087-bfcb-8e8f30c6a638,Petzl,ASAP,ppe,Mobile fall arresters,"Aluminium, stainless steel","CE EN 12841 type A, CE EN 353-2, EAC",B070AA00,,,,,,10,13,,,,https://www.petzl.com/INT/en/Professional/Mobile-fall-arresters/ASAP,,,
0d7eb907-274b-4ee5-a904-ba40cda72a2a,Petzl,ASAP LOCK,ppe,Mobile fall arresters,"Aluminium, stainless steel","CE EN 12841 type A, CE EN 353-2, EAC",B071BA00,,,,,,10,13,,,,https://www.petzl.com/INT/en/Professional/Mobile-fall-arresters/ASAP-LOCK,,,
1e747012-4012-4e4f-b0ba-17c086d5fa7b,Petzl,ASCENSION Left,ppe,Rope clamps,"Aluminium, stainless steel, plastic","CE EN 567, CE EN 12841 type B, EAC, NFPA 1983 Technical Use",B17ALA,,,,,,8,13,,,https://www.petzl.com/sfc/servlet.shepherd/version/download/068Tx00000KzbaDIAR,https://www.petzl.com/INT/en/Professional/Rope-clamps/ASCENSION,,,
1a8b9650-065c-4af6-89f7-e1b678d1fd1d,Petzl,ASCENSION Right,ppe,Rope clamps,"Aluminium, stainless steel, plastic","CE EN 567, CE EN 12841 type B, EAC, NFPA 1983 Technical Use",B17ARA,,,,,,8,13,,,https://www.petzl.com/sfc/servlet.shepherd/version/download/068Tx00000KzbaDIAR,https://www.petzl.com/INT/en/Professional/Rope-clamps/ASCENSION,,,
88c6b6dd-805b-4333-bc3d-d3f2f43ccfa8,Petzl,ASCENTREE,ppe,Rope clamps,Aluminium / Steel / Plastic / Rubber / Nylon,CE,B19AAA,,999,,,,8,13,,,https://www.petzl.com/sfc/servlet.shepherd/version/download/068Tx00000Kj2GmIAJ,https://www.petzl.com/NL/en/Professional/Rope-clamps/ASCENTREE,,,
e79a7783-80bb-4b7f-9960-2e6e33ee18df,Petzl,ASTRO BOD FAST,ppe,Harnesses,"Nylon, polyester","CE EN 361, CE EN 358, CE EN 813, CE EN 12841 type B, EAC",C083AA00 / C083AA01 / C083AA02,,10,,,,,,Label inside waistbelt,,,https://www.petzl.com/INT/en/Professional/Harnesses/ASTRO,https://www.petzl.com/INT/en/Professional/safety-alerts/2026-2-23/ASTRO-and-CANYON-GUIDE-harness-safety-alert--Replacement-of-the-ventral-D-ring,,
ea62583f-b7b1-4ef3-8fdc-f067614f3093,Petzl,AVAO European Version,ppe,Harnesses,"Nylon, polyester, aluminum, steel","CE EN 361, CE EN 813, CE EN 358",C071AB00 / C071AB01 / C071AB02,,10,,,,,,,,https://www.petzl.com/sfc/servlet.shepherd/version/download/068Tx000008sHXBIA2,https://www.petzl.com/NL/en/Professional/Harnesses/AVAO-European-Version,,,
b23b2899-4461-4e65-bd49-e353e4c60089,Petzl,AVAO FAST European Version,ppe,Harnesses,"Nylon, polyester, aluminum, steel","CE EN 361, CE EN 813, CE EN 358",C071BB00 / C071BB01 / C071BB02,,10,,,,,,,,https://www.petzl.com/sfc/servlet.shepherd/version/download/068Tx000008sHXBIA2,https://www.petzl.com/NL/en/Professional/Harnesses/AVAO-FAST-European-Version,,,
992e7669-5357-4241-9370-7c0d3e54fc12,Petzl,AVAO FAST International Version,ppe,Harnesses,"Nylon, polyester, aluminum, steel","CE EN 361, CE EN 813, CE EN 358, ANSI Z359.11, ANSI Z459.1, CSA Z259.10, NFPA 2500 class 3, GB 6095",C071DB00 / C071DB01 / C071DB02,,10,,,,,,,,https://www.petzl.com/sfc/servlet.shepherd/version/download/068Tx000008sMgWIAU,https://www.petzl.com/NL/en/Professional/Harnesses/AVAO-FAST-International-Version,,,
cf49353a-154d-4cae-8915-8259e11db6aa,Petzl,AVAO International Version,ppe,Harnesses,"Nylon, polyester, aluminum, steel","CE EN 361, CE EN 813, CE EN 358, ANSI Z359.11, ANSI Z459.1, CSA Z259.10, NFPA 2500 class 3, GB 6095",C071CB00 / C071CB01 / C071CB02,,10,,,,,,,,https://www.petzl.com/sfc/servlet.shepherd/version/download/068Tx000008sMgWIAU,https://www.petzl.com/NL/en/Professional/Harnesses/AVAO-International-Version,,,
0a8b7bd9-0606-4902-9d66-4f9a7d6757e3,Petzl,AVAO SIT,ppe,Harnesses,"Nylon, polyester, aluminum, steel","CE EN 813, CE EN 358",C079AB00 / C079AB01 / C079AB02,,10,,,,,,,,https://www.petzl.com/sfc/servlet.shepherd/version/download/068Tx000008Dp89IAC,https://www.petzl.com/NL/en/Professional/Harnesses/AVAO-SIT,,,
1f490783-e9ae-4595-befe-2dfbd940989f,Petzl,AVAO SIT FAST,ppe,Harnesses,"Nylon, polyester, aluminum, steel","CE EN 813, CE EN 358",C079BB00 / C079BB01 / C079BB02,,10,,,,,,,,https://www.petzl.com/sfc/servlet.shepherd/version/download/068Tx000008Dp89IAC,https://www.petzl.com/NL/en/Professional/Harnesses/AVAO-SIT-FAST,,,
968d2b4d-7620-4cc8-b832-20bb4299de0f,Petzl,AXIS 11mm 5m Blue,ppe,Ropes,Nylon,"CE EN 1891 type A, EAC, NFPA 2500 Technical Use",L38005B,,,,,,,,,,,https://www.petzl.com/INT/en/Professional/Ropes/AXIS-11-mm,,,
05b2bb73-8924-4db3-ab6e-78a2c3240951,Petzl,AXIS 11mm 5m Orange,ppe,Ropes,Nylon,"CE EN 1891 type A, EAC, NFPA 2500 Technical Use",L38005O,,,,,,,,,,,https://www.petzl.com/INT/en/Professional/Ropes/AXIS-11-mm,,,
360b165d-841c-4098-9106-d5fd2be6c37e,Petzl,AXIS 11mm 5m Red,ppe,Ropes,Nylon,"CE EN 1891 type A, EAC, NFPA 2500 Technical Use",L38005R,,,,,,,,,,,https://www.petzl.com/INT/en/Professional/Ropes/AXIS-11-mm,,,
bd5d94cf-46d0-4f47-97bf-0af5c33a5d38,Petzl,AXIS 11mm 5m Yellow,ppe,Ropes,Nylon,"CE EN 1891 type A, EAC, NFPA 2500 Technical Use",L38005J,,,,,,,,,,,https://www.petzl.com/INT/en/Professional/Ropes/AXIS-11-mm,,,
16608b0a-d3fc-46fc-b865-7d8b26f6cdca,Petzl,BASIC,ppe,Rope clamps,Aluminium / Steel / Nylon,"CE EN 567, CE EN 12841 type B, EAC",B18BAA,,999,,,,8,11,,,https://www.petzl.com/sfc/servlet.shepherd/version/download/068bK00000lgcHBQAY,https://www.petzl.com/NL/en/Professional/Rope-clamps/BASIC,,,
44d0124c-56d6-4c29-ad20-d4d3a537eb6d,Petzl,CHICANE,ppe,Descenders (tree care),Aluminium / Steel / Nylon,CE,D022CA00,,999,,,,11.5,13,,,https://www.petzl.com/sfc/servlet.shepherd/version/download/068Tx00000HonOkIAJ,https://www.petzl.com/NL/en/Professional/Descenders/CHICANE,,,
2d80e0af-3500-4353-b706-3823595c1b91,Petzl,CROLL L,ppe,Rope clamps,Aluminium / Steel / Nylon,"CE EN 567, CE EN 12841 type B, EAC, NFPA 2500 Technical Use",B016AA00,,999,,,,10,13,,,https://www.petzl.com/sfc/servlet.shepherd/version/download/068Tx00000QMFRHIA5,https://www.petzl.com/NL/en/Professional/Rope-clamps/CROLL,,,
a192fe2b-e938-4604-ab95-d285137678e5,Petzl,CROLL S,ppe,Rope clamps,Aluminium / Steel / Nylon,"CE EN 567, CE EN 12841 type B, EAC, NFPA 2500 Technical Use",B16BAA,,999,,,,8,11,,,https://www.petzl.com/sfc/servlet.shepherd/version/download/068Tx00000QMFRHIA5,https://www.petzl.com/NL/en/Professional/Rope-clamps/CROLL,,,
eee5e582-1abc-403e-9d52-651f5dd26799,Petzl,DELTA,ppe,Connectors,Steel,"CE EN 362 type Q, CE EN 12275",P11 / P11 8 / P11 8B / P11 8BN,,999,27–45 kN,,,,,,,https://www.petzl.com/sfc/servlet.shepherd/version/download/068Tx0000064IUQIA2,https://www.petzl.com/NL/en/Professional/Connectors/DELTA,,,
42af087c-206c-4ec4-ac44-b36685804265,Petzl,EASHOOK,ppe,Connectors,Aluminium,"CE EN 362, CE EN 12275, GB/T 23469/A and T, EAC",M043BA00 / M043BA01,,999,25 kN,,,,,,,https://www.petzl.com/sfc/servlet.shepherd/version/download/068Tx00000HbN3uIAF,https://www.petzl.com/NL/en/Professional/Connectors/EASHOOK,,,
d1b2d07b-5f46-456f-a2e2-6b0875b50516,Petzl,EASHOOK OPEN,ppe,Connectors,Aluminium,"CE EN 362, CE EN 12275, GB/T 23469/A and T, EAC",M043AA00 / M043AA01,,999,25 kN,,,,,,,https://www.petzl.com/sfc/servlet.shepherd/version/download/068Tx00000HbN3uIAF,https://www.petzl.com/NL/en/Professional/Connectors/EASHOOK-OPEN,,,
efc02937-8ece-4ff0-b819-a3ec58b3bbb4,Petzl,EJECT,ppe,Anchors / Rigging,"Aluminium, nylon, polyester","CE EN 795 B, CE EN 12278, EAC",P071,,,,,,11,13,,,,https://www.petzl.com/US/en/Professional/Anchors/EJECT,,,
3cddbbc4-9d8c-4e22-af3f-4f90f9a973cf,Petzl,FIXE,ppe,Pulleys,Aluminium / Steel,"CE EN 12278, UIAA",P006AA00 / P006AA01,,999,23 kN,5 kN,,6,13,,,https://www.petzl.com/sfc/servlet.shepherd/version/download/068Tx00000K6TmzIAF,https://www.petzl.com/NL/en/Professional/Pulleys/FIXE,,,
a59810e4-0ad9-449a-90ac-b7177a2aa36a,Petzl,FREINO Z,ppe,Connectors,Aluminium,"CE EN 362, CE EN 12275, EAC, NFPA 2500 Technical Use, GB/T 23469 / B",M042BA00,,999,23 kN,,,,,,,https://www.petzl.com/sfc/servlet.shepherd/version/download/068Tx00000KqWDCIA3,https://www.petzl.com/NL/en/Professional/Connectors/FREINO-Z,,,
2c7c9044-756a-4971-ba3e-f320ad0880a0,Petzl,GO,ppe,Connectors,Steel,"CE EN 362 type Q, GB/T 23469-Q",P15,,999,25 kN,,,,,,,https://www.petzl.com/sfc/servlet.shepherd/version/download/068Tx0000064IUQIA2,https://www.petzl.com/NL/en/Professional/Connectors/GO,,,
8283edcb-db4a-4c63-85d9-12e181625a3c,Petzl,GRIGRI,ppe,Belay devices,"Aluminium, stainless steel, nylon",,D100,,,,,,8.5,11,,,,https://www.petzl.com/US/en/Sport/Belay-Devices-And-Descenders/GRIGRI,,,
3fa8abc5-d408-4a3f-b438-b23f235d0634,Petzl,GRILLON (rope clamp body),ppe,Rope clamps,"Aluminium, nylon","CE EN 567, CE EN 12841 type C, EAC",L052,,,,,,,,,,,https://www.petzl.com/US/en/Professional/Lanyards-and-energy-absorbers/GRILLON,,,
d7af2f9e-c0df-4d13-84c0-dd50f4874551,Petzl,GRILLON 2m,ppe,Positioning lanyards,"Nylon, aluminium","CE EN 358, CE EN 12841 type C, EAC, ANSI Z359.3",L052AA00,,,,,,,,,,,https://www.petzl.com/US/en/Professional/Lanyards-and-energy-absorbers/GRILLON,,,
5f5611c2-08b2-4c44-87d6-3c262b2e8ca4,Petzl,GRILLON 3m,ppe,Positioning lanyards,"Nylon, aluminium","CE EN 358, CE EN 12841 type C, EAC, ANSI Z359.3",L052AA01,,,,,,,,,,,https://www.petzl.com/US/en/Professional/Lanyards-and-energy-absorbers/GRILLON,,,
e6eb4f23-26b1-4f9f-850e-db668b748632,Petzl,GRILLON 5m,ppe,Positioning lanyards,"Nylon, aluminium","CE EN 358, CE EN 12841 type C, EAC, ANSI Z359.3",L052AA03,,,,,,,,,,,https://www.petzl.com/US/en/Professional/Lanyards-and-energy-absorbers/GRILLON,,,
fdc6ce05-513f-40a9-9522-d3e1615b193c,Petzl,GRILLON HOOK 2m,ppe,Positioning lanyards,"Nylon, aluminium","CE EN 358, CE EN 12841 type C, EAC, ANSI Z359.3",L052CA00,,,,,,,,,,,https://www.petzl.com/INT/en/Professional/Lanyards-and-energy-absorbers/GRILLON-HOOK-European-version,,,
b283cb00-d65b-4f85-9077-c072b79f3bf7,Petzl,GRILLON HOOK 3m,ppe,Positioning lanyards,"Nylon, aluminium","CE EN 358, CE EN 12841 type C, EAC, ANSI Z359.3",L052CA01,,,,,,,,,,,https://www.petzl.com/INT/en/Professional/Lanyards-and-energy-absorbers/GRILLON-HOOK-European-version,,,
29127be8-b31f-4395-ae9c-9c3e791bade3,Petzl,GRILLON HOOK 5m,ppe,Positioning lanyards,"Nylon, aluminium","CE EN 358, CE EN 12841 type C, EAC, ANSI Z359.3",L052CA03,,,,,,,,,,,https://www.petzl.com/INT/en/Professional/Lanyards-and-energy-absorbers/GRILLON-HOOK-European-version,,,
2f7482a8-70bb-4fe4-af88-9594d80231b2,Petzl,I'D EVAC,ppe,Descenders,Aluminium / Steel / Nylon,"CE EN 341 type 2 class A, CE EN 12841 type C, ANSI Z459.1, ANSI Z359.9/3, NFPA 2500 Technical Use, EAC",D020CA00 / D020CA01,,999,,,,10,11.5,,,https://www.petzl.com/sfc/servlet.shepherd/version/download/068Tx000006ht4EIAQ,https://www.petzl.com/NL/en/Professional/Descenders/I-D-EVAC,,,
21c37f95-8c56-4010-8f96-e9e101b589e9,Petzl,I'D L,ppe,Descenders,Aluminium / Steel / Nylon,"CE EN 341 type 2 class A, CE EN 12841 type C, ANSI Z359.9/3, NFPA 2500 General Use, EAC",D020BA00 / D020BA01,,999,,,,12.5,13,,,https://www.petzl.com/sfc/servlet.shepherd/version/download/068Tx00000D7GmzIAF,https://www.petzl.com/NL/en/Professional/Descenders/I-D-L,,,
75873cd1-b699-4a8a-9973-92b3b90bc0ad,Petzl,I'D S,ppe,Descenders,Aluminium / Steel / Nylon,"CE EN 341 type 2 class A, CE EN 12841 type C, CE EN 15151-1, ANSI Z359.9, NFPA 2500 General Use",D020AA00 / D020AA01,,999,,,,10,11.5,,,https://www.petzl.com/sfc/servlet.shepherd/version/download/068bK00000iezGUQAY,https://www.petzl.com/NL/en/Professional/Descenders/I-D-S,,,
787c37a4-41e9-4af4-baae-0815a427cfba,Petzl,JAG,ppe,Pulleys,Aluminium / Nylon,"CE EN 12278, CE EN 567, NFPA 2500 Technical Use, UKCA",P45,,999,16 kN,6 kN,,8,11,,,https://www.petzl.com/sfc/servlet.shepherd/version/download/068Tx00000NHDreIAH,https://www.petzl.com/NL/en/Professional/Pulleys/JAG,,,
515200a5-cff3-4fb8-a5f2-1b291f709cf5,Petzl,JAG SYSTEM,ppe,Pulleys,Aluminium / Nylon / Polyurethane,"CE EN 358, EAC, NFPA 2500 Technical Use",P044AA00 / P044AA01 / P044AA02,,10,16 kN,6 kN,,8,8,,,https://www.petzl.com/sfc/servlet.shepherd/version/download/068Tx00000NHDreIAH,https://www.petzl.com/NL/en/Professional/Pulleys/JAG-SYSTEM,,,
645cd1d3-600a-44c5-bdd9-f9b21f088136,Petzl,JAG TRAXION,ppe,Pulleys,Aluminium / Nylon,"CE EN 567, CE EN 12278, NFPA 2500 Technical Use, UKCA",P54,,999,16 kN,6 kN,,8,11,,,https://www.petzl.com/sfc/servlet.shepherd/version/download/068Tx00000NHDreIAH,https://www.petzl.com/NL/en/Professional/Pulleys/JAG-TRAXION,,,
e45e5c6d-c50b-436c-bdae-071a5eba1f8c,Petzl,JANE-I 60cm,ppe,Fall arrest lanyards,Nylon,"CE EN 354, CE EN 358, EAC",PL050AA00,,,22 kN,,,,,Plastic sheath,,,https://www.petzl.com/INT/en/Professional/Lanyards-and-energy-absorbers/JANE-I,,,
7213ab1f-a2c7-49e9-8872-5e5af0179c26,Petzl,JANE-I 100cm,ppe,Fall arrest lanyards,Nylon,"CE EN 354, CE EN 358, EAC",PL050AA01,,,22 kN,,,,,Plastic sheath,,,https://www.petzl.com/INT/en/Professional/Lanyards-and-energy-absorbers/JANE-I,,,
da2bb6c1-376c-41c4-a51a-287b950b61b8,Petzl,JANE-I 150cm,ppe,Fall arrest lanyards,Nylon,"CE EN 354, CE EN 358, EAC",PL050AA02,,,22 kN,,,,,Plastic sheath,,,https://www.petzl.com/INT/en/Professional/Lanyards-and-energy-absorbers/JANE-I,,,
8fb29491-ec5e-4c2f-8963-a3c09eff96d0,Petzl,KNEE ASCENT Kit,no_ppe,Rope clamps,Aluminium / Steel / Textile / Elastomer,,B022AA00,,999,,,,,,,,https://www.petzl.com/sfc/servlet.shepherd/version/download/068bK00000kEJusQAG,https://www.petzl.com/NL/en/Professional/Rope-clamps/KNEE-ASCENT-Kit,,,
1c4fe91e-be0c-4e45-a644-0624056f25ad,Petzl,KNEE ASCENT Mounting Kit,no_ppe,Rope clamps,Plastic / Textile,,B022EA00,,10,,,,,,,,https://www.petzl.com/sfc/servlet.shepherd/version/download/068bK00000kEJusQAG,https://www.petzl.com/NL/en/Professional/Rope-clamps/KNEE-ASCENT-Mounting-Kit,,,
eaad74fc-657e-42f8-8e85-7128a5eafda0,Petzl,KNEE GRAB,no_ppe,Rope clamps,Aluminium / Steel / Textile,,B022BA00,,999,,,,,,,,https://www.petzl.com/sfc/servlet.shepherd/version/download/068bK00000kE1UsQAK,https://www.petzl.com/NL/en/Professional/Rope-clamps/KNEE-GRAB,,,
04f22f87-915a-4cf8-a74e-d8a9a5318736,Petzl,KOOTENAY,ppe,Pulleys,Aluminium / Steel,"CE EN 12278, UKCA",P67,,999,,10 kN,,8,19,,,https://www.petzl.com/sfc/servlet.shepherd/version/download/068Tx00000EodPsIAJ,https://www.petzl.com/NL/en/Professional/Pulleys/KOOTENAY,,,
c48b2370-52f1-4288-aedd-41064d4b74d6,Petzl,MAESTRO L,ppe,Descenders,Aluminium / Steel / Nylon,"CE EN 12841 type C, CE EN 341, NFPA 2500 General Use",D024BA00,,999,36 kN,,,12.5,13,,,https://www.petzl.com/sfc/servlet.shepherd/version/download/068bK00000r4gmvQAA,https://www.petzl.com/NL/en/Professional/Descenders/MAESTRO-L,,,
828bc72f-fffd-455d-8634-d8427115651a,Petzl,MAESTRO S,ppe,Descenders,Aluminium / Steel / Nylon,"CE EN 12841 type C, CE EN 341, NFPA 2500 General Use, ANSI Z359.9, ANSI Z459.1",D024AB00,,999,36 kN,,,10.5,11.5,,,https://www.petzl.com/sfc/servlet.shepherd/version/download/068bK00000r4gmvQAA,https://www.petzl.com/NL/en/Professional/Descenders/MAESTRO-S,,,
da11caeb-fc0c-465b-aa3d-c55bad59a5b5,Petzl,MGO OPEN 60,ppe,Connectors,Aluminium,"CE EN 362, EAC, GB/T 23469/A and T",MGOO 60,,999,23 kN,,,,,,,https://www.petzl.com/sfc/servlet.shepherd/version/download/0685I000001zBlQQAU,https://www.petzl.com/NL/en/Professional/Connectors/MGO-OPEN,,,
6daea963-7156-46ef-945b-787d2cf70033,Petzl,MGO OPEN 110,ppe,Connectors,Aluminium,"CE EN 362, EAC, GB/T 23469/A and T",M080AA00,,999,23 kN,,,,,,,https://www.petzl.com/sfc/servlet.shepherd/version/download/068Tx00000GkYTiIAN,https://www.petzl.com/NL/en/Professional/Connectors/MGO-OPEN,,,
5e38f2ce-64bd-46a1-999e-9ce4531f8242,Petzl,MICRO SWIVEL,ppe,Anchors / Rigging,"Aluminium, plastic","CE, EAC",P58 XSO,,,23 kN,,,,,,,,https://www.petzl.com/US/en/Professional/Anchors/MICRO-SWIVEL,,,
429a4cd9-82c6-4532-91b3-f92879fa295f,Petzl,MICROFLIP 2.5m,ppe,Fliplines,"Steel, aluminium, polyester","CE EN 358, EAC",L33 025,,,,,,,,,,,https://www.petzl.com/US/en/Professional/Lanyards-and-energy-absorbers/MICROFLIP,,,
db4daed1-e940-4188-baaa-425fc1b71dfa,Petzl,MICROFLIP 4m,ppe,Fliplines,"Steel, aluminium, polyester","CE EN 358, EAC",L33 040,,,,,,,,,,,https://www.petzl.com/US/en/Professional/Lanyards-and-energy-absorbers/MICROFLIP,,,
9ebf7225-1ac0-4eec-af47-554b55dc2591,Petzl,MICROFLIP 5.5m,ppe,Fliplines,"Steel, aluminium, polyester","CE EN 358, EAC",L33 055,,,,,,,,,,,https://www.petzl.com/US/en/Professional/Lanyards-and-energy-absorbers/MICROFLIP,,,
03d590b8-940b-412d-a3e0-772cab1b7908,Petzl,MICROGRAB,ppe,Rope clamps,Aluminium,"CE EN 358, CE EN 567, EAC",B53A,,,,,,10,13,,,,https://www.petzl.com/US/en/Professional/Lanyards-and-energy-absorbers/MICROGRAB,,,
5919b4ba-e5ff-420f-876e-7706a8686aa0,Petzl,MINDER L1,ppe,Pulleys,Aluminium / Steel,"CE EN 12278, NFPA General Use",P060CA00,,999,36 kN,8 kN,,6,13,,,https://www.petzl.com/sfc/servlet.shepherd/version/download/068Tx00000K6TmzIAF,https://www.petzl.com/NL/en/Professional/Pulleys/MINDER-L1,,,
13e69b2f-1fd0-4ec3-845d-3d05d338a211,Petzl,MINDER L2,ppe,Pulleys,Aluminium / Steel,"CE EN 12278, NFPA General Use",P060DA00,,999,40 kN,12 kN,,6,13,,,https://www.petzl.com/sfc/servlet.shepherd/version/download/068Tx00000K6TmzIAF,https://www.petzl.com/NL/en/Professional/Pulleys/MINDER-L2,,,
5b1cefa5-cb3f-4277-9be9-4030d843e6c9,Petzl,MINDER S1,ppe,Pulleys,Aluminium / Steel,"CE EN 12278, NFPA Technical Use, UIAA",P060AA00,,999,23 kN,5 kN,,6,11,,,https://www.petzl.com/sfc/servlet.shepherd/version/download/068Tx00000K6TmzIAF,https://www.petzl.com/NL/en/Professional/Pulleys/MINDER-S1,,,
f663bfb2-9fa4-4df4-bb8a-4092a02a7970,Petzl,MINDER S2,ppe,Pulleys,Aluminium / Steel,"CE EN 12278, NFPA Technical Use, UIAA",P060BA00,,999,23 kN,6 kN,,6,11,,,https://www.petzl.com/sfc/servlet.shepherd/version/download/068Tx00000K6TmzIAF,https://www.petzl.com/NL/en/Professional/Pulleys/MINDER-S2,,,
cb3f02fb-b4d1-436f-9208-867e7d32be65,Petzl,MINI TRAXION,ppe,Pulleys,Aluminium / Steel / Nylon,"CE EN 567, CE EN 12278, CE EN 12841 type B, NFPA 2500 Technical Use",P054AA00,,999,20 kN,,,7,11,,,https://www.petzl.com/sfc/servlet.shepherd/version/download/068Tx00000KZvuRIAT,https://www.petzl.com/NL/en/Professional/Pulleys/MINI-TRAXION,,,
1035c64b-c906-403a-94e3-0a8f50143a4f,Petzl,MOBILE,ppe,Pulleys,Aluminium / Steel,"CE EN 12278, UIAA",P003AA00,,999,23 kN,5 kN,,6,13,,,https://www.petzl.com/sfc/servlet.shepherd/version/download/068Tx00000K6TmzIAF,https://www.petzl.com/NL/en/Professional/Pulleys/MOBILE,,,
16b75e6e-76e2-4719-837e-9a4c0b9af842,Petzl,NAJA,ppe,Anchors / Rigging,"Aluminium, nylon, polyester","CE EN 795 B, CE EN 12278, EAC",P072,,,,,,11,13,,,,https://www.petzl.com/US/en/Professional/Anchors/NAJA,,,
c07bac56-1071-43ce-9157-33d1daaf503d,Petzl,NEWTON EasyFit,ppe,Harnesses,"Nylon, polyester","CE EN 361, CE EN 358, CE EN 813, EAC",C073,,10,,,,,,Label inside waistbelt,,,https://www.petzl.com/INT/en/Professional/Harnesses/NEWTON,https://www.petzl.com/US/en/Professional/safety-alerts/2022-10-12/NEWTON-EASYFIT-Harness-Safety-Notice,,
5a5625c6-cf9c-46e0-9bde-d9b09e4fb2dd,Petzl,NEWTON EASYFIT European Version,ppe,Harnesses,"Nylon, polyester, aluminum","CE EN 361, EAC, JSFAD",C073EA00 / C073EA01 / C073EA02,,10,,,,,,,,https://www.petzl.com/sfc/servlet.shepherd/version/download/068bK00000fUZFMQA4,https://www.petzl.com/NL/en/Professional/Harnesses/NEWTON-EASYFIT-European-Version,,,
9b30b3c7-04c2-4b74-930a-1807d358ed9c,Petzl,NEWTON EASYFIT International Version,ppe,Harnesses,"Nylon, polyester, aluminum, steel","CE EN 361, EAC, ANSI Z359.11, CSA Z259.10, JSFAD, GB 6095-2021",C073FA00 / C073FA01 / C073FA02,,10,,,,,,,,https://www.petzl.com/sfc/servlet.shepherd/version/download/068bK00000fX63rQAC,https://www.petzl.com/NL/en/Professional/Harnesses/NEWTON-EASYFIT-International-Version,,,
586a838f-87df-4404-8490-ec0754fa8f40,Petzl,NEWTON European version,ppe,Harnesses,"Nylon, polyester, aluminum","CE EN 361, EAC, JSFAD",C073AA01 / C073AA02,,10,,,,,,,,https://www.petzl.com/sfc/servlet.shepherd/version/download/068bK00000fUZFMQA4,https://www.petzl.com/NL/en/Professional/Harnesses/NEWTON-European-version,,,
328cdc86-6a87-4741-931c-ad559bcf2b02,Petzl,NEWTON FAST European Version,ppe,Harnesses,"Nylon, polyester, aluminum","CE EN 361, EAC, JSFAD",C073CA01 / C073CA02,,10,,,,,,,,https://www.petzl.com/sfc/servlet.shepherd/version/download/068bK00000fUZFMQA4,https://www.petzl.com/NL/en/Professional/Harnesses/NEWTON-FAST-European-Version,,,
205d0a94-1848-4d62-94a2-ac34cb63e0a5,Petzl,NEWTON FAST International Version,ppe,Harnesses,"Nylon, polyester, aluminum, steel","CE EN 361, EAC, ANSI Z359.11, CSA Z259.10, JSFAD, GB 6095-2021",C073DA01 / C073DA02 / C073IA00 / C073IA01,,10,,,,,,,,https://www.petzl.com/sfc/servlet.shepherd/version/download/068bK00000fX63rQAC,https://www.petzl.com/NL/en/Professional/Harnesses/NEWTON-FAST-International-Version,,,
a89cefa5-b249-46b9-b5ea-346f1b397da6,Petzl,NEWTON International version,ppe,Harnesses,"Nylon, polyester, aluminum, steel","CE EN 361, EAC, ANSI Z359.11, CSA Z259.10, JSFAD, GB 6095-2021",C073BA01 / C073BA02,,10,,,,,,,,https://www.petzl.com/sfc/servlet.shepherd/version/download/068bK00000fX63rQAC,https://www.petzl.com/NL/en/Professional/Harnesses/NEWTON-international-version,,,
c0ecfb9d-8049-494d-9d05-1b01a76070a3,Petzl,OK BALL-LOCK,ppe,Connectors,Aluminium,"CE EN 362, CE EN 12275 type B, EAC",M33A BL,,,25 kN,,,,,,,https://www.petzl.com/sfc/servlet.shepherd/version/download/068Tx000009YHfzAAG,https://www.petzl.com/INT/en/Professional/Connectors/OK,,,
b010459c-d7f3-4b77-9043-6fe2d2b02180,Petzl,OK SCREW-LOCK,ppe,Connectors,Aluminium,"CE EN 362, CE EN 12275 type B, EAC",M33A SL,,,25 kN,,,,,,,https://www.petzl.com/sfc/servlet.shepherd/version/download/068Tx000009YHfzAAG,https://www.petzl.com/INT/en/Professional/Connectors/OK,,,
b30dfa04-eb5c-40da-a63d-ddceba3f2100,Petzl,OK TRIACT-LOCK,ppe,Connectors,Aluminium,"CE EN 362, CE EN 12275 type B, EAC",M33A TL,,,25 kN,,,,,,,https://www.petzl.com/sfc/servlet.shepherd/version/download/068Tx000009YHfzAAG,https://www.petzl.com/INT/en/Professional/Connectors/OK,,,
889421d9-4ca1-4e87-89d3-663837c9c9b3,Petzl,OK TRIACT-LOCK Black,ppe,Connectors,Aluminium,"CE EN 362, CE EN 12275 type B, EAC",M33A TLN,,,25 kN,,,,,,,https://www.petzl.com/sfc/servlet.shepherd/version/download/068Tx000009YHfzAAG,https://www.petzl.com/INT/en/Professional/Connectors/OK,,,
ab820959-b0ce-4260-8308-2cf435aa1505,Petzl,OMNI,ppe,Connectors,Aluminium,"CE EN 362 B, CE EN 362 M, CE EN 12275 B, GB/T 23469 B",M037AA00 / M037BA00,,999,25 kN,,,,,,,https://www.petzl.com/sfc/servlet.shepherd/version/download/068Tx00000AjdPLIAZ,https://www.petzl.com/NL/en/Professional/Connectors/OMNI,,,
ddb66430-9faf-4c96-a765-f2f2f1127e8b,Petzl,OXAN SCREW-LOCK,ppe,Connectors,Steel,"CE EN 362, EAC",M72A SL,,,38 kN,,,,,,,https://www.petzl.com/sfc/servlet.shepherd/version/download/068Tx000009YHfzAAG,https://www.petzl.com/INT/en/Professional/Connectors/OXAN,,,
99d1a373-ce9d-4527-863d-59918219700c,Petzl,OXAN TRIACT-LOCK,ppe,Connectors,Steel,"CE EN 362, EAC",M72A TL,,,38 kN,,,,,,,https://www.petzl.com/sfc/servlet.shepherd/version/download/068Tx000009YHfzAAG,https://www.petzl.com/INT/en/Professional/Connectors/OXAN,,,
f79b8ddd-c649-4bc4-ba10-bc3c796e76b0,Petzl,PANTIN CLICK,no_ppe,Rope clamps,Aluminium / Steel / Polyethylene / Polyurethane,,B002AA00 / B002BA00,,999,,,,,,,,https://www.petzl.com/sfc/servlet.shepherd/version/download/068Tx00000PWLXoIAP,https://www.petzl.com/NL/en/Professional/Rope-clamps/PANTIN-CLICK,,,
f33b58ab-d778-4961-9478-31663cded767,Petzl,PANTIN Right,no_ppe,Rope clamps,"Aluminium, stainless steel, nylon",,B02CRA,,,,,,8,13,,,,https://www.petzl.com/INT/en/Professional/Rope-clamps/PANTIN,,,
5f9e6ec6-b70d-4266-8945-01432c6bcf4b,Petzl,PRO TRAXION,ppe,Pulleys,Aluminium / Steel / Nylon,"CE EN 567, CE EN 12278, CE EN 12841 type B, NFPA 2500 Technical Use",P055AA00,,999,23 kN,,,8,13,,,https://www.petzl.com/sfc/servlet.shepherd/version/download/068Tx00000IrSjnIAF,https://www.petzl.com/NL/en/Professional/Pulleys/PRO-TRAXION,,,
034e77ae-f61c-4825-82f8-c69d35d43caa,Petzl,PROGRESS ADJUST-Y,ppe,Rope clamps,Aluminium / Nylon / Polyester / HMPE / Elastomer,"CE EN 358, EAC, GB 24543",L044AA00,,10,,,,,,,,https://www.petzl.com/sfc/servlet.shepherd/version/download/068Tx00000DlVc4IAF,https://www.petzl.com/NL/en/Professional/Rope-clamps/PROGRESS-ADJUST-Y,,,
ab91a859-1164-4c06-8133-e69019aa3363,Petzl,RESCUCENDER,ppe,Rope clamps,Aluminium / Steel / Nylon,"CE EN 567, CE EN 12841 type B, NFPA 2500 Technical Use, EAC",B50A,,999,,,,9,13,,,https://www.petzl.com/sfc/servlet.shepherd/version/download/068Tx00000LCAFfIAP,https://www.petzl.com/NL/en/Professional/Rope-clamps/RESCUCENDER,,,
142d4ecf-4cb7-41f1-b325-09daedb117c3,Petzl,RESCUE M,ppe,Pulleys,Aluminium / Steel,"CE EN 12278, NFPA General Use, UIAA",P050BA00 / P050BA01,,999,36 kN,8 kN,,6,13,,,https://www.petzl.com/sfc/servlet.shepherd/version/download/068Tx00000K6TmzIAF,https://www.petzl.com/NL/en/Professional/Pulleys/RESCUE-M,,,
126a54af-41ab-44a5-a298-30ce3f784e17,Petzl,RESCUE S,ppe,Pulleys,Aluminium / Steel,"CE EN 12278, NFPA Technical Use, UIAA",P050AA00 / P050AA01,,999,18 kN,5 kN,,6,11,,,https://www.petzl.com/sfc/servlet.shepherd/version/download/068Tx00000K6TmzIAF,https://www.petzl.com/NL/en/Professional/Pulleys/RESCUE-S,,,
735d731a-9d42-4250-be37-e39d22ad4546,Petzl,RIG,ppe,Descenders,Aluminium / Steel / Nylon,"CE EN 12841 type C, CE EN 341 type 2 class A, CE EN 15151-1, ANSI Z459.1, ANSI Z359.9, NFPA 2500 Technical Use",D021AB00 / D021BA00 / D021BA01,,999,,,,9,11.5,,,https://www.petzl.com/sfc/servlet.shepherd/version/download/068bK00000nCT8bQAG,https://www.petzl.com/NL/en/Professional/Descenders/RIG,,,
73e78683-f9bb-4c97-9ca4-a4b4694ec96c,Petzl,RING OPEN,ppe,Connectors,"Aluminium, Plastic",CE EN 362,P28 / M028AA00,,999,23 kN,,,,,,,https://www.petzl.com/sfc/servlet.shepherd/version/download/068Tx00000K57i5IAB,https://www.petzl.com/NL/en/Professional/Connectors/RING-OPEN,,,
a1fe83b6-140e-4e19-b7ff-a93ad58a2510,Petzl,ROLLCLIP A,ppe,Pulleys,Aluminium,"CE EN 362, CE EN 12275, CE EN 12278, EAC",P74 TL / P74,,999,20 kN,4 kN,,7,13,,,https://www.petzl.com/sfc/servlet.shepherd/version/download/068Tx00000F6OVHIA3,https://www.petzl.com/NL/en/Professional/Pulleys/ROLLCLIP-A,,,
7d124612-cb8a-4f1b-8cb5-088c5da8d10b,Petzl,ROLLCLIP Z,ppe,Pulleys,Aluminium,"CE EN 362, CE EN 12278, EAC",P75 TL / P75 SL,,999,20 kN,4 kN,,7,13,,,https://www.petzl.com/sfc/servlet.shepherd/version/download/068Tx00000F6OVHIA3,https://www.petzl.com/NL/en/Professional/Pulleys/ROLLCLIP-Z,,,
fcd460a7-1790-4e24-8ecb-a8a3a71b77f8,Petzl,SEQUOIA (Size 0),ppe,Harnesses,"Nylon, polyester, polyethylene, aluminum, steel","CE EN 813:2024, CE EN 358:2018, ANSI Z133, ASTM F887, CSA Z259.1, GB 6095: W",C069AB00,,10,,150 kg,150,,,,,https://www.petzl.com/sfc/servlet.shepherd/version/download/068bK00000kDhJTQA0,https://www.petzl.com/NL/en/Professional/Harnesses/SEQUOIA,,https://www.petzl.com/sfc/servlet.shepherd/version/download/068bK00000t0GDKQA2,
584eff94-4798-4e08-8130-2f41d5423a55,Petzl,SEQUOIA (Size 1),ppe,Harnesses,"Nylon, polyester, polyethylene, aluminum, steel","CE EN 813:2024, CE EN 358:2018, ANSI Z133, ASTM F887, CSA Z259.1, GB 6095: W",C069AB01,,10,,150 kg,150,,,,,https://www.petzl.com/sfc/servlet.shepherd/version/download/068bK00000kDhJTQA0,https://www.petzl.com/NL/en/Professional/Harnesses/SEQUOIA,,https://www.petzl.com/sfc/servlet.shepherd/version/download/068bK00000t0GDKQA2,
423a8280-0722-4c34-b932-e676f339ed4c,Petzl,SEQUOIA (Size 2),ppe,Harnesses,"Nylon, polyester, polyethylene, aluminum, steel","CE EN 813:2024, CE EN 358:2018, ANSI Z133, ASTM F887, CSA Z259.1, GB 6095: W",C069AB02,,10,,150 kg,150,,,,,https://www.petzl.com/sfc/servlet.shepherd/version/download/068bK00000kDhJTQA0,https://www.petzl.com/NL/en/Professional/Harnesses/SEQUOIA,,https://www.petzl.com/sfc/servlet.shepherd/version/download/068bK00000t0GDKQA2,
dd843e02-65ab-4a58-9dda-fcda3de3b0b1,Petzl,SEQUOIA PLUS (Size 0),ppe,Harnesses,"Nylon, polyester, polyethylene, aluminum, steel","CE EN 813:2024, CE EN 358:2018",C069BB00,,10,,150 kg,150,,,,,https://www.petzl.com/sfc/servlet.shepherd/version/download/068bK00000p76zeQAA,https://www.petzl.com/NL/en/Professional/Harnesses/SEQUOIA-PLUS,,https://www.petzl.com/sfc/servlet.shepherd/version/download/068bK00000t0GDKQA2,
6f20b8fb-d4fc-4d06-b3ba-78dc3515d78b,Petzl,SEQUOIA PLUS (Size 1),ppe,Harnesses,"Nylon, polyester, polyethylene, aluminum, steel","CE EN 813:2024, CE EN 358:2018",C069BB01,,10,,150 kg,150,,,,,https://www.petzl.com/sfc/servlet.shepherd/version/download/068bK00000p76zeQAA,https://www.petzl.com/NL/en/Professional/Harnesses/SEQUOIA-PLUS,,https://www.petzl.com/sfc/servlet.shepherd/version/download/068bK00000t0GDKQA2,
7292f701-4c76-43b3-bece-b43fb713a071,Petzl,SEQUOIA PLUS (Size 2),ppe,Harnesses,"Nylon, polyester, polyethylene, aluminum, steel","CE EN 813:2024, CE EN 358:2018",C069BB02,,10,,150 kg,150,,,,,https://www.petzl.com/sfc/servlet.shepherd/version/download/068bK00000p76zeQAA,https://www.petzl.com/NL/en/Professional/Harnesses/SEQUOIA-PLUS,,https://www.petzl.com/sfc/servlet.shepherd/version/download/068bK00000t0GDKQA2,
5a3706bd-bd5a-4765-a594-b15df925ec37,Petzl,SEQUOIA SRT (Size 0),ppe,Harnesses,"Nylon, polyester, polyethylene, aluminum, steel","CE EN 358:2018, CE EN 813:2024, EAC, GB 6095: W",C069BA00,,10,,150 kg,150,,,,,https://www.petzl.co.jp/download/pdf/ifu/C069BA.pdf,https://www.petzl.com/NL/en/Professional/Harnesses/SEQUOIA-SRT,https://www.petzl.com/INT/en/Professional/recalls/2019-12-9/Information--safety-alert-for-SEQUOIA-(C069AA_)And-SEQUOIA-SRT-(C069BA_)-harnesses,https://www.petzl.com/sfc/servlet.shepherd/version/download/068bK00000t0GDKQA2,
2fcb4878-4cc9-4853-abaa-952c54d389d9,Petzl,SEQUOIA SRT (Size 1),ppe,Harnesses,"Nylon, polyester, polyethylene, aluminum, steel","CE EN 358:2018, CE EN 813:2024, EAC, GB 6095: W",C069BA01,,10,,150 kg,150,,,,,https://www.petzl.co.jp/download/pdf/ifu/C069BA.pdf,https://www.petzl.com/NL/en/Professional/Harnesses/SEQUOIA-SRT,https://www.petzl.com/INT/en/Professional/recalls/2019-12-9/Information--safety-alert-for-SEQUOIA-(C069AA_)And-SEQUOIA-SRT-(C069BA_)-harnesses,https://www.petzl.com/sfc/servlet.shepherd/version/download/068bK00000t0GDKQA2,
7d73b587-c6dc-4b3e-844c-99b0f8b973d8,Petzl,SEQUOIA SRT (Size 2),ppe,Harnesses,"Nylon, polyester, polyethylene, aluminum, steel","CE EN 358:2018, CE EN 813:2024, EAC, GB 6095: W",C069BA02,,10,,150 kg,150,,,,,https://www.petzl.co.jp/download/pdf/ifu/C069BA.pdf,https://www.petzl.com/NL/en/Professional/Harnesses/SEQUOIA-SRT,https://www.petzl.com/INT/en/Professional/recalls/2019-12-9/Information--safety-alert-for-SEQUOIA-(C069AA_)And-SEQUOIA-SRT-(C069BA_)-harnesses,https://www.petzl.com/sfc/servlet.shepherd/version/download/068bK00000t0GDKQA2,
7b05449b-bf08-4c88-aff6-e95c4ba44864,Petzl,SPIN L1,ppe,Pulleys,Aluminium / Steel / Nylon,"CE EN 12278, NFPA 2500 Pulley General Use, UIAA",P001BA00 / P001BA01,,999,36 kN,8 kN,,7,13,,,https://www.petzl.com/sfc/servlet.shepherd/version/download/068Tx00000GhwxFIAR,https://www.petzl.com/NL/en/Professional/Pulleys/SPIN-L1,,,
055ef419-6c95-43b1-9f2c-1cd93f4c8fa4,Petzl,SPIN L1D,ppe,Pulleys,Aluminium / Steel / Nylon,"CE EN 12278, NFPA 2500 Pulley General Use",P001AA00,,999,36 kN,6 kN,,8,13,,,https://www.petzl.com/sfc/servlet.shepherd/version/download/068Tx00000L42FTIAZ,https://www.petzl.com/NL/en/Professional/Pulleys/SPIN-L1D,,,
62f95f0f-e918-442a-b81d-ae8a223e73c4,Petzl,SPIN L2,ppe,Pulleys,Aluminium / Steel / Nylon,"CE EN 12278, NFPA 2500 Pulley General Use, UIAA",P001CA00 / P001CA01,,999,36 kN,8 kN,,7,13,,,https://www.petzl.com/sfc/servlet.shepherd/version/download/068Tx00000GhwxFIAR,https://www.petzl.com/NL/en/Professional/Pulleys/SPIN-L2,,,
2f1771df-84de-4d89-8575-c45a5914dfe1,Petzl,SPIN S1,ppe,Pulleys,Aluminium / Steel / Nylon,"CE EN 12278, NFPA 2500 Pulley Technical Use, UIAA",P002AA00 / P002AA01,,999,23 kN,5 kN,,7,11,,,https://www.petzl.com/sfc/servlet.shepherd/version/download/068Tx00000HPvkTIAT,https://www.petzl.com/NL/en/Professional/Pulleys/SPIN-S1,,,
fb14ecce-bd0d-4949-9c3d-3adc0e4d58d8,Petzl,SPIN S1 OPEN,ppe,Pulleys,Aluminium / Steel / Nylon,"CE EN 12278, NFPA 2500 Pulley Technical Use, UIAA",P002BA00,,999,23 kN,5 kN,,7,11,,,https://www.petzl.com/sfc/servlet.shepherd/version/download/068Tx00000HPvkTIAT,https://www.petzl.com/NL/en/Professional/Pulleys/SPIN-S1-OPEN,,,
ad78b94e-3821-4771-8871-0b895b3dc5c0,Petzl,STRATO,ppe,Helmets,ABS / EPP / EPS / Nylon / Polycarbonate / Polyester / Polyethylene,"CE EN 397, EN 12492, EN 50365, ANSI Z89.1 Type I Class E, EAC, GB 2811",A020AA00 / A020AA01 / A020AA02 / A020AA03,,10,,,,,,,,https://www.petzl.com/sfc/servlet.shepherd/version/download/068Tx00000LTsc2IAD,https://www.petzl.com/NL/en/Professional/Helmets/STRATO,,,
3fedc581-d872-4f7e-8d2a-9d6034bc4e29,Petzl,STRATO CUSTOM,ppe,Helmets,ABS / EPP / EPS / Nylon / Polycarbonate / Polyester / Polyethylene,"CE EN 397, EN 12492 (depending on version) - see product page",A020XY,,10,,,,,,,,https://www.petzl.com/sfc/servlet.shepherd/version/download/068Tx00000LTsc2IAD,https://www.petzl.com/NL/en/Professional/Helmets/STRATO-CUSTOM,,,
94e84f8d-4164-453a-8721-4711ecb64241,Petzl,STRATO HI-VIZ,ppe,Helmets,ABS / EPP / EPS / Nylon / Polycarbonate / Polyester / Polyethylene,"CE EN 397, EN 12492, EN 50365, ANSI Z89.1 Type I Class E, EAC, GB 2811-2019",A020CA00 / A020CA01,,10,,,,,,,,https://www.petzl.com/sfc/servlet.shepherd/version/download/068Tx00000LTsc2IAD,https://www.petzl.com/NL/en/Professional/Helmets/STRATO-HI-VIZ,,,
104619cb-3088-46ef-9f77-68fe96bdb7c9,Petzl,STRATO VENT,ppe,Helmets,ABS / EPP / EPS / Nylon / Polycarbonate / Polyester / Polyethylene,"CE EN 12492, ANSI Z89.1 Type I Class C",A020BA00 / A020BA01 / A020BA02 / A020BA03,,10,,,,,,,,https://www.petzl.com/sfc/servlet.shepherd/version/download/068Tx00000LTwPVIA1,https://www.petzl.com/NL/en/Professional/Helmets/STRATO-VENT,,,
8c1c4ad5-0195-4aaa-90e4-8091ec7c8087,Petzl,STRATO VENT HI-VIZ,ppe,Helmets,ABS / EPP / EPS / Nylon / Polycarbonate / Polyester / Polyethylene,"CE EN 12492, ANSI Z89.1 Type I Class C",A020DA00 / A020DA01,,10,,,,,,,,https://www.petzl.com/sfc/servlet.shepherd/version/download/068Tx00000LTwPVIA1,https://www.petzl.com/NL/en/Professional/Helmets/STRATO-VENT-HI-VIZ,,,
7bfe527a-b0c7-4320-8943-35b2242aa70d,Petzl,SWIVEL OPEN,ppe,Anchors / Rigging,"Aluminium, nylon","CE, EAC, NFPA 2500 Technical Use",P58 SO,,,23 kN,,,,,,,,https://www.petzl.com/US/en/Professional/Anchors/SWIVEL-OPEN,,,
c40943ae-02bb-42b3-a7b4-14c09943da45,Petzl,TANDEM,ppe,Pulleys,Aluminium,"CE EN 12278, UKCA",P21,,999,24 kN,10 kN,,,13,,,https://www.petzl.com/sfc/servlet.shepherd/version/download/06868000004IFk0AAG,https://www.petzl.com/NL/en/Professional/Pulleys/TANDEM,,,
7e2d079f-d930-45c3-804a-4f2d544dfe24,Petzl,TANDEM SPEED,ppe,Pulleys,Steel,"CE EN 12278, UKCA",P21 SPE,,999,24 kN,10 kN,,,13,,,https://www.petzl.com/sfc/servlet.shepherd/version/download/0686800000GwAqkAAF,https://www.petzl.com/NL/en/Professional/Pulleys/TANDEM-SPEED,,,
6d4019b6-1a62-4d91-84ea-d5204abaff95,Petzl,TIBLOC,ppe,Rope clamps,Steel,"CE EN 567, EAC",B01BN,,999,,,,8,11,,,https://www.petzl.com/sfc/servlet.shepherd/version/download/068Tx000003RLoHIAW,https://www.petzl.com/NL/en/Professional/Rope-clamps/TIBLOC,,,
4dbca330-6c1e-4e31-b18d-f7a564cedef7,Petzl,TOP,ppe,Harnesses,"Nylon, polyester, aluminum, steel","CE EN 361 (with AVAO SIT, AVAO SIT FAST, FALCON, FALCON MOUNTAIN, SEQUOIA, SEQUOIA PLUS)",C081AB00 / C081AB01,,10,,,,,,,,https://www.petzl.com/sfc/servlet.shepherd/version/download/068Tx000008rPAAIA2,https://www.petzl.com/NL/en/Professional/Harnesses/TOP,,,
abfa232f-8e29-4ac8-aeae-97230f669305,Petzl,TWIN RELEASE,ppe,Pulleys,Aluminium / Steel / Nylon,"CE EN 567, CE EN 12278, NFPA 2500 General Use, UKCA",P001DA00,,999,36 kN,,,8,13,,,https://www.petzl.com/sfc/servlet.shepherd/version/download/068Tx00000EwLs8IAF,https://www.petzl.com/NL/en/Professional/Pulleys/TWIN-RELEASE,,,
6d86bb9b-b2c9-4758-832b-e933fe617e6c,Petzl,VERTEX,ppe,Helmets,ABS / Nylon / Polycarbonate / Polyester / Polyethylene,"CE EN 397, EN 12492, EN 50365, ANSI Z89.1 Type I Class E, EAC, AS/NZS 1801, GB 2811",A010AA00 / A010AA01 / A010AA02 / A010AA03 / A010AA04 / A010AA05 / A010AA06,,10,,,,,,,,https://www.petzl.com/sfc/servlet.shepherd/version/download/068Tx000005v6InIAI,https://www.petzl.com/NL/en/Professional/Helmets/VERTEX,,,
7a852af3-50d5-467c-98bf-2a6231258312,Petzl,VERTEX CUSTOM,ppe,Helmets,ABS / Nylon / Polycarbonate / Polyester / Polyethylene,"CE EN 397, EN 12492 (depending on version) - see product page",A010XY,,10,,,,,,,,https://www.petzl.com/sfc/servlet.shepherd/version/download/068Tx000005v6InIAI,https://www.petzl.com/NL/en/Professional/Helmets/VERTEX-CUSTOM,,,
6abca6dc-0071-4c1b-b136-f242bad9962d,Petzl,VERTEX HI-VIZ,ppe,Helmets,ABS / Nylon / Polycarbonate / Polyester / Polyethylene,"CE EN 397, EN 12492, EN 50365, ANSI Z89.1 Type I Class E, EAC, AS/NZS 1801, GB 2811-2019",A010DA00 / A010DA01,,10,,,,,,,,https://www.petzl.com/sfc/servlet.shepherd/version/download/068Tx000005v6InIAI,https://www.petzl.com/NL/en/Professional/Helmets/VERTEX-HI-VIZ,,,
ec1684e3-78b6-43bb-8640-40c494a7c8fb,Petzl,VERTEX VENT,ppe,Helmets,ABS / Nylon / Polycarbonate / Polyester / Polyethylene,"CE EN 397, EN 12492, ANSI Z89.1 Type I Class C, EAC, GB 2811-2019",A010CA00 / A010CA01 / A010CA02 / A010CA03 / A010CA04 / A010CA05 / A010CA06,,10,,,,,,,,https://www.petzl.com/sfc/servlet.shepherd/version/download/068Tx000005vASnIAM,https://www.petzl.com/NL/en/Professional/Helmets/VERTEX-VENT,,,
438a4ccc-1489-4ac9-a2c4-8bbe97b1275c,Petzl,VERTEX VENT HI-VIZ,ppe,Helmets,ABS / Nylon / Polycarbonate / Polyester / Polyethylene,"CE EN 397, EN 12492, ANSI Z89.1 Type I Class C, UKCA, EAC, GB 2811-2019",A010EA00 / A010EA01,,10,,,,,,,,https://www.petzl.com/sfc/servlet.shepherd/version/download/068Tx000005vASnIAM,https://www.petzl.com/NL/en/Professional/Helmets/VERTEX-VENT-HI-VIZ,,,
c5824483-c970-4ec7-8db6-b8859920ea65,Petzl,VERTIGO TWIST-LOCK,ppe,Connectors,Aluminium,"CE EN 362 B, CE EN 12275 B, CE EN 12275 K, GB/T 23469 B",M041AA00,,999,25 kN,,,,,,,https://www.petzl.com/sfc/servlet.shepherd/version/download/068Tx00000LmDrhIAF,https://www.petzl.com/NL/en/Professional/Connectors/VERTIGO-TWIST-LOCK,,,
5b6a1d82-a9e3-4778-a43c-4d53712cc5cb,Petzl,VOLT European Version,ppe,Harnesses,"Nylon, polyester, aluminum, steel","CE EN 361, CE EN 358, CE EN 813",C072AB00 / C072AB01 / C072AB02,,10,,,,,,,,https://www.petzl.com/sfc/servlet.shepherd/version/download/068Tx00000NAYuTIAX,https://www.petzl.com/NL/en/Professional/Harnesses/VOLT-European-Version,,,
432bf9f8-ac1c-4f3f-8390-a886752fec17,Petzl,VOLT International Version,ppe,Harnesses,"Nylon, polyester, aluminum, steel","CE EN 361, CE EN 358, CE EN 813, ANSI Z359.11, CSA Z259.10, GB 6095, JSFAD",C072CB00 / C072CB01 / C072CB02,,10,,,,,,,,https://www.petzl.com/sfc/servlet.shepherd/version/download/068bK00000lMFS1QAO,https://www.petzl.com/NL/en/Professional/Harnesses/VOLT-International-Version,,,
0de3b498-a2da-4df7-b606-0b31e40f06ad,Petzl,VOLT International Version Work Seat,ppe,Harnesses,"Nylon, polyester, aluminum, steel",CE EN 813,C072EB00,,10,,,,,,,,https://www.petzl.com/sfc/servlet.shepherd/version/download/068bK00000lMFS1QAO,https://www.petzl.com/NL/en/Professional/Harnesses/VOLT-International-Version-Work-Seat,,,
5124672f-80ed-43fb-bc1f-a99898640f34,Petzl,VOLT LIGHT European Version,ppe,Harnesses,"Nylon, polyester, aluminum, steel","CE EN 361, CE EN 358",C072GA00 / C072GA01 / C072GA02,,10,,,,,,,,https://www.petzl.com/sfc/servlet.shepherd/version/download/068Tx00000NAfb0IAD,https://www.petzl.com/NL/en/Professional/Harnesses/VOLT-LIGHT-European-Version,,,
95ddf765-b64c-4df7-8c09-7a9daae4d458,Petzl,VOLT LIGHT International Version,ppe,Harnesses,"Nylon, polyester, aluminum, steel","CE EN 361, CE EN 358, ANSI Z359.11, CSA Z259.10, GB 6095, JSFAD",C072HA00 / C072HA01 / C072HA02,,10,,,,,,,,https://www.petzl.com/sfc/servlet.shepherd/version/download/068Tx00000NAhb9IAD,https://www.petzl.com/NL/en/Professional/Harnesses/VOLT-LIGHT-International-Version,,,
872ab6bb-2813-4892-b442-cd196e7b154f,Petzl,VOLT size 1,ppe,Harnesses,"Nylon, polyester","CE EN 361, CE EN 358, CE EN 813, EAC",C052AA00,,10,,,,,,Label inside waistbelt,,,https://www.petzl.com/INT/en/Professional/Harnesses/VOLT,,,
04aa62d8-f71e-475a-8f46-d62afd6d7ef7,Petzl,VOLT size 2,ppe,Harnesses,"Nylon, polyester","CE EN 361, CE EN 358, CE EN 813, EAC",C052AA01,,10,,,,,,Label inside waistbelt,,,https://www.petzl.com/INT/en/Professional/Harnesses/VOLT,,,
09b2a1ec-52e6-43e6-a82c-614e053d0df5,Petzl,VOLT WIND European Version,ppe,Harnesses,"Nylon, polyester, aluminum, steel","CE EN 361, CE EN 358, CE EN 813",C072BB00 / C072BB01 / C072BB02,,10,,,,,,,,https://www.petzl.com/sfc/servlet.shepherd/version/download/068Tx00000NAYuTIAX,https://www.petzl.com/NL/en/Professional/Harnesses/VOLT-WIND-European-Version,,,
bdc3c12a-a188-4113-bcbd-3a2e990c0e0b,Petzl,VOLT WIND International Version,ppe,Harnesses,"Nylon, polyester, aluminum, steel","CE EN 361, CE EN 358, CE EN 813, ANSI Z359.11, CSA Z259.10, GB 6095, JSFAD",C072DB00 / C072DB01 / C072DB02,,10,,,,,,,,https://www.petzl.com/sfc/servlet.shepherd/version/download/068bK00000lMFS1QAO,https://www.petzl.com/NL/en/Professional/Harnesses/VOLT-WIND-International-Version,,,
eb5c3e74-ab17-4c1f-bf78-e1d89ef000ff,Petzl,VOLT WIND OFFSHORE,ppe,Harnesses,"Nylon, polyester, aluminum, stainless steel","CE EN 361, CE EN 358, CE EN 813, ANSI Z359.11, CSA Z259.10, GB 6095, JSFAD",C072FB00 / C072FB01 / C072FB02,,10,,,,,,,,https://www.petzl.com/sfc/servlet.shepherd/version/download/068bK00000lMFS1QAO,https://www.petzl.com/NL/en/Professional/Harnesses/VOLT-WIND-OFFSHORE,,,
dec04e57-1d67-4547-a57a-7469873f64dd,Petzl,WILLIAM BALL-LOCK,ppe,Connectors,Aluminium,"CE EN 362, CE EN 12275 type B, EAC, NFPA 2500 Technical Use",M36A BL,,,27 kN,,,,,,,https://www.petzl.com/sfc/servlet.shepherd/version/download/068Tx000009YHfzAAG,https://www.petzl.com/INT/en/Professional/Connectors/WILLIAM,,,
a28de5d3-1277-42b5-9659-b11c89cbf5a1,Petzl,WILLIAM SCREW-LOCK,ppe,Connectors,Aluminium,"CE EN 362, CE EN 12275 type B, EAC, NFPA 2500 Technical Use",M36A SL,,,27 kN,,,,,,,https://www.petzl.com/sfc/servlet.shepherd/version/download/068Tx000009YHfzAAG,https://www.petzl.com/INT/en/Professional/Connectors/WILLIAM,,,
be7a17f0-7f2b-4344-9465-c90860ad21ac,Petzl,WILLIAM TRIACT-LOCK,ppe,Connectors,Aluminium,"CE EN 362, CE EN 12275 type B, EAC, NFPA 2500 Technical Use",M36A TL,,,27 kN,,,,,,,https://www.petzl.com/sfc/servlet.shepherd/version/download/068Tx000009YHfzAAG,https://www.petzl.com/INT/en/Professional/Connectors/WILLIAM,,,
d7b7bcbd-46dd-4545-a970-817566060b8d,Petzl,WILLIAM TRIACT-LOCK Black,ppe,Connectors,Aluminium,"CE EN 362, CE EN 12275 type B, EAC, NFPA 2500 Technical Use",M36A TLN,,,27 kN,,,,,,,https://www.petzl.com/sfc/servlet.shepherd/version/download/068Tx000009YHfzAAG,https://www.petzl.com/INT/en/Professional/Connectors/WILLIAM,,,
c5b3b141-7594-4cbc-b09f-031fe148b491,Petzl,ZIGZAG,ppe,Descenders (tree care),Aluminium / Steel / Nylon,CE,D022AA00,,999,,,,11.5,13,,,https://www.petzl.com/sfc/servlet.shepherd/version/download/068Tx00000HonOkIAJ,https://www.petzl.com/NL/en/Professional/Descenders/ZIGZAG,,,
858b9fca-3cb7-48d4-9040-22720b4361ce,Petzl,ZIGZAG PLUS,ppe,Descenders (tree care),Aluminium / Steel / Nylon,CE,D022BA00,,999,,,,11.5,13,,,https://www.petzl.com/sfc/servlet.shepherd/version/download/068Tx00000HonOkIAJ,https://www.petzl.com/NL/en/Professional/Descenders/ZIGZAG-PLUS,,,
67316e03-42be-4475-be5f-c75b9bfdeec6,PROTOS,PROTOS Integral Arborist,ppe,Helmet,ABS (shell),"EN 12492, EN 397, EN 1078*, EN 1077 B*, EN 1731 S, EN 352-3 (*with PROTOS Maclip chinstrap)",205000,,5,,,,,,"Inside helmet shell, forehead area (written/printed)",,https://protos.co.nz/wp-content/uploads/2019/09/PROTOS-Integral-Helmets-Manual.pdf,https://www.protos.at/produkte/protos-arborist,,,
91dba605-dbbb-4c6a-bd1c-deaebc0c635f,PROTOS,PROTOS Integral Arborist - Oranje,ppe,Helmet,ABS (shell),"EN 12492, EN 397, EN 1078*, EN 1077 B*, EN 1731 S, EN 352-3 (*with PROTOS Maclip chinstrap)",205000,,5,,,,,,"Inside helmet shell, forehead area (written/printed)",,https://protos.co.nz/wp-content/uploads/2019/09/PROTOS-Integral-Helmets-Manual.pdf,https://www.protos.at/produkte/protos-arborist,,,
73e9fac9-7927-4a43-b918-848f0b6a8d40,PROTOS,PROTOS Integral Arborist - Oranje-geel,ppe,Helmet,ABS (shell),"EN 12492, EN 397, EN 1078*, EN 1077 B*, EN 1731 S, EN 352-3 (*with PROTOS Maclip chinstrap)",205000,,5,,,,,,"Inside helmet shell, forehead area (written/printed)",,https://protos.co.nz/wp-content/uploads/2019/09/PROTOS-Integral-Helmets-Manual.pdf,https://www.protos.at/produkte/protos-arborist,,,
c01282c8-4c5a-4235-a5bd-301569957820,PROTOS,PROTOS Integral Arborist - Oranje-grijs,ppe,Helmet,ABS (shell),"EN 12492, EN 397, EN 1078*, EN 1077 B*, EN 1731 S, EN 352-3 (*with PROTOS Maclip chinstrap)",205000,,5,,,,,,"Inside helmet shell, forehead area (written/printed)",,https://protos.co.nz/wp-content/uploads/2019/09/PROTOS-Integral-Helmets-Manual.pdf,https://www.protos.at/produkte/protos-arborist,,,
0ce83b9e-1996-4fff-9526-f8d818276f48,PROTOS,PROTOS Integral Arborist - Rood,ppe,Helmet,ABS (shell),"EN 12492, EN 397, EN 1078*, EN 1077 B*, EN 1731 S, EN 352-3 (*with PROTOS Maclip chinstrap)",205000,,5,,,,,,"Inside helmet shell, forehead area (written/printed)",,https://protos.co.nz/wp-content/uploads/2019/09/PROTOS-Integral-Helmets-Manual.pdf,https://www.protos.at/produkte/protos-arborist,,,
2ae68316-b113-4819-9ebb-10b54f985209,PROTOS,PROTOS Integral Arborist - Rood-geel,ppe,Helmet,ABS (shell),"EN 12492, EN 397, EN 1078*, EN 1077 B*, EN 1731 S, EN 352-3 (*with PROTOS Maclip chinstrap)",205000,,5,,,,,,"Inside helmet shell, forehead area (written/printed)",,https://protos.co.nz/wp-content/uploads/2019/09/PROTOS-Integral-Helmets-Manual.pdf,https://www.protos.at/produkte/protos-arborist,,,
693a2b66-1edc-4f73-8646-2265c9afdfa3,PROTOS,PROTOS Integral Arborist - Rood-grijs,ppe,Helmet,ABS (shell),"EN 12492, EN 397, EN 1078*, EN 1077 B*, EN 1731 S, EN 352-3 (*with PROTOS Maclip chinstrap)",205000,,5,,,,,,"Inside helmet shell, forehead area (written/printed)",,https://protos.co.nz/wp-content/uploads/2019/09/PROTOS-Integral-Helmets-Manual.pdf,https://www.protos.at/produkte/protos-arborist,,,
81f6990d-7c01-42b6-8861-e0bf7391a621,PROTOS,PROTOS Integral Arborist - Zwart,ppe,Helmet,ABS (shell),"EN 12492, EN 397, EN 1078*, EN 1077 B*, EN 1731 S, EN 352-3 (*with PROTOS Maclip chinstrap)",205000,,5,,,,,,"Inside helmet shell, forehead area (written/printed)",,https://protos.co.nz/wp-content/uploads/2019/09/PROTOS-Integral-Helmets-Manual.pdf,https://www.protos.at/produkte/protos-arborist,,,
68a5416a-0be5-415c-8f0a-742f08ba7092,PROTOS,PROTOS Integral Arborist - Zwart-geel,ppe,Helmet,ABS (shell),"EN 12492, EN 397, EN 1078*, EN 1077 B*, EN 1731 S, EN 352-3 (*with PROTOS Maclip chinstrap)",205000,,5,,,,,,"Inside helmet shell, forehead area (written/printed)",,https://protos.co.nz/wp-content/uploads/2019/09/PROTOS-Integral-Helmets-Manual.pdf,https://www.protos.at/produkte/protos-arborist,,,
37606d70-02b1-473f-9bbd-4980720b3748,PROTOS,PROTOS Integral Arborist - Zwart-rood,ppe,Helmet,ABS (shell),"EN 12492, EN 397, EN 1078*, EN 1077 B*, EN 1731 S, EN 352-3 (*with PROTOS Maclip chinstrap)",205000,,5,,,,,,"Inside helmet shell, forehead area (written/printed)",,https://protos.co.nz/wp-content/uploads/2019/09/PROTOS-Integral-Helmets-Manual.pdf,https://www.protos.at/produkte/protos-arborist,,,
b4152a76-e9e7-4c58-a8e5-f1ccaa1f0fd0,PROTOS,PROTOS Integral Forest,ppe,Helmet,ABS (shell),"EN 397, EN 352-3, EN 1731 S, ANSI Z89.1, AS/NZS 1801",204000,,5,,,,,,"Inside helmet shell, forehead area (written/printed)",,https://protos.co.nz/wp-content/uploads/2019/09/PROTOS-Integral-Helmets-Manual.pdf,https://www.protos.at/produkte/protos-forest,,,
8882f51e-c086-4803-9bd3-5235740af5d0,PROTOS,PROTOS Integral Forest - Oranje,ppe,Helmet,ABS (shell),"EN 397, EN 352-3, EN 1731 S, ANSI Z89.1, AS/NZS 1801",204000,,5,,,,,,"Inside helmet shell, forehead area (written/printed)",,https://protos.co.nz/wp-content/uploads/2019/09/PROTOS-Integral-Helmets-Manual.pdf,https://www.protos.at/produkte/protos-forest,,,
656bac85-4af4-4599-831e-8ea8ef9369c0,PROTOS,PROTOS Integral Forest - Oranje-geel,ppe,Helmet,ABS (shell),"EN 397, EN 352-3, EN 1731 S, ANSI Z89.1, AS/NZS 1801",204000,,5,,,,,,"Inside helmet shell, forehead area (written/printed)",,https://protos.co.nz/wp-content/uploads/2019/09/PROTOS-Integral-Helmets-Manual.pdf,https://www.protos.at/produkte/protos-forest,,,
93e93397-bc41-4d55-82ab-3c75579f896e,PROTOS,PROTOS Integral Forest - Oranje-grijs,ppe,Helmet,ABS (shell),"EN 397, EN 352-3, EN 1731 S, ANSI Z89.1, AS/NZS 1801",204000,,5,,,,,,"Inside helmet shell, forehead area (written/printed)",,https://protos.co.nz/wp-content/uploads/2019/09/PROTOS-Integral-Helmets-Manual.pdf,https://www.protos.at/produkte/protos-forest,,,
9f5401a3-790d-436c-be7e-8bb56b713acb,PROTOS,PROTOS Integral Forest - Rood,ppe,Helmet,ABS (shell),"EN 397, EN 352-3, EN 1731 S, ANSI Z89.1, AS/NZS 1801",204000,,5,,,,,,"Inside helmet shell, forehead area (written/printed)",,https://protos.co.nz/wp-content/uploads/2019/09/PROTOS-Integral-Helmets-Manual.pdf,https://www.protos.at/produkte/protos-forest,,,
553bd623-9aff-409c-96aa-e6091b21a5fd,PROTOS,PROTOS Integral Forest - Rood-geel,ppe,Helmet,ABS (shell),"EN 397, EN 352-3, EN 1731 S, ANSI Z89.1, AS/NZS 1801",204000,,5,,,,,,"Inside helmet shell, forehead area (written/printed)",,https://protos.co.nz/wp-content/uploads/2019/09/PROTOS-Integral-Helmets-Manual.pdf,https://www.protos.at/produkte/protos-forest,,,
5f8087df-4148-43e8-8276-bc204ba78cf5,PROTOS,PROTOS Integral Forest - Rood-grijs,ppe,Helmet,ABS (shell),"EN 397, EN 352-3, EN 1731 S, ANSI Z89.1, AS/NZS 1801",204000,,5,,,,,,"Inside helmet shell, forehead area (written/printed)",,https://protos.co.nz/wp-content/uploads/2019/09/PROTOS-Integral-Helmets-Manual.pdf,https://www.protos.at/produkte/protos-forest,,,
64c9ba45-9a3e-49c7-a663-d31f5eec1e25,PROTOS,PROTOS Integral Forest - Zwart,ppe,Helmet,ABS (shell),"EN 397, EN 352-3, EN 1731 S, ANSI Z89.1, AS/NZS 1801",204000,,5,,,,,,"Inside helmet shell, forehead area (written/printed)",,https://protos.co.nz/wp-content/uploads/2019/09/PROTOS-Integral-Helmets-Manual.pdf,https://www.protos.at/produkte/protos-forest,,,
ae6e741a-5304-4fdb-9bd2-42cd607755cc,PROTOS,PROTOS Integral Forest - Zwart-geel,ppe,Helmet,ABS (shell),"EN 397, EN 352-3, EN 1731 S, ANSI Z89.1, AS/NZS 1801",204000,,5,,,,,,"Inside helmet shell, forehead area (written/printed)",,https://protos.co.nz/wp-content/uploads/2019/09/PROTOS-Integral-Helmets-Manual.pdf,https://www.protos.at/produkte/protos-forest,,,
06e7dd70-f5c7-4c71-9db9-ee6c09969788,PROTOS,PROTOS Integral Forest - Zwart-rood,ppe,Helmet,ABS (shell),"EN 397, EN 352-3, EN 1731 S, ANSI Z89.1, AS/NZS 1801",204000,,5,,,,,,"Inside helmet shell, forehead area (written/printed)",,https://protos.co.nz/wp-content/uploads/2019/09/PROTOS-Integral-Helmets-Manual.pdf,https://www.protos.at/produkte/protos-forest,,,
dd6fd673-388a-4754-88a1-0f4a5ecf5b54,PROTOS,PROTOS Integral Industry,ppe,Helmet,ABS (shell),"EN 397, EN 1078* (*with PROTOS Maclip chinstrap), ANSI Z89.1, AS/NZS 1801",202000,,5,,,,,,"Inside helmet shell, forehead area (written/printed)",,https://protos.co.nz/wp-content/uploads/2019/09/PROTOS-Integral-Helmets-Manual.pdf,https://www.protos.at/produkte/protos-industry,,,
0c276e46-c73f-4180-a588-0a71bce77b42,PROTOS,PROTOS Integral Industry - Oranje,ppe,Helmet,ABS (shell),"EN 397, EN 1078* (*with PROTOS Maclip chinstrap), ANSI Z89.1, AS/NZS 1801",202000,,5,,,,,,"Inside helmet shell, forehead area (written/printed)",,https://protos.co.nz/wp-content/uploads/2019/09/PROTOS-Integral-Helmets-Manual.pdf,https://www.protos.at/produkte/protos-industry,,,
c07c0575-f784-4a1e-8f1a-15fdf8303146,PROTOS,PROTOS Integral Industry - Oranje-geel,ppe,Helmet,ABS (shell),"EN 397, EN 1078* (*with PROTOS Maclip chinstrap), ANSI Z89.1, AS/NZS 1801",202000,,5,,,,,,"Inside helmet shell, forehead area (written/printed)",,https://protos.co.nz/wp-content/uploads/2019/09/PROTOS-Integral-Helmets-Manual.pdf,https://www.protos.at/produkte/protos-industry,,,
6abf667c-9adf-4ac6-9738-0d70dea0bcbe,PROTOS,PROTOS Integral Industry - Oranje-grijs,ppe,Helmet,ABS (shell),"EN 397, EN 1078* (*with PROTOS Maclip chinstrap), ANSI Z89.1, AS/NZS 1801",202000,,5,,,,,,"Inside helmet shell, forehead area (written/printed)",,https://protos.co.nz/wp-content/uploads/2019/09/PROTOS-Integral-Helmets-Manual.pdf,https://www.protos.at/produkte/protos-industry,,,
d82d39af-acf7-4618-8619-6498f801afdc,PROTOS,PROTOS Integral Industry - Rood,ppe,Helmet,ABS (shell),"EN 397, EN 1078* (*with PROTOS Maclip chinstrap), ANSI Z89.1, AS/NZS 1801",202000,,5,,,,,,"Inside helmet shell, forehead area (written/printed)",,https://protos.co.nz/wp-content/uploads/2019/09/PROTOS-Integral-Helmets-Manual.pdf,https://www.protos.at/produkte/protos-industry,,,
eeffc76f-1b3c-4c3d-824d-ae24d64074e4,PROTOS,PROTOS Integral Industry - Rood-geel,ppe,Helmet,ABS (shell),"EN 397, EN 1078* (*with PROTOS Maclip chinstrap), ANSI Z89.1, AS/NZS 1801",202000,,5,,,,,,"Inside helmet shell, forehead area (written/printed)",,https://protos.co.nz/wp-content/uploads/2019/09/PROTOS-Integral-Helmets-Manual.pdf,https://www.protos.at/produkte/protos-industry,,,
86020f54-f21c-48b4-9c63-e6b35207c97f,PROTOS,PROTOS Integral Industry - Rood-grijs,ppe,Helmet,ABS (shell),"EN 397, EN 1078* (*with PROTOS Maclip chinstrap), ANSI Z89.1, AS/NZS 1801",202000,,5,,,,,,"Inside helmet shell, forehead area (written/printed)",,https://protos.co.nz/wp-content/uploads/2019/09/PROTOS-Integral-Helmets-Manual.pdf,https://www.protos.at/produkte/protos-industry,,,
570b1b68-f98e-46e3-8516-90626f29474c,PROTOS,PROTOS Integral Industry - Zwart,ppe,Helmet,ABS (shell),"EN 397, EN 1078* (*with PROTOS Maclip chinstrap), ANSI Z89.1, AS/NZS 1801",202000,,5,,,,,,"Inside helmet shell, forehead area (written/printed)",,https://protos.co.nz/wp-content/uploads/2019/09/PROTOS-Integral-Helmets-Manual.pdf,https://www.protos.at/produkte/protos-industry,,,
842901ba-165a-4754-98cd-20da9beca050,PROTOS,PROTOS Integral Industry - Zwart-geel,ppe,Helmet,ABS (shell),"EN 397, EN 1078* (*with PROTOS Maclip chinstrap), ANSI Z89.1, AS/NZS 1801",202000,,5,,,,,,"Inside helmet shell, forehead area (written/printed)",,https://protos.co.nz/wp-content/uploads/2019/09/PROTOS-Integral-Helmets-Manual.pdf,https://www.protos.at/produkte/protos-industry,,,
1021a9e4-abc3-4f98-a3b4-6786b6d5177f,PROTOS,PROTOS Integral Industry - Zwart-rood,ppe,Helmet,ABS (shell),"EN 397, EN 1078* (*with PROTOS Maclip chinstrap), ANSI Z89.1, AS/NZS 1801",202000,,5,,,,,,"Inside helmet shell, forehead area (written/printed)",,https://protos.co.nz/wp-content/uploads/2019/09/PROTOS-Integral-Helmets-Manual.pdf,https://www.protos.at/produkte/protos-industry,,,
671b4928-5852-494d-9714-9be8f4bbbd1f,RIGIQ,OMEGA-RQ Rigging Line 12mm - Blue,rigging,rigging line (not PPE),polyester (32-plait sheath / braided core),,,,,,,,12,12,,,https://www.fletcherstewart.com/declarations-of-conformity,https://www.fletcherstewart.com/view-by-brand/rigiq-a-division-of-stein.html,,,
b5d5845f-10fa-4d54-b4ea-00314451c77c,RIGIQ,OMEGA-RQ Rigging Line 12mm - Red,rigging,rigging line (not PPE),polyester (32-plait sheath / braided core),,,,,,,,12,12,,,https://www.fletcherstewart.com/declarations-of-conformity,https://www.fletcherstewart.com/view-by-brand/rigiq-a-division-of-stein.html,,,
bd495ec0-5824-4709-a607-4fd8db2018e2,RIGIQ,OMEGA-RQ Rigging Line 14mm - Blue,rigging,rigging line (not PPE),polyester (32-plait sheath / braided core),,,,,,,,14,14,,,https://www.fletcherstewart.com/declarations-of-conformity,https://www.fletcherstewart.com/view-by-brand/rigiq-a-division-of-stein.html,,,
07e1ec42-7565-441a-944a-07914e6e25b8,RIGIQ,OMEGA-RQ Rigging Line 14mm - Orange,rigging,rigging line (not PPE),polyester (32-plait sheath / braided core),,,,,,,,14,14,,,https://www.fletcherstewart.com/declarations-of-conformity,https://www.fletcherstewart.com/view-by-brand/rigiq-a-division-of-stein.html,,,
b8b4171d-65b6-495f-9053-50afe00e1e86,RIGIQ,OMEGA-RQ Rigging Line 16mm - Blue,rigging,rigging line (not PPE),polyester (32-plait sheath / braided core),,,,,,,,16,16,,,https://www.fletcherstewart.com/declarations-of-conformity,https://www.fletcherstewart.com/view-by-brand/rigiq-a-division-of-stein.html,,,
7f80a46c-af08-4ff1-866c-8a53822d76fb,Rock Exotica,Akimbo,ppe,Climbing Devices (Ascender/Descender),Aluminum,"CE, EN 1891 Type A",RG80,,,,"100 kg or 130 kg (afhankelijk van goedgekeurd touwtype, zie fabrikant-lijst)",130,11.5,13,,,https://www.rockexotica.com/media/wysiwyg/rockexotica/tn/akimbo_user_manual.pdf,https://www.rockexotica.com/products/akimbo,,,
4b2a70dd-60b9-44e2-8b80-a95011925956,Rock Exotica,Akimbo²,ppe,Climbing Devices (Ascender/Descender),Aluminum,"CE, EN 1891 Type A",RG80-2,,,,Afhankelijk van goedgekeurd touwtype (zie fabrikant-lijst),,11.5,12.7,,,,https://www.rockexotica.com/products/akimbo-2,,,
bc0f405a-3aca-4b48-8da4-fa40e26f346b,Rock Exotica,AZTEK Pulley (individual),ppe,Pulleys,Aluminum,,P41,,,36 kN (2 x 9 kN x 2),8 kN (2 x 2 kN x 2),,,9,,,,https://www.rockexotica.com/products/aztek-kit,,,
c8a1babc-d248-4b4e-856e-3c5908977f62,Rock Exotica,Enforcer,no_ppe,Rope Grabs,Aluminum / elektronica,,,,,,,,,,,,,https://www.rockexotica.com/enforcer-recall,https://www.rockexotica.com/enforcer-recall,,
b117da3c-36d4-460a-b016-4614704f829e,Rock Exotica,Hydra Triple Attachment Pulley,ppe,Pulleys,Aluminum,CE,P4,,,28 kN (2 x 14 kN),5 kN (2 x 2.5 kN),,,13,,,,https://www.rockexotica.com/products/hydra,,,
27a45353-8f35-4f82-848f-87a54471f433,Rock Exotica,Kootenay Ultra,ppe,Pulleys,Aluminum,CE,P3,,,39 kN,6 kN,,8,19,,,,https://www.rockexotica.com/products/kootenay-ultra,,,
437d0353-fef0-402e-959b-7cb5d04fe6ec,Rock Exotica,"Machined Mini Pulley 1.1"" Double",ppe,Pulleys,Aluminum,"CE, UIAA",P21D,,,36 kN,8 kN,,,11,,,,https://www.rockexotica.com/products/machined-pulley,,,
1f0f1c38-ebce-4e99-a5fb-701f133bdd5b,Rock Exotica,"Machined Mini Pulley 1.1"" Single",ppe,Pulleys,Aluminum,"CE, UIAA",P21,,,30 kN,5 kN,,,11,,,,https://www.rockexotica.com/products/machined-pulley,,,
8367bc68-96ba-4da4-9555-73d019a5458d,Rock Exotica,"Machined Rescue Pulley 1.5"" Double",ppe,Pulleys,Aluminum,CE,,,,36 kN,8 kN,,,13,,,,https://www.rockexotica.com/products/machined-pulley,,,
9569d7ad-679d-446f-b820-1100d734b29a,Rock Exotica,"Machined Rescue Pulley 1.5"" Single",ppe,Pulleys,Aluminum,CE,,,,36 kN,8 kN,,,13,,,,https://www.rockexotica.com/products/machined-pulley,,,
d7955846-6223-4818-85ed-a8649297ab22,Rock Exotica,NanoSwivel,ppe,Swivels,Aluminum,CE,S11,,,23 kN,3 kN,,,,,,,https://www.rockexotica.com/products/nanoswivel,,,
09440506-a676-4a91-a5b8-b7fc4364ac5d,Rock Exotica,"Omni-Block 1.1"" Single",ppe,Pulleys,Aluminum,CE,,,,23 kN,5 kN,,,13,,,,https://www.rockexotica.com/products/omni-block-swivel-pulleys,https://www.rockexotica.com/omni-recall,https://www.rockexotica.com/omni-recall,
631defa5-1ecc-40a7-b3b1-23865fd7ba68,Rock Exotica,"Omni-Block 1.5"" Double",ppe,Pulleys,Aluminum,CE,,,,36 kN,8 kN,,,13,,,,https://www.rockexotica.com/products/omni-block-swivel-pulleys,,https://www.rockexotica.com/omni-recall,
46c45f6a-a84c-488f-8aae-54a00db3c5eb,Rock Exotica,"Omni-Block 1.5"" Shackle-Top",ppe,Pulleys,Aluminum,,,,,36 kN,8 kN,,,13,,,,https://www.rockexotica.com/products/omni-block-swivel-pulleys,,https://www.rockexotica.com/omni-recall,
287fabd6-f174-4f8d-bd60-8a55d022cd05,Rock Exotica,"Omni-Block 1.5"" Single",ppe,Pulleys,Aluminum,CE,,,,36 kN,8 kN,,,13,,,,https://www.rockexotica.com/products/omni-block-swivel-pulleys,,https://www.rockexotica.com/omni-recall,
0e372d35-05a2-4985-b02d-8133be3c7141,Rock Exotica,"Omni-Block 1.5"" Stainless Sheave",ppe,Pulleys,Aluminum / Stainless steel sheave,CE,,,,36 kN,8 kN,,,13,,,,https://www.rockexotica.com/products/omni-block-swivel-pulleys,,https://www.rockexotica.com/omni-recall,
ce105569-99dc-486f-86cb-b969df0e421d,Rock Exotica,"Omni-Block 2.0"" Double",ppe,Pulleys,Aluminum,CE,,,,40 kN,10 kN,,,13,,,,https://www.rockexotica.com/products/omni-block-swivel-pulleys,,https://www.rockexotica.com/omni-recall,
ab772252-9fb7-4920-87c0-690ce265ef1b,Rock Exotica,"Omni-Block 2.0"" Single",ppe,Pulleys,Aluminum,CE,,,,36 kN,8 kN,,,13,,,,https://www.rockexotica.com/products/omni-block-swivel-pulleys,,https://www.rockexotica.com/omni-recall,
2aba8376-e0a1-4775-b9b4-fde1cfde6a15,Rock Exotica,"Omni-Block 2.6"" Single",ppe,Pulleys,Aluminum,CE,,,,80 kN,20 kN,,,13,,,,https://www.rockexotica.com/products/omni-block-swivel-pulleys,,https://www.rockexotica.com/omni-recall,
e9b184d6-68f7-4899-b249-27d88dc9d771,Rock Exotica,Orbitor Swivel,ppe,Swivels,Aluminum,CE,S3,,,26 kN,5 kN,,,,,,,https://www.rockexotica.com/products/orbitor-swivel,,,
83924dda-d8a7-41bc-99d5-c1296f76a087,Rock Exotica,PentaPlate,ppe,Rigging Plates,Aluminum,"CE, NFPA G",RP2,,,36 kN,,,,,,,,https://www.rockexotica.com/product/rigging-plates/pentaplate,,,
806a3f7e-8566-4301-9814-e10ddff5912b,Rock Exotica,Pirate Auto-Lock Carabiner,ppe,Carabiners & Connectors,Aluminum,CE,C1 A,,,26 kN (major) / 12 kN (minor) / 7 kN (open gate),,,,,,,,https://www.rockexotica.com/products/pirate-auto-lock-carabiner,,,
6c41b8b1-5b30-4ebd-ba72-68d7248aac84,Rock Exotica,Pirate ORCA-Lock Carabiner,ppe,Carabiners & Connectors,Aluminum,CE,C1 O,,,26 kN (major) / 11 kN (minor) / 7 kN (open gate),,,,,,,,https://www.rockexotica.com/products/pirate-orca-lock-carabiner,,,
7d106209-7029-403b-98ff-69da3d91e792,Rock Exotica,Pirate Screw-Lock Carabiner,ppe,Carabiners & Connectors,Aluminum,CE,C1 S,,,26 kN (major) / 11 kN (minor) / 7 kN (open gate),,,,,,,,https://www.rockexotica.com/products/pirate-screw-lock-carabiner,,,
2f10f342-abab-4b55-969f-014fbc507f5b,Rock Exotica,Pirate Up-Lock Carabiner,ppe,Carabiners & Connectors,Aluminum,EN 12275,C1 U,,,26 kN (major) / 12 kN (minor) / 7 kN (open gate),,,,,,,,https://www.rockexotica.com/products/pirate-up-lock-carabiner,,,
45385a84-4923-4fde-aa92-7aca7cf47bf0,Rock Exotica,Pirate WireEye Auto-Lock Carabiner,ppe,Carabiners & Connectors,Aluminum,,C1 T,,,26 kN (major) / 12 kN (minor) / 7 kN (open gate),,,,,,,,https://www.rockexotica.com/products/pirate-wireeye-auto-lock-carabiner,,,
11db507b-86e8-4b90-ad45-0af00ad73623,Rock Exotica,Pirate WireEye Screw-Lock Carabiner,ppe,Carabiners & Connectors,Aluminum,CE,C1 WES,,,26 kN (major) / 11 kN (minor) / 7 kN (open gate),,,,,,,,https://www.rockexotica.com/products/pirate-wireeye-screw-lock-carabiner,,,
da99463f-c5cf-43ac-bee9-32506070d9fd,Rock Exotica,"PMP 2.0"" Double (Prusik Minding Pulley)",ppe,Pulleys,Aluminum,"CE, NFPA G",P1 D,,,44 kN,8 kN,,,13,,,,https://www.rockexotica.com/products/pmp,,,
5359b3e7-7114-4912-b6c7-f61d54863094,Rock Exotica,"PMP 2.0"" Single (Prusik Minding Pulley)",ppe,Pulleys,Aluminum,"CE, NFPA G",P1,,,44 kN,8 kN,,,13,,,,https://www.rockexotica.com/products/pmp,,,
49d2a79e-ac31-4484-a205-ea3b3d6218dd,Rock Exotica,rockD ANSI LPA Stainless Carabiner,ppe,Carabiners & Connectors,Stainless steel,ANSI Z359.12,C2S LPAA,,,40 kN (major) / 14 kN (minor) / 11 kN (open gate),,,,,,,,https://www.rockexotica.com/products/rockd-ansi-lpa-stainless-carabiner,,,
9b0d1fff-5833-4b13-85be-2b1e2fdea753,Rock Exotica,rockD ANSI Stainless Carabiner,ppe,Carabiners & Connectors,Stainless steel,ANSI Z359.12,C2S AA,,,40 kN (major) / 14 kN (minor) / 14 kN (open gate),,,,,,,,https://www.rockexotica.com/products/rockd-ansi-stainless-carabiner,,,
035d016d-3787-4462-8561-4f5135a04a33,Rock Exotica,rockD Auto-Lock Carabiner,ppe,Carabiners & Connectors,Aluminum,CE,C2 A,,,29 kN (major) / 11 kN (minor) / 9 kN (open gate),,,,,,,,https://www.rockexotica.com/products/rockd-auto-lock-carabiner,,,
1cfe8169-80b4-4b34-be6d-2db242c1f1a9,Rock Exotica,rockD Lanyard Pin Carabiner,ppe,Carabiners & Connectors,Aluminum,CE,C2 LPA,,,30 kN (major) / 11 kN (minor) / 10 kN (open gate),,,,,,,,https://www.rockexotica.com/products/rockd-lanyard-pin-carabiner,,,
54d3631a-9a73-450a-b675-26f351cb0903,Rock Exotica,rockD ORCA-Lock Carabiner,ppe,Carabiners & Connectors,Aluminum,CE,C2 O,,,29 kN (major) / 11 kN (minor) / 9 kN (open gate),,,,,,,,https://www.rockexotica.com/products/rockd-orca-lock-carabiner,,,
733e3dfc-df70-40a3-8b83-1eeb51f69e46,Rock Exotica,rockD Screw-Lock Carabiner,ppe,Carabiners & Connectors,Aluminum,CE,C2 S,,,29 kN (major) / 9 kN (minor) / 9 kN (open gate),,,,,,,,https://www.rockexotica.com/products/rockd-screw-lock-carabiner,,,
889f3a1c-ef31-4254-a54e-35f4f1697901,Rock Exotica,rockD Stainless Auto-Lock Carabiner,ppe,Carabiners & Connectors,Stainless steel,"CE, UIAA",C2S A,,,41 kN (major) / 17 kN (minor) / 13 kN (open gate),,,,,,,,https://www.rockexotica.com/products/rockd-stainless-auto-lock-carabiner,,,
882b69e0-5b57-428a-8d2a-94c4bba1fb1b,Rock Exotica,rockD Stainless Screw-Lock Carabiner,ppe,Carabiners & Connectors,Stainless steel,"CE, UIAA",C2S S,,,41 kN (major) / 17 kN (minor) / 13 kN (open gate),,,,,,,,https://www.rockexotica.com/products/rockd-stainless-screw-lock-carabiner,,,
4cbd6aaa-1fb7-4f39-9ca5-96821925ad76,Rock Exotica,rockD Twistlock Carabiner,ppe,Carabiners & Connectors,Aluminum,,C2 T,,,29 kN (major) / 11 kN (minor) / 9 kN (open gate),,,,,,,,https://www.rockexotica.com/products/rockd-twistlock-carabiner,,,
3639f437-8a7c-4df9-8de7-5ce76243acdd,Rock Exotica,rockD Up-Lock Carabiner,ppe,Carabiners & Connectors,Aluminum,CE,C2 U,,,29 kN (major) / 11 kN (minor) / 9 kN (open gate),,,,,,,,https://www.rockexotica.com/products/rockd-up-lock-carabiner,,,
969b608f-e1d6-49b8-b476-6c8e20efbbf1,Rock Exotica,RockGrab,ppe,Rope Grabs,Aluminum,,RG2,,,,,,9,13,,,,https://www.rockexotica.com/products/rockgrab,,,
d534d0c7-4af1-492f-87a5-016fa7eefb72,Rock Exotica,"RockGrab .625"" 90°",ppe,Rope Grabs,Aluminum,,RG4-90,,,,,,13.5,16,,,,https://www.rockexotica.com/products/rockgrab-625-90,,,
5a52d99d-68ee-4859-afec-8159cbc5ee0c,Rock Exotica,RockGrab 90°,ppe,Rope Grabs,Aluminum,,RG2-90,,,,,,9,13,,,,https://www.rockexotica.com/products/rockgrab-90,,,
1f5532ed-bdd5-4d3d-9c14-417ec52a2b07,Rock Exotica,RockGrab MIL,ppe,Rope Grabs,Aluminum,"EN 1891, EN 12841:2006/B, EN 567:2013",RG6,,,,,"100 (bij EN 12841/B, 10.5-13mm touw)",8,13,,,,https://www.rockexotica.com/products/rockgrab-mil,,,
41560ec2-fa3d-4bd1-9cff-48f2bacb8db5,Rock Exotica,rockO Auto-Lock Carabiner,ppe,Carabiners & Connectors,Aluminum,CE,C3 A,,,24 kN (major) / 11 kN (minor) / 6 kN (open gate),,,,,,,,https://www.rockexotica.com/products/rocko-auto-lock-carabiner,,,
2ac7699b-cf49-4338-b99e-d90dcb6d50e0,Rock Exotica,rockO Non-Locking Carabiner,no_ppe,Carabiners & Connectors,Aluminum,CE,C3 NL,,,22 kN (major) / 10 kN (minor) / 6 kN (open gate),,,,,,,,https://www.rockexotica.com/products/rocko-non-locking-carabiner,,,
b3a3981e-5a1e-4299-82d4-522048ca9fcb,Rock Exotica,rockO ORCA-Lock Carabiner,ppe,Carabiners & Connectors,Aluminum,CE,C3 O,,,24 kN (major) / 11 kN (minor) / 6 kN (open gate),,,,,,,,https://www.rockexotica.com/products/rocko-orca-lock-carabiner,,,
b177dd17-faea-4879-94f9-ef09ef136e7f,Rock Exotica,rockO Screw-Lock Carabiner,ppe,Carabiners & Connectors,Aluminum,CE,C3 S,,,24 kN (major) / 9 kN (minor) / 6 kN (open gate),,,,,,,,https://www.rockexotica.com/products/rocko-screw-lock-carabiner,,,
7764ad45-638e-4934-bb7e-fc1e6aad3815,Rock Exotica,rockO Up-Lock Carabiner,ppe,Carabiners & Connectors,Aluminum,CE,C3 U,,,24 kN (major) / 11 kN (minor) / 6 kN (open gate),,,,,,,,https://www.rockexotica.com/products/rocko-up-lock-carabiner,,,
b28e8616-09c0-4e4d-a531-bad07e5b0ebf,Rock Exotica,rockO WireEye Auto-Lock Carabiner,ppe,Carabiners & Connectors,Aluminum,CE,C3 WEA,,,24 kN (major) / 9 kN (minor) / 6 kN (open gate),,,,,,,,https://www.rockexotica.com/products/rocko-wireeye-auto-lock-carabiner,,,
8348a486-f92e-4ba0-9ec5-583f2adb60fc,Rock Exotica,RockStar 3D Rigplate,ppe,Rigging Plates,Aluminum,"CE, NFPA G",RP22,,,36 kN,,,,,,,,https://www.rockexotica.com/products/rockstar-3d-rigplate,,,
16a005b7-e9d4-4e02-bf2f-1023cff0600a,Rock Exotica,rockSteel Auto-Lock Carabiner,ppe,Carabiners & Connectors,Steel,"CE, ANSI Z359.12, NFPA G",M31 TL,,,50 kN (major) / 16 kN (minor) / 18 kN (open gate),,,,,,,,https://www.rockexotica.com/products/rocksteel-auto-lock-carabiner,,,
a887b772-eccb-42ba-a671-a994a7e97a45,Rock Exotica,rockSteel Screw-Lock Carabiner,ppe,Carabiners & Connectors,Steel,"CE, NFPA G",M31 SL,,,"45-48 kN (major, per fabrikant-bron variatie)",,,,,,,,https://www.rockexotica.com/products/rocksteel-screw-lock-carabiner,,,
e2e4b923-34de-4e79-99e0-8bfc5e95f255,Rock Exotica,Rotator Round Swivel (Large),ppe,Swivels,Aluminum,CE,S2 L,,,36 kN,5 kN,,,,,,,https://www.rockexotica.com/products/rotator-round-swivel-large,,,
1dc18d22-d716-4c60-a901-85ab4571e4fe,Rock Exotica,Se7en Rigplate,ppe,Rigging Plates,Aluminum,"CE, NFPA G",RP3,,,36 kN,,,,,,,,https://rockexotica.com/se7en,,,
d06c40c8-07a9-4949-b109-0ef5174db048,Rock Exotica,Shackle Swivel,ppe,Swivels,Aluminum / Steel shackle bolt,CE,SS1,,,36 kN,5 kN,,,,,,,https://www.rockexotica.com/products/shackle-swivel,,,
94d195e3-54a7-4d3b-a019-90b1c1f2b8ae,Rock Exotica,Stainless Steel Swivel,ppe,Swivels,Stainless steel,,S2S,,,36 kN,5 kN,,,,,,,https://www.rockexotica.com/products/stainless-steel-swivel-black,,,
135df392-f99f-4931-9532-574c28615c80,Rock Exotica,The Bolt,ppe,Rigging Plates,Aluminium body / Stainless steel bolt,NFPA G (geen CE),RP5,,,36 kN,,,,,,,,https://www.rockexotica.com/product/rigging-plates/bolt,,,
8981b48f-c02f-4ab7-8815-5d3537cea9e2,Rock Exotica,Transporter,no_ppe,Rope Grabs,Aluminum,,,,,,,,,,,,,https://www.rockexotica.com/products/transporter,,,
c18cdfc7-6f9b-4725-8797-16464a2a7892,Rock Exotica,TriRig (Black),ppe,Rigging Plates,Aluminum,CE,RP1-B,,,36 kN,,,,,,,,https://www.rockexotica.com/product/rigging-plates/tririg-black,,,
bbd7b1e5-3340-4af0-926b-d9218c12f0a9,Rock Exotica,Unicender,ppe,Climbing Devices (Ascender/Descender),Aluminum,ANSI (geen CE-certificering),RG50,,,,,,11,13,,,,https://www.rockexotica.com/products/unicender,,,
a23a6a54-2455-40ea-b9b9-df19b0983b98,Rope Logic,7ft Friction Saver w/ Steel Rings,ppe,Friction Savers,Poison Ivy cord / Steel rings,,,10,999,,,,,,,,,https://notchequipment.com/rope-logics-poison-hivy-friction-saver/,,,
5a0b5c66-2a3c-49ff-b729-b2ab89f5c417,Rope Logic,8mm Ocean Loop w/ Wear Safe Aluminum Ring,ppe,Friction Savers,8mm cord / Aluminium ring,,,10,999,,,,,,,,,https://notchequipment.com/rope-logic-14-8mm-ocean-loop-w-wear-safe-aluminum-ring/,,,
e040c553-3225-4433-afa0-e7f2d155f67b,Rope Logic,10ft KMIII Adjustable Friction Saver w/ Steel Rings,ppe,Friction Savers,5/8 KMIII x 10ft / Steel rings,,,10,999,,,,,,,,,https://notchequipment.com/rope-logics-steel-ring-adjustable-friction-saver-5-8-x-10-kmiii-green/,,,
462fbd28-11e2-41e0-8d85-11669202b244,Rope Logic,12in Friction Saver Prusik w/ Steel Ring,ppe,Friction Savers,Prusik cord / Steel ring,,,10,999,,,,,,,,,https://notchequipment.com/rope-logics-prusik-only-steel-adjustable-friction-saver/,,,
75aeb583-a235-4fb9-a8a7-4da9da4b99a2,Rope Logic,Adjustable Friction Saver w/ Wear Safe Aluminum Rings,ppe,Friction Savers,Banshee 11.7mm x 5 / Aluminium rings,,,10,999,,,,,,,,,https://notchequipment.com/rope-logic-11-7m-x-5-banshee-adjustable-friction-saver-wear-safe-aluminum-ring/,,,
29f9b989-e7ba-4e86-8e84-59dace6a90f7,Rope Logic,KMIII Adjustable Friction Saver with Accessory Carabiner,no_ppe,Friction Savers,5/8 KMIII / Steel rings,,,10,999,,,,,,,,,https://notchequipment.com/rope-logics-steel-ring-adjustable-friction-saver-with-accessory-carabiner-5-8-kmiii-green/,,,
224000b4-f3f0-4689-8e13-8c778de94e92,Rope Logic,Monkey Tail w/ Wear Safe Aluminum Ring,ppe,Friction Savers,HTP sling / Aluminium ring,,,10,999,,,,,,,,,https://notchequipment.com/rope-logic-htp-60-sling-w-wear-safe-aluminum-ring/,,,
f88da80c-767e-4127-bef7-a30bcf6ed064,Rope Logic,Secret Weapon with Wear Safe Aluminum Rings,ppe,Friction Savers,10mm cord / Aluminium rings,,,10,999,,,,,,,,,https://notchequipment.com/rope-logics-10mm-30-ocean-retrievable-friction-saver-w-wear-safe-rings/,,,
e806f684-dea8-4fce-a06e-0d3ad7e8662c,Rope Logic,Sliding Prusik Loop w/ Wear Safe Aluminum Ring,ppe,Friction Savers,Textile / Aluminium ring,,,10,999,,,,,,,,,https://notchequipment.com/rope-logic-18-rit-prusik-w-wear-safe-aluminum-ring/,,,
8b63fa1f-fd6a-4e11-bec1-e7a0a8ab275f,Rope Logic,Steel Ring Friction Saver 12mm XPE 16 Strand,ppe,Friction Savers,12mm XPE 16-strand / Steel rings,,,10,999,,,,,,,,,https://notchequipment.com/rope-logics-steel-ring-friction-saver-12mm-xpe-16-strand/,,,
88f2256a-9ec6-4e4c-85c9-d35d4710a83e,Rope Logic,Super Smooth w/ Wear Safe Ring,ppe,Friction Savers,10mm cord / Wear Safe ring,,,10,999,,,,,,,,,https://notchequipment.com/rope-logics-10mm-28-epi-cord-friction-saver-w-wear-safe-ring/,,,
87872faf-b9d5-45ca-828a-9ece64daef30,Samson,ALLEGRO,ppe,Climbing Ropes,Nylon core; Polyester cover,EN 1891 Type A,,,,,,,11.6,11.6,,,,https://www.samsonrope.com/arborist/allegro-allegro-xl,,,
fda29d61-7656-470e-9fbc-6fcd2b67c60b,Samson,ALLEGRO XL,ppe,Climbing Ropes,Nylon core; Polyester cover,EN 1891 Type A,,,,,,,11.9,11.9,,,,https://www.samsonrope.com/arborist/allegro-allegro-xl,,,
65d50508-4364-43f1-a3ed-64e6e649b247,Samson,ARBOR-PLEX,ppe,Climbing Ropes,Polyester; Polyolefin,ANSI Z133,,,,26.7 kN (ABS),,,12,12,,,,https://www.samsonrope.com/arborist/arbor-plex,,,
370017d7-3440-41ec-9e06-678e6b8a4763,Samson,ARBORFREAK,ppe,Climbing Ropes,Nylon core; Polypropylene-Polyester blend cover,ANSI Z133,380,,,28.9 kN (ABS),370 kg,,12,12,,,,https://www.samsonrope.com/arborist/arborfreak,,,
d2351f29-eaba-4f39-91f1-8c79f39baff1,Samson,ARBORFREAK SD,ppe,Climbing Ropes,Nylon core; Polypropylene-Polyester blend cover,ANSI Z133,381,,,,,,12,12,,,,https://www.samsonrope.com/arborist/arborfreak-sd,,,
49489e10-d01d-46ea-a51b-94f341136d85,Samson,FORTE,ppe,Climbing Ropes,Nylon core; Polyester cover,ANSI Z133,,,,,,,12.7,12.7,,,,https://www.samsonrope.com/arborist/forte,,,
c727dd4c-152f-43cd-b387-b5ca690f82a2,Samson,HYPERCLIMB,ppe,Climbing Ropes,Polyester core; Polyester cover,ANSI Z133,458,,,28.9 kN (ABS),,,11.7,11.7,,,,https://www.samsonrope.com/arborist/hyperclimb,,,
36e32a54-4b52-46f0-a8f2-55947892e6db,Samson,MERCURY,ppe,Climbing Ropes,Nylon core; Polyester cover,ANSI Z133; EN 1891 Type A,485,,,38.25 kN (ABS),,,11,11,,,,https://www.samsonrope.com/arborist/mercury,,,
b6cc4c80-d39f-410b-a13b-80f1350165e0,Samson,MERCURY XL,ppe,Climbing Ropes,Nylon core; Polyester cover,ANSI Z133; EN 1891 Type A,,,,,,,11.6,11.6,,,,https://www.samsonrope.com/arborist/mercury,,,
53653067-14f1-4371-8701-7c4f049c3cea,Samson,PREDATOR,ppe,Climbing Ropes,Nylon core; Polyester cover,ANSI Z133,,,,26.7 kN (ABS),,,11.4,11.4,,,,https://www.samsonrope.com/arborist/predator,,,
1fbf1ce6-b3e8-406e-8a6a-dcaa6956f165,Samson,TRUE-BLUE,ppe,Climbing Ropes,Polyester,ANSI Z133,344,,,32.5 kN (ABS),,,12,12,,,,https://www.samsonrope.com/arborist/true-blue,,,
630d75d4-0663-4c85-932f-c466369c7d96,Samson,TRUE-WHITE,ppe,Climbing Ropes,Polyester,ANSI Z133,,,,26.7 kN (ABS),,,12,12,,,,https://samsonrope.com/arborist/true-white,,,
fa0abae0-8346-4add-a2b1-54041abe5d7c,Samson,V-24,ppe,Climbing Ropes,Nylon core; Polyester cover,EN 1891 Type B,,,,28 kN (ABS),,,11,11,,,,https://www.wesspur.com/samson-v-24-11mm-tree-climbing-rope,,,
d69a0a57-20cc-4dca-9ea7-f551a8c9a376,Samson,VELOCITY,ppe,Climbing Ropes,Nylon core; Polyester cover,ANSI Z133,349,,,26.7 kN (ABS),,,11,11,,,,https://www.samsonrope.com/arborist/velocity,,,
c3dd3ac5-23ff-4be5-aa8a-ced6518e0fa1,Samson,VELOCITY SD,ppe,Climbing Ropes,Nylon core; Polyester cover,ANSI Z133,501,,,24.0 kN (ABS),270 kg,,11,11,,,,https://www.samsonrope.com/arborist/velocitysd,,,
a24a1944-2c78-4167-904b-ecf8e981d06a,Samson,VORTEX,ppe,Climbing Ropes,Nylon core; Polyester cover,ANSI Z133,,,,39.1 kN (ABS),,,12.7,12.7,,,,https://www.samsonrope.com/arborist/vortex,,,
54ed37d7-93b9-4ae3-9443-9a6de70d9100,Samson,VORTEX SD,ppe,Climbing Ropes,Nylon core; Polyester cover,ANSI Z133,,,,39.1 kN (ABS),,,12.7,12.7,,,,https://samsonrope.com/arborist/vortex-sd,,,
018754db-a6d5-4550-be5d-8933ddeb8581,Samson,VOYAGER,ppe,Climbing Ropes,Nylon core; Polyester cover,ANSI Z133,,,,35.6 kN (ABS),,,11.8,11.8,,,,https://www.samsonrope.com/arborist/voyager,,,
0b31f671-89eb-423a-a094-5f76918a5a0c,Samson,VOYAGER SD,ppe,Climbing Ropes,Nylon core; Polyester cover,ANSI Z133,502,,,35.6 kN (ABS),,,11.8,11.8,,,,https://www.samsonrope.com/arborist/voyagersd,,,
40f18878-d437-4348-a5b9-1a87876be8ef,Skylotec,AMPURI (L/XL),ppe,Harnesses,Polyester / Aluminium / Polyamide,"EN 361:2002, EN 358:2018, EN 813:2008",G-2000-L/XL,,10,,,140,,,,,https://products.papertrail.io/downloads/skylotec/General_User_manual.pdf,https://www.skylotec.com/eu_en/ampuri,,,
e5924221-4021-4ed0-8d33-c0d78b14f1b6,Skylotec,AMPURI (M/L),ppe,Harnesses,Polyester / Aluminium / Polyamide,"EN 361:2002, EN 358:2018, EN 813:2008",G-2000-M/L,,10,,,140,,,,,https://products.papertrail.io/downloads/skylotec/General_User_manual.pdf,https://www.skylotec.com/eu_en/ampuri,,,
c6ac2f5b-a854-43f9-8f03-6cd458e1d4e6,Skylotec,AMPURI (XS/M),ppe,Harnesses,Polyester / Aluminium / Polyamide,"EN 361:2002, EN 358:2018, EN 813:2008",G-2000-XS/M,,10,,,140,,,,,https://products.papertrail.io/downloads/skylotec/General_User_manual.pdf,https://www.skylotec.com/eu_en/ampuri,,,
ca406308-d6f1-457d-a5e0-6f4e14e26305,Skylotec,AMPURI WIND (L/XL),ppe,Harnesses,Polyester / Aluminium / Polyamide,"EN 361:2002, EN 358:2018, EN 813:2008",G-2000-W-L/XL,,10,,,140,,,,,https://products.papertrail.io/downloads/skylotec/General_User_manual.pdf,https://www.skylotec.com/eu_en/AMPURI-WIND/P-G-2000-W,,,
8cdc20a5-3096-48c1-a3d0-9bcd95d702f3,Skylotec,AMPURI WIND (M/L),ppe,Harnesses,Polyester / Aluminium / Polyamide,"EN 361:2002, EN 358:2018, EN 813:2008",G-2000-W-M/L,,10,,,140,,,,,https://products.papertrail.io/downloads/skylotec/General_User_manual.pdf,https://www.skylotec.com/eu_en/AMPURI-WIND/P-G-2000-W,,,
b588f721-96ee-4b2b-99bc-39292cf89e9d,Skylotec,AMPURI WIND (XS/M),ppe,Harnesses,Polyester / Aluminium / Polyamide,"EN 361:2002, EN 358:2018, EN 813:2008",G-2000-W-XS/M,,10,,,140,,,,,https://products.papertrail.io/downloads/skylotec/General_User_manual.pdf,https://www.skylotec.com/eu_en/AMPURI-WIND/P-G-2000-W,,,
f0e6898d-5e77-4433-abfe-d1c0b78ff3ef,Skylotec,ARIES,ppe,Helmets,Polycarbonate / Acrylonitrile butadiene styrene / Polystyrene,"EN 397:2012+A1:2012, EN 50365:2002 class 0",BE-510,,10,,,,,,,,,https://www.skylotec.com/eu_en/ARIES/BE-510-13,,,
5f122252-1203-4630-a9b8-8d6c0c009e45,Skylotec,ARIES AIR,ppe,Helmets,Polycarbonate / Acrylonitrile butadiene styrene / Polystyrene,EN 397:2012+A1:2012,BE-511,,10,,,,,,,,,https://www.skylotec.com/eu_en/ARIES-AIR/P-BE-511,,,
7779752f-ccc5-4a40-88ca-b800756e213f,Skylotec,CHEESE PLATE L,ppe,Anchors,Aluminium,UIAA 130,H-261,,,40 kN,,,,,,,,https://www.skylotec.com/eu_en/CHEESE-PLATE-L/H-261,,,
c3f4adf5-a95f-4128-8959-fc32dd898bee,Skylotec,CLAW,ppe,Fall Arrest Devices,Stainless Steel,EN 353-1:2014+A1:2017,CL-001,,,,,140,8,10,,,,https://www.skylotec.com/eu_en/products/fall-arrest-devices/,,,
da888d78-1e84-4f92-bcff-3fb3c8e2064a,Skylotec,CRIC,ppe,Rope Clamps,Aluminium / Steel,"EN 567:2013, EN 12841:2006/B, EN 12278:2007",H-280,,,,,140,,,,,,https://www.skylotec.com/eu_en/products/rope-clamps/,,,
7ca5968e-7591-4a9b-b270-c9bc57a66d52,Skylotec,CS 8 (M/XXL),ppe,Harnesses,Polyester / Aluminium,"EN 358:1999, EN 361:2002, EN 813",G-0908-M/XXL,,10,,,140,,,,,https://products.papertrail.io/downloads/skylotec/General_User_manual.pdf,https://www.skylotec.com/eu_en/CS-8/G-0908,,,
810a7e73-18e0-4966-ba07-93b3ad4b8e6a,Skylotec,CS 8 (XS/M),ppe,Harnesses,Polyester / Aluminium,"EN 358:1999, EN 361:2002, EN 813",G-0908-XS/M,,10,,,140,,,,,https://products.papertrail.io/downloads/skylotec/General_User_manual.pdf,https://www.skylotec.com/eu_en/CS-8/G-0908,,,
999acbb9-72c0-4904-9e51-736be8faef09,Skylotec,DOUBLE ROLL 2L,ppe,Pulleys,Aluminium,EN 12278:2007,H-068,,10,,2 kN,,,,,,,https://www.skylotec.com/eu_en/double-roll-2l-h-068.html,,,
46b6ef73-4636-417e-972a-cc732aa83190,Skylotec,DOUBLE TRI,ppe,Carabiners,Aluminium,"EN 12275:2013/H, EN 362:2004",H-206,,,24 kN,,,,,,,,https://www.skylotec.com/eu_en/products/carabiners/trilock-carabiner/,,,
136f2f7b-5a01-438d-a662-95f3b10603c5,Skylotec,EASY ACCESS,ppe,Fall Arrest Devices,Aluminium / Steel,EN 12841-A,H-266,,,,,140,,,,,,https://www.skylotec.com/eu_en/EASY-ACCESS/P-H-266,,,
266224ac-a0a3-4d80-b78c-b0599225f7ef,Skylotec,EASY SPEED,ppe,Fall Arrest Devices,Aluminium / Steel,"EN 353-2, EN 12841-A/B, RFU PPE-R/11.075",H-265,,,,,140,10.5,11,,,,https://www.skylotec.com/eu_en/easy-speed-h-265.html,,,
eafae1d0-a4c7-4d06-9ae0-5af2a3397486,Skylotec,FALC STANDARD (S/M/XXL),ppe,Harnesses,Polyester / Steel,"EN 361:2002, EN 358:2018",G-1155-S/M/XXL,,10,,,140,,,,,https://products.papertrail.io/downloads/skylotec/General_User_manual.pdf,https://www.skylotec.com/eu_en/FALC-STANDARD/P-G-1155,,,
083ac2d2-5694-4524-844d-29790f698d8a,Skylotec,FLEX I,ppe,Lanyards,Polyester (9.6 mm rope) / Aluminium,EN 358:2018,,,10,,,140,9.6,9.6,,,,https://www.skylotec.com/eu_en/products/lanyards/work-positioning-ropes/,,,
ed28c112-af7a-4441-bb02-4e328d90e4e0,Skylotec,FLEX Y,ppe,Lanyards,Polyester (9.6 mm rope) / Aluminium,EN 358:2018,,,10,,,140,9.6,9.6,,,,https://www.skylotec.com/eu_en/products/lanyards/work-positioning-ropes/,,,
701a6812-4776-4c71-9fd4-76287dda5c0f,Skylotec,FS 51 ST,ppe,Carabiners,Steel,EN 362:2004,H-009,,,,,,,,,,,https://www.skylotec.com/eu_en/fs-51-st-h-009.html,,,
522713e9-f679-4d04-936b-7b939deebc69,Skylotec,FS 90 ALU,ppe,Carabiners,Aluminium,EN 362:2004,H-015,,,,,,,,,,,https://www.skylotec.com/eu_en/fs-90-alu-h-015.html,,,
1280b0b8-6aca-407a-ba67-7fbf39136a10,Skylotec,FS 90 ST,ppe,Carabiners,Steel,EN 362:2004/A/T,H-016,,,23 kN,,,,,,,,https://www.skylotec.com/eu_en/fs-90-st-h-016.html,,,
121ef0f4-b821-4ad0-93f1-a7b4c8d5c4fc,Skylotec,FS 92,ppe,Carabiners,Steel,EN 362:2004/T,H-004,,,23 kN,,,,,,,,https://www.skylotec.com/eu_en/products/carabiners/palm-squeeze-carabiner/,,,
1396b62b-7bae-4929-a3ca-99674748507e,Skylotec,FS 110 ALU,ppe,Carabiners,Aluminium,EN 362:2004,H-081,,,,,,,,,,,https://www.skylotec.com/eu_en/fs-110-alu-h-081.html,,,
9bd602b8-60e6-4ce4-a1f6-81c7b03ae448,Skylotec,GET UP,ppe,Rope Clamps,Aluminium / Steel,"EN 567:2013, EN 12841:2006/B",H-210,,30,,,140,8,13,,,,https://www.skylotec.com/eu_en/products/rope-clamps/,,,
027eac0d-295e-4281-95ff-02c9fddda84b,Skylotec,GORDON RESCUE,ppe,Fall Arrest Blocks,Aluminium / Steel,"EN 360:2002, EN 341:2011, EN 12841-C",HSG-020-R,,,,,140,10,12,,,https://products.papertrail.io/downloads/skylotec/Fall%20Arrest%20Blocks%20User%20Manual.pdf,https://www.skylotec.com/eu_en/products/fall-arrest-blocks/,,,
182ec703-b1f9-4dda-a656-7ad2e8a9c2e6,Skylotec,GRYPHON (M/L),ppe,Harnesses,Polyester / Steel / Aluminium,"EN 361:2002, EN 358:2018, EN 813:2008",G-1172-M/L,,10,,,140,,,,,https://products.papertrail.io/downloads/skylotec/General_User_manual.pdf,https://www.skylotec.com/eu_en/GRYPHON/G-1172-M-L,,,
f6593a6d-8e69-4c30-9ae5-6e5aba312c3e,Skylotec,GRYPHON (S/M),ppe,Harnesses,Polyester / Steel / Aluminium,"EN 361:2002, EN 358:2018, EN 813:2008",G-1172-S/M,,10,,,140,,,,,https://products.papertrail.io/downloads/skylotec/General_User_manual.pdf,https://www.skylotec.com/eu_en/GRYPHON/G-1172-M-L,,,
c0a730ad-f709-488b-91ce-80c1bcd8a97a,Skylotec,GRYPHON ASCENDER (M/L),ppe,Harnesses,Polyester / Steel / Aluminium,"EN 361:2002, EN 358:2018, EN 813:2008",G-1176-M/L,,10,,,140,,,,,https://products.papertrail.io/downloads/skylotec/General_User_manual.pdf,https://www.skylotec.com/eu_en/GRYPHON-ASCENDER/G-1176-S-M,,,
200fcfff-6b5c-425a-a374-965a67d8b419,Skylotec,GRYPHON ASCENDER (S/M),ppe,Harnesses,Polyester / Steel / Aluminium,"EN 361:2002, EN 358:2018, EN 813:2008",G-1176-S/M,,10,,,140,,,,,https://products.papertrail.io/downloads/skylotec/General_User_manual.pdf,https://www.skylotec.com/eu_en/GRYPHON-ASCENDER/G-1176-S-M,,,
a63e3d95-aba2-42ef-b7f4-0c3a34a28294,Skylotec,HK PLUS,ppe,Fall Arrest Blocks,Polyamide / Steel (galvanized cable),EN 360:2002,HSG-050,,10,,,140,,,,,https://products.papertrail.io/downloads/skylotec/Fall%20Arrest%20Blocks%20User%20Manual.pdf,https://www.skylotec.com/eu_en/HK-PLUS/P-HSG-050,,,
b6a46e95-4ee1-4cfe-bc3b-9409162a3965,Skylotec,HMS STEEL TRI,ppe,Carabiners,Steel,EN 362:2004,H-033,,,53 kN,,,,,,,,https://www.skylotec.com/eu_en/hms-steel-tri-h-033-03.html,,,
902e919d-7850-4b5d-b903-dc8f0099b8d1,Skylotec,IGNITE ARB (M/XXL),ppe,Harnesses,Polyester / Aluminium / Polyamide,"EN 358:2018, EN 813:2008",G-1150-M/XXL,,10,,,140,,,,,https://products.papertrail.io/downloads/skylotec/General_User_manual.pdf,https://www.skylotec.com/eu_en/IGNITE-ARB/P-G-1150,,,
87f1db94-9509-4796-ad21-1e791c2fe49d,Skylotec,IGNITE ARB (XS/M),ppe,Harnesses,Polyester / Aluminium / Polyamide,"EN 358:2018, EN 813:2008",G-1150-XS/M,,10,,,140,,,,,https://products.papertrail.io/downloads/skylotec/General_User_manual.pdf,https://www.skylotec.com/eu_en/IGNITE-ARB/P-G-1150,,,
94f4af27-af6f-46d7-a4da-58ab1418cdf9,Skylotec,IGNITE ARB TOP (L/5XL),ppe,Harnesses,Polyester / Aluminium,EN 361:2002,G-1151-L/5XL,,10,,,140,,,,,https://products.papertrail.io/downloads/skylotec/General_User_manual.pdf,https://www.skylotec.com/eu_en/ignite-arb-top-g-1151.html,,,
680d58f7-63c4-4b74-80f6-c18bbe38feee,Skylotec,IGNITE ARB TOP (XS/M),ppe,Harnesses,Polyester / Aluminium,EN 361:2002,G-1151-XS/M,,10,,,140,,,,,https://products.papertrail.io/downloads/skylotec/General_User_manual.pdf,https://www.skylotec.com/eu_en/ignite-arb-top-g-1151.html,,,
64dd6993-7c8c-47e9-a610-24c56adb8388,Skylotec,IGNITE NEON (M/XXL),ppe,Harnesses,Polyester / Aluminium / Polyamide,"EN 358:2018, EN 361:2002, EN 813:2008",G-1153-M/XXL,,10,,,140,,,,,https://products.papertrail.io/downloads/skylotec/General_User_manual.pdf,https://www.skylotec.com/eu_en/IGNITE-NEON/P-G-US-1153,,,
f115dd0c-5322-4060-8bca-d8c84549c8e5,Skylotec,IGNITE NEON (XS/M),ppe,Harnesses,Polyester / Aluminium / Polyamide,"EN 358:2018, EN 361:2002, EN 813:2008",G-1153-XS/M,,10,,,140,,,,,https://products.papertrail.io/downloads/skylotec/General_User_manual.pdf,https://www.skylotec.com/eu_en/IGNITE-NEON/P-G-US-1153,,,
96a5a7e1-3124-4d6d-ae32-9852c750e4d8,Skylotec,IGNITE NIOB 2.0 (M/XXL),ppe,Harnesses,Polyester / Aluminium / Polyamide,"EN 361:2002, EN 358:2018, EN 813:2008",G-1143-02,,10,,,140,,,,,https://products.papertrail.io/downloads/skylotec/General_User_manual.pdf,https://www.skylotec.com/eu_en/IGNITE-NIOB-2.0/P-G-1143,,,
46f80ce4-1756-4ccf-840e-0d6674e50f31,Skylotec,IGNITE NIOB 2.0 (XS/M),ppe,Harnesses,Polyester / Aluminium / Polyamide,"EN 361:2002, EN 358:2018, EN 813:2008",G-1143-01,,10,,,140,,,,,https://products.papertrail.io/downloads/skylotec/General_User_manual.pdf,https://www.skylotec.com/eu_en/IGNITE-NIOB-2.0/P-G-1143,,,
de3034bb-3f3b-465b-b5b8-5ab9450ca285,Skylotec,IGNITE NUCLEON (M/XXL),ppe,Harnesses,Polyester / Steel / Aluminium,"EN 361:2002, EN 358:2018",G-1161-M/XXL,,10,,,140,,,,,https://products.papertrail.io/downloads/skylotec/General_User_manual.pdf,https://www.skylotec.com/eu_en/IGNITE-NUCLEON/P-G-1161,,,
644d74cf-89a0-448f-ae3e-95b12d8ae5af,Skylotec,IGNITE NUCLEON (XS/M),ppe,Harnesses,Polyester / Steel / Aluminium,"EN 361:2002, EN 358:2018",G-1161-XS/M,,10,,,140,,,,,https://products.papertrail.io/downloads/skylotec/General_User_manual.pdf,https://www.skylotec.com/eu_en/IGNITE-NUCLEON/P-G-1161,,,
aadac8d0-dafa-43c5-9938-1d3051c37bb9,Skylotec,IGNITE NUCLEON (XXL/5XL),ppe,Harnesses,Polyester / Steel / Aluminium,"EN 361:2002, EN 358:2018",G-1161-XXL/5XL,,10,,,140,,,,,https://products.papertrail.io/downloads/skylotec/General_User_manual.pdf,https://www.skylotec.com/eu_en/IGNITE-NUCLEON/P-G-1161,,,
65082a48-09ac-4cc8-a9a1-a5b7a423e8b8,Skylotec,IGNITE PROTON WIND (M/XXL),ppe,Harnesses,Polyester / Steel / Aluminium,"EN 361:2002, EN 358:2018",G-1132-W-M/XXL,,10,,,140,,,,,https://products.papertrail.io/downloads/skylotec/General_User_manual.pdf,https://www.skylotec.com/eu_en/IGNITE-PROTON-WIND/G-1132-W-XS-M,,,
4025b609-5d25-4511-b9bc-c863f2160bab,Skylotec,IGNITE PROTON WIND (XS/M),ppe,Harnesses,Polyester / Steel / Aluminium,"EN 361:2002, EN 358:2018",G-1132-W-XS/M,,10,,,140,,,,,https://products.papertrail.io/downloads/skylotec/General_User_manual.pdf,https://www.skylotec.com/eu_en/IGNITE-PROTON-WIND/G-1132-W-XS-M,,,
1f3f010c-f8dc-4d79-9b63-ade2d4e7ab7f,Skylotec,IGNITE PROTON WIND (XXL/5XL),ppe,Harnesses,Polyester / Steel / Aluminium,"EN 361:2002, EN 358:2018",G-1132-W-XXL/5XL,,10,,,140,,,,,https://products.papertrail.io/downloads/skylotec/General_User_manual.pdf,https://www.skylotec.com/eu_en/IGNITE-PROTON-WIND/G-1132-W-XS-M,,,
d19362f3-5c57-4a39-8fd0-7dc78e97a718,Skylotec,IGNITE SKYFIZZ (M/XXL),ppe,Harnesses,Polyester / Steel / Aluminium,EN 361:2002,G-0131-M/XXL,,10,,,140,,,,,https://products.papertrail.io/downloads/skylotec/General_User_manual.pdf,https://www.skylotec.com/eu_en/IGNITE-SKYFIZZ/P-G-0131,,,
e4be017c-a32e-44d2-8c45-862117bdc293,Skylotec,IGNITE SKYFIZZ (XS/M),ppe,Harnesses,Polyester / Steel / Aluminium,EN 361:2002,G-0131-XS/M,,10,,,140,,,,,https://products.papertrail.io/downloads/skylotec/General_User_manual.pdf,https://www.skylotec.com/eu_en/IGNITE-SKYFIZZ/P-G-0131,,,
b02006db-a27f-43c3-9f02-89663abba568,Skylotec,IGNITE SKYFIZZ (XXL/5XL),ppe,Harnesses,Polyester / Steel / Aluminium,EN 361:2002,G-0131-XXL/5XL,,10,,,140,,,,,https://products.papertrail.io/downloads/skylotec/General_User_manual.pdf,https://www.skylotec.com/eu_en/IGNITE-SKYFIZZ/P-G-0131,,,
37fa9747-b647-4916-b545-b7b9928c2c80,Skylotec,INCEPTOR GRX,ppe,Helmets,Polycarbonate / Acrylonitrile butadiene styrene / Polystyrene / Polyester,"EN 397:2025 T2, EN 12492:2012",BE-390,,10,,,,,,,,,https://www.skylotec.com/eu_en/INCEPTOR-GRX/BE-390-07,,,
6f5b9db6-3144-47dc-863d-6df76b67ab73,Skylotec,INCEPTOR GRX HIGH VOLTAGE,ppe,Helmets,Polycarbonate / Acrylonitrile butadiene styrene / Polystyrene / Polyester,"EN 397:2025 T2, EN 12492:2012 EXCEPT 4.1.4, EN 50365:2023",BE-392,,10,,,,,,,,,https://www.skylotec.com/eu_en/INCEPTOR-GRX-HIGH-VOLTAGE/BE-392-13,,,
bb245d6e-cac2-4fea-97be-d98c9eeb0a41,Skylotec,INCEPTOR GRX HIGH VOLTAGE REF,ppe,Helmets,Polycarbonate / Acrylonitrile butadiene styrene / Polystyrene / Polyester,"EN 397:2025 T2, EN 12492:2012 EXCEPT 4.1.4, EN 50365:2023",HP-6303,,10,,,,,,,,,https://www.skylotec.com/eu_en/INCEPTOR-GRX-HIGH-VOLTAGE-REF/P-HP-6303,,,
2def9765-6491-4553-9639-5a8a574f66a9,Skylotec,INCEPTOR GRX REF,ppe,Helmets,Polycarbonate / Acrylonitrile butadiene styrene / Polystyrene / Polyester,"EN 397:2025 T2, EN 12492:2012",BE-391,,10,,,,,,,,,https://www.skylotec.com/eu_en/inceptor-grx-ref-be-391.html,,,
03f56406-731c-41e0-85ff-6e4cedb0ca01,Skylotec,KOBRA TRI,ppe,Carabiners,Steel,EN 362:2004/A/T,H-121,,,45 kN,,,,,,,,https://www.skylotec.com/eu_en/kobra-tri-h-121.html,,,
636ace52-0300-4d29-9dd7-964ff007a7da,Skylotec,LOOP,ppe,Anchors,Polyamide,"EN 354:2010, EN 566:2017, EN 795-B:2012",L-0010,,10,35 kN,,,,,,,,https://www.skylotec.com/eu_en/products/anchors/slings/,,,
e2829fc3-b6ea-4303-8267-ecc73aef8cd7,Skylotec,LOOP SEP,ppe,Anchors,Polyester,"EN 354:2010, EN 566:2006, EN 795-B:2012",,,10,40 kN,,,,,,,,https://www.skylotec.com/eu_en/products/anchors/slings/,,,
c55b21a9-3e76-4d72-84d4-fd42a67e9c89,Skylotec,LORY PRO,ppe,Descenders,Aluminium / Steel,"EN 341:2011/2A, EN 12841-C:2006, EN 358, EN 795:2012/B",A-041,,,,225 kg,141,10,12,,,,https://www.skylotec.com/eu_en/Lory-PRO/A-041,,,
cbad0463-3e7b-48f6-8af5-4f957c18fbe1,Skylotec,MILAN,ppe,Descenders,Steel / Aluminium,EN 341:2011,,,30,,,140,5.9,5.9,,,,https://www.skylotec.com/eu_en/products/descenders-and-rescue-devices/evacuation-devices/,,,"Every 5 years: Level 2 service by authorised Skylotec partner required (disassembly, brake/rope inspection, resealing)"
7ff36f18-3daa-4238-ad6c-cbbe701b595d,Skylotec,NANOLINK,ppe,Lanyards,Polyester / Steel / Aluminium,"EN 354:2010, EN 355:2002",L-0960,,10,,,150,,,,,,https://www.skylotec.com/eu_en/products/lanyards/energy-absorber/non-retractable-lanyards/,,,
4e6e2df3-5060-4b8a-93fa-4fc71911b81f,Skylotec,NANOLINK Y,ppe,Lanyards,Polyester / Steel / Aluminium,"EN 354:2010, EN 355:2002",L-0964,,10,,,150,,,,,,https://www.skylotec.com/eu_en/products/lanyards/energy-absorber/non-retractable-lanyards/,,,
4202c07e-c4be-47e1-a29d-9748bdcbb0b6,Skylotec,OBX BG,ppe,Carabiners,Aluminium,EN 362:2004,,,,24 kN,,,,,,,,https://www.skylotec.com/eu_en/OBX-Carabiner,,,
635596c4-478b-4823-88bc-861c06b9625d,Skylotec,OVAL STEEL TRI,ppe,Carabiners,Steel,EN 362:2004/B,H-051,,30,30 kN,,,,,,,,https://www.skylotec.com/eu_en/products/carabiners/trilock-carabiner/,,,
9b50b212-35bb-41cf-ab35-0713302f6eb4,Skylotec,PASSO TRI,ppe,Carabiners,Aluminium,"EN 12275:2013/H, EN 362:2004",,,,,,,,,,,,https://www.skylotec.com/eu_en/products/carabiners/trilock-carabiner/,,,
57cd2dd6-0c7d-4705-ac39-5f021a4d7d1a,Skylotec,PASSO-TWIST,ppe,Carabiners,Aluminium,"EN 362:2004, EN 12275:2013/H",,,,,,,,,,,,https://www.skylotec.com/eu_en/products/carabiners/twistlock-carabiner/,,,
2da13e62-c046-4cc4-8006-afd8eea791cc,Skylotec,PEANUT I,ppe,Lanyards,Polyester / Polyamide / Steel / Aluminium,"EN 360:2002, GS-PS-12:2019, RFU PPE-R/11.060:2018, RFU PPE-R/11.085:2020",HSG-021,,10,,,135,,,,,,https://www.skylotec.com/eu_en/peanut-i-hsg-021-2-5-3.html,,,
04b65a9b-383f-49bb-afc8-54aedbeb0818,Skylotec,PEANUT Y,ppe,Lanyards,Polyester / Polyamide / Steel / Aluminium,"EN 360:2002, GS-PS-12:2019, RFU PPE-R/11.060:2018, RFU PPE-R/11.085:2020",HSG-022,,10,,,135,,,,,,https://www.skylotec.com/eu_en/peanut-y-hsg-022-2-5-3.html,,,
25c6e86d-d916-484d-bfc9-5ff4e8b2527e,Skylotec,QUICK TREE L,ppe,Rope Clamps,Aluminium / Steel,EN 567:2013,H-330,,,,,140,,,,,,https://www.skylotec.com/eu_en/products/rope-clamps/,,,
ac564d76-fe90-4534-aa81-63e0142be817,Skylotec,QUICK TREE R,ppe,Rope Clamps,Aluminium / Steel,EN 567:2013,H-331,,,,,140,,,,,,https://www.skylotec.com/eu_en/QUICK-TREE-R/H-331,,,
b7f6b92a-59a6-499e-8bca-a907aa0c30a9,Skylotec,SCOUT,ppe,Fall Arrest Devices,Stainless Steel,EN 353-2,L-0828,,,,,150,,,,,,https://www.skylotec.com/eu_en/SCOUT/P-L-0828,,,
61b7d7ae-8385-4d9e-9347-4709600c4770,Skylotec,SIRIUS,ppe,Descenders,Aluminium / Steel,"EN 341:2011/2A, EN 12841-C:2006",A-050,,30,,250 kg,141,10,12,,,,https://www.skylotec.com/eu_en/sirius-a-050.html,,,
cb57b67a-c7dd-4f84-ae50-43814933b141,Skylotec,SKYSAFE ECO-R,ppe,Lanyards,Polyester / Steel / Aluminium,"EN 354:2010, EN 355:2002",L-0857,,10,,,110,,,,,,https://www.skylotec.com/eu_en/SKYSAFE-ECO-R/P-L-0857,,,
fc98be54-9999-47cf-b649-202cdd9da468,Skylotec,SKYSAFE ECO-W,ppe,Lanyards,Polyester / Steel,"EN 354:2010, EN 355:2002",L-0855,,10,,,110,,,,,,https://www.skylotec.com/eu_en/SKYSAFE-ECO-W/L-0855-1,,,
806d45d9-3c53-4545-baf3-45d18736386c,Skylotec,SKYSAFE PRO FLEX,ppe,Lanyards,Polyester / Steel / Aluminium,"EN 354:2010, EN 355:2002, EN 795:2012/B, RFU PPE-R/11.063, RFU PPE-R/11.074",L-0565,,10,22 kN,,140,,,,,,https://www.skylotec.com/eu_en/SKYSAFE-PRO-FLEX/P-L-0565,,,
4ab765b6-a59e-4d59-aa7b-9d0684f95ea4,Skylotec,SKYSAFE PRO FLEX Y,ppe,Lanyards,Polyester / Steel / Aluminium,"EN 354:2010, EN 355:2002, EN 795:2012/B, RFU PPE-R/11.063, RFU PPE-R/11.074",L-0623,,10,22 kN,,140,,,,,,https://www.skylotec.com/eu_en/SKYSAFE-PRO-FLEX-Y/P-L-0623,,,
166b5b73-8910-414a-b777-b6eac6640d2a,Skylotec,SKYSAFE PRO+,ppe,Lanyards,Polyester / Steel / Aluminium,"EN 354:2010, EN 355:2002, EN 795:2012/B, RFU PPE-R/11.074",L-0836,,10,,,150,,,,,,https://www.skylotec.com/eu_en/SKYSAFE-PRO/P-L-0836,,,
09f539ba-a57b-431a-a4f3-fd89d61afc60,Skylotec,SKYSAFE PRO+ Y FLEX,ppe,Lanyards,Polyester / Steel / Aluminium,"EN 354:2010, EN 355:2002, EN 795:2012/B, RFU PPE-R/11.074",L-0834,,10,,,150,,,,,,https://skylotec.com/eu_en/skysafe-pro-l-0834-1c8.html,,,
7ef5afb1-6521-47d6-acb7-3ae396f6d9e2,Skylotec,SPARK,ppe,Descenders,Aluminium / Steel,"EN 341:2011/2A, EN 12841-C:2006, EN 15151-1:2012",,,30,,250 kg,141,9,12,,,,https://www.skylotec.com/eu_en/products/descenders-and-rescue-devices/descenders/,,,
413b1cd9-6582-46c8-b119-f115305782ac,Skylotec,SPARROW 200R,ppe,Descenders,Aluminium / Steel / Polyamide,"EN 341:2011/2A, EN 12841-C:2006",A-060,,,,210 kg,200,10.5,11,,,,https://www.skylotec.com/eu_en/SPARROW-200R/P-A-060C,,,
9fcc6445-4705-42a4-b2c0-bb5238af4d9e,Skylotec,SPEED,ppe,Fall Arrest Devices,Aluminium / Stainless Steel,EN 353-1:2014+A1:2017,TAC-0002,,,,,140,,,,,,https://www.skylotec.com/eu_en/products/fall-arrest-devices/,,,
0f0edcb2-d845-4c16-aadf-5c205d7db161,Skylotec,SPEED ATTACH,ppe,Fall Arrest Devices,Aluminium / Stainless Steel,EN 353-1:2014+A1:2017,TAC-0004,,,,,140,,,,,,https://www.skylotec.com/eu_en/products/fall-arrest-devices/,,,
5e2238e5-9b0e-44f0-9046-9f5d06eb7c1e,Skylotec,STAK TRI,ppe,Carabiners,Aluminium,EN 362:2004,,,,,,,,,,,,https://www.skylotec.com/eu_en/products/carabiners/trilock-carabiner/,,,
31cdc612-b2b6-4354-98cf-9d1f59b93425,Skylotec,STANDARD ROLL,ppe,Pulleys,Aluminium,EN 12278:2007,H-067,,30,32 kN,2 kN,,,27,,,,https://www.skylotec.com/eu_en/products/pulleys/,,,
1cfb14de-6a27-4da1-9aef-30377ba1ebd4,Skylotec,STANDARD ROLL 2L,ppe,Pulleys,Aluminium,EN 12278:2007,H-072,,30,32 kN,2 kN,,,13,,,,https://www.skylotec.com/eu_en/products/pulleys/,,,
499a4618-c67f-4448-af7a-cc9cdce1d424,Skylotec,SUPER STATIC 10.5,ppe,Ropes and Cords,Polyamide,EN 1891:1998/A,R-064,,10,,,,10.5,10.5,,,,https://www.skylotec.com/eu_en/super-static-10-5-r-064-sw.html,,,
399ecd29-3274-4a37-aa8d-21364107d2eb,Skylotec,SUPER STATIC 11.0,ppe,Ropes and Cords,Polyamide,EN 1891:1998/A,L-0531,,10,,,,11,11,,,,https://www.skylotec.com/eu_en/super-static-11-0-l-0531.html,,,
e294e800-783d-4352-99c6-39d763658bce,Skylotec,TWIRL,ppe,Anchors,Aluminium,"EN 354:2010, RFU PPE-R/11.135",H-256,,,36 kN,,,,,,,,https://www.skylotec.com/eu_en/twirl-h-256.html,,,
6b944380-8c5e-477e-ab2c-9abbb58f5424,Skylotec,TWISTER,ppe,Anchors,Aluminium,"EN 354:2010, RFU PPE-R/11.135",H-255,,,24 kN,,,,,,,,https://www.skylotec.com/eu_en/products/anchors/swivel/,,,
71e32401-dc6d-4846-aa17-559058cac880,Skylotec,WAIST TEC (M/XXL),ppe,Harnesses,Polyester / Aluminium,EN 358:2018,G-1178-M/XXL,,10,,,140,,,,,https://products.papertrail.io/downloads/skylotec/General_User_manual.pdf,https://www.skylotec.com/eu_en/products/harnesses/fall-arrest-and-work-positioning-harnesses/,,,
7fec17c5-2a9b-4728-8e8a-1ba03bdc34af,Skylotec,WAIST TEC (S/M),ppe,Harnesses,Polyester / Aluminium,EN 358:2018,G-1178-S/M,,10,,,140,,,,,https://products.papertrail.io/downloads/skylotec/General_User_manual.pdf,https://www.skylotec.com/eu_en/products/harnesses/fall-arrest-and-work-positioning-harnesses/,,,
c3ef65b1-6524-4f17-8cb2-dedb63730623,Skylotec,WORK TEC 140 (M/XXL),ppe,Harnesses,Polyester / Aluminium,"EN 361:2002, EN 358:2018",G-1179-M/XXL,,10,,,140,,,,,https://products.papertrail.io/downloads/skylotec/General_User_manual.pdf,https://www.skylotec.com/eu_en/WORK-TEC-140/G-1179-S-M,,,
31edb791-f084-4600-8757-f3c6701f383e,Skylotec,WORK TEC 140 (S/M),ppe,Harnesses,Polyester / Aluminium,"EN 361:2002, EN 358:2018",G-1179-S/M,,10,,,140,,,,,https://products.papertrail.io/downloads/skylotec/General_User_manual.pdf,https://www.skylotec.com/eu_en/WORK-TEC-140/G-1179-S-M,,,
623906b2-961a-4557-8ba8-8dfa9157b725,Skylotec,X-TREM DYNAMIK 11.0,ppe,Ropes and Cords,Polyamide,EN 892:2012,R-052,,10,,,,11,11,,,,https://www.skylotec.com/eu_en/X-TREM-DYNAMIK-11.0/R-052-60,,,
b73a3bf3-b7a7-4d0c-9039-47e999525d0f,Skylotec,XARRIER (M/L),ppe,Harnesses,Polyester / Aluminium,"EN 358:2018, EN 813:2008",G-1173-M/L,,10,,,140,,,,,https://products.papertrail.io/downloads/skylotec/General_User_manual.pdf,https://www.skylotec.com/eu_en/XARRIER/P-G-1173,,,
6b74b4df-cbd0-41d0-b2fd-ddbf6041c102,Skylotec,XARRIER (XL/XXL),ppe,Harnesses,Polyester / Aluminium,"EN 358:2018, EN 813:2008",G-1173-XL/XXL,,10,,,140,,,,,https://products.papertrail.io/downloads/skylotec/General_User_manual.pdf,https://www.skylotec.com/eu_en/XARRIER/P-G-1173,,,
81b7b47f-fb16-431f-952d-be30a29af569,Skylotec,XARRIER (XS/S),ppe,Harnesses,Polyester / Aluminium,"EN 358:2018, EN 813:2008",G-1173-XS/S,,10,,,140,,,,,https://products.papertrail.io/downloads/skylotec/General_User_manual.pdf,https://www.skylotec.com/eu_en/XARRIER/P-G-1173,,,
082bb78b-4322-4619-b552-cb7c3f198f05,Skylotec,XARRIER TOP X (One size),ppe,Harnesses,Polyester / Aluminium,EN 361:2002,G-1174,,10,,,140,,,,,https://products.papertrail.io/downloads/skylotec/General_User_manual.pdf,https://www.skylotec.com/eu_en/xarrier-top-x-g-1174.html,,,
d0bdfddc-ff63-45e6-bf7a-82b718d5804b,Skylotec,XARRIER TOP Y (One size),ppe,Harnesses,Polyester / Aluminium,EN 361:2002,G-1175,,10,,,140,,,,,https://products.papertrail.io/downloads/skylotec/General_User_manual.pdf,https://www.skylotec.com/eu_en/xarrier-top-y-g-1175.html,,,
8883d8d6-21ef-43aa-9a8c-347647f61119,SOVOS,S3200 Safety Helmet - White (01),ppe,safety helmet,polypropylene shell / EPP inner shell,EN397 / EN12492,SV-91000S3201,,,,,,,,,,https://www.fletcherstewart.com/declarations-of-conformity,https://www.fletcherstewart.com/sovos-s3200-safety-helmet.html,,,
aab81281-2fd1-494d-8c87-db7121ff09ca,STEIN,ACUDA ACR-24 Climbing Line 35m Spliced Eye,ppe,climbing line,polyester (24-strand braid / nylon core),EN1891 Type A,,,10,,,,11.7,11.7,NFC tag / spliced termination label,,https://www.fletcherstewart.com/declarations-of-conformity,https://www.fletcherstewart.com/acuda-acr-24-35m-spliced-eye.html,,,
c40b076f-2c2a-43cb-b78d-cadfbdeac038,STEIN,Arborist Rescue Sling,ppe,rescue sling,polyester webbing 25mm,EN566 / EN795:B,,,,22,,,,,,,https://www.fletcherstewart.com/declarations-of-conformity,https://www.fletcherstewart.com/arborist-rescue-sling.html,,,
fcd386b4-21c9-4cfd-a785-7abcab60ae1a,STEIN,ATOL Sewn Prusik Loop 50cm,ppe,prusik loop,polyester (16-plait cover / polyester core),,,,,,,,,,,,https://www.fletcherstewart.com/declarations-of-conformity,https://www.fletcherstewart.com/atol-sewn-prusik-loop-50cm.html,,,
99e1a080-6d8c-4f2b-824a-ae06bcf75bf2,STEIN,ATOL Sewn Prusik Loop 65cm,ppe,prusik loop,polyester (16-plait cover / polyester core),,,,,,,,,,,,https://www.fletcherstewart.com/declarations-of-conformity,https://www.fletcherstewart.com/arborist-forestry/climbing-equipment/accessory-cord-prusiks.html,,,
d99bfbfe-d2cb-45fc-90c5-cc2d9b2a31da,STEIN,CAMBO SRT Foot Loop - Size L,no_ppe,SRT product (not PPE),,,SS-5531027050,,,,,,,,,,https://www.fletcherstewart.com/declarations-of-conformity,https://www.fletcherstewart.com/cambo-srt-foot-loop-l.html,,,
d6332574-1419-458c-b9f8-68e73b89496d,STEIN,CAMBO SRT Foot Loop - Size M,no_ppe,SRT product (not PPE),,,SS-5531027040,,,,,,,,,,https://www.fletcherstewart.com/declarations-of-conformity,https://www.fletcherstewart.com/srt-foot-loop-s.html,,,
9148c9f6-f3e1-4c81-bdd6-5efc108110e1,STEIN,CAMBO SRT Foot Loop - Size S,no_ppe,SRT product (not PPE),,,SS-5531027030,,,,,,,,,,https://www.fletcherstewart.com/declarations-of-conformity,https://www.fletcherstewart.com/srt-foot-loop-s.html,,,
66d87125-a779-4c96-aa79-d39a20c750bc,STEIN,CAMBO V5 SRT Chest Harness,ppe,chest harness (SRT),polyester webbing,,SS-5530027040,,,,,,,,,,https://www.fletcherstewart.com/declarations-of-conformity,https://www.fletcherstewart.com/cambo-v5-chest-harness.html,,,
f356b76d-da65-47e9-9939-f2c2dced3fda,STEIN,COPIOUS A-TEC 65cm / 8mm,ppe,prusik / friction hitch cord,polyester / technora cover / polyester core,,,,,,,,8,8,,,https://www.fletcherstewart.com/declarations-of-conformity,https://www.fletcherstewart.com/copious-a-tec-85cm-8mm.html,,,
21ce50a3-e7cc-43c9-9c58-4d7e3b3135a9,STEIN,COPIOUS A-TEC 70cm / 8mm,ppe,prusik / friction hitch cord,polyester / technora cover / polyester core,,,,,,,,8,8,,,https://www.fletcherstewart.com/declarations-of-conformity,https://www.fletcherstewart.com/copious-a-tec-85cm-8mm.html,,,
6daf4450-c353-4fd2-abfd-810ecafbcafe,STEIN,COPIOUS A-TEC 75cm / 8mm,ppe,prusik / friction hitch cord,polyester / technora cover / polyester core,,,,,,,,8,8,,,https://www.fletcherstewart.com/declarations-of-conformity,https://www.fletcherstewart.com/copious-a-tec-85cm-8mm.html,,,
d4259344-fae9-449b-a56a-0098d7c68dd8,STEIN,COPIOUS A-TEC 85cm / 8mm,ppe,prusik / friction hitch cord,polyester / technora cover / polyester core,,,,,,,,8,8,,,https://www.fletcherstewart.com/declarations-of-conformity,https://www.fletcherstewart.com/copious-a-tec-85cm-8mm.html,,,
6ccd7f9e-dbf4-473f-b825-6ea7c4e7060c,STEIN,COPIOUS ATOL 70cm / 9mm,ppe,prusik / friction hitch cord,polyester (16-plait cover / polyester core),,,,,,,,9,9,,,https://www.fletcherstewart.com/declarations-of-conformity,https://www.fletcherstewart.com/copious-atol-70cm-sewn-eye-sling.html,,,
dfd5e228-cc8e-4abb-886d-a7cf84af0738,STEIN,COPIOUS ATOL 75cm / 9mm,ppe,prusik / friction hitch cord,polyester (16-plait cover / polyester core),,,,,,,,9,9,,,https://www.fletcherstewart.com/declarations-of-conformity,https://www.fletcherstewart.com/copious-atol-70cm-sewn-eye-sling.html,,,
52bec5b0-4106-4c1c-be79-17d99a7ac04d,STEIN,COPIOUS P-TEC 75cm / 10mm,ppe,prusik / friction hitch cord,polyester / technora cover / polyester core,,,,,,,,10,10,,,https://www.fletcherstewart.com/declarations-of-conformity,https://www.fletcherstewart.com/arborist-forestry/climbing-equipment/accessory-cord-prusiks.html,,,
a15c3efd-4827-4b81-937e-047d2aa295cb,STEIN,COPIOUS P-TEC 85cm / 10mm,ppe,prusik / friction hitch cord,polyester / technora cover / polyester core,,,,,,,,10,10,,,https://www.fletcherstewart.com/declarations-of-conformity,https://www.fletcherstewart.com/arborist-forestry/climbing-equipment/accessory-cord-prusiks.html,,,
3af9f34c-5cbd-44b7-bbae-02bcd79d4ea5,STEIN,DJANGO Foot Ascender - Size L,no_ppe,foot ascender (not PPE),aluminium / steel,,SS-4922970001,,,,,,,,,,https://www.fletcherstewart.com/declarations-of-conformity,https://www.fletcherstewart.com/catalogsearch/result/index/?p=6&product_manufacturer=5532&q=rope+bag,,,
7390e140-4864-49c9-86b7-20097d0eece9,STEIN,ELEVATE Climber Kit - 43mm Gaffs,no_ppe,tree climbing spurs,hard anodised aluminium / stainless steel,,SS-46302K2043,,,,,,,,,,https://www.fletcherstewart.com/declarations-of-conformity,https://www.fletcherstewart.com/elevate-climber-kit-67mm-gaffs-blue.html,,,
8cd12637-87c1-4d21-a076-aecd88f466bd,STEIN,ELEVATE Climber Kit - 67mm Gaffs,no_ppe,tree climbing spurs,hard anodised aluminium / stainless steel,,SS-46302K2067,,,,,,,,,,https://www.fletcherstewart.com/declarations-of-conformity,https://www.fletcherstewart.com/elevate-climber-kit-67mm-gaffs-blue.html,,,
283a2e58-c383-42cf-aaca-4d61d8feeea5,STEIN,LD1000 Invert-A-Wrap Floating Friction Device,rigging,rigging device (not PPE),aluminium,,,,,,,,,,unique serial number on protection rubber,,https://www.fletcherstewart.com/declarations-of-conformity,https://www.fletcherstewart.com/ld1000-floating-friction-device.html,,,
995c8c32-c27c-4c97-b45d-f6cb4c907b7a,STEIN,MANTRA ACR-24 Climbing Line 25m Spliced Eye,ppe,climbing line,polyester (24-strand braid / nylon core),EN1891 Type A,,,10,,,,11.7,11.7,NFC tag / spliced termination label,,https://www.fletcherstewart.com/declarations-of-conformity,https://www.fletcherstewart.com/mantra-acr-24-25m-spliced-eye.html,,,
28a9e8b6-04d1-420d-8a32-bdd8379cc593,STEIN,OMEGA-12 Rigging Line ORL-32/12,rigging,rigging line (not PPE),polyester (32-plait sheath / braided core),,ORL-32/12,,,,,,12,12,,,https://www.fletcherstewart.com/declarations-of-conformity,https://www.fletcherstewart.com/omega-10-rigging-line-50m-orl-16-10.html,,,
965fcfaf-3980-47cf-bb2f-8ceec34d99d9,STEIN,RC1000 Lowering Device,rigging,rigging device (not PPE),aluminium,,,,,,1000 kg,,,,stamped on device,,https://www.fletcherstewart.com/declarations-of-conformity,https://www.fletcherstewart.com/arborist-forestry/rigging-equipment/lowering-devices/lowering-devices-187.html,,,
d5abfa40-f2e8-4424-a48a-633dac4a0d68,STEIN,RC2000 Lowering Device,rigging,rigging device (not PPE),aluminium,,,,,,2000 kg,,,,stamped on device,,https://www.fletcherstewart.com/declarations-of-conformity,https://www.fletcherstewart.com/arborist-forestry/rigging-equipment/lowering-devices/lowering-devices-187.html,,,
158978bd-51f3-43aa-a241-2791920b5738,STEIN,RC2001 Fixed Lowering Device,rigging,rigging device (not PPE),aluminium,,,,,,2000 kg,,,16,stamped on device,,https://www.fletcherstewart.com/declarations-of-conformity,https://www.fletcherstewart.com/rc2001-lowering-device.html,,,
76ab3120-2e65-4cbb-9335-d19c29709891,STEIN,RC3100 Pre-Tension Pulley,rigging,rigging hardware (not PPE),aluminium,,,,,,,,,,,,https://www.manualslib.com/manual/1533212/Stein-Rc-3100.html,https://www.fletcherstewart.com/view-by-brand/stein/rigging-equipment-102/rigging-hardware-117.html,,,
945835e5-a1a2-48ce-9877-bcfc7012567f,STEIN,RCW3001 Lowering Device,rigging,rigging device (not PPE),aluminium,,,,,,3000 kg,,,19,,,https://www.fletcherstewart.com/declarations-of-conformity,https://www.fletcherstewart.com/rcw3001-lowering-device-c-w-winch.html,,,
4a3a88ff-600a-4c55-96be-efe05c282d1d,STEIN,Rope Grab for 12.0mm - 13.0mm Rope,ppe,rope grab,aluminium / steel,EN358:2018,SS-4922974400,,,,,,12,13,,,https://www.fletcherstewart.com/declarations-of-conformity,https://www.fletcherstewart.com/rope-grab-for-12mm-13mm-rope-bolted-cam.html,,,
1b67c02c-6ebb-4c64-843d-5a39f7dca8c5,STEIN,SCE-X1 Work Positioning Lanyard 3.0m,ppe,work positioning lanyard,polyester / polyamide (SRS-32 11mm),EN354:2010,SS-37211X10XX,,,,,,11,11,,,https://www.fletcherstewart.com/declarations-of-conformity,https://www.fletcherstewart.com/3-0m-x1-sce-lanyard-no-hardware.html,,,
58222fc3-fb70-4c30-bb90-3667d7892ccf,STEIN,SCORPIUS ACR-16 Climbing Line 45m Spliced Eye,ppe,climbing line,polyester (16-strand kernmantle),EN1891 Type A,,,10,,,,12.4,12.4,serial numbered terminations,,https://www.fletcherstewart.com/declarations-of-conformity,https://www.fletcherstewart.com/scorpius-acr-16-45m-spliced-eye.html,,,
15a5c759-fa65-42e3-88de-b490933da396,STEIN,SECURA D-Shape Aluminium - Blue,ppe,karabiner,7075 aluminium,EN362,SS-4924172047,,,30,,,,,engraved on body,,https://www.fletcherstewart.com/declarations-of-conformity,https://www.fletcherstewart.com/secura-d-shape-aluminium-blue.html,,,
df421e2a-2ada-4621-9434-f6deb45616d9,STEIN,SECURA D-Shape Aluminium - Gold,ppe,karabiner,7075 aluminium,EN362,SS-4924172046,,,30,,,,,engraved on body,,https://www.fletcherstewart.com/declarations-of-conformity,https://www.fletcherstewart.com/secura-d-shape-aluminium-gold.html,,,
e65b15d9-539f-4ddf-ba5b-8f5d06742cbc,STEIN,SECURA D-Shape Aluminium - Green (Twin Pack),ppe,karabiner,7075 aluminium,EN362,SS-4924172048X2,,,30,,,,,engraved on body,,https://www.fletcherstewart.com/declarations-of-conformity,https://www.fletcherstewart.com/secura-d-shape-aluminium-green-twin.html,,,
70a3ded0-3977-4666-9937-52e457b68c37,STEIN,SECURA OVAL Aluminium - Gold,ppe,karabiner,7075 aluminium,EN362,SS-4924172216,,,25,,,,,engraved on body,,https://www.fletcherstewart.com/declarations-of-conformity,https://www.fletcherstewart.com/secura-oval-aluminium-gold.html,,,
f8ffed9d-8e88-4183-994c-3d19b9497e41,STEIN,SECURA OVAL Aluminium - Gold (Twin Pack),ppe,karabiner,7075 aluminium,EN362,SS-4924172216X2,,,25,,,,,engraved on body,,https://www.fletcherstewart.com/declarations-of-conformity,https://www.fletcherstewart.com/secura-oval-aluminium-gold-twin.html,,,
64457d0a-6aa6-40c0-9d08-366ff0de5ec3,STEIN,SMB1000 Lowering Bollard,rigging,rigging device (not PPE),aluminium,,,,,,1000 kg,,,14,serial number on protection rubber,,https://www.fletcherstewart.com/declarations-of-conformity,https://www.fletcherstewart.com/smb1000-lowering-bollard-1.html,,,
95bf2ddb-19a6-41e1-9bfc-65cf24acfc35,STEIN,VEGA Arborist Harness - Size 1,ppe,arborist harness,polyester webbing,EN813:2008 / EN358:2018 / ASTM F887-18,,,,,150 kg,150,,,label on harness,,https://www.fletcherstewart.com/declarations-of-conformity,https://www.fletcherstewart.com/view-by-brand/stein/climbing-equipment-101/test.html,,,
36d756a0-54ae-46a0-8ec1-5499bc9babfa,STEIN,VEGA Arborist Harness - Size 2,ppe,arborist harness,polyester webbing,EN813:2008 / EN358:2018 / ASTM F887-18,,,,,150 kg,150,,,label on harness,,https://www.fletcherstewart.com/declarations-of-conformity,https://www.fletcherstewart.com/view-by-brand/stein/climbing-equipment-101/test.html,,,
21d6958b-b96c-4d9a-bb6a-cc8b20c61020,STEIN,VEGA Arborist Harness - Size 3,ppe,arborist harness,polyester webbing,EN813:2008 / EN358:2018 / ASTM F887-18,,,,,150 kg,150,,,label on harness,,https://www.fletcherstewart.com/declarations-of-conformity,https://www.fletcherstewart.com/view-by-brand/stein/climbing-equipment-101/test.html,,,
f73d8eed-0d5a-4fb9-9674-f3aff199b2a2,STEIN,VEGA Plus VS2 Harness - Size 1,ppe,arborist harness,polyester webbing,EN813:2008 / EN358:2018 / ASTM F887-18,,,,,150 kg,150,,,label on harness,,https://www.fletcherstewart.com/declarations-of-conformity,https://www.fletcherstewart.com/vega-plus-vs2-harness-size-2.html,,,
0156ce61-e438-4cf9-8109-d3aa0c59e426,STEIN,VEGA Plus VS2 Harness - Size 2,ppe,arborist harness,polyester webbing,EN813:2008 / EN358:2018 / ASTM F887-18,,,,,150 kg,150,,,label on harness,,https://www.fletcherstewart.com/declarations-of-conformity,https://www.fletcherstewart.com/vega-plus-vs2-harness-size-2.html,,,
3053d1df-2aad-43c3-ad98-53ddd54c7198,STEIN,VEGA Plus VS2 Harness - Size 3,ppe,arborist harness,polyester webbing,EN813:2008 / EN358:2018 / ASTM F887-18,,,,,150 kg,150,,,label on harness,,https://www.fletcherstewart.com/declarations-of-conformity,https://www.fletcherstewart.com/vega-plus-vs2-harness-size-2.html,,,
e23bf5ba-9388-415c-bd14-18b33e2cc631,STEIN,Wire Core Work Positioning Lanyard 3.0m,ppe,work positioning lanyard,polyester sheath / steel wire core (7x19 6mm),EN358:2018,,,,,100 kg,100,,,,,https://www.fletcherstewart.com/declarations-of-conformity,https://www.fletcherstewart.com/view-by-brand/stein/climbing-equipment-101/lanyards-fliplines-109/wire-core-flipline-310.html,,,
e5b8b7f5-af4c-46aa-8e19-66951aa622a4,STEIN,Wire Core Work Positioning Lanyard 5.0m,ppe,work positioning lanyard,polyester sheath / steel wire core (7x19 6mm),EN358:2018,,,,,100 kg,100,,,,,https://www.fletcherstewart.com/declarations-of-conformity,https://www.fletcherstewart.com/5-0m-wire-core-lanyard-complete-kit.html,,,
baa9d5aa-1bf7-4b26-b9ef-32be4b8d0aa3,STEIN,X2 Aluminium Climber Kit - 67mm Gaffs,no_ppe,tree climbing spurs (discontinued),aluminium / stainless steel,,,,,,,,,,,,https://www.fletcherstewart.com/declarations-of-conformity,https://www.fletcherstewart.com/x2-climber-kit-fitted-with-67mm-gaffs-222.html,,,
1762e969-8dcb-443f-a6e3-89a801d37b30,Sterling,"1/8"" (3mm) Wire Sling 48""",ppe,Anchors,,,HW03WSL48,,,,,,,,,,,https://sterlingrope.com/1-8-3mm-wire-sling-48/,,,
c37c39df-07f6-4993-a817-ea46a0d464f6,Sterling,8 mm Steel Delta Screwlink,ppe,Descent Control and Rigging,Plated steel,EN 362; EN 12275; EN 566,HWDSL8,,,30,,,,,,,,https://sterlingrope.com/8-mm-delta-screwlink-steel/,,,
3409dde0-ada6-498f-a021-0f5e02cc75ff,Sterling,Adjustable Retrievable Anchor - Green,ppe,Cambium Savers,HTP polyester ring sling (aluminum ring) + Twaron/Nylon RIT Bound Loop Prusik (aluminum ring),,ANCKT,,,24.1,,,,,,,,https://sterlingrope.com/adjustable-retrievable-anchor/,,,
122226b7-7007-4b4d-9e20-727e3e9c11ae,Sterling,Adjustable Retrievable Anchor - Red,ppe,Cambium Savers,HTP polyester ring sling (aluminum ring) + Twaron/Nylon RIT Bound Loop Prusik (aluminum ring),,ANCKT,,,24.1,,,,,,,,https://sterlingrope.com/adjustable-retrievable-anchor/,,,
01e9ee13-6c32-452c-9a07-19c98969d454,Sterling,ASD w/ Pin Carabiner - Autolock,ppe,Carabiners & Snaphooks,Aluminum,ANSI Z359.12,HWANSIDAL,,,30.0,,,,,,,,https://sterlingrope.com/asd-w-pin-carabiner/,,,
62fae375-e536-47f4-81c8-92a2ec098a0a,Sterling,ATS Device - Black,rigging,Descent Control and Rigging,Aluminum,,ATSD,,,23.0,,,,,,,https://store-byhk2npena.mybigcommerce.com/content/pdf/CARE_ATS_18x85_2020_Aug_V1.pdf,https://sterlingrope.com/ats-device/,,,
f973934b-8afe-4fb4-b1bc-55c2db4c0764,Sterling,ATS Device - Green,rigging,Descent Control and Rigging,Aluminum,,ATSD,,,23.0,,,,,,,https://store-byhk2npena.mybigcommerce.com/content/pdf/CARE_ATS_18x85_2020_Aug_V1.pdf,https://sterlingrope.com/ats-device/,,,
b47cea69-e2f1-4019-a8e9-d3eb7d2f2dc8,Sterling,Aztek Omni Block Pulley - Black,ppe,Pulleys,Aluminum (machined solid block),EN 12278,AZTP,,,36.0,9.0 kN,,,8,,,,https://sterlingrope.com/aztek-omni-blocks/,,,
a4b16b82-843d-4638-8651-dbc8595f09d8,Sterling,Aztek Omni Block Pulley - Orange/Blue,ppe,Pulleys,Aluminum (machined solid block),EN 12278,AZTP,,,36.0,9.0 kN,,,8,,,,https://sterlingrope.com/aztek-omni-blocks/,,,
e425cde4-832e-4e65-ae99-7a7523b1126d,Sterling,Aztek Omni Block Pulley - PIN,ppe,Pulleys,Aluminum (machined solid block),EN 12278,AZTP,,,36.0,9.0 kN,,,8,,,,https://sterlingrope.com/aztek-omni-blocks/,,,
8c1108c4-3730-430e-8a8f-a09ca23ed87d,Sterling,Eagle Carabiner - Blue - Screwlock,no_ppe,Carabiners & Snaphooks,Aluminum,,ELP,,,25.0,,,,,,,,https://sterlingrope.com/eagle-carabiner/,,,
70c16db6-888f-4555-9f24-ca36b5c64324,Sterling,F4 Descent Device - Red - Descent Device (NFPA),ppe,Descent Control and Rigging,,NFPA 1983 (Escape Descent Device),F4DD,,,13.5,,,7.5,8,,,,https://sterlingrope.com/f4-device-descent-device/,,,
26d31203-2553-4b04-a3c7-1df04a7914ba,Sterling,"F4 Descent Device - Red - w/ 7"" Tech Ext Lanyard",ppe,Descent Control and Rigging,,NFPA 1983 (Escape Descent Device),F4DD,,,13.5,,,7.5,8,,,,https://sterlingrope.com/f4-device-descent-device/,,,
6b1e26ee-7f72-4f8c-9e3a-cf726aed73dd,Sterling,"F4 Descent Device - Red - w/ 9"" Tech Ext Lanyard",ppe,Descent Control and Rigging,,NFPA 1983 (Escape Descent Device),F4DD,,,13.5,,,7.5,8,,,,https://sterlingrope.com/f4-device-descent-device/,,,
23815ca5-a5bb-4470-947e-1731804eb8ea,Sterling,Falcon Talon Carabiner - Screwlock,no_ppe,Carabiners & Snaphooks,Aluminum,,FTC,,,25.0,,,,,,,,https://sterlingrope.com/falcon-talon-carabiner/,,,
2bc796f0-2d43-43d5-b9ca-f3351fe5fb9f,Sterling,FCX Descent Device,ppe,Descent Control and Rigging,Machined 7075 T6 Aluminum,NFPA 1983 (Escape Descent Device),HWFCX,,,13.5,,,7.5,8,,,,https://sterlingrope.com/fcx-descent-device/,,,
349fab8b-52c1-4102-a649-60c3dd98eaaf,Sterling,Hawk Carabiner - Black - Autolock,no_ppe,Carabiners & Snaphooks,Aluminum,,HAWC,,,28.0,,,,,,,,https://sterlingrope.com/hawk-carabiner/,,,
7a29e2eb-15e9-40f3-96b0-99f9c311c9e9,Sterling,Hawk Carabiner - Black - Screwlock,no_ppe,Carabiners & Snaphooks,Aluminum,,HAWC,,,28.0,,,,,,,,https://sterlingrope.com/hawk-carabiner/,,,
da048ee1-dcb9-4ca5-80d2-276065940289,Sterling,Hawk Carabiner - Gold - Autolock,no_ppe,Carabiners & Snaphooks,Aluminum,,HAWC,,,28.0,,,,,,,,https://sterlingrope.com/hawk-carabiner/,,,
24727f52-25f5-4e38-8dad-5754783cc0a3,Sterling,Hawk Carabiner - Gold - Screwlock,no_ppe,Carabiners & Snaphooks,Aluminum,,HAWC,,,28.0,,,,,,,,https://sterlingrope.com/hawk-carabiner/,,,
6a88c2a1-9928-4aa1-bc8f-4c4f3cb699bc,Sterling,HMS Carabiner - Autolock,ppe,Carabiners & Snaphooks,Aluminum,EN 362,HMSC,,,24,,,,,,,https://store-byhk2npena.mybigcommerce.com/content/pdf/Sterling_HMS%26OH%20IFU_01312024.pdf,https://sterlingrope.com/hms-carabiner/,,,
0bcb0874-7902-4ce3-8d99-15e38e8d296c,Sterling,HMS Carabiner - Screwlock,ppe,Carabiners & Snaphooks,Aluminum,EN 362,HMSC,,,24,,,,,,,https://store-byhk2npena.mybigcommerce.com/content/pdf/Sterling_HMS%26OH%20IFU_01312024.pdf,https://sterlingrope.com/hms-carabiner/,,,
5c14932e-7727-4cb5-9967-49ff42ffbad2,Sterling,Lightning GT Hook (NFPA),ppe,Anchors,,NFPA,HWHOOKLG,,,,,,,,,,,https://sterlingrope.com/lightning-gt-hook-nfpa/,,,
ac9cd06b-428f-492f-bea2-1581c6f421c3,Sterling,OH Carabiner - Autolock,ppe,Carabiners & Snaphooks,Aluminum,EN 362,OHC,,,24,,,,,,,https://store-byhk2npena.mybigcommerce.com/content/pdf/Sterling_HMS%26OH%20IFU_01312024.pdf,https://sterlingrope.com/oh-carabiner/,,,
c448226b-75c1-4da7-ab4f-bc9381505fad,Sterling,OH Carabiner - Screwlock,ppe,Carabiners & Snaphooks,Aluminum,EN 362,OHC,,,24,,,,,,,https://store-byhk2npena.mybigcommerce.com/content/pdf/Sterling_HMS%26OH%20IFU_01312024.pdf,https://sterlingrope.com/oh-carabiner/,,,
301ae37e-ef62-4817-a857-efdfc27ba3a5,Sterling,Osprey Carabiner - Black - Screwlock,no_ppe,Carabiners & Snaphooks,Aluminum,,OSPC,,,23.0,,,,,,,,https://sterlingrope.com/osprey-carabiner/,,,
1926d55e-cff0-476a-8c14-58d88ee55831,Sterling,Osprey Carabiner - Orange - Screwlock,no_ppe,Carabiners & Snaphooks,Aluminum,,OSPC,,,23.0,,,,,,,,https://sterlingrope.com/osprey-carabiner/,,,
4578bd69-5f44-4aa3-b70b-1131ed8b66e0,Sterling,Rescue Figure 8,ppe,Descent Control and Rigging,Aluminum,NFPA 1983,HWR8,,,22.0,,,,,,,,https://sterlingrope.com/rescue-figure-8/,,,
c3d22ce8-ed17-4e8d-8257-9dea9e4a796b,Sterling,SafeD Carabiner - Autolock,ppe,Carabiners & Snaphooks,Aluminum,EN 362; NFPA 2500,HWCBSD,,,28,,,,,,,https://store-byhk2npena.mybigcommerce.com/content/pdf/Sterling_SafeD_8x12_01262024.pdf,https://sterlingrope.com/safed-carabiners/,,,
67e88f75-c1e9-4805-80fe-8937d727c0ec,Sterling,SafeD Carabiner - Twistlock,ppe,Carabiners & Snaphooks,Aluminum,EN 362; NFPA 2500,HWCBSD,,,28,,,,,,,https://store-byhk2npena.mybigcommerce.com/content/pdf/Sterling_SafeD_8x12_01262024.pdf,https://sterlingrope.com/safed-carabiners/,,,
127be57c-a8b1-4d94-a606-f9cd2bac0d38,Sterling,Screwlink,ppe,Descent Control and Rigging,Plated steel,EN 362; EN 12275,HWSCRWLNK8,,,40,,,,,,,,https://sterlingrope.com/screwlink/,,,
b7088cdf-cb1b-49ad-937c-0b55d3007688,Sterling,Stealth Escape Anchor Hook,ppe,Anchors,Aircraft grade 7075 aluminum; stainless steel tip,NFPA 2500 (1983),HWHOOKSTEALTH,,,13.5,,,,,,,,https://sterlingrope.com/stealth-escape-anchor-hook/,,,
6a57b7e6-c41a-4d20-8e90-1e89cb30f5fb,Sterling,Steel Carabiner - Autolock,ppe,Carabiners & Snaphooks,Steel alloy,NFPA 1983; ANSI Z359.12 (autolock only),STC,,,45.0,,,,,,,,https://sterlingrope.com/steel-carabiner/,,,
294258aa-36c9-4bc3-88e6-2ad4c544bf1c,Sterling,Steel Carabiner - Screwlock,ppe,Carabiners & Snaphooks,Steel alloy,NFPA 1983; ANSI Z359.12 (autolock only),STC,,,45.0,,,,,,,,https://sterlingrope.com/steel-carabiner/,,,
b2deaed3-1439-4c90-acc6-9d11602cff42,Tango,BigO 100 Rigging Ring,rigging,Rigging Ring,,,,,,500 kN,100 kN,,,,,,,https://drayer.de/en/shop/hardware/pulleys/rigging-pulleys/299/tango-bigo-100-rigging-ring,,,
8f55b3af-1af7-4154-86eb-ae01b6b4665b,Tango,ERGO 13.5 brasil Climbing Rope,ppe,Climbing Ropes,Polyester sheath; polyamide core,EN 1891 Type A,,10,15,45 kN,,,13.5,13.5,,,,https://drayer.de/en/tango-ergo-13-5-brasil-climbing-rope,,,
0b478dd6-c67c-43a9-8d11-cfb4acd2b95c,Tango,SANITY Prusik Rope,ppe,Hitch Cords,Polyester core; 75% aramid / 25% polyester sheath,,,,,22 kN,,,9.1,9.1,,,,https://drayer.de/en/shop/ropes-and-slings/climbing/prusik-ropes/132/tango-sanity-prusik-rope,,,
185dc32f-143c-46f9-a57b-b84b75b54ef2,Tango,SANITY Prusik Sling 60 cm,ppe,Hitch Cords,Polyester core; 75% aramid / 25% polyester sheath,,,,,22 kN,,,9.1,9.1,,,,https://drayer.de/en/shop/ropes-and-slings/slings/prusik-slings/572/tango-sanity-prusik-sling,,,
a195a998-83d3-4a03-92b1-f2fb86426138,Tango,SANITY Prusik Sling 70 cm,ppe,Hitch Cords,Polyester core; 75% aramid / 25% polyester sheath,,,,,22 kN,,,9.1,9.1,,,,https://drayer.de/en/shop/ropes-and-slings/slings/prusik-slings/572/tango-sanity-prusik-sling,,,
749f8edf-e8a4-4bb8-b136-6fc3b7990383,Tango,SANITY Prusik Sling 80 cm,ppe,Hitch Cords,Polyester core; 75% aramid / 25% polyester sheath,,,,,22 kN,,,9.1,9.1,,,,https://drayer.de/en/shop/ropes-and-slings/slings/prusik-slings/572/tango-sanity-prusik-sling,,,
f0879be4-9b2f-41f2-a303-c46e8e6597fb,Tango,SANITY Prusik Sling 85 cm,ppe,Hitch Cords,Polyester core; 75% aramid / 25% polyester sheath,,,,,22 kN,,,9.1,9.1,,,,https://drayer.de/en/shop/ropes-and-slings/slings/prusik-slings/572/tango-sanity-prusik-sling,,,
aea93e68-ffca-4c46-bfc3-37f0baeb3d92,Tango,SANITY Prusik Sling 95 cm,ppe,Hitch Cords,Polyester core; 75% aramid / 25% polyester sheath,,,,,22 kN,,,9.1,9.1,,,,https://drayer.de/en/shop/ropes-and-slings/slings/prusik-slings/572/tango-sanity-prusik-sling,,,
d44aed89-fbc3-4148-915a-df87c3ae5e12,Tango,StatX 11.0 copper Static Rope,ppe,Climbing Ropes,Polyester,EN 1891 Type B,,10,15,37 kN,,,11,11,,,,https://drayer.de/en/shop/ropes-and-slings/climbing/access-ropes/tango-statx-11-0-copper-static-rope,,,
56b36110-a933-4b8f-9883-a4ff0076e0fe,Tango,StatX 11.0 orange Static Rope,ppe,Climbing Ropes,Polyester,EN 1891 Type B,,10,15,37 kN,,,11,11,,,,https://drayer.de/en/shop/ropes-and-slings/climbing/access-ropes/tango-statx-11-0-orange-static-rope,,,
90b2675b-1f46-4e82-8232-5e0891371ea2,Tango,StatX 11.5 blue Static Rope,ppe,Climbing Ropes,Polyester,EN 1891 Type A,,10,15,46.4 kN,,,11.5,11.5,,,,https://drayer.de/en/shop/ropes-and-slings/climbing/access-ropes/385/tango-statx-11-5-blue-static-rope,,,
fd611aea-2f3a-481f-95be-5c8aa65d2d57,Tango,StatX 11.5 purple Static Rope,ppe,Climbing Ropes,Polyester,EN 1891 Type A,,10,15,46.4 kN,,,11.5,11.5,,,,https://drayer.de/en/shop/ropes-and-slings/climbing/access-ropes/tango-statx-11-5-purple-static-rope,,,
28f0e556-34e5-413f-952d-b6a7d0b9b2ff,Tango,StatX 11.5 yellow Static Rope,ppe,Climbing Ropes,Polyester,EN 1891 Type A,,10,15,46.4 kN,,,11.5,11.5,,,,https://drayer.de/en/shop/ropes-and-slings/climbing/access-ropes/384/tango-statx-11-5-yellow-static-rope,,,
3304f0a2-b0ee-4e5f-9dce-08ac5092e33b,Tango,VISION 12.8 flash Climbing Rope,ppe,Climbing Ropes,Polyester sheath; polyamide core,EN 1891 Type A,,10,15,45 kN,,,12.8,12.8,,,,https://drayer.de/en/shop/ropes-and-slings/climbing/climbing-ropes/311/tango-vision-12-8-flash-climbing-rope,,,
1a6d6c1f-c734-45b2-a6bc-a644886c9b0c,Tango,VISION 12.8 fox Climbing Rope,ppe,Climbing Ropes,Polyester sheath; polyamide core,EN 1891 Type A,,10,15,45 kN,,,12.8,12.8,,,,https://drayer.de/en/shop/ropes-and-slings/climbing/climbing-ropes/310/tango-vision-12-8-fox-climbing-rope,,,
b0ba69ac-44b2-41e7-a51c-f5d7e52115b2,Tendon,Timber 8.0 - Red (cord by the meter),ppe,prusik cord,PES/Technora,EN 564,,,10,20,,,8,8,,,,https://www.mytendon.com/en/tendon-timber-8-0-red/p-454/,,,
791553ed-8aa1-494f-9336-9f39d13f5c87,Tendon,Timber 10.0 - Yellow (cord by the meter),ppe,prusik cord,PES/Technora,EN 564,,,10,25,,,10,10,,,,https://www.mytendon.com/es/tendon-timber-10-0-amarillo/p-455/,,,
7241fa2e-d702-477f-ba76-3d3fe661591e,Tendon,Timber EVO 11 - Yellow,ppe,Climbing Ropes,Polyamide core; Polyester sheath,EN 1891 Type A,L110TT241S000C,,10,30,,,11,11,,,https://www.mytendon.com/UserFiles/Image/1606320539navody-statika-tendon-7-2020.pdf,https://www.mytendon.com/en/tendon-timber-evo-11-yellow/p-481/,,,
3c5d0055-dc03-4639-ae4c-2d27636ab2aa,Tendon,Timber EVO 11.5 - Orange/Yellow,ppe,Climbing Ropes,Polyester (sheath) / Nylon (core),"EN 1891 Type A, CE 1019",,,,30,,,11.5,11.5,,,,https://www.mytendon.com/en/tendon-timber-evo-11-5-orange-yellow/p-445/,,,
7c1b3caf-c5ae-4323-b38f-cb4109607726,Tendon,Timber EVO 11.5 - Orange/Yellow 30m 1 spliced eye,ppe,Climbing Ropes,Polyester (sheath) / Nylon (core),"EN 1891 Type A, CE 1019",,,,,,,11.5,11.5,In-eye splice label,,,https://www.mytendon.com/en/tendon-timber-evo-11-5-orange-yellow/p-445/,,,
8198f752-9c7d-4233-b51e-2a84e25f8bd8,Tendon,Timber EVO 11.5 - Orange/Yellow 50m 1 spliced eye,ppe,Climbing Ropes,Polyester (sheath) / Nylon (core),"EN 1891 Type A, CE 1019",,,,,,,11.5,11.5,In-eye splice label,,,https://www.mytendon.com/en/tendon-timber-evo-11-5-orange-yellow/p-445/,,,
9bdb4deb-a148-4a32-aa13-b4f110aefea4,Tendon,Timber EVO 12.5 - Orange,ppe,Climbing Ropes,Polyamide core; Polyester sheath,EN 1891 Type A,L125TT241S000C,,10,39,,,12.5,12.5,,,https://www.mytendon.com/UserFiles/Image/1606320539navody-statika-tendon-7-2020.pdf,https://www.mytendon.com/en/tendon-timber-evo-12-5-orange/p-483/,,,
184d9a6a-0ea1-46a3-8aef-8bddfd14a517,Tendon,Timber Prusik cord 8.0 - Red,ppe,prusik cord,PES/Technora,"EN 564, EN 566, EN 795B",,,10,20,,,8,8,,,,https://www.mytendon.com/en/tendon-timber-prusik-cord-8-0-red/p-443/,,,
6138dc9b-1b92-46f6-bfc2-0b73c1d2da63,Tendon,Timber Prusik cord 10 - Yellow,ppe,prusik cord,PES/Technora,"EN 564, EN 566, EN 795B",,,10,25,,,10,10,,,,https://www.mytendon.com/en/tendon-timber-prusik-cord-10-yellow/p-444/,,,
dc757646-d681-4699-974e-57e2b66fcf61,Teufelberger,antiSHOCK Tool Lanyard,no_ppe,Lanyards,Polyester,,,,,,,,,,,,https://www.teufelberger.com/en/fiber-ropes/downloads/manufacturer-s-information-tree-care,https://www.teufelberger.com/en/products-services/tree-care/tool-line.html,,,
76a0d02f-9bc1-41c7-96b9-7175cdd55861,Teufelberger,Arbor Elite 11.7mm,ppe,Climbing Ropes,Polyester cover / Polyamide core,CE EN 1891A,,,10,,,,11.7,11.7,,,https://www.teufelberger.com/en/fiber-ropes/downloads/manufacturer-s-information-tree-care,https://www.teufelberger.com/en/arbor-elite.html,,,
de78cc5a-0910-41e0-adfa-2b84697c5c71,Teufelberger,bMOTION Light Size L-XL,ppe,Harnesses,Polyester / Aluminium,"EN 361:2002, ANSI Z359.11-2021",,,10,,,,,,,,https://a.storyblok.com/f/312698/69326f19ce/manufacturer_s_information_and_instructions_for_use_-_bmotion.pdf,https://www.teufelberger.com/en/products/bmotion-light/,,,
35afc20a-126e-4a85-8feb-e61c1087c7f1,Teufelberger,bMOTION Light Size M-L,ppe,Harnesses,Polyester / Aluminium,"EN 361:2002, ANSI Z359.11-2021",,,10,,,,,,,,https://a.storyblok.com/f/312698/69326f19ce/manufacturer_s_information_and_instructions_for_use_-_bmotion.pdf,https://www.teufelberger.com/en/products/bmotion-light/,,,
e9971e40-399b-4e9f-8708-2925a7420f03,Teufelberger,bMOTION Pro Size L-XL,ppe,Harnesses,Polyester / Aluminium,"EN 361:2002, EN 358:2018, ANSI Z359.11-2021",,,10,,,,,,,,https://a.storyblok.com/f/312698/69326f19ce/manufacturer_s_information_and_instructions_for_use_-_bmotion.pdf,https://www.teufelberger.com/en/products/bmotion-pro/,,,
6f88ec48-a625-4954-854b-380e72762e20,Teufelberger,bMOTION Pro Size M-L,ppe,Harnesses,Polyester / Aluminium,"EN 361:2002, EN 358:2018, ANSI Z359.11-2021",,,10,,,,,,,,https://a.storyblok.com/f/312698/69326f19ce/manufacturer_s_information_and_instructions_for_use_-_bmotion.pdf,https://www.teufelberger.com/en/products/bmotion-pro/,,,
df096f67-bec4-40a0-8a28-fc2f3e697efc,Teufelberger,Braided Safety Blue 12.7 mm,ppe,Climbing Ropes,Polyester (cover) / Polyamide (core),"EN 1891A, ANSI Z133",,,,25.8 kN,,,12.7,12.7,,,,https://www.teufelberger.com/en/braided-safety-blue.html,https://www.teufelberger.com/en/fiber-ropes/services/safety-first-product-recall,,
6a4eb0ef-2c7d-4250-88c2-000720d1e381,Teufelberger,Braided Safety Blue 12.7mm 35m 2 spliced eyes,ppe,Climbing Ropes,Polyester (cover) / Polyamide (core),"EN 1891A, ANSI Z133",,,,,,,12.7,12.7,,,,https://www.teufelberger.com/en/braided-safety-blue.html,https://www.teufelberger.com/en/fiber-ropes/services/safety-first-product-recall,,
5cedc21a-dc02-4029-898a-0ab36753b062,Teufelberger,CEclimb 11.1 mm,ppe,Climbing Ropes,Polyester (cover) / Nylon (core),"PPE Regulation (EU) 2016/425, ANSI Z133",,,,,,,11.1,11.1,,,https://a.storyblok.com/f/312698/be81202028/rz_6800440_ceclimb_04_21_web.pdf,https://www.teufelberger.com/en/ceclimb.html,,,
c1d427de-64db-41b4-9ca7-38df92c2cc7e,Teufelberger,CEclimb 12.7 mm,ppe,Climbing Ropes,Polyester (cover) / Nylon (core),"PPE Regulation (EU) 2016/425, ANSI Z133",,,,,,,12.7,12.7,,,https://a.storyblok.com/f/312698/be81202028/rz_6800440_ceclimb_04_21_web.pdf,https://www.teufelberger.com/en/ceclimb.html,,,
f21227c2-aa94-4a11-88b8-01e0abf501a8,Teufelberger,Chameleon 10.5 mm,ppe,Climbing Ropes,Nylon (cover) / Nylon (core),EN 1891A,7360566,,,32 kN,,,10.5,10.5,,,,https://www.teufelberger.com/en/products/chameleon,,,
e366ca41-eb15-45d2-bc01-5ed09a7d51fd,Teufelberger,Chameleon 11 mm,ppe,Climbing Ropes,Nylon (cover) / Nylon (core),EN 1891A,,,,33 kN,,,11,11,,,,https://www.teufelberger.com/en/products/chameleon,,,
aa1b0d3e-bcb6-4855-952f-f9a45f60edb0,Teufelberger,drenaLINE 11.8mm,ppe,Climbing Ropes,Polyester (cover) / Nylon (core),"EN 1891A, ANSI Z133",,,,35,,,11.8,11.8,,,https://www.teufelberger.com/en/fiber-ropes/downloads/manufacturer-s-information-tree-care,https://www.teufelberger.com/en/drenaline.html,,,
e5d9a133-91a5-4c10-a1ae-9d3c433d7832,Teufelberger,drenaLINE 11.8mm 35m 1 spLIFE eye,ppe,Climbing Ropes,Polyester (cover) / Nylon (core),"EN 1891A, ANSI Z133",,,,20,,,11.8,11.8,In-eye splice label,,https://www.teufelberger.com/en/fiber-ropes/downloads/manufacturer-s-information-tree-care,https://www.teufelberger.com/en/drenaline.html,,,
e0e7f8f0-bfc3-47ff-9245-fb7ef2036cb6,Teufelberger,drenaLINE 11.8mm 45m 1 spLIFE eye,ppe,Climbing Ropes,Polyester (cover) / Nylon (core),"EN 1891A, ANSI Z133",,,,20,,,11.8,11.8,In-eye splice label,,https://www.teufelberger.com/en/fiber-ropes/downloads/manufacturer-s-information-tree-care,https://www.teufelberger.com/en/drenaline.html,,,
2d4cbb75-d573-4390-854c-bf3cadd678b8,Teufelberger,drenaLINE 11.8mm 60m 1 spLIFE eye,ppe,Climbing Ropes,Polyester (cover) / Nylon (core),"EN 1891A, ANSI Z133",,,,20,,,11.8,11.8,In-eye splice label,,https://www.teufelberger.com/en/fiber-ropes/downloads/manufacturer-s-information-tree-care,https://www.teufelberger.com/en/drenaline.html,,,
6af4946c-2383-42dc-9230-3d0d059fd340,Teufelberger,fImblCLIMB,ppe,Cambium Savers,Polyester / Stainless Steel thimbles,"EN 795B, ANSI Z133",,,,30 kN,,,,,,,https://a.storyblok.com/f/312698/174799f255/rz_6800200_fimblsaver_fimblclimb_07_18_web.pdf,https://www.teufelberger.com/en/fimblclimb.html,,,
16859552-f60b-4305-a655-d402b6286078,Teufelberger,fImblSAVER,ppe,Cambium Savers,Polyester / Stainless Steel thimbles,"EN 795B, ANSI Z133",,,,40 kN,,,,,,,https://a.storyblok.com/f/312698/174799f255/rz_6800200_fimblsaver_fimblclimb_07_18_web.pdf,https://www.teufelberger.com/en/products/fimblsaver,,,
bf43b86f-d289-4af6-a3a1-d717d979e0d0,Teufelberger,flipLINE 12.5 mm,ppe,Lanyards,Polyester / Steel wire core,"EN 354:2010, ANSI Z133-2017",7350111,,,,,,12.5,12.5,,,https://a.storyblok.com/f/312698/91e2777fc9/6800698_ifu_flipline_07_19_web.pdf,https://www.teufelberger.com/en/flipline.html,,,
8aae803b-bef8-4358-a6ad-079f8d1e9f01,Teufelberger,flipLINE 12.5 mm Swivel,ppe,Lanyards,Polyester / Steel wire core / Aluminium swivel,"EN 354:2010, ANSI Z133-2017",7350113,,,,,,12.5,12.5,,,https://a.storyblok.com/f/312698/91e2777fc9/6800698_ifu_flipline_07_19_web.pdf,https://www.teufelberger.com/en/flipline.html,https://www.teufelberger.com/en/fiber-ropes/services/safety-first-product-recall,,
9a3ae90a-9c04-41df-b4c6-c058379fe5cc,Teufelberger,Fly 11mm,ppe,Climbing Ropes,Polyester cover / Polyamide core,"CE EN 1891A, ANSI Z133",,,10,26.9 kN,,,11,11,,,https://www.teufelberger.com/en/fiber-ropes/downloads/manufacturer-s-information-tree-care,https://www.teufelberger.com/en/products/fly,,,
b81e69c0-8f06-4761-beb2-e023623a0b56,Teufelberger,glideHITCH,ppe,Pulley / Hitch-minding Pulley,Aluminium,"EN 12278, UIAA 130",,999,999,35 kN,7 kN,,,13,,,https://a.storyblok.com/f/312698/c337a6c6b3/glidehitch.pdf,https://www.teufelberger.com/en/products/glidehitch,,,
6a6e001e-bb66-4b74-b630-40381a583976,Teufelberger,Gravity 11.5mm,ppe,Climbing Ropes,Polyester (cover) / Polyamide (core),"EN 1891A, ANSI Z133",,,,32,,,11.5,11.5,,,https://www.teufelberger.com/en/fiber-ropes/downloads/manufacturer-s-information-tree-care,https://www.teufelberger.com/en/company/news/2026/gravity-the-next-generation-tree-climbing-rope,,,
a852e059-4eef-43df-85e7-56ed83810adf,Teufelberger,Gravity 11.5mm 35m 1 spLIFE eye,ppe,Climbing Ropes,Polyester (cover) / Polyamide (core),"EN 1891A, ANSI Z133",,,,17,,,11.5,11.5,In-eye splice label,,https://www.teufelberger.com/en/fiber-ropes/downloads/manufacturer-s-information-tree-care,https://www.teufelberger.com/en/company/news/2026/gravity-the-next-generation-tree-climbing-rope,,,
c1a531b8-1944-4e2c-9374-0e3185c821be,Teufelberger,Gravity 11.5mm 35m 2 spLIFE eyes,ppe,Climbing Ropes,Polyester (cover) / Polyamide (core),"EN 1891A, ANSI Z133",,,,17,,,11.5,11.5,In-eye splice label,,https://www.teufelberger.com/en/fiber-ropes/downloads/manufacturer-s-information-tree-care,https://www.teufelberger.com/en/company/news/2026/gravity-the-next-generation-tree-climbing-rope,,,
e8c86f50-99de-43b6-9748-85d1216685b0,Teufelberger,Gravity 11.5mm 45m 1 spLIFE eye,ppe,Climbing Ropes,Polyester (cover) / Polyamide (core),"EN 1891A, ANSI Z133",,,,17,,,11.5,11.5,In-eye splice label,,https://www.teufelberger.com/en/fiber-ropes/downloads/manufacturer-s-information-tree-care,https://www.teufelberger.com/en/company/news/2026/gravity-the-next-generation-tree-climbing-rope,,,
31ce9331-4e21-427e-81ef-83e82e468468,Teufelberger,Gravity 11.5mm 45m 2 spLIFE eyes,ppe,Climbing Ropes,Polyester (cover) / Polyamide (core),"EN 1891A, ANSI Z133",,,,17,,,11.5,11.5,In-eye splice label,,https://www.teufelberger.com/en/fiber-ropes/downloads/manufacturer-s-information-tree-care,https://www.teufelberger.com/en/company/news/2026/gravity-the-next-generation-tree-climbing-rope,,,
afb95fd0-d798-47db-a8e8-fab0318928dd,Teufelberger,Gravity 11.5mm 60m 1 spLIFE eye,ppe,Climbing Ropes,Polyester (cover) / Polyamide (core),"EN 1891A, ANSI Z133",,,,17,,,11.5,11.5,In-eye splice label,,https://www.teufelberger.com/en/fiber-ropes/downloads/manufacturer-s-information-tree-care,https://www.teufelberger.com/en/company/news/2026/gravity-the-next-generation-tree-climbing-rope,,,
60500a5b-c21e-458d-a9f1-32cd415200b2,Teufelberger,Gravity 11.5mm 60m 2 spLIFE eyes,ppe,Climbing Ropes,Polyester (cover) / Polyamide (core),"EN 1891A, ANSI Z133",,,,17,,,11.5,11.5,In-eye splice label,,https://www.teufelberger.com/en/fiber-ropes/downloads/manufacturer-s-information-tree-care,https://www.teufelberger.com/en/company/news/2026/gravity-the-next-generation-tree-climbing-rope,,,
55dce0df-7ee1-4dc0-8b93-b1dc4133bf2a,Teufelberger,hipSTAR Glide 11.5 mm,ppe,Lanyards,Polyester / Aluminium,"EN 358:2018, EN 795B:2012, ANSI Z133-2017",,5,8,,,150,11.5,11.5,,,https://a.storyblok.com/f/312698/86a6ebacd8/6801658_hipstar_glide_miniglide_04-25-pdf.pdf,https://www.teufelberger.com/en/products/hipstar-glide,,,
b55ab93b-c85c-4d39-bed2-63d87df46b33,Teufelberger,hipSTAR Glide 12.9 mm,ppe,Lanyards,Polyester / Aluminium,"EN 358:2018, EN 795B:2012, ANSI Z133-2017, AS 1891.5:2020",,5,8,,,150,12.9,12.9,,,https://a.storyblok.com/f/312698/86a6ebacd8/6801658_hipstar_glide_miniglide_04-25-pdf.pdf,https://www.teufelberger.com/en/products/hipstar-glide,,,
970c328d-2edc-4cbf-ad57-8935d8b487f2,Teufelberger,hipSTAR Glide Next,ppe,Lanyards,Polyester / Steel wire,"CE EN 358:2018, CE EN 795B:2012, ANSI Z133",,,10,,,,11.5,12.9,,,https://www.teufelberger.com/en/fiber-ropes/downloads/manufacturer-s-information-tree-care,https://www.teufelberger.com/en/products/hipstar-glide,,,
12f95fab-0acb-42f4-b247-8f249050b7fc,Teufelberger,karaT,ppe,Connector / Carabiner,Aluminium,EN 362:2004,6120391,999,999,25 kN,,,,,,,https://a.storyblok.com/f/312698/5088be69c8/karat.pdf,https://www.teufelberger.com/en/products/karat/,,,
dcc22388-26db-417b-8fea-9ba8a81d420c,Teufelberger,KM III 9.5 mm,ppe,Climbing Ropes,Polyester (cover) / Polyamide (core),"EN 1891A, NFPA 2500 (1983), ANSI Z133",,,,28 kN,,,9.5,9.5,,,,https://www.teufelberger.com/en/km-iii-treecare.html,,,
b504786f-27b3-463f-8cab-328d8f29aa76,Teufelberger,KM III 11 mm,ppe,Climbing Ropes,Polyester (cover) / Polyamide (core),"EN 1891A, NFPA 2500 (1983), ANSI Z133",,,,33.3 kN,,,11,11,,,,https://www.teufelberger.com/en/km-iii-treecare.html,,,
c4f1872d-a286-4091-b6fd-d30f38215d02,Teufelberger,KM III 13 mm,ppe,Climbing Ropes,Polyester (cover) / Polyamide (core),"EN 1891A, NFPA 2500 (1983), ANSI Z133",,,,43.3 kN,,,13,13,,,,https://www.teufelberger.com/en/km-iii-treecare.html,,,
fb130094-9da9-497d-8791-8a2c10739364,Teufelberger,KM III Max 11 mm,ppe,Climbing Ropes,Polyester (cover) / Polyamide (core),"EN 1891A, NFPA 2500 (1983)",,,,33.3 kN,,,11,11,,,,https://www.teufelberger.com/en/km-iii-max-rettungs-und-sicherheitsseile.html,,,
e5c3e609-c62f-4798-9044-b627d53c84b0,Teufelberger,miniGLIDE 10.5 mm,ppe,Lanyards,Polyester / Aluminium,"EN 358:2018, EN 795B:2012",,5,8,,,150,10.5,10.5,,,https://a.storyblok.com/f/312698/86a6ebacd8/6801658_hipstar_glide_miniglide_04-25-pdf.pdf,https://www.teufelberger.com/en/miniglide.html,,,
6f9609da-ade3-4182-adea-6b140cca450e,Teufelberger,MT canopyANCHOR fimble 120cm,ppe,Cambium Savers,Polyester,"CE EN 795B:2012, CEN/TS 16415:2013",,,10,,,,,,,,https://www.teufelberger.com/en/media/contentmanager/content/downloads/TB_IFU_multiTOOL.pdf,https://www.teufelberger.com/en/products-services/tree-care/tool-line.html,,,
1f6c94a2-6707-414d-b441-7588fac0553a,Teufelberger,MT canopyANCHOR ring 120cm,ppe,Cambium Savers,Polyester,"CE EN 795B:2012, CEN/TS 16415:2013",,,10,,,,,,,,https://www.teufelberger.com/en/media/contentmanager/content/downloads/TB_IFU_multiTOOL.pdf,https://www.teufelberger.com/en/products/multitool-kit-ring,,,
cd97e1e2-9aa3-4e7d-93a9-1cb8ccc9fd64,Teufelberger,MT chainANCHOR,ppe,Cambium Savers,Polyester,"CE EN 795B:2012, CEN/TS 16415:2013",,,10,,,,,,,,https://www.teufelberger.com/en/media/contentmanager/content/downloads/TB_IFU_multiTOOL.pdf,https://www.teufelberger.com/en/products/multitool-kit-ring,,,
1c91f647-361d-419f-95ea-e88e495fe185,Teufelberger,MT equaLIZA,ppe,Cambium Savers,Polyester,"CE EN 795B:2012, CEN/TS 16415:2013",,,10,,,,,,,,https://www.teufelberger.com/en/media/contentmanager/content/downloads/TB_IFU_multiTOOL.pdf,https://www.teufelberger.com/en/products-services/tree-care/tool-line.html,,,
691ca5c6-5ea5-4a65-86f5-ab99407a1d3e,Teufelberger,MT ringSLING 130cm,ppe,Cambium Savers,Polyester,"CE EN 795B:2012, CEN/TS 16415:2013",,,10,,,,,,,,https://www.teufelberger.com/en/media/contentmanager/content/downloads/TB_IFU_multiTOOL.pdf,https://www.teufelberger.com/en/products/ringsling,,,
ef48222b-d123-434b-8bbd-698d5d14c446,Teufelberger,multiANCHOR,ppe,Cambium Savers,Polyester,"EN 795B, ANSI Z133, AS/NZS 5532",,,,,,,,,,,https://a.storyblok.com/f/312698/f4140706f4/6801176_08-2018_multianchor.pdf,https://www.teufelberger.com/en/products/multianchor,,,
6a16bc71-8a60-48a6-be22-42e4db1ae77f,Teufelberger,multiSAVER,ppe,Cambium Savers,Polyester / Aluminium,"EN 795B:2012, ANSI Z133-2017",6801167,,,25 kN,,,,,,,https://a.storyblok.com/f/312698/e5d3dbf634/rz_6801167_multisaver_06_18_web.pdf,https://www.teufelberger.com/en/products/multisaver,,,
fcd3cec7-1185-4c7a-8e5e-7f529c51560f,Teufelberger,multiSLING,ppe,Cambium Savers,Polyester,"EN 795B, ANSI Z133",,,,,,,,,,,https://a.storyblok.com/f/312698/0c67198d7a/rz_6801161_multisling_08_18_web.pdf,https://www.teufelberger.com/en/multisling.html,,,
c53e906f-da44-429d-979f-109183a4ba09,Teufelberger,Ocean Polyester e2e 10 mm,ppe,Prusik Loops,Polyester,EN 795B,,3,6,,,,10,10,,,,https://www.teufelberger.com/en/products-services/tree-care/tool-line.html,,,
e049d29a-864c-4a79-9e86-4bf9bf1ffa26,Teufelberger,Ocean Polyester Loop 10 mm,ppe,Prusik Loops,Polyester,EN 795B,,3,6,,,,10,10,,,,https://www.teufelberger.com/en/products-services/tree-care/tool-line.html,,,
3a83477f-b470-48c5-8fa0-9362c93f932c,Teufelberger,Patron treeACCESS,ppe,Climbing Ropes,Polyester cover / Polyamide core,CE EN 1891A,,,10,,,,,,,,https://www.teufelberger.com/en/fiber-ropes/downloads/manufacturer-s-information-tree-care,https://www.teufelberger.com/en/patron-treeaccess.html,,,
b70ac0c4-20f9-43b2-b453-7989f095164d,Teufelberger,PLATINUM arborACCESS 60m,ppe,Climbing Ropes,Polyamide core / Polyester cover,CE EN 1891A,,,10,,,,,,,,https://www.teufelberger.com/en/fiber-ropes/downloads/manufacturer-s-information-tree-care,https://www.teufelberger.com/en/platinum-arboraccess.html,,,
b2a2df05-f14e-431a-9401-2fb53e9b3607,Teufelberger,PLATINUM arborACCESS 180m,ppe,Climbing Ropes,Polyamide core / Polyester cover,CE EN 1891A,,,10,,,,,,,,https://www.teufelberger.com/en/fiber-ropes/downloads/manufacturer-s-information-tree-care,https://www.teufelberger.com/en/platinum-arboraccess.html,,,
72476034-02c5-4269-b3fe-9c26fee40ec5,Teufelberger,prusikLOOP (Sirius Loop 10mm),ppe,Prusik Loops,Polyester,CE EN 795B:2012,,,10,,,,10,10,,,https://www.teufelberger.com/en/fiber-ropes/downloads/manufacturer-s-information-tree-care,https://www.teufelberger.com/en/products-services/tree-care/tool-line.html,,,
b9eba825-0d08-4b1d-88c0-8873df487089,Teufelberger,pullDOWN,no_ppe,Retrieval cord (not PPE),Polyester,,,,,,,,5,5,,,https://www.teufelberger.com/en/fiber-ropes/downloads/manufacturer-s-information-tree-care,https://www.teufelberger.com/en/products-services/tree-care/tool-line.html,,,
e25a881e-4198-4a13-ab84-8679ba4d5d37,Teufelberger,pulleySAVER,ppe,Cambium Savers,Polyester / Aluminium (DMM Pinto pulley),"EN 795B, ANSI Z133, AS/NZS 5532",7350496,,,,,,,,,,https://a.storyblok.com/f/312698/99f90f53c1/rz_6801180_pulleysaver__nach_en_ansi_asnzs_07_18_web.pdf,https://www.teufelberger.com/en/products/pulleysaver,,,
5599a51f-636a-4fb8-8b5c-d3f13276efe3,Teufelberger,ringLOOP,ppe,Prusik Loops,Polyester,EN 795B,,,,,,,,,,,https://a.storyblok.com/f/312698/0f2c223124/rz_6801166_herstellerinfo_ringloop_05_18_ansicht.pdf,https://www.teufelberger.com/en/products-services/tree-care/tool-line.html,,,
5af52a61-77c1-44de-9b10-b3365b6bf660,Teufelberger,Sirius Bull Rope 12 mm,rigging,Rigging Ropes,Polyester,Machinery Directive 2006/42/EC,,,,35 kN,,,12,12,,,,https://www.teufelberger.com/en/products/sirius-bull-rope,,,
0c870c60-1a6d-446d-b84e-79284b3e3ec9,Teufelberger,Sirius Bull Rope 14 mm,rigging,Rigging Ropes,Polyester,Machinery Directive 2006/42/EC,,,,52 kN,,,14,14,,,,https://www.teufelberger.com/en/products/sirius-bull-rope,,,
ae760e37-a170-4d48-b4ff-d6ba1dc864c8,Teufelberger,Sirius Bull Rope 16 mm,rigging,Rigging Ropes,Polyester,Machinery Directive 2006/42/EC,,,,63 kN,,,16,16,,,,https://www.teufelberger.com/en/products/sirius-bull-rope,,,
ef99161a-d88d-4285-aabb-823c39d51d97,Teufelberger,Sirius Bull Rope 18 mm,rigging,Rigging Ropes,Polyester,Machinery Directive 2006/42/EC,,,,77 kN,,,18,18,,,,https://www.teufelberger.com/en/products/sirius-bull-rope,,,
4e39552e-521d-46dc-b61a-a0271cf609a2,Teufelberger,Sirius Bull Rope 20 mm,rigging,Rigging Ropes,Polyester,Machinery Directive 2006/42/EC,,,,88 kN,,,20,20,,,,https://www.teufelberger.com/en/products/sirius-bull-rope,,,
e82ee430-b7a7-425b-b81d-0ad0877351e9,Teufelberger,Sirius Loop 50cm 10mm,ppe,Prusik Loops,Polyester,CE EN 795B:2012,,5,8,2450DaN,,,10,10,,,https://www.teufelberger.com/en/fiber-ropes/downloads/manufacturer-s-information-tree-care,https://www.teufelberger.com/en/products-services/tree-care/tool-line.html,,,
d3be9312-be81-49a7-8e2e-404cee50a987,Teufelberger,Sirius Loop 60cm 10mm,ppe,Prusik Loops,Polyester,CE EN 795B:2012,,5,8,2450DaN,,,10,10,,,https://www.teufelberger.com/en/fiber-ropes/downloads/manufacturer-s-information-tree-care,https://www.teufelberger.com/en/products-services/tree-care/tool-line.html,,,
044c1af6-6c51-43ac-a4e7-807552137c89,Teufelberger,Sirius Loop 70cm 10mm,ppe,Prusik Loops,Polyester,CE EN 795B:2012,,5,8,2450DaN,,,10,10,,,https://www.teufelberger.com/en/fiber-ropes/downloads/manufacturer-s-information-tree-care,https://www.teufelberger.com/en/products-services/tree-care/tool-line.html,,,
27a96d6b-bcd2-4c2e-8cb6-3c4ab4760bcb,Teufelberger,skyHOOK Open Gate,no_ppe,Gear Holder (not PPE),Aluminium,Non PPE,,999,999,,,,,,,,,https://www.teufelberger.com/en/products/skyhook/,,,
e59df071-5eb2-4dac-958c-f8a37aa398de,Teufelberger,skyHOOK Wire Gate,no_ppe,Gear Holder (not PPE),Aluminium,Non PPE,,999,999,,,,,,,,,https://www.teufelberger.com/en/products/skyhook/,,,
c39b9a1a-7c91-49ac-8a25-7543555cffc8,Teufelberger,Tachyon 11.5mm,ppe,Climbing Ropes,Polyester cover / Polyamide core,"EN 1891A, ANSI Z133",,,,24.45 kN,,,11.5,11.5,,,https://www.teufelberger.com/en/fiber-ropes/downloads/manufacturer-s-information-tree-care,https://www.teufelberger.com/en/tachyon.html,,,
44fc7b8f-7bab-4522-9ea1-cc101d765698,Teufelberger,Tachyon 11.5mm 35m 1 spLIFE eye,ppe,Climbing Ropes,Polyester cover / Polyamide core,"EN 1891A, ANSI Z133",,,,24.0 kN,,,11.5,11.5,,,https://www.teufelberger.com/en/fiber-ropes/downloads/manufacturer-s-information-tree-care,https://www.teufelberger.com/en/tachyon.html,,,
69d83f18-21a7-4a11-83fc-aed7765a9475,Teufelberger,Tachyon 11.5mm 35m 2 spLIFE eyes,ppe,Climbing Ropes,Polyester cover / Polyamide core,"EN 1891A, ANSI Z133",,,,24.0 kN,,,11.5,11.5,,,https://www.teufelberger.com/en/fiber-ropes/downloads/manufacturer-s-information-tree-care,https://www.teufelberger.com/en/tachyon.html,,,
ca2ecc94-425b-48ee-8a28-a7415a3f4d36,Teufelberger,Tachyon 11.5mm 45m 1 spLIFE eye,ppe,Climbing Ropes,Polyester cover / Polyamide core,"EN 1891A, ANSI Z133",,,,24.0 kN,,,11.5,11.5,,,https://www.teufelberger.com/en/fiber-ropes/downloads/manufacturer-s-information-tree-care,https://www.teufelberger.com/en/tachyon.html,,,
a1968da5-7d6d-4979-b216-bdb7455d082c,Teufelberger,Tachyon 11.5mm 45m 2 spLIFE eyes,ppe,Climbing Ropes,Polyester cover / Polyamide core,"EN 1891A, ANSI Z133",,,,24.0 kN,,,11.5,11.5,,,https://www.teufelberger.com/en/fiber-ropes/downloads/manufacturer-s-information-tree-care,https://www.teufelberger.com/en/tachyon.html,,,
97bd81c3-91d2-4d7a-97e8-a2ef3b5156dc,Teufelberger,Tachyon 11.5mm 60m 1 spLIFE eye,ppe,Climbing Ropes,Polyester cover / Polyamide core,"EN 1891A, ANSI Z133",,,,24.0 kN,,,11.5,11.5,,,https://www.teufelberger.com/en/fiber-ropes/downloads/manufacturer-s-information-tree-care,https://www.teufelberger.com/en/tachyon.html,,,
47f2b03f-eedb-42cc-a311-b6c60930464d,Teufelberger,Tachyon 11.5mm 60m 2 spLIFE eyes,ppe,Climbing Ropes,Polyester cover / Polyamide core,"EN 1891A, ANSI Z133",,,,24.0 kN,,,11.5,11.5,,,https://www.teufelberger.com/en/fiber-ropes/downloads/manufacturer-s-information-tree-care,https://www.teufelberger.com/en/tachyon.html,,,
d4d3c0ca-f2cd-4e40-aba7-6b30bd37d2ff,Teufelberger,tBLOCK,rigging,Rigging Pulley (not PPE),Aluminium / Stainless Steel,Machinery Directive 2006/42/EC,,999,999,225 kN,45 kN,,,16,,,https://a.storyblok.com/f/312698/x/5ebeca103b/232694_tb_tblock_360x300mm-endformat-60x75-faltblatt_lay4.pdf,https://www.teufelberger.com/en/tblock.html,,,
a4b66100-ba36-4c69-afaa-56396c2e0c84,Teufelberger,treeMOTION Essential Size L,ppe,Harnesses,Polyester / Aluminium,"EN 813:2008, EN 358:2018, ANSI Z133-2017, ASTM F887-20, CSA Z259.1-05, AS/NZS 1891.1:2020",,,10,,,150,,,,,https://a.storyblok.com/f/312698/x/3f214d4a1f/rz_1233_tb_ifu_treemotion-essential_03_22_web.pdf,https://www.teufelberger.com/en/products/treemotion-essential/,,https://www.teufelberger.com/en/fiber-ropes/services/safety-first-product-recall,
cd9dc2af-9739-4dd6-9b40-f4b10e8f1e07,Teufelberger,treeMOTION Essential Size M,ppe,Harnesses,Polyester / Aluminium,"EN 813:2008, EN 358:2018, ANSI Z133-2017, ASTM F887-20, CSA Z259.1-05, AS/NZS 1891.1:2020",,,10,,,150,,,,,https://a.storyblok.com/f/312698/x/3f214d4a1f/rz_1233_tb_ifu_treemotion-essential_03_22_web.pdf,https://www.teufelberger.com/en/products/treemotion-essential/,,https://www.teufelberger.com/en/fiber-ropes/services/safety-first-product-recall,
5ec0ca56-b5f0-4793-b368-b212222d9f03,Teufelberger,treeMOTION Essential Size S,ppe,Harnesses,Polyester / Aluminium,"EN 813:2008, EN 358:2018, ANSI Z133-2017, ASTM F887-20, CSA Z259.1-05, AS/NZS 1891.1:2020",,,10,,,150,,,,,https://a.storyblok.com/f/312698/x/3f214d4a1f/rz_1233_tb_ifu_treemotion-essential_03_22_web.pdf,https://www.teufelberger.com/en/products/treemotion-essential/,,https://www.teufelberger.com/en/fiber-ropes/services/safety-first-product-recall,
614d2f8b-d9fe-4d79-b7de-92f1f7521195,Teufelberger,treeMOTION Essential X Size L,ppe,Harnesses,Polyester / Aluminium,"EN 813:2024, EN 358:2018, ANSI Z133-2017, ASTM F887-23, CSA Z259.1-05, AS/NZS 1891.1:2020",,,10,,,150,,,,,https://a.storyblok.com/f/312698/x/745f23981f/6801485-rz_ifu_treemotion-essential-x-pro-x-limited-edition_25-04-22-print.pdf,https://www.teufelberger.com/en/products/treemotion-essential-x/,,https://www.teufelberger.com/en/fiber-ropes/services/safety-first-product-recall,
6463072b-709d-4fed-9af1-db4c62a3ba8c,Teufelberger,treeMOTION Essential X Size M,ppe,Harnesses,Polyester / Aluminium,"EN 813:2024, EN 358:2018, ANSI Z133-2017, ASTM F887-23, CSA Z259.1-05, AS/NZS 1891.1:2020",,,10,,,150,,,,,https://a.storyblok.com/f/312698/x/745f23981f/6801485-rz_ifu_treemotion-essential-x-pro-x-limited-edition_25-04-22-print.pdf,https://www.teufelberger.com/en/products/treemotion-essential-x/,,https://www.teufelberger.com/en/fiber-ropes/services/safety-first-product-recall,
1a7d5ba0-37b4-48b8-8029-3c208b1a46e8,Teufelberger,treeMOTION Essential X Size S,ppe,Harnesses,Polyester / Aluminium,"EN 813:2024, EN 358:2018, ANSI Z133-2017, ASTM F887-23, CSA Z259.1-05, AS/NZS 1891.1:2020",,,10,,,150,,,,,https://a.storyblok.com/f/312698/x/745f23981f/6801485-rz_ifu_treemotion-essential-x-pro-x-limited-edition_25-04-22-print.pdf,https://www.teufelberger.com/en/products/treemotion-essential-x/,,https://www.teufelberger.com/en/fiber-ropes/services/safety-first-product-recall,
97a15fa5-f725-4921-bf86-e6c453ac449e,Teufelberger,treeMOTION evo,ppe,Harnesses,Polyester / Aluminium,"EN 813:2008, EN 358:2018, ANSI Z133-2017, ASTM F887-20, CSA Z259.1-05, AS/NZS 1891.1:2020",,5,8,,,120,,,,,https://a.storyblok.com/f/312698/x/a43ca1d66a/rz_6801029_treemotion_evo_09_20_web.pdf,https://www.teufelberger.com/en/products/treemotion-evo/,,https://www.teufelberger.com/en/fiber-ropes/services/safety-first-product-recall,
e317bca2-df97-4c79-a260-c796f64965b7,Teufelberger,treeMOTION Limited Edition Size L,ppe,Harnesses,Polyester / Aluminium,"EN 813:2024, EN 358:2018, ANSI Z133-2017, ASTM F887-23, CSA Z259.1-05, AS/NZS 1891.1:2020",,,10,,,150,,,,,https://a.storyblok.com/f/312698/x/745f23981f/6801485-rz_ifu_treemotion-essential-x-pro-x-limited-edition_25-04-22-print.pdf,https://www.teufelberger.com/en/treemotion-pro-limited-edition-funktionalitat-trifft-auf-modernes-design,,,
c0110f07-5eb5-4a84-aeb9-5129c565d3c0,Teufelberger,treeMOTION Limited Edition Size M,ppe,Harnesses,Polyester / Aluminium,"EN 813:2024, EN 358:2018, ANSI Z133-2017, ASTM F887-23, CSA Z259.1-05, AS/NZS 1891.1:2020",,,10,,,150,,,,,https://a.storyblok.com/f/312698/x/745f23981f/6801485-rz_ifu_treemotion-essential-x-pro-x-limited-edition_25-04-22-print.pdf,https://www.teufelberger.com/en/treemotion-pro-limited-edition-funktionalitat-trifft-auf-modernes-design,,,
d775c706-b17e-4f40-8808-87343b84df98,Teufelberger,treeMOTION Limited Edition Size S,ppe,Harnesses,Polyester / Aluminium,"EN 813:2024, EN 358:2018, ANSI Z133-2017, ASTM F887-23, CSA Z259.1-05, AS/NZS 1891.1:2020",,,10,,,150,,,,,https://a.storyblok.com/f/312698/x/745f23981f/6801485-rz_ifu_treemotion-essential-x-pro-x-limited-edition_25-04-22-print.pdf,https://www.teufelberger.com/en/treemotion-pro-limited-edition-funktionalitat-trifft-auf-modernes-design,,,
1868f274-dcbc-473c-9197-9aa02102fc4b,Teufelberger,treeMOTION Pro Size L,ppe,Harnesses,Polyester / Aluminium,"EN 813:2008, EN 358:2018, ANSI Z133-2017, ASTM F887-20, CSA Z259.1-05, AS/NZS 1891.1:2020",,,10,,,150,,,,,https://a.storyblok.com/f/312698/x/3f214d4a1f/rz_1233_tb_ifu_treemotion-essential_03_22_web.pdf,https://www.teufelberger.com/en/products/treemotion-pro/,,https://www.teufelberger.com/en/fiber-ropes/services/safety-first-product-recall,
7dc15f74-c42d-4094-998a-8078b339279e,Teufelberger,treeMOTION Pro Size M,ppe,Harnesses,Polyester / Aluminium,"EN 813:2008, EN 358:2018, ANSI Z133-2017, ASTM F887-20, CSA Z259.1-05, AS/NZS 1891.1:2020",,,10,,,150,,,,,https://a.storyblok.com/f/312698/x/3f214d4a1f/rz_1233_tb_ifu_treemotion-essential_03_22_web.pdf,https://www.teufelberger.com/en/products/treemotion-pro/,,https://www.teufelberger.com/en/fiber-ropes/services/safety-first-product-recall,
45c2a5a7-f2d7-461b-b1d8-9eaa361a6836,Teufelberger,treeMOTION Pro Size S,ppe,Harnesses,Polyester / Aluminium,"EN 813:2008, EN 358:2018, ANSI Z133-2017, ASTM F887-20, CSA Z259.1-05, AS/NZS 1891.1:2020",,,10,,,150,,,,,https://a.storyblok.com/f/312698/x/3f214d4a1f/rz_1233_tb_ifu_treemotion-essential_03_22_web.pdf,https://www.teufelberger.com/en/products/treemotion-pro/,,https://www.teufelberger.com/en/fiber-ropes/services/safety-first-product-recall,
fb152488-d806-42dc-902e-f3b978cec14c,Teufelberger,treeMOTION Pro X Size L,ppe,Harnesses,Polyester / Aluminium,"EN 813:2024, EN 358:2018, ANSI Z133-2017, ASTM F887-23, CSA Z259.1-05, AS/NZS 1891.1:2020",,,10,,,150,,,,,https://a.storyblok.com/f/312698/x/745f23981f/6801485-rz_ifu_treemotion-essential-x-pro-x-limited-edition_25-04-22-print.pdf,https://www.teufelberger.com/en/products/treemotion-pro-x/,,https://www.teufelberger.com/en/fiber-ropes/services/safety-first-product-recall,
848a7147-92e1-477c-8f77-cb9292ea4271,Teufelberger,treeMOTION Pro X Size M,ppe,Harnesses,Polyester / Aluminium,"EN 813:2024, EN 358:2018, ANSI Z133-2017, ASTM F887-23, CSA Z259.1-05, AS/NZS 1891.1:2020",,,10,,,150,,,,,https://a.storyblok.com/f/312698/x/745f23981f/6801485-rz_ifu_treemotion-essential-x-pro-x-limited-edition_25-04-22-print.pdf,https://www.teufelberger.com/en/products/treemotion-pro-x/,,https://www.teufelberger.com/en/fiber-ropes/services/safety-first-product-recall,
1db39ae3-a4e5-48f7-bfcc-a8d98dafa02a,Teufelberger,treeMOTION Pro X Size S,ppe,Harnesses,Polyester / Aluminium,"EN 813:2024, EN 358:2018, ANSI Z133-2017, ASTM F887-23, CSA Z259.1-05, AS/NZS 1891.1:2020",,,10,,,150,,,,,https://a.storyblok.com/f/312698/x/745f23981f/6801485-rz_ifu_treemotion-essential-x-pro-x-limited-edition_25-04-22-print.pdf,https://www.teufelberger.com/en/products/treemotion-pro-x/,,https://www.teufelberger.com/en/fiber-ropes/services/safety-first-product-recall,
a2f2aa19-81ee-455d-b60d-692e1643826d,Teufelberger,treeMOTION S.light,ppe,Harnesses,Polyester / Aluminium,"EN 813, EN 358, ANSI Z133",,5,8,,,120,,,,,https://a.storyblok.com/f/312698/x/fa76350887/18-04-26_6800503_treemotion_treemotion_sl_nd_04_18_web.pdf,https://www.teufelberger.com/en/products/treemotion-s-light/,,,
19360d6f-6ccd-4da6-8b08-542c51696aef,Teufelberger,tREX 9.5 mm,rigging,Rigging Ropes,Polyester,Machinery Directive 2006/42/EC,,,,23 kN,,,9.5,9.5,,,,https://www.teufelberger.com/en/trex.html,,,
527adfec-3bcb-434c-8df5-5d653d3bd78f,Teufelberger,tREX 11 mm,rigging,Rigging Ropes,Polyester,Machinery Directive 2006/42/EC,,,,30 kN,,,11,11,,,,https://www.teufelberger.com/en/trex.html,,,
69e4286b-c1ac-4856-88d2-940d934a0980,Teufelberger,tREX 12.7 mm,rigging,Rigging Ropes,Polyester,Machinery Directive 2006/42/EC,,,,39 kN,,,12.7,12.7,,,,https://www.teufelberger.com/en/trex.html,,,
af0cfc21-9948-44ee-8dbf-a3e47ba89845,Teufelberger,tREX 15.9 mm,rigging,Rigging Ropes,Polyester,Machinery Directive 2006/42/EC,,,,59 kN,,,15.9,15.9,,,,https://www.teufelberger.com/en/trex.html,,,
36978e25-8eb5-441c-a832-15f4e4c002af,Teufelberger,tREX 19 mm,rigging,Rigging Ropes,Polyester,Machinery Directive 2006/42/EC,,,,81 kN,,,19,19,,,,https://www.teufelberger.com/en/trex.html,,,
e6c583fb-4887-4343-ba89-113c555d37f0,Teufelberger,tREX Loopie 12.7 mm,rigging,Rigging Ropes,Polyester,Machinery Directive 2006/42/EC,,,,57 kN,,,12.7,12.7,,,,https://www.teufelberger.com/en/products/trex-loopie,,,
05c286d9-d4c0-445d-88db-6c2dcb7a50e5,Teufelberger,tREX Loopie 15.9 mm,rigging,Rigging Ropes,Polyester,Machinery Directive 2006/42/EC,,,,85 kN,,,15.9,15.9,,,,https://www.teufelberger.com/en/products/trex-loopie,,,
c357a632-6da4-414a-97d3-68fad6b18e02,Teufelberger,tREX Ploopie 12.7 mm,rigging,Rigging Ropes,Polyester,Machinery Directive 2006/42/EC,,,,57 kN,,,12.7,12.7,,,,https://www.teufelberger.com/en/products/trex-ploopie,,,
c905e8e5-1607-4a6a-95e5-7dcec270e3e1,Teufelberger,tREX Ploopie 15.9 mm,rigging,Rigging Ropes,Polyester,Machinery Directive 2006/42/EC,,,,85 kN,,,15.9,15.9,,,,https://www.teufelberger.com/en/products/trex-ploopie,,,
12bc1665-eadc-4e99-b8b8-b37f3e75cf16,Teufelberger,upMOTION SRT Size L-XL,no_ppe,Harnesses,Nylon / Polyester,,,,,,,,,,,,https://www.teufelberger.com/en/fiber-ropes/downloads/manufacturer-s-information-tree-care,https://www.teufelberger.com/en/upmotion-srt.html,,,
53b087b2-04f4-4b18-92f1-786d54b75fdf,Teufelberger,upMOTION SRT Size S-M,no_ppe,Harnesses,Nylon / Polyester,,,,,,,,,,,,https://www.teufelberger.com/en/fiber-ropes/downloads/manufacturer-s-information-tree-care,https://www.teufelberger.com/en/upmotion-srt.html,,,
35e08c4c-c799-4e0e-8711-1d25c720aa4e,Teufelberger,Xstatic 11.7mm,ppe,Climbing Ropes,Polyester cover / Nylon core,"CE EN 1891A, ANSI Z133",,,10,32 kN,,,11.7,11.7,,,https://www.teufelberger.com/en/fiber-ropes/downloads/manufacturer-s-information-tree-care,https://www.teufelberger.com/en/xstatic.html,,,
1c419a4b-0f01-4534-b3ae-384f6cb62329,Teufelberger,Xstatic 11.7mm 45m 1 sewn eye (ISC),ppe,Climbing Ropes,Polyester cover / Nylon core,"EN1891A, ANSI Z133",KT282-ROP0029B-045,,,,,,11.7,11.7,,,,https://www.iscwales.com/Products/Detail/teufelberger-xstatic-rope-assemblysewn-termination/,,,
9d7ce5c0-89cc-4387-b677-3eec3308e2f7,Teufelberger,Xstatic 11.7mm 60m 1 sewn eye (ISC),ppe,Climbing Ropes,Polyester cover / Nylon core,"EN1891A, ANSI Z133",KT282-ROP0029B-060,,,,,,11.7,11.7,,,,https://www.iscwales.com/Products/Detail/teufelberger-xstatic-rope-assemblysewn-termination/,,,
c02ac82e-209b-4080-9806-5045f9e0f12d,Teufelberger,Xstatic 11.7mm 70m 1 sewn eye (ISC),ppe,Climbing Ropes,Polyester cover / Nylon core,"EN1891A, ANSI Z133",KT282-ROP0029B-070,,,,,,11.7,11.7,,,,https://www.iscwales.com/Products/Detail/teufelberger-xstatic-rope-assemblysewn-termination/,,,
25400ad2-1857-4ac9-8977-577fc36f0fea,Teufelberger,Xstatic 11.7mm 100m 1 sewn eye (ISC),ppe,Climbing Ropes,Polyester cover / Nylon core,"EN1891A, ANSI Z133",KT282-ROP0029B-100,,,,,,11.7,11.7,,,,https://www.iscwales.com/Products/Detail/teufelberger-xstatic-rope-assemblysewn-termination/,,,
eaf55b36-449b-40bb-8844-ddacbc777f6b,Tractel,AS19S Anchor Sling (0.6m),ppe,Anchor Points (EN795-B),"Polyester webbing, 19mm","EN 795 Type B, CEN/TS 16415:2013",,,20,20 kN,,,,,,,,https://www.tractel.com/global/product/anchor-as19s/5880,,,
159b0a39-3f58-4519-99e2-162ca6913df0,Tractel,AS19S Anchor Sling (0.8m),ppe,Anchor Points (EN795-B),"Polyester webbing, 19mm","EN 795 Type B, CEN/TS 16415:2013",,,20,20 kN,,,,,,,,https://www.tractel.com/global/product/anchor-as19s/5880,,,
a027cbc8-28d2-4fab-9d2b-c6abcf7faef8,Tractel,AS19S Anchor Sling (1m),ppe,Anchor Points (EN795-B),"Polyester webbing, 19mm","EN 795 Type B, CEN/TS 16415:2013",,,20,20 kN,,,,,,,,https://www.tractel.com/global/product/anchor-as19s/5880,,,
7db8738f-db5d-4dcd-adbc-86280fb9ceff,Tractel,AS30S Anchor Sling (0.6m),ppe,Anchor Points (EN795-B),"Polyester webbing, 30mm","EN 795 Type B, CEN/TS 16415:2013",,,20,,,,,,,,,https://www.tractel.com/global/product/anchor-as30s/6467,,,
62cf1073-f52c-47e1-a32d-5dbb8a58b993,Tractel,AS30S Anchor Sling (1.5m),ppe,Anchor Points (EN795-B),"Polyester webbing, 30mm","EN 795 Type B, CEN/TS 16415:2013",,,20,,,,,,,,,https://www.tractel.com/global/product/anchor-as30s/6467,,,
b3e4c36d-9a57-4538-bc8b-14a1e2030617,Tractel,AS30S Anchor Sling (1m),ppe,Anchor Points (EN795-B),"Polyester webbing, 30mm","EN 795 Type B, CEN/TS 16415:2013",,,20,,,,,,,,,https://www.tractel.com/global/product/anchor-as30s/6467,,,
e2774ede-ceef-4feb-9037-9a891473f268,Tractel,AS30S Anchor Sling (2m),ppe,Anchor Points (EN795-B),"Polyester webbing, 30mm","EN 795 Type B, CEN/TS 16415:2013",,,20,,,,,,,,,https://www.tractel.com/global/product/anchor-as30s/6467,,,
3c805573-40c3-4d8d-8241-2343a2f5e689,Tractel,Blocfor 1.8m (with steigerhaak),ppe,Self-Retracting Lifeline,Webbing or cable,"EN 360, ESD system (impact <600 daN)",,,20,,,150,,,,,,https://www.tractel.com/global/product-applications/blocfor,,,
11e18fae-b29d-432f-a5f6-f825faa0e721,Tractel,Blocfor 1.8m ESD 150kg,ppe,Self-Retracting Lifeline,Webbing,"EN 360, ESD system (impact <600 daN even at full extension)",,,20,,,150,,,,,,https://www.tractel.com/global/product/blocfor-1.8a-esd-150kg/202213,,,
4513e8f5-c028-4883-a6d9-92c529be4ec8,Tractel,Blocfor 6 ESD 150kg,ppe,Self-Retracting Lifeline,Webbing or cable,"EN 360, ESD system (impact <600 daN)",,,20,,,150,,,,,,https://www.tractel.com/global/product/blocfor-6-esd-150-kg/6223,,,
cf4e9453-7a4e-4403-ab8f-9898ec57a64b,Tractel,Blocfor 10m staalkabel ESD,ppe,Self-Retracting Lifeline,Galvanized steel cable,"EN 360, ESD system (impact <600 daN)",,,20,,,150,,,,,,https://www.tractel.com/global/product/blocfor-10r-evo-esd-150-kg/176218,,,
49910756-273f-44e5-a7d0-52bac6690b9b,Tractel,Blocfor 10m synthetische kabel ESD,ppe,Self-Retracting Lifeline,Synthetic rope,"EN 360, ESD system (impact <600 daN)",,,20,,,150,,,,,,https://www.tractel.com/global/product-applications/blocfor,,,
1f889c52-d0bb-4e13-b900-0bfb9f8cfd32,Tractel,Blocfor 20 ESD 150kg,ppe,Self-Retracting Lifeline,Galvanized steel cable or webbing,"EN 360, ESD system (impact <600 daN)",,,20,,,150,,,,,,https://www.tractel.com/global/product-applications/blocfor,,,
c20b7ec8-70e0-48c2-87ae-8ab74a586ec8,Tractel,Blocfor 30R ESD 150kg,ppe,Self-Retracting Lifeline with Rescue Winch,Galvanized steel cable,"EN 360, EN 1496 (rescue), ESD system",,,20,,,150,,,,,,https://www.tractel.com/global/product/blocfor-30r-esd-150kg/10591,,,
007c2820-244f-4497-9db5-4d7c9d665f67,Tractel,HT Access harness (M),ppe,Harnesses (Specialist series),,"EN 361, EN 358, EN 813",,,20,,,150,,,,,,https://www.tractel.com/global/product/harness-ht-access/162630,,,
d6777b06-a6e6-431a-9922-f7db0eb7ac2c,Tractel,HT Access harness (S),ppe,Harnesses (Specialist series),,"EN 361, EN 358, EN 813",,,20,,,150,,,,,,https://www.tractel.com/global/product/harness-ht-access/162630,,,
0f973b0b-0558-4030-a53f-7f429deb9afb,Tractel,HT Access harness (XL),ppe,Harnesses (Specialist series),,"EN 361, EN 358, EN 813",,,20,,,150,,,,,,https://www.tractel.com/global/product/harness-ht-access/162630,,,
aca8b256-48df-45bc-a731-e625dcd2a674,Tractel,HT Access harness (XXL),ppe,Harnesses (Specialist series),,"EN 361, EN 358, EN 813",,,20,,,150,,,,,,https://www.tractel.com/global/product/harness-ht-access/162630,,,
680f88cf-643c-40d9-ae64-93a20d75a219,Tractel,HT Easyclimb harness (M),ppe,Harnesses (Specialist series),,"EN 361, EN 358",,,20,,,,,,,,,https://www.tractel.com/blocfor_duo_landing/product/harness-ht-easyclimb/5838,,,
878ce443-2d92-4a63-b492-0f0cae2a0aec,Tractel,HT Easyclimb harness (S),ppe,Harnesses (Specialist series),,"EN 361, EN 358",,,20,,,,,,,,,https://www.tractel.com/blocfor_duo_landing/product/harness-ht-easyclimb/5838,,,
cdd5c08a-2ec4-4874-b8a9-d7473d350d6b,Tractel,HT Easyclimb harness (XL),ppe,Harnesses (Specialist series),,"EN 361, EN 358",,,20,,,,,,,,,https://www.tractel.com/blocfor_duo_landing/product/harness-ht-easyclimb/5838,,,
a78edede-cef8-49ce-948f-b9b54e6bac0c,Tractel,HT Electra harness,ppe,Harnesses (Specialist series),Polyester,"EN 361, EN 358",,,20,,,,,,,,,https://www.tractel.com/en/product/harness-ht-electra/5835,,,
3cc3de61-3c1f-40ea-a627-c63391d8c9ce,Tractel,HT Greentool harness (M),ppe,Harnesses (Specialist series),,"EN 361, EN 358, EN 813",,,20,,,150,,,,,,https://tractel.com/en/product/harness-ht-greentool/5837,,,
f73523fa-d8d2-4d39-8267-a1de4d535b6c,Tractel,HT Greentool harness (S),ppe,Harnesses (Specialist series),,"EN 361, EN 358, EN 813",,,20,,,150,,,,,,https://tractel.com/en/product/harness-ht-greentool/5837,,,
81c1a97d-71fb-43a3-b111-cbfca967ea75,Tractel,HT Greentool harness (XL),ppe,Harnesses (Specialist series),,"EN 361, EN 358, EN 813",,,20,,,150,,,,,,https://tractel.com/en/product/harness-ht-greentool/5837,,,
c9e2bd62-cafc-40d8-befb-53c654150211,Tractel,HT Ladytrac B harness (S/M),ppe,Harnesses (Specialist series),"Polyester, Aluminium","EN 361, EN 358",,,20,,,150,,,,,,https://www.tractel.com/global/product/harness-ht-ladytrac/5829,,,
467122e9-6172-4986-b6b9-28b6f7f33516,Tractel,HT Ladytrac B harness (XL),ppe,Harnesses (Specialist series),"Polyester, Aluminium","EN 361, EN 358",,,20,,,150,,,,,,https://www.tractel.com/global/product/harness-ht-ladytrac/5829,,,
7ecd1ae5-d157-4a60-abc0-772d188817b6,Tractel,HT Ladytrac harness (S/M),ppe,Harnesses (Specialist series),,EN 361,,,20,,,,,,,,,https://www.tractel.com/global/product/harness-ht-ladytrac/5829,,,
3f43db80-f21c-4c60-8aa0-b1adaef7a349,Tractel,HT Ladytrac harness (XL),ppe,Harnesses (Specialist series),,EN 361,,,20,,,,,,,,,https://www.tractel.com/global/product/harness-ht-ladytrac/5829,,,
68e6a534-307c-4392-8c87-8db54f62a3f6,Tractel,HT Promast harness (M),ppe,Harnesses (Specialist series),,"EN 361, EN 358, EN 813",,,20,,,150,,,,,,https://www.tractel.com/blocfor_duo_landing/product/harness-ht-promast/5834,,,
b52e2ff8-6ccd-444b-a75a-ef236859cf47,Tractel,HT Promast harness (S),ppe,Harnesses (Specialist series),,"EN 361, EN 358, EN 813",,,20,,,150,,,,,,https://www.tractel.com/blocfor_duo_landing/product/harness-ht-promast/5834,,,
1b462f1b-02c2-42a8-8851-fea328d34a1e,Tractel,HT Promast harness (XL),ppe,Harnesses (Specialist series),,"EN 361, EN 358, EN 813",,,20,,,150,,,,,,https://www.tractel.com/blocfor_duo_landing/product/harness-ht-promast/5834,,,
f62d491a-6293-45c6-87b7-279d3e3ef1e2,Tractel,HT Secours harness,ppe,Harnesses (Specialist series),,"EN 361, EN 358, EN 813",,,20,,,,,,,,,https://www.tractel.com/global/product/harness-ht-secours/5833,,,
6bd8924d-6d91-4f25-953d-3399ad5ef4ab,Tractel,HT Transport harness (M),ppe,Harnesses (Specialist series),Polyester (45mm webbing),"EN 361, EN 358, EN 813",,,20,,,150,,,,,,https://www.tractel.com/global/product/harness-ht-transport/5836,,,
96be7cbc-65d7-4867-a1e3-6837a90ede2b,Tractel,HT Transport harness (S),ppe,Harnesses (Specialist series),Polyester (45mm webbing),"EN 361, EN 358, EN 813",,,20,,,150,,,,,,https://www.tractel.com/global/product/harness-ht-transport/5836,,,
b97c89e7-379a-43d2-9698-29881e117cbb,Tractel,HT Transport harness (XL),ppe,Harnesses (Specialist series),Polyester (45mm webbing),"EN 361, EN 358, EN 813",,,20,,,150,,,,,,https://www.tractel.com/global/product/harness-ht-transport/5836,,,
3bbbc6d5-5e3f-46a8-a714-1a1540a44335,Tractel,HT10 harness (M),ppe,Harnesses (Essential series),,EN 361,,,20,,,150,,,,,https://www.tractel.com/PIM/Manuals/HSP/Harness/Harnesses_ET_HT_2021_Range/HT%20Standard%20150kg/NOT_150735___150735_IND00.pdf,https://www.tractel.com/en/product/harness-ht10/41971,,,
32377fa1-7738-4ec9-a1ed-7dbc1bd1db4d,Tractel,HT10 harness (S),ppe,Harnesses (Essential series),,EN 361,,,20,,,150,,,,,https://www.tractel.com/PIM/Manuals/HSP/Harness/Harnesses_ET_HT_2021_Range/HT%20Standard%20150kg/NOT_150735___150735_IND00.pdf,https://www.tractel.com/en/product/harness-ht10/41971,,,
b9dc975c-931b-4a1e-9a32-44cb0600cee4,Tractel,HT10 harness (XL),ppe,Harnesses (Essential series),,EN 361,,,20,,,150,,,,,https://www.tractel.com/PIM/Manuals/HSP/Harness/Harnesses_ET_HT_2021_Range/HT%20Standard%20150kg/NOT_150735___150735_IND00.pdf,https://www.tractel.com/en/product/harness-ht10/41971,,,
04b647f8-6eb7-4a56-a846-e4c2abbd64bc,Tractel,HT11 harness (M),ppe,Harnesses (Essential series),Polyester webbing,EN 361,,,20,,,150,,,,,https://www.tractel.com/PIM/Manuals/HSP/Harness/Harnesses_ET_HT_2021_Range/HT%20Standard%20150kg/NOT_150735___150735_IND00.pdf,https://www.tractel.com/en/product/harness-ht11/43836,,,
ebea62d5-56d9-4e33-95a8-f6b5ddb2a1be,Tractel,HT11 harness (S),ppe,Harnesses (Essential series),Polyester webbing,EN 361,,,20,,,150,,,,,https://www.tractel.com/PIM/Manuals/HSP/Harness/Harnesses_ET_HT_2021_Range/HT%20Standard%20150kg/NOT_150735___150735_IND00.pdf,https://www.tractel.com/en/product/harness-ht11/43836,,,
6854594b-7a7e-4e4c-98db-dbf402cc41f8,Tractel,HT11 harness (XL),ppe,Harnesses (Essential series),Polyester webbing,EN 361,,,20,,,150,,,,,https://www.tractel.com/PIM/Manuals/HSP/Harness/Harnesses_ET_HT_2021_Range/HT%20Standard%20150kg/NOT_150735___150735_IND00.pdf,https://www.tractel.com/en/product/harness-ht11/43836,,,
a6540cc9-8f2b-4ede-bd2b-d522dbfde727,Tractel,HT21 harness (M),ppe,Harnesses (Essential series),,EN 361,,,20,,,150,,,,,https://www.tractel.com/PIM/Manuals/HSP/Harness/Harnesses_ET_HT_2021_Range/HT%20Standard%20150kg/NOT_150735___150735_IND00.pdf,https://www.tractel.com/en/product/harness-ht21/43842,,,
d46f3fe1-9994-4e81-9135-35ac332a44a9,Tractel,HT21 harness (S),ppe,Harnesses (Essential series),,EN 361,,,20,,,150,,,,,https://www.tractel.com/PIM/Manuals/HSP/Harness/Harnesses_ET_HT_2021_Range/HT%20Standard%20150kg/NOT_150735___150735_IND00.pdf,https://www.tractel.com/en/product/harness-ht21/43842,,,
642d1b46-5c7b-48f4-b22b-95d0f46a0f79,Tractel,HT21 harness (XL),ppe,Harnesses (Essential series),,EN 361,,,20,,,150,,,,,https://www.tractel.com/PIM/Manuals/HSP/Harness/Harnesses_ET_HT_2021_Range/HT%20Standard%20150kg/NOT_150735___150735_IND00.pdf,https://www.tractel.com/en/product/harness-ht21/43842,,,
9cc813db-54dd-4a1a-b106-aae536a8788e,Tractel,HT22 mtM harness,ppe,Harnesses,"Lightweight webbing, adjustable straps",EN 361,,,20,,,,,,,,,https://www.tractel.com/global/product/harness-ht22/42834,,,
704c4a0b-c6bd-4ff7-8631-31d724922731,Tractel,HT22 mtXL harness,ppe,Harnesses,"Lightweight webbing, adjustable straps",EN 361,,,20,,,,,,,,,https://www.tractel.com/global/product/harness-ht22/42834,,,
ecdd8675-b871-42d2-85dc-07e97f429ede,Tractel,HT22R Fall Arrest Harness,ppe,Harnesses,"Lightweight webbing, adjustable straps, rescue strap",EN 361,,,20,,,,,,,,,https://www.tractel.com/global/product/ht22r-fall-arrest-harness/43827,,,
b9dbbcc3-7324-4331-a9c8-d51256b5baff,Tractel,HT34 harness (M),ppe,Harnesses,,"EN 361, EN 358",,,20,,,150,,,,,https://www.tractel.com/PIM/Manuals/HSP/Harness/Harnesses_ET_HT_2021_Range/Archive%20harness/IM_HT%20UNIVERSAL-150KG_150695_IND00.pdf_.pdf,https://www.tractel.com/en/product/harness-ht34/43859,,,
b0ed5230-f3b4-47a2-8524-93dd4bab2169,Tractel,HT34 harness (S),ppe,Harnesses,,"EN 361, EN 358",,,20,,,150,,,,,https://www.tractel.com/PIM/Manuals/HSP/Harness/Harnesses_ET_HT_2021_Range/Archive%20harness/IM_HT%20UNIVERSAL-150KG_150695_IND00.pdf_.pdf,https://www.tractel.com/en/product/harness-ht34/43859,,,
ee345c00-3744-4232-b28f-708b15703f8a,Tractel,HT34 harness (XL),ppe,Harnesses,,"EN 361, EN 358",,,20,,,150,,,,,https://www.tractel.com/PIM/Manuals/HSP/Harness/Harnesses_ET_HT_2021_Range/Archive%20harness/IM_HT%20UNIVERSAL-150KG_150695_IND00.pdf_.pdf,https://www.tractel.com/en/product/harness-ht34/43859,,,
fcaeef05-8167-427b-b1ba-788ace4faf93,Tractel,HT44 harness (M),ppe,Harnesses,,EN 361,,,20,,,150,,,,,https://www.tractel.com/PIM/Manuals/HSP/Harness/Harnesses_ET_HT_2021_Range/Archive%20harness/IM_HT%20UNIVERSAL-150KG_150695_IND00.pdf_.pdf,https://www.tractel.com/en/product/harness-ht44/43877,,,
476a6f1d-97ed-4b6e-883a-91defad44225,Tractel,HT44 harness (S),ppe,Harnesses,,EN 361,,,20,,,150,,,,,https://www.tractel.com/PIM/Manuals/HSP/Harness/Harnesses_ET_HT_2021_Range/Archive%20harness/IM_HT%20UNIVERSAL-150KG_150695_IND00.pdf_.pdf,https://www.tractel.com/en/product/harness-ht44/43877,,,
444ead81-53dd-4512-856f-7700df431bae,Tractel,HT44 harness (XL),ppe,Harnesses,,EN 361,,,20,,,150,,,,,https://www.tractel.com/PIM/Manuals/HSP/Harness/Harnesses_ET_HT_2021_Range/Archive%20harness/IM_HT%20UNIVERSAL-150KG_150695_IND00.pdf_.pdf,https://www.tractel.com/en/product/harness-ht44/43877,,,
b9ad0b3e-dda5-40e5-80fc-6a01c15f0a50,Tractel,HT45 harness (M),ppe,Harnesses,,EN 361,,,20,,,150,,,,,https://www.tractel.com/PIM/Manuals/HSP/Harness/Harnesses_ET_HT_2021_Range/Archive%20harness/IM_HT%20UNIVERSAL-150KG_150695_IND00.pdf_.pdf,https://www.tractel.com/blocfor_duo_landing/product/harness-ht45/200842,,,
48085cce-0481-4eeb-9014-bf0bf1e4fcb3,Tractel,HT45 harness (S),ppe,Harnesses,,EN 361,,,20,,,150,,,,,https://www.tractel.com/PIM/Manuals/HSP/Harness/Harnesses_ET_HT_2021_Range/Archive%20harness/IM_HT%20UNIVERSAL-150KG_150695_IND00.pdf_.pdf,https://www.tractel.com/blocfor_duo_landing/product/harness-ht45/200842,,,
6008eb8b-b30e-4c2d-ac50-68e7dd060c37,Tractel,HT45 harness (XL),ppe,Harnesses,,EN 361,,,20,,,150,,,,,https://www.tractel.com/PIM/Manuals/HSP/Harness/Harnesses_ET_HT_2021_Range/Archive%20harness/IM_HT%20UNIVERSAL-150KG_150695_IND00.pdf_.pdf,https://www.tractel.com/blocfor_duo_landing/product/harness-ht45/200842,,,
cba8263c-e434-4cc9-8d97-1a1647cf6c6b,Tractel,HT45 harness (XXL),ppe,Harnesses,,EN 361,,,20,,,150,,,,,https://www.tractel.com/PIM/Manuals/HSP/Harness/Harnesses_ET_HT_2021_Range/Archive%20harness/IM_HT%20UNIVERSAL-150KG_150695_IND00.pdf_.pdf,https://www.tractel.com/blocfor_duo_landing/product/harness-ht45/200842,,,
733694ca-7350-4fc9-87a1-d86423c001de,Tractel,HT46 harness (M),ppe,Harnesses,Polyester,EN 361,,,20,,,150,,,,,https://www.tractel.com/PIM/Manuals/HSP/Harness/Harnesses_ET_HT_2021_Range/Archive%20harness/IM_HT%20UNIVERSAL-150KG_150695_IND00.pdf_.pdf,https://www.tractel.com/global/product/harness-ht46/44277,,,
51d4e2a4-cfb5-427b-935a-61a350550ff1,Tractel,HT46 harness (S),ppe,Harnesses,Polyester,EN 361,,,20,,,150,,,,,https://www.tractel.com/PIM/Manuals/HSP/Harness/Harnesses_ET_HT_2021_Range/Archive%20harness/IM_HT%20UNIVERSAL-150KG_150695_IND00.pdf_.pdf,https://www.tractel.com/global/product/harness-ht46/44277,,,
cdfbfdff-ffae-44e1-870f-7d7edb33817e,Tractel,HT46 harness (XL),ppe,Harnesses,Polyester,EN 361,,,20,,,150,,,,,https://www.tractel.com/PIM/Manuals/HSP/Harness/Harnesses_ET_HT_2021_Range/Archive%20harness/IM_HT%20UNIVERSAL-150KG_150695_IND00.pdf_.pdf,https://www.tractel.com/global/product/harness-ht46/44277,,,
229224f5-43d7-4188-9f18-c7b082c5642c,Tractel,HT46 harness (XXL),ppe,Harnesses,Polyester,EN 361,,,20,,,150,,,,,https://www.tractel.com/PIM/Manuals/HSP/Harness/Harnesses_ET_HT_2021_Range/Archive%20harness/IM_HT%20UNIVERSAL-150KG_150695_IND00.pdf_.pdf,https://www.tractel.com/global/product/harness-ht46/44277,,,
0128c788-e42e-4607-b594-8c3c4c16ebb2,Tractel,HT55 Confined Space harness (M),ppe,Harnesses (Confined Space),"Polyester, Aluminium",EN 361,,,20,,,150,,,,,https://www.tractel.com/PIM/Manuals/HSP/Harness/Harnesses_ET_HT_2021_Range/Archive%20harness/IM_HT%20UNIVERSAL-150KG_150695_IND00.pdf_.pdf,https://www.tractel.com/global/product/harness-ht55-confined-space/45401,,,
04821303-bb2e-4215-a1d4-7e72be367481,Tractel,HT55 Confined Space harness (S),ppe,Harnesses (Confined Space),"Polyester, Aluminium",EN 361,,,20,,,150,,,,,https://www.tractel.com/PIM/Manuals/HSP/Harness/Harnesses_ET_HT_2021_Range/Archive%20harness/IM_HT%20UNIVERSAL-150KG_150695_IND00.pdf_.pdf,https://www.tractel.com/global/product/harness-ht55-confined-space/45401,,,
87e573fd-8bf5-4cc2-b8fa-dc9699d9ca63,Tractel,HT55 Confined Space harness (XL),ppe,Harnesses (Confined Space),"Polyester, Aluminium",EN 361,,,20,,,150,,,,,https://www.tractel.com/PIM/Manuals/HSP/Harness/Harnesses_ET_HT_2021_Range/Archive%20harness/IM_HT%20UNIVERSAL-150KG_150695_IND00.pdf_.pdf,https://www.tractel.com/global/product/harness-ht55-confined-space/45401,,,
c95ea1c3-e93c-4863-99ef-3ba90e29b91d,Tractel,HT55 Confined Space harness (XXL),ppe,Harnesses (Confined Space),"Polyester, Aluminium",EN 361,,,20,,,150,,,,,https://www.tractel.com/PIM/Manuals/HSP/Harness/Harnesses_ET_HT_2021_Range/Archive%20harness/IM_HT%20UNIVERSAL-150KG_150695_IND00.pdf_.pdf,https://www.tractel.com/global/product/harness-ht55-confined-space/45401,,,
86b0706a-8abd-48d6-9ffd-c8e0ac9337f2,Tractel,HT56 harness (M),ppe,Harnesses,,EN 361,,,20,,,150,,,,,https://www.tractel.com/PIM/Manuals/HSP/Harness/Harnesses_ET_HT_2021_Range/Archive%20harness/IM_HT%20UNIVERSAL-150KG_150695_IND00.pdf_.pdf,https://www.tractel.com/en/product/harness-ht56/44308,,,
28a083b8-3a46-41ff-9a18-8894082943d2,Tractel,HT56 harness (S),ppe,Harnesses,,EN 361,,,20,,,150,,,,,https://www.tractel.com/PIM/Manuals/HSP/Harness/Harnesses_ET_HT_2021_Range/Archive%20harness/IM_HT%20UNIVERSAL-150KG_150695_IND00.pdf_.pdf,https://www.tractel.com/en/product/harness-ht56/44308,,,
62a903b1-addc-4bb1-a590-e05874ba995c,Tractel,HT56 harness (XL),ppe,Harnesses,,EN 361,,,20,,,150,,,,,https://www.tractel.com/PIM/Manuals/HSP/Harness/Harnesses_ET_HT_2021_Range/Archive%20harness/IM_HT%20UNIVERSAL-150KG_150695_IND00.pdf_.pdf,https://www.tractel.com/en/product/harness-ht56/44308,,,
504b10b2-706b-4831-af0c-bc7d48536eb4,Tractel,HT56 harness (XXL),ppe,Harnesses,,EN 361,,,20,,,150,,,,,https://www.tractel.com/PIM/Manuals/HSP/Harness/Harnesses_ET_HT_2021_Range/Archive%20harness/IM_HT%20UNIVERSAL-150KG_150695_IND00.pdf_.pdf,https://www.tractel.com/en/product/harness-ht56/44308,,,
52cef2b7-967d-4d0b-a4d6-fcbc7b5ab1e7,Tractel,HT120 harness (M),ppe,Harnesses,,EN 361,,,20,,,150,,,,,https://www.tractel.com/PIM/Manuals/HSP/Harness/Harnesses_ET_HT_2021_Range/Archive%20harness/IM_HT%20UNIVERSAL-150KG_150695_IND00.pdf_.pdf,https://www.tractel.com/en/product/harness-ht120/44322,,,
67ee2d9a-39d5-422a-8675-904135d124be,Tractel,HT120 harness (S),ppe,Harnesses,,EN 361,,,20,,,150,,,,,https://www.tractel.com/PIM/Manuals/HSP/Harness/Harnesses_ET_HT_2021_Range/Archive%20harness/IM_HT%20UNIVERSAL-150KG_150695_IND00.pdf_.pdf,https://www.tractel.com/en/product/harness-ht120/44322,,,
d4237b57-2b35-4413-888c-6fcc72ae3c19,Tractel,HT120 harness (XL),ppe,Harnesses,,EN 361,,,20,,,150,,,,,https://www.tractel.com/PIM/Manuals/HSP/Harness/Harnesses_ET_HT_2021_Range/Archive%20harness/IM_HT%20UNIVERSAL-150KG_150695_IND00.pdf_.pdf,https://www.tractel.com/en/product/harness-ht120/44322,,,
b23fef59-a3e7-4055-bd9c-9d5eca6312e2,Tractel,LD 11 Braided Rope Lanyard,ppe,"Lanyards (Restraint/Positioning, Rope)","Braided rope, 11mm",EN 354,,,20,,,,11,11,,,,https://www.tractel.com/en/product/ld-11---braided-rope-lanyard/46807,,,
9821f925-2849-4448-896d-26b98a8f5f0e,Tractel,LDA 12 Braided Rope Lanyard (1.5m),ppe,"Lanyards (Shock Absorbing, Rope)","Braided polyamide rope, 12mm",EN 355,,,20,,,,12,12,,,,https://www.tractel.com/pl/product/lda-12/46977,,,
ce37713a-72f9-452d-a93e-420ff8ae7c97,Tractel,LDA 12 Braided Rope Lanyard (2.0m),ppe,"Lanyards (Shock Absorbing, Rope)","Braided polyamide rope, 12mm",EN 355,,,20,,,,12,12,,,,https://www.tractel.com/pl/product/lda-12/46977,,,
5082dd1a-981e-4fbf-a47d-2edcf5a54fd2,Tractel,LSA Fall Arrester (1.50m),ppe,Lanyards (Shock Absorbing),Polyester (30mm webbing),EN 355,,,20,,,150,,,,,,https://www.tractel.com/global/product/lsa---fall-arrester/46916,,,
d97431f9-1318-4c3d-9352-0ad31adff066,Tractel,LSA Fall Arrester (2.00m),ppe,Lanyards (Shock Absorbing),Polyester (30mm webbing),EN 355,,,20,,,150,,,,,,https://www.tractel.com/global/product/lsa---fall-arrester/46916,,,
f55428a7-e08b-45d7-b9f1-1d3a47ff36ee,Tractel,LSAD Fall Arrester (1.50m),ppe,"Lanyards (Shock Absorbing, Double)",Polyester (30mm webbing),"EN 355, PPE-R/11.062, PPE-R/11.063, PPE-R/11.074",,,20,,,150,,,,,,https://www.tractel.com/global/product/lsad---fall-arrester/46929,,,
2501b1f4-4192-4ea4-b943-966f02f73319,Tractel,LSAD Fall Arrester (2.00m),ppe,"Lanyards (Shock Absorbing, Double)",Polyester (30mm webbing),"EN 355, PPE-R/11.062, PPE-R/11.063, PPE-R/11.074",,,20,,,150,,,,,,https://www.tractel.com/global/product/lsad---fall-arrester/46929,,,
f8930730-8706-46f6-abc6-3d9a8a9a738b,Tractel,LSE Elastic Webbing Lanyard,ppe,"Lanyards (Restraint/Positioning, Elastic)","Elastic polyester webbing, 35mm",EN 354,,,20,,,150,,,,,,https://www.tractel.com/en/product/lse---elastic-webbing-lanyard/46890,,,
91255e76-3f74-4464-a161-9220099f4e11,Tractel,M10 Steel Connector,ppe,Connectors,Steel (bichromated),EN 362,,,20,,,150,,,,,,https://www.tractel.com/de/product/m10-stahl-karabinerhaken/4231,,,
8ca7729e-b0b7-43ce-9b55-2f3a21e7082d,Tractel,M11 Steel Connector,ppe,Connectors,Steel,EN 362,,,20,,,150,,,,,,https://www.tractel.com/de/product/m11-stahl-karabinerhaken/4234,,,
62e2d0fa-eaae-4c89-ac38-071047f7d3ae,Tractel,M22 Aluminium Connector,ppe,Connectors,Aluminium (light alloy),EN 362,,,20,26 kN,,,,,,,,https://www.tractel.com/en/product/m22-aluminium-connector/4245,,,
04ee775b-b2bc-4397-815c-95acf0c8a0e2,Tractel,M47 Steel Connector,ppe,Connectors,Steel (zinc plated),EN 362,,,20,23 kN,,,,,,,,https://www.tractel.com/en/product/m47-steel-connector/4238,,,
1b83acdc-d48c-4888-84f5-03922e7a89d6,Tractel,M53 Steel Connector,ppe,Connectors,Steel (zinc plated),EN 362,,,20,25 kN,,,,,,,,https://www.tractel.com/de/product/m53-stahl-karabinerhaken/4239,,,
6151cffb-d7eb-4e1f-8acc-8513c7ebe908,Tractel,M60 Steel Connector,ppe,Connectors,Steel (zinc plated),EN 362,,,20,30 kN,,,,,,,,https://www.tractel.com/global/product/m60-steel-connector/4240,,,
0661b11d-fa8b-44ab-94a9-86bd3a9c27ee,Tractel,Rollclamp (L),ppe,"Anchor Points (EN795-B, Mobile beam anchor)",,EN 795 Class B,,,20,,,,,,,,,https://www.tractel.com/global/product/rollclamp/5881,,,
fd53ef7b-0c03-4ef6-b3ec-2c37c474a17b,Tractel,Rollclamp (M),ppe,"Anchor Points (EN795-B, Mobile beam anchor)",,EN 795 Class B,,,20,,,,,,,,,https://www.tractel.com/global/product/rollclamp/5881,,,
fb009d27-08d8-42e6-abcd-fb82ffe1f1f5,Tractel,Stopcable S (150kg),ppe,Fall Arresters (Rigid/Cable Anchor Line),,EN 353-1,,,20,,,150,,,,,,https://www.tractel.com/global/product/stopcable-s-150-kg/175791,,,
8c07c72f-9ffb-409f-95b0-0038ead59946,Tractel,Stopfor B,ppe,Fall Arresters (Flexible Anchor Line),Aluminium,EN 353-2,,,20,,,150,14,14,,,,https://www.tractel.com/global/product/stopfor-b/5869,,,
c03b1322-ff77-4fd8-bcf3-9c0a2ba6004d,Tractel,Stopfor BF,ppe,Fall Arresters (Flexible Anchor Line),Anodised Aluminium,EN 353-2,,,20,,,150,14,14,,,,https://www.tractel.com/global/product/stopfor-bf/8420,,,
d9012193-1292-4d67-b643-fe9bac0a84bd,Tractel,Stopfor MSP,ppe,Fall Arresters (Flexible Anchor Line),Galvanised steel,EN 353-2,,,20,,,150,14,14,,,,https://www.tractel.com/global/product/stopfor-msp/8419,,,
2b8a1892-711c-457b-a166-6df096a97ad0,Tractel,Stopfor SL,ppe,Fall Arresters (Flexible Anchor Line),Stainless steel,EN 353-2,,,20,,,150,14,14,,,,https://www.tractel.com/global/product/stopfor-sl/8426,,,
6b095e3c-11df-46f7-a763-533872c289d8,Tree Runner,Abseil Figure-of-eight,no_ppe,Descenders,,,71-240,,,35,,,,,,,,https://www.grube.eu/p/abseil-figure-of-eight/943953/,,,
0a8dc66e-724d-4d5f-806b-c963afdbae03,Tree Runner,Amber belay/lanyard,ppe,Lanyards,,EN 354,,,,,,,,,,,,https://www.grube.eu/p/tree-runner-amber-belaylanyard-en-354/626736/,,,
074af0b4-f854-40cc-ab9c-c86c7d915d7e,Tree Runner,Carabiner Oval Trilock (aluminium),no_ppe,Connectors,,,71-249,,,27,,,,,,,,https://www.chrisforestry.co.uk/store/%E2%80%8BTree-Runner-Carabiner-Oval-Trilock-p370122954,,,
6aa00377-3d5d-407e-b293-28a807294f03,Tree Runner,Catch 2.0 Aluminium Carabiner,ppe,Connectors,Aluminium,EN 12275,,,,,,,,,,,,https://www.grube.eu/p/tree-runner-catch-20-aluminium-carabiner-en-12275/408282/,,,
8d57651e-4c1b-4059-b588-4d73c607f57d,Tree Runner,Climbing Clamp left hand (grey),ppe,Ascenders,,EN 567,,,,,,,10,13,,,,https://www.grube.eu/p/tree-runner-climbing-clamp-en-567/459800/,,,
971f7560-4ecf-4188-89cf-70523bb64f25,Tree Runner,Climbing Clamp right hand (red),ppe,Ascenders,,EN 567,,,,,,,10,13,,,,https://www.grube.eu/p/tree-runner-climbing-clamp-en-567/459800/,,,
9d685a8a-d6df-4abe-88b3-a95623f987b6,Tree Runner,Climbing Rope 12 mm Blue Spot 20 m,ppe,Ropes,,EN 1891 A,,,,34.5,,,12,12,,,,https://www.grube.eu/p/tree-runner-climbing-rope-12-mm-en-1891-a/875124/,,,
bb413c59-0509-4055-9f7d-5b9951ab1752,Tree Runner,Climbing Rope 12 mm Blue Spot 35 m,ppe,Ropes,,EN 1891 A,,,,34.5,,,12,12,,,,https://www.grube.eu/p/tree-runner-climbing-rope-12-mm-en-1891-a/875124/,,,
0abeecce-be34-48c8-8fa2-9e351040e5e8,Tree Runner,Climbing Rope 12 mm Blue Spot 55 m,ppe,Ropes,,EN 1891 A,,,,34.5,,,12,12,,,,https://www.grube.eu/p/tree-runner-climbing-rope-12-mm-en-1891-a/875124/,,,
b5e9e6c1-fc09-4e9c-ae15-6f80af959ec9,Tree Runner,Climbing Rope 12 mm Green Crease 35 m,ppe,Ropes,,EN 1891 A,,,,34.5,,,12,12,,,,https://www.grube.eu/p/tree-runner-climbing-rope-12-mm-en-1891-a/875124/,,,
18fd441e-d283-4fe8-a177-582148da97b1,Tree Runner,Climbing Rope 12 mm Green Crease 45 m,ppe,Ropes,,EN 1891 A,,,,34.5,,,12,12,,,,https://www.grube.eu/p/tree-runner-climbing-rope-12-mm-en-1891-a/875124/,,,
df381520-e94b-48c3-bc1b-928fbd9a6f04,Tree Runner,Climbing Rope 12 mm Green Crease 60 m,ppe,Ropes,,EN 1891 A,,,,34.5,,,12,12,,,,https://www.grube.eu/p/tree-runner-climbing-rope-12-mm-en-1891-a/875124/,,,
9aa1b0c0-1b40-44f6-ada0-3f1ac19f06db,Tree Runner,Climbing Rope 12 mm Red Stripe 20 m,ppe,Ropes,,EN 1891 A,,,,34.5,,,12,12,,,,https://www.grube.eu/p/tree-runner-climbing-rope-12-mm-en-1891-a/875124/,,,
b5ff1f4b-d78d-4ed1-81ba-1fc1c9fd0cb5,Tree Runner,Climbing Rope 12 mm Red Stripe 35 m,ppe,Ropes,,EN 1891 A,,,,34.5,,,12,12,,,,https://www.grube.eu/p/tree-runner-climbing-rope-12-mm-en-1891-a/875124/,,,
e727af00-41db-4670-b71a-ce9cb69ed20e,Tree Runner,Climbing Rope 12 mm Red Stripe 45 m,ppe,Ropes,,EN 1891 A,,,,34.5,,,12,12,,,,https://www.grube.eu/p/tree-runner-climbing-rope-12-mm-en-1891-a/875124/,,,
ebb9856e-ff97-4815-87ae-2aeb41df718c,Tree Runner,Climbing Rope 12 mm Red Stripe 50 m,ppe,Ropes,,EN 1891 A,,,,34.5,,,12,12,,,,https://www.grube.eu/p/tree-runner-climbing-rope-12-mm-en-1891-a/875124/,,,
6c13843a-3e71-43af-8bb5-095854354a79,Tree Runner,Climbing Rope 12 mm Red Stripe 60 m,ppe,Ropes,,EN 1891 A,,,,34.5,,,12,12,,,,https://www.grube.eu/p/tree-runner-climbing-rope-12-mm-en-1891-a/875124/,,,
eb8d9359-20a1-4979-8f17-c44adee940a2,Tree Runner,D 80 Screw Equipment Carabiner,no_ppe,Connectors,,,,,,,,,,,,,,https://www.grube.eu/p/tree-runner-d-80-screw-equipment-carabiner/865242/,,,
dd28e959-7a05-4563-af33-50cbdee99057,Tree Runner,EN1358 15 mm Steel Core Lanyard,ppe,Lanyards,,,,,,,,,15,15,,,,https://www.grube.eu/p/tree-runner-en1358-15mm-steel-core-lanyard/355273/,,,
7329cec2-fdc6-4714-bf83-eee7de7ca56b,Tree Runner,fix Pulley 26 kN,ppe,Pulleys,,EN 12278,,,,26,,,,,,,,https://www.grube.eu/p/tree-runner-fix-pulley-26-kn-en-12278/427004/,,,
97ea60e6-1741-4967-9f49-188e5abda5a4,Tree Runner,General Purpose Rope 12 mm,no_ppe,Ropes,,,,,,,,,12,12,,,,https://www.grube.eu/p/tree-runner-general-purpose-rope-12-mm/131248/,,,
b2aae910-e2d4-43dd-9746-af68f583bd14,Tree Runner,HMS Evo Screw belay carabiner,ppe,Connectors,,"EN 362, EN 12275",,,,,,,,,,,,https://www.grube.eu/p/tree-runner-hms-evo-screw-belay-carabiner/320787/,,,
4156e807-a5d8-4a13-906d-57492fd11aaa,Tree Runner,HMS Evo Screw carabiner,no_ppe,Connectors,,,,,,,,,,,,,,https://www.grube.eu/p/tree-runner-hms-evo-screw-carabiner/567851/,,,
4bc83f2b-b1be-4a76-b1a7-f347f4e9a1a0,Tree Runner,HMS Evo Trilock belay carabiner,no_ppe,Connectors,,,,,,,,,,,,,,https://www.grube.eu/p/tree-runner-hms-evo-trilock-belay-carabiner/882510/,,,
a2f6bd4a-0162-49d1-8d9a-b7bd04d46002,Tree Runner,HMS Evo Trilock carabiner,ppe,Connectors,Aluminium,"EN 362, EN 12275",56-562-01,,,24,,,,,,,,https://www.grube.eu/p/tree-runner-hms-evo-trilock-carabiner/778811/,,,
6132d65b-a5a0-423a-8c01-e7f4a6342577,Tree Runner,HMS Steel Trilock Karabiner,ppe,Connectors,Steel,EN 362,71-255,,,45,,,,,,,,https://www.grube.eu/p/tree-runner-hms-steel-trilock-karabiner/286131/,,,
5c99acc6-7cd3-492e-9928-74fd392ab541,Tree Runner,Karabiner (HMS Steel Screwgate),no_ppe,Connectors,Steel,,71-256,,,45,,,,,,,,https://www.grube.eu/p/tree-runner-karabiner/798492/,,,
04f9eefd-f7ff-493b-a6d5-8558c29b1365,Tree Runner,Material Carabiner D65,no_ppe,Connectors,,,,,,,,,,,,,,https://www.chrisforestry.co.uk/store/%E2%80%8BTree-Runner-Material-Carabiner-D65-p370122942,,,
2a95d229-0a55-4240-be8b-0f18043eec5f,Tree Runner,Material Carabiner D80,no_ppe,Connectors,,,,,,,,,,,,,,https://www.grube.eu/p/tree-runner-material-carabiner-d80/812611/,,,
013fc07e-2d14-4949-974b-679abca7bded,Tree Runner,MD Screw Carabiner,no_ppe,Connectors,,,,,,,,,,,,,,https://www.grube.eu/p/tree-runner-md-screw-carabiner/892294/,,,
46bd864a-d4b7-44f0-8818-e0115716a9c4,Tree Runner,MD Trilock Carabiner,ppe,Connectors,Aluminium,"EN 362, EN 12275",56-737-01,,,30,,,,,,,,https://www.grube.eu/p/tree-runner-md-trilock-carabiner/644351/,,,
4d285e28-7899-4c9b-930d-b7da4ab811fc,Tree Runner,Oval 60 Screw Equipment Carabiner,no_ppe,Connectors,,,,,,,,,,,,,,https://www.grube.eu/p/tree-runner-oval-60-screw-equipment-carabiner/532121/,,,
1c12ab55-993a-4670-852f-f505212f1645,Tree Runner,Oval 60 Snapper Equipment Carabiner,no_ppe,Connectors,,,,,,,,,,,,,,https://www.grube.eu/p/tree-runner-oval-60-snapper-equipment-carabiner/104043/,,,
e9f1d64c-ef7b-43fd-bc6f-3c04b8c08bb3,Tree Runner,Oval Evo Screw Carabiner,no_ppe,Connectors,,,,,,,,,,,,,,https://www.grube.eu/p/tree-runner-oval-evo-screw-carabiner/450143/,,,
78b53e1f-30f0-45f6-a108-1e26d262631e,Tree Runner,Oval Evo Trilock Carabiner,no_ppe,Connectors,,,,,,,,,,,,,,https://www.grube.eu/p/tree-runner-oval-evo-trilock-carabiner/700584/,,,
aa3b7e44-46d3-407a-955f-2e8866f521b8,Tree Runner,Oval Screw Gate Link (Grube 266628),no_ppe,Connectors,,,,,,,,,,,,,,https://www.grube.eu/p/tree-runner-oval-screw-gate-link/266628/,,,
dd924294-9185-4db3-a964-bf8d2da70cf8,Tree Runner,Oval Screw Gate Link (Grube 668008),no_ppe,Connectors,,,,,,,,,,,,,,https://www.grube.eu/p/tree-runner-oval-screw-gate-link/668008/,,,
952ef596-32db-41d5-a20e-f79149901028,Tree Runner,Oval Screw Gate Link (Grube 939986),no_ppe,Connectors,,,,,,,,,,,,,,https://www.grube.eu/p/tree-runner-oval-screw-gate-link/939986/,,,
8859c784-2d10-4c83-a20a-b5234dfed54d,Tree Runner,P 500 Rigging Bollard,rigging,rigging bollard (non-PPE),,,,,,,,,,,,,,https://www.grube.eu/p/tree-runner-p-500-rigging-bollard/247579/,,,
585688ca-4e41-42ca-a780-657658868f12,Tree Runner,P 3000 Rigging Bollard,rigging,rigging bollard (non-PPE),,,,,,,,,,,,,,https://www.grube.eu/p/tree-runner-p-3000-rigging-bollard/786648/,,,
debdcefd-b044-482b-b10a-0cd5e32087f3,Tree Runner,P500 Lowering Device / Abseil Brake,rigging,rigging bollard (non-PPE),,,,,,,,,,,,,,https://www.grube.eu/p/tree-runner-p500-lowering-device-abseil-brake/754443/,,,
13235578-3fe2-4fcd-94d6-b7b28f9d2bda,Tree Runner,P3000 Abseil Brake / Rigging Bollard,rigging,rigging bollard (non-PPE),,,,,,,,,,,,,,https://www.grube.eu/p/tree-runner-p3000-abseil-brake-rigging-bollard/826414/,,,
23b1823d-a6a4-4683-b71b-bbfef4a4eb8c,Tree Runner,Picus tree climbing rope 11.8 mm,ppe,Ropes,,,,,,,,,11.8,11.8,,,,https://www.grube.eu/p/tree-runner-picus-tree-climbing-rope-118-mm/777837/,,,
98609dd1-d1d8-4026-99c2-32763160c91d,Tree Runner,Rig Rope with a Splice,rigging,rigging rope (non-PPE),,,,,,,,,,,,,,https://www.grube.eu/p/tree-runner-rig-rope-with-a-splice/173271/,,,
e1264b73-374e-449b-930b-c3ca2f2058a8,Tree Runner,Rig Rope without a Splice,rigging,rigging rope (non-PPE),,,,,,,,,,,,,,https://www.grube.eu/p/tree-runner-rig-rope-without-a-splice/632220/,,,
33926699-48cf-4cad-96b6-fb36ed76e9ba,Tree Runner,Rigging Device / Abseil Brake,rigging,rigging bollard (non-PPE),,,,,,,,,,,,,,https://www.grube.eu/p/tree-runner-rigging-device-abseil-brake/517210/,,,
33915058-b2af-4edb-ad24-2d9215ad8eeb,Tree Runner,Safe Plus Tree Climbing Rope,ppe,Ropes,,,,,,,,,,,,,,https://www.grube.eu/p/tree-runner-safe-plus-tree-climbing-rope/342091/,,,
d90f3697-5b92-4672-bc84-6fda7de95974,Tree Runner,Safe Prusik Clamping Knot 9.1 mm 70 cm,ppe,Prusik cords,Heat-resistant hybrid fibres and polyester (sheath),EN 566,,,,,,,9.1,9.1,,,,https://www.grube.eu/p/tree-runner-safe-prusik-clamping-knot-91-mm-en-566/239757/,,,
52b26255-e6be-4c48-829c-1bbb82c43c7b,Tree Runner,Safe Prusik Clamping Knot 9.1 mm 90 cm,ppe,Prusik cords,Heat-resistant hybrid fibres and polyester (sheath),EN 566,,,,,,,9.1,9.1,,,,https://www.grube.eu/p/tree-runner-safe-prusik-clamping-knot-91-mm-en-566/239757/,,,
0e1f397e-9162-4e56-ac2f-9e52480875b1,Tree Runner,Safe Vision Tree Climbing Rope 11.8 mm,ppe,Ropes,"high-strength Polyester (cover), high-strength Polyamide (core)",EN 1891 A,01596-0000,10,15,45 kN,,,11.8,11.8,label under plastic tube,,https://www.liros.com/userdata/filegallery/original/132_liros_declaration_of_conformity_safe_vision_mm.pdf,https://www.grube.eu/p/tree-runner-safe-vision-tree-climbing-rope-118-mm-en-1891-a/700877/,,,"Zelfde touw als Liros Safe Vision 11,8mm; Tree Runner is het huismerk van Grube. Technische gegevens overgenomen van fabrikant Liros (besluit Jos 2026-07-31)."
0ba2f5c0-5e8e-4ef1-b4b7-81f4c4e8c234,Tree Runner,Sky Foot Ascender,no_ppe,Ascenders,,,,,,,,,,,,,,https://www.grube.eu/p/tree-runner-sky-foot-ascender/990558/,,,
5a33b407-d64a-4c89-a83b-c01c0ddfda82,Tree Runner,Small Pulley,rigging,Pulleys,,,71-247,,,20,,,,12,,,,https://www.grube.eu/p/tree-runner-small-pulley/372808/,,,
17f649a5-a732-4a19-9512-a2171b0e5054,Tree Runner,Soe HMS Carabiner Screwgate,ppe,Connectors,Aluminium,"EN 362, EN 12275",56-247-02,,,22,,,,,,,,https://www.chrisforestry.co.uk/store/%E2%80%8BTree-Runner-Soe-HMS-Carabiner-Screwgate-EN-362-EN-12275-p370228610,,,
428e286f-a4cd-4a94-aa1b-457de6d116d8,Tree Runner,Spin Carabiner,no_ppe,Connectors,,,,,,,,,,,,,,https://www.grube.eu/p/tree-runner-spin-carabiner/701680/,,,
fab06a56-8373-44d8-b5eb-d257eb8edc1b,Tree Runner,Static ascension rope 9 mm,ppe,Ropes,,,,,,,,,9,9,,,,https://www.grube.eu/p/tree-runner-static-ascension-rope-9-mm/145372/,,,
2a7e1b81-c90a-4928-87c9-96481ee48d55,Tree Runner,Static ascension rope 12 mm,ppe,Ropes,,,,,,,,,12,12,,,,https://www.grube.eu/p/tree-runner-static-ascension-rope-12-mm/588211/,,,
c4e3fc41-acce-463a-8485-c93b3079ce85,Tree Runner,Static Climbing Rope,ppe,Ropes,,EN 1891 A,,,,,,,,,,,,https://www.grube.eu/p/tree-runner-static-climbing-rope-en-1891-a/835220/,,,
333ffc15-b76e-4c22-86dd-b06b3a7fbdd2,Tree Runner,Super Flex Sidewinder Steel Lanyard 12.7 mm,ppe,Lanyards,,,,,,,,,12.7,12.7,,,,https://www.grube.eu/p/tree-runner-super-flex-sidewinder-steel-lanyard-127-mm/961033/,,,
b4552610-2ebd-4da0-a6c6-e214d6da31ba,Tree Runner,Super Flex Steel Lanyard 12.7 mm,ppe,Lanyards,,,,,,,,,12.7,12.7,,,,https://www.grube.eu/p/tree-runner-super-flex-steel-lanyard-127-mm/932932/,,,
4195f406-8460-439c-916b-060ef8a0f22e,Tree Runner,Tandem Pulley 28 kN,rigging,Pulleys,Steel,,,,,28,,,,13,,,,https://www.chrisforestry.co.uk/store/Tree-Runner-Tandem-Pulley-28-kN-p370228676,,,
92c9c2e3-a1f9-4294-ab96-143877abec49,Tree Runner,Trilock Karabiner - Slightly Curved,ppe,Connectors,,EN 362,,,,,,,,,,,,https://www.grube.de/p/tree-runner-karabiner-trilock-klein-gebogen-alu-en-362/588205/,,,
fc5d6c90-1a77-42b3-ac0e-4a760b18aaf2,Tree Runner,Trilock Oval Carabiner (steel),ppe,Connectors,Steel,EN 362,71-287-01,,,25,,,,,,,,https://www.grube.eu/p/treerunner-trilock-oval-carabiner/183350/,,,
29821f58-82f0-4c20-8a5a-344f5596d68f,Tree Runner,Triple Attachment Pulley 2,rigging,Pulleys,,,,,,,,,,,,,,https://www.grube.eu/p/tree-runner-triple-attachment-pulley-2/118984/,,,
b5784a30-7674-4c69-8ec5-bcc2184cfb6a,TreeUP,DR 1,no_ppe,Climbing spikes,"Steel, Leather/felt padding",,DR1,,,,,,,,,,,https://protekt.uk/steel-tree-climbing-spikes~p1245~c20,,,
524022ac-6738-40b6-84c9-c71f9c7eed86,TreeUP,DR 2,no_ppe,Climbing spikes,"Steel, Leather/felt padding",,DR2,,,,,,,,,,,https://protekt.uk/steel-tree-climbing-spikes-with-adjustable-height~p1246~c20,,,
59c44753-42e2-43ad-b1c4-4f401a354fae,TreeUP,DR 2A,no_ppe,Climbing spikes,"Aluminium, Leather/felt padding",,DR2A,,,,,,,,,,,https://protekt.uk/aluminium-tree-climbing-spikes-with-adjustable-height~p1247~c20,,,
1aaffc64-7561-4f4c-a1b5-b9fa73ce78f0,TreeUP,DR 3,no_ppe,Climbing spikes,"Steel, Leather/felt padding",,DR3,,,,,,,,,,,https://protekt.uk/steel-tree-climbing-spikes-with-adjustable-height~p1248~c20,,,
2b277795-275a-4cc5-8067-54fa63a966bc,TreeUP,DR 3A,no_ppe,Climbing spikes,"Aluminium, Leather/felt padding",,DR3A,,,,,,,,,,,https://protekt.uk/aluminium-tree-climbing-spikes-with-adjustable-height~p1249~c20,,,
3c78af1b-5bf9-4a8c-9ae6-2a3f8be555bc,TreeUP,DR 4,no_ppe,Climbing spikes,"Steel, Leather/felt padding",,DR4,,,,,,,,,,,https://protekt.uk/steel-tree-climbing-spikes~p1250~c20,,,
c9225881-f11c-484b-b40e-02658a34b6ef,TreeUP,P-71E,ppe,Harnesses,"Polyamide elastic tapes, Steel D-rings","CE EN 361, CE EN 358",P71E,10,10,,,100,,,Label on harness,,,https://protekt.uk/safety-harness-with-elastic-webbing~p863~c5262,,,
91a54fa0-c070-422e-a2e6-5744e8d0dfc8,TreeUP,P-90,ppe,Harnesses,"Polyamide tapes, Steel D-rings","CE EN 361, CE EN 358, CE EN 813",,10,10,,,100,,,Label on harness,,https://protekt.uk/instrukcje/szelki/P60/P60_60C_60EC_Manual_EN.pdf?mod=1687174232,https://protekt.uk/safety-harness~p896~c40,,,
5c38bd49-7451-4741-80d4-625296d53158,TreeUP,P-90mX,ppe,Harnesses,"Polyamide tapes, Steel D-rings","CE EN 361, CE EN 358, CE EN 813",,10,10,,,100,,,Label on harness,,https://protekt.uk/instrukcje/szelki/mX/P81mX1_Manual_EN.pdf?mod=1687174237,https://protekt.uk/safety-harness~p7412~c40,,,
3793eea4-f788-4405-8d71-87e5a8ca626c,TreeUP,PL 101,no_ppe,Pulleys,Aluminium,CE EN 12278,PL101,,,,,,,,,,,https://protekt.uk/pulley~p1280~c5271,,,
c56ce232-2c78-4ef1-942e-0ede05c4ce06,TreeUP,PROT 30 2m,ppe,Positioning lanyards,"Steel core, Polyester sheath 16mm, Steel carabiners",CE EN 358,AF160200,10,10,25-30 kN,,100,16,16,,,https://protekt.uk/instrukcje/PROT30_Instrukcja_Uzytkowania_PL_EN358_2018.pdf?mod=1687174268,https://protekt.uk/work-positioning-device~p1093~c5519,,,
110c583f-8337-4c59-b72d-f8d8535c874d,TreeUP,PROT 30 3m,ppe,Positioning lanyards,"Steel core, Polyester sheath 16mm, Steel carabiners",CE EN 358,AF160300,10,10,25-30 kN,,100,16,16,,,https://protekt.uk/instrukcje/PROT30_Instrukcja_Uzytkowania_PL_EN358_2018.pdf?mod=1687174268,https://protekt.uk/work-positioning-device~p1094~c5519,,,
bd6908fb-7574-49d4-9f47-57457c1ec16d,TreeUP,PROT 30 4m,ppe,Positioning lanyards,"Steel core, Polyester sheath 16mm, Steel carabiners",CE EN 358,AF160400,10,10,25-30 kN,,100,16,16,,,https://protekt.uk/instrukcje/PROT30_Instrukcja_Uzytkowania_PL_EN358_2018.pdf?mod=1687174268,https://protekt.uk/work-positioning-device~p1095~c5519,,,
3ba535a5-378c-4942-8f57-295407b42f50,TreeUP,PROT 30 5m,ppe,Positioning lanyards,"Steel core, Polyester sheath 16mm, Steel carabiners",CE EN 358,AF160500,10,10,25-30 kN,,100,16,16,,,https://protekt.uk/instrukcje/PROT30_Instrukcja_Uzytkowania_PL_EN358_2018.pdf?mod=1687174268,https://protekt.uk/work-positioning-device~p1096~c5519,,,
4f1f5fde-b417-44e0-a18e-465e58acb4e8,TreeUP,TH-020,ppe,Harnesses,"Polyamide tapes, Aluminium buckles","CE EN 358, CE EN 813",TH12001,10,10,,,100,,,Label on harness,,https://protekt.uk/instrukcje/pasy%20i%20urz%C4%85dzenia%20do%20pracy%20w%20podparciu/PB70_TH020_30_50_Manua_EN.pdf?mod=1687174232,https://protekt.uk/belt-for-supported-and-suspended-work~p1025~c5261,,,
5639d970-c5f3-49ff-a595-e18fe901feef,TreeUP,TH-030 size M-XL,ppe,Harnesses,"Polyamide tapes, Aluminium buckles","CE EN 358, CE EN 813",TH13001,10,10,,,100,,,Label on harness,,https://protekt.uk/instrukcje/pasy%20i%20urz%C4%85dzenia%20do%20pracy%20w%20podparciu/PB70_TH020_30_50_Manua_EN.pdf?mod=1687174232,https://protekt.uk/belt-for-supported-and-suspended-work~p1028~c5261,,,
113c7912-9a41-44a0-a222-08cd95e54c3a,TreeUP,TH-030 size S,ppe,Harnesses,"Polyamide tapes, Aluminium buckles","CE EN 358, CE EN 813",TH13001,10,10,,,100,,,Label on harness,,https://protekt.uk/instrukcje/pasy%20i%20urz%C4%85dzenia%20do%20pracy%20w%20podparciu/PB70_TH020_30_50_Manua_EN.pdf?mod=1687174232,https://protekt.uk/belt-for-supported-and-suspended-work~p6824~c5261,,,
86d97509-a80c-45c6-9dda-ee5e32c1a666,TreeUP,TH-030 size XXL,ppe,Harnesses,"Polyamide tapes, Aluminium buckles","CE EN 358, CE EN 813",TH13001,10,10,,,100,,,Label on harness,,https://protekt.uk/instrukcje/pasy%20i%20urz%C4%85dzenia%20do%20pracy%20w%20podparciu/PB70_TH020_30_50_Manua_EN.pdf?mod=1687174232,https://protekt.uk/belt-for-supported-and-suspended-work~p1029~c5261,,,
2103a71a-7f8e-4db2-9641-cdd128713e5f,TreeUP,TH-030mX size M-XL,ppe,Harnesses,"Polyester tapes, Galvanized steel buckles","CE EN 358, CE EN 813",TH 130 21,10,10,,,100,,,Label on harness,,https://protekt.uk/instrukcje/_EN/TH030mX_TH050mX_Manual_EN.pdf?mod=1691500816,https://protekt.uk/sit-harness-for-tree-climbers~p8158~c5261,,,
24186e91-b07b-4e03-8d78-3f3f63a79973,TreeUP,TH-030mX size S,ppe,Harnesses,"Polyester tapes, Galvanized steel buckles","CE EN 358, CE EN 813",TH 130 21,10,10,,,100,,,Label on harness,,https://protekt.uk/instrukcje/_EN/TH030mX_TH050mX_Manual_EN.pdf?mod=1691500816,https://protekt.uk/sit-harness-for-tree-climbers~p8160~c5261,,,
61cb2917-9be8-4a8b-9c1d-a10fbe9820ed,TreeUP,TH-030mX size XXL,ppe,Harnesses,"Polyester tapes, Galvanized steel buckles","CE EN 358, CE EN 813",TH 130 21,10,10,,,100,,,Label on harness,,https://protekt.uk/instrukcje/_EN/TH030mX_TH050mX_Manual_EN.pdf?mod=1691500816,https://protekt.uk/sit-harness-for-tree-climbers~p8159~c5261,,,
6882c09e-76a2-42b3-859f-cb13500621f8,TreeUP,TH-050 size M-XL,ppe,Harnesses,"Polyamide tapes, Aluminium buckles","CE EN 358, CE EN 813",,10,10,,,100,,,Label on harness,,https://protekt.uk/instrukcje/pasy%20i%20urz%C4%85dzenia%20do%20pracy%20w%20podparciu/PB70_TH020_30_50_Manua_EN.pdf?mod=1687174232,https://protekt.uk/sit-harness-for-tree-climbers~p1031~c5261,,,
8ef33470-4820-43b4-b330-a2bc997f1107,TreeUP,TH-050mX size M-XL,ppe,Harnesses,"Polyester tapes, Galvanized steel buckles","CE EN 358, CE EN 813",,10,10,,,100,,,Label on harness,,https://protekt.uk/instrukcje/_EN/TH030mX_TH050mX_Manual_EN.pdf?mod=1691500816,https://protekt.uk/sit-harness-for-tree-climbers~p7703~c5261,,,
4367357e-0657-4b78-8726-c1765512f031,TreeUP,TH-050mX size S,ppe,Harnesses,"Polyester tapes, Galvanized steel buckles","CE EN 358, CE EN 813",,10,10,,,100,,,Label on harness,,https://protekt.uk/instrukcje/_EN/TH030mX_TH050mX_Manual_EN.pdf?mod=1691500816,https://protekt.uk/sit-harness-for-tree-climbers~p7703~c5261,,,
bf863b18-f00c-4002-8342-608214214e7a,TreeUP,TH-050mX size XXL,ppe,Harnesses,"Polyester tapes, Galvanized steel buckles","CE EN 358, CE EN 813",,10,10,,,100,,,Label on harness,,https://protekt.uk/instrukcje/_EN/TH030mX_TH050mX_Manual_EN.pdf?mod=1691500816,https://protekt.uk/sit-harness-for-tree-climbers~p7703~c5261,,,
5ea3d5e0-179c-46e3-8def-135901f9d475,TreeUP,TH-050X size M-XL,ppe,Harnesses,"Polyamide tapes, Aluminium buckles","CE EN 358, CE EN 813",,10,10,,,100,,,Label on harness,,https://protekt.uk/instrukcje/pasy%20i%20urz%C4%85dzenia%20do%20pracy%20w%20podparciu/PB70_TH020_30_50_Manua_EN.pdf?mod=1687174232,https://protekt.uk/sit-harness-for-tree-climbers~p6461~c5261,,,
788c6f74-5b50-410b-88bb-91885f23bb7d,TreeUP,TU 100,rigging,Rigging devices,Galvanized steel,,TU100,,,50 kN,10 kN,,10,14,,,,https://protekt.uk/port-a-wrap-lowering-device~p1353~c5270,,,
0f3f0453-45a4-41af-8a04-5b2ca7585c30,TreeUP,TU 110,rigging,Rigging devices,Galvanized steel,,TU110,,,50 kN,10 kN,,10,14,,,,https://protekt.uk/port-a-wrap-lowering-device~p1355~c5270,,,
949486cb-4350-4444-85f8-186ffcdfcea9,TreeUP,TU 129 10.5mm,ppe,climbing line,"Polyester sheath, Polyamide core",CE EN 1891 Class A,TU129,10,10,22 kN,,100,10.5,10.5,,,,https://protekt.uk/workstation-rope~p5601~c5276,,,
3984e9cf-204a-455c-87b3-a836285d4da6,TreeUP,TU 129 10mm,ppe,climbing line,"Polyester sheath, Polyamide core",CE EN 1891 Class A,TU129,10,10,22 kN,,100,10,10,,,,https://protekt.uk/workstation-rope~p5601~c5276,,,
6f3cd665-664c-465a-bbd6-961d844d013b,TreeUP,TU 130 13mm,ppe,climbing line,"Polyester sheath, Polyamide core",CE EN 1891 Class A,TU130,10,10,24 kN,,100,13,13,,,,https://protekt.uk/workstation-rope~p1530~c5276,,,
e6084227-a115-4b0b-8c2d-902e3f0cdb7c,TreeUP,TU 131 10.5mm,ppe,climbing line,"Polyester sheath, Polyamide core",CE EN 1891 Class A,TU131,10,10,,,100,10.5,10.5,,,,https://protekt.uk/workstation-rope~p1525~c5276,,,
8e00bdb2-3a27-450f-84e9-dc60a715c324,TreeUP,TU 131 10mm,ppe,climbing line,"Polyester sheath, Polyamide core",CE EN 1891 Class A,TU131,10,10,,,100,10,10,,,,https://protekt.uk/workstation-rope~p1525~c5276,,,
bbacd4af-189b-4fd7-8dd9-0560b24aa9af,TreeUP,TU 131 11.5mm,ppe,climbing line,"Polyester sheath, Polyamide core",CE EN 1891 Class A,TU131,10,10,,,100,11.5,11.5,,,,https://protekt.uk/workstation-rope~p1525~c5276,,,
16e006bc-5354-41fb-b783-b693e8c41fe8,TreeUP,TU 131 11mm,ppe,climbing line,"Polyester sheath, Polyamide core",CE EN 1891 Class A,TU131,10,10,,,100,11,11,,,,https://protekt.uk/workstation-rope~p1525~c5276,,,
14d875fe-3241-495d-a144-bed5b22f2f54,TreeUP,TU 131 12mm,ppe,climbing line,"Polyester sheath, Polyamide core",CE EN 1891 Class A,TU131,10,10,,,100,12,12,,,,https://protekt.uk/workstation-rope~p1525~c5276,,,
5bc14154-b87d-43ff-941e-216c8daf5f45,TreeUP,TU 200,rigging,Rigging devices,Galvanized steel,,TU200,,,50 kN,10 kN,,10,14,,,,https://protekt.uk/port-a-wrap-lowering-device~p1356~c5270,,,
ebeeab64-0a29-4d0b-a10b-af840e1a6b1b,TreeUP,TU 201,rigging,Rigging devices,Stainless steel,,TU201,,,50 kN,10 kN,,10,20,,,,https://protekt.uk/port-a-wrap-lowering-device~p1357~c5270,,,
7677792a-9ee3-4bd9-864a-2279d2f2e50f,TreeUP,TU 400 Black,no_ppe,Pulleys,"Forged aluminium, Stainless steel axle",CE EN 12278,TU400,,,100 kN,20 kN,,,18,,,https://protekt.uk/instrukcje/_EN/TU40X_Manual_EN.pdf?mod=1702994415,https://protekt.uk/small-pulley-with-through-hole-and-pin-lock~p1284~c5389,,,
8efe5cd8-e9d2-4d5d-bb5b-f5ed4bca79fa,TreeUP,TU 400 Blue,no_ppe,Pulleys,"Forged aluminium, Stainless steel axle",CE EN 12278,TU400,,,100 kN,20 kN,,,18,,,https://protekt.uk/instrukcje/_EN/TU40X_Manual_EN.pdf?mod=1702994415,https://protekt.uk/small-pulley-with-through-hole-and-pin-lock~p1282~c5389,,,
70e37b4d-f70f-4406-b1d5-7b4837d17034,TreeUP,TU 400 Gold,no_ppe,Pulleys,"Forged aluminium, Stainless steel axle",CE EN 12278,TU400,,,100 kN,20 kN,,,18,,,https://protekt.uk/instrukcje/_EN/TU40X_Manual_EN.pdf?mod=1702994415,https://protekt.uk/small-pulley-with-through-hole-and-pin-lock~p1285~c5389,,,
3e8585e5-6c38-4b13-8163-ccf69387948b,TreeUP,TU 400 Red,no_ppe,Pulleys,"Forged aluminium, Stainless steel axle",CE EN 12278,TU400,,,100 kN,20 kN,,,18,,,https://protekt.uk/instrukcje/_EN/TU40X_Manual_EN.pdf?mod=1702994415,https://protekt.uk/small-pulley-with-through-hole-and-pin-lock~p1283~c5389,,,
a6aa612d-f4bb-495b-bed2-630077f0de5b,TreeUP,TU 415,rigging,Pulleys,"Aluminium, Steel hook",,TU415,,,,10 kN,,,,,,,https://protekt.uk/pulley-with-hook-1000kg~p1321~c5271,,,
eb4b8a11-7330-41ed-a973-ffa7dbf5fcaf,TreeUP,TU 416,rigging,Pulleys,"Aluminium, Steel hook",,TU416,,,,20 kN,,,,,,,https://protekt.uk/pulley-with-hook-2000kg~p1322~c5271,,,
e8c6827d-e88f-4db9-843d-a914df798b12,TreeUP,TU 440,no_ppe,Pulleys,Aluminium,CE EN 12278,TU440,,,,,,,18,,,,https://protekt.uk/arborist-pulley~p1351~c5389,,,
f1d70e8c-7047-4b02-8a61-02abb5ca28f1,TreeUP,TU 900 0.4m,ppe,Friction Savers,"Polyester tape 25mm, Steel ring, Aluminium ring",CE EN 795 Type B,TU900040,10,10,,,,,,,,,https://protekt.uk/cambium-protector~p4198~c5268,,,
2e723e79-0579-4c1d-81c5-d22912fdc991,TreeUP,TU 900 0.6m,ppe,Friction Savers,"Polyester tape 25mm, Steel ring, Aluminium ring",CE EN 795 Type B,TU900060,10,10,,,,,,,,,https://protekt.uk/cambium-protector~p4198~c5268,,,
fdd77e6e-1ca3-40de-8205-0ddbad3a9203,TreeUP,TU 900 0.8m,ppe,Friction Savers,"Polyester tape 25mm, Steel ring, Aluminium ring",CE EN 795 Type B,TU900080,10,10,,,,,,,,,https://protekt.uk/cambium-protector~p4198~c5268,,,
189adcca-a905-4910-b4db-e6f2df4a4925,TreeUP,TU 900 1.0m,ppe,Friction Savers,"Polyester tape 25mm, Steel ring, Aluminium ring",CE EN 795 Type B,TU900100,10,10,,,,,,,,,https://protekt.uk/cambium-protector~p4198~c5268,,,
3712d441-3190-4d05-8da0-688c1db4db0b,TreeUP,TU 900 1.2m,ppe,Friction Savers,"Polyester tape 25mm, Steel ring, Aluminium ring",CE EN 795 Type B,TU900120,10,10,,,,,,,,,https://protekt.uk/cambium-protector~p4198~c5268,,,
fdf546d3-ab13-49d5-b7cb-90805896b2f8,TreeUP,TU 900 1.4m,ppe,Friction Savers,"Polyester tape 25mm, Steel ring, Aluminium ring",CE EN 795 Type B,TU900140,10,10,,,,,,,,,https://protekt.uk/cambium-protector~p4198~c5268,,,
1c6af41a-9885-4501-be4c-5f8ec9aa776e,TreeUP,TU 900 1.7m,ppe,Friction Savers,"Polyester tape 25mm, Steel ring, Aluminium ring",CE EN 795 Type B,TU900170,10,10,,,,,,,,,https://protekt.uk/cambium-protector~p4198~c5268,,,
52496c06-eb76-4a89-b6f0-e7647c9edaa3,Yale Cordage,Bee Line Black 10mm,ppe,hitch cord / prusik,Technora jacket / Vectran core,,,,,,,,10,10,,,,https://www.yalecordage.com/product-category/climbing-lines/,,,
0a89a484-9c45-4a06-9803-5bb4dafe06ed,Yale Cordage,Bee Line Polyester Core 10mm,ppe,hitch cord / prusik,Technora jacket / Polyester core,,,,,,,,10,10,,,,https://www.yalecordage.com/product-category/climbing-lines/,,,
8c4df602-bb34-45b2-80b0-a4c535d2a935,Yale Cordage,Bee Line Polyester Core 10mm - bulk (per meter),ppe,hitch cord / prusik,Technora/polyester jacket / polyester core,,,,,,,,10,10,,,https://www.yalecordage.com/splicing-instructions/rope-selection-and-inspection-guide/,https://www.yalecordage.com/product-category/climbing-lines/,,,
587bd3c2-5b0f-4a33-ad96-6e4dab712b28,Yale Cordage,Bee Line Vectran Core 8mm,ppe,hitch cord / prusik,Technora jacket / Vectran core,,,,,,,,8,8,,,,https://www.yalecordage.com/product-category/climbing-lines/,,,
10223a90-ae8a-47c5-811f-2e69785a156c,Yale Cordage,Bee Line Vectran Core 8mm - bulk (per meter),ppe,hitch cord / prusik,Technora jacket / Vectran core,,,,,,,,8,8,,,https://www.yalecordage.com/splicing-instructions/rope-selection-and-inspection-guide/,https://www.yalecordage.com/product-category/climbing-lines/,,,
fd1fa69d-d646-41f2-b19e-fdfd0426d9a0,Yale Cordage,Bee Line Vectran Core 10mm,ppe,hitch cord / prusik,Technora jacket / Vectran core,,,,,,,,10,10,,,,https://www.yalecordage.com/product-category/climbing-lines/,,,
09162274-a1f8-424a-b601-dc0dd0efb59d,Yale Cordage,Bee Line Vectran Core 10mm - bulk (per meter),ppe,hitch cord / prusik,Technora jacket / Vectran core,,,,,,,,10,10,,,https://www.yalecordage.com/splicing-instructions/rope-selection-and-inspection-guide/,https://www.yalecordage.com/product-category/climbing-lines/,,,
e7ef2efe-e7e6-416f-9613-a90c06face8c,Yale Cordage,"Double Esterlon 1/2"" (13mm)",rigging,rigging line (not PPE),100% Polyester double braid,,,,,48.1 kN,,,13,13,,,,https://www.yalecordage.com/featured-industries/arboriculture,,,
8fc92558-6e62-4c0c-bb7b-122cddcc9902,Yale Cordage,"Double Esterlon 1/2"" Polyester Double Braid - bulk (per meter)",rigging,rigging line (not PPE),"polyester (double braid, low elongation core)",,,,,,,,13,13,,,https://www.yalecordage.com/splicing-instructions/rope-selection-and-inspection-guide/,https://www.yalecordage.com/product-category/rigging-lines/,,,
4a83aa5b-8058-42d5-9248-7509026a11d0,Yale Cordage,"Double Esterlon 3/4"" (19mm)",rigging,rigging line (not PPE),100% Polyester double braid,,,,,92.6 kN,,,19,19,,,,https://www.yalecordage.com/featured-industries/arboriculture,,,
abd26634-2e02-42cc-a9b0-8aa0df77f197,Yale Cordage,"Double Esterlon 5/8"" (16mm)",rigging,rigging line (not PPE),100% Polyester double braid,,,,,75.6 kN,,,16,16,,,,https://www.yalecordage.com/featured-industries/arboriculture,,,
1b4cc850-551a-49c3-a962-7df16f744745,Yale Cordage,"Double Esterlon 7/8"" (22mm)",rigging,rigging line (not PPE),100% Polyester double braid,,,,,137.9 kN,,,22,22,,,,https://www.yalecordage.com/featured-industries/arboriculture,,,
ff242e36-ee6f-48a9-a8c8-3b4501355d5e,Yale Cordage,"Double Esterlon 9/16"" (14mm)",rigging,rigging line (not PPE),100% Polyester double braid,,,,,59.1 kN,,,14,14,,,,https://www.yalecordage.com/featured-industries/arboriculture,,,
f5159a62-fb09-41ff-acb2-815aacb81a4d,Yale Cordage,"Optimus 1/2"" (13mm)",rigging,rigging line (not PPE),100% Solution Dyed Polyester hollow braid,,,,,,,,13,13,,,,https://www.yalecordage.com/featured-industries/arboriculture,,,
4e6f7c59-31c1-4a09-8dfd-b3927866f963,Yale Cordage,"Optimus 3/4"" (19mm)",rigging,rigging line (not PPE),100% Solution Dyed Polyester hollow braid,,,,,,,,19,19,,,,https://www.yalecordage.com/featured-industries/arboriculture,,,
507a9ab5-631a-4859-82b8-0c03e444c564,Yale Cordage,"Optimus 3/8"" (10mm)",rigging,rigging line (not PPE),100% Solution Dyed Polyester hollow braid,,,,,,,,10,10,,,,https://www.yalecordage.com/featured-industries/arboriculture,,,
aa90fbe7-1e5f-496b-8c28-4ca7c5bc4de6,Yale Cordage,"Optimus 3/8"" Polyester Hollow Braid - bulk (per meter)",rigging,rigging line (not PPE),"polyester (12-strand hollow braid, solution-dyed)",,,,,,,,9.5,9.5,,,https://www.yalecordage.com/splicing-instructions/rope-selection-and-inspection-guide/,https://www.yalecordage.com/product-category/rigging-lines/,,,
18eb6814-bd9b-4e72-a19c-d925d9bf4769,Yale Cordage,"Optimus 5/8"" (16mm)",rigging,rigging line (not PPE),100% Solution Dyed Polyester hollow braid,,,,,,,,16,16,,,,https://www.yalecordage.com/featured-industries/arboriculture,,,
beeb3ceb-97ed-43a9-ac29-a10c933f2b80,Yale Cordage,"Optimus 7/8"" (22mm)",rigging,rigging line (not PPE),100% Solution Dyed Polyester hollow braid,,,,,,,,22,22,,,,https://www.yalecordage.com/featured-industries/arboriculture,,,
0696b262-4391-4e01-80b0-a370cadf80c3,Yale Cordage,"Optimus 7/16"" (11mm)",rigging,rigging line (not PPE),100% Solution Dyed Polyester hollow braid,,,,,,,,11,11,,,,https://www.yalecordage.com/featured-industries/arboriculture,,,
06bd88a1-6bec-46f3-ab3f-5ab0dae33a7c,Yale Cordage,"Optimus 9/16"" (14mm)",rigging,rigging line (not PPE),100% Solution Dyed Polyester hollow braid,,,,,,,,14,14,,,,https://www.yalecordage.com/featured-industries/arboriculture,,,
46ac5459-583f-44bf-a807-dc70e9a94c6e,Yale Cordage,"Polydyne 1/2"" (13mm)",rigging,rigging line (not PPE),Polyester/Nylon double braid,,,,,49.0 kN,,,13,13,,,,https://www.yalecordage.com/featured-industries/arboriculture,,,
ded716fb-c229-4d88-b6d9-51cddc4f4baa,Yale Cordage,"Polydyne 1/2"" Nylon/Polyester Double Braid - bulk (per meter)",rigging,rigging line (not PPE),nylon core / polyester cover (double braid),,,,,,,,13,13,,,https://www.yalecordage.com/splicing-instructions/rope-selection-and-inspection-guide/,https://www.yalecordage.com/product-category/rigging-lines/,,,
9a2f0b25-81cd-459c-93db-351638e8f916,Yale Cordage,"Polydyne 3/4"" (19mm)",rigging,rigging line (not PPE),Polyester/Nylon double braid,,,,,115.7 kN,,,19,19,,,,https://www.yalecordage.com/featured-industries/arboriculture,,,
6fd575cb-5de2-49d2-8cce-a7b3a82785c3,Yale Cordage,"Polydyne 5/8"" (16mm)",rigging,rigging line (not PPE),Polyester/Nylon double braid,,,,,84.1 kN,,,16,16,,,,https://www.yalecordage.com/featured-industries/arboriculture,,,
69e2fbf0-960f-46fe-81b0-5de35e158a81,Yale Cordage,"Polydyne 7/8"" (22mm)",rigging,rigging line (not PPE),Polyester/Nylon double braid,,,,,149.5 kN,,,22,22,,,,https://www.yalecordage.com/featured-industries/arboriculture,,,
38a76559-624d-443c-a5c1-4d806109d104,Yale Cordage,"Polydyne 9/16"" (14mm)",rigging,rigging line (not PPE),Polyester/Nylon double braid,,,,,66.7 kN,,,14,14,,,,https://www.yalecordage.com/featured-industries/arboriculture,,,
8eddff12-10d8-4fb7-b82f-a36f70bae38e,Yale Cordage,"Portland Braid 1/2"" (13mm)",rigging,rigging line (not PPE),100% Polyester double braid,,,,,44.5 kN,,,13,13,,,,https://www.yalecordage.com/featured-industries/arboriculture,,,
9485b36f-e303-450c-8655-52b36c1c1c2a,Yale Cordage,"Portland Braid 1/2"" Polyester Double Braid - bulk (per meter)",rigging,rigging line (not PPE),polyester (double braid),,,,,,,,13,13,,,https://www.yalecordage.com/splicing-instructions/rope-selection-and-inspection-guide/,https://www.yalecordage.com/product-category/rigging-lines/,,,
4dc66af0-dd40-4715-843a-956799e17eef,Yale Cordage,"Portland Braid 3/4"" (19mm)",rigging,rigging line (not PPE),100% Polyester double braid,,,,,80.1 kN,,,19,19,,,,https://www.yalecordage.com/featured-industries/arboriculture,,,
24f61653-26c8-4862-834d-bf2a6ef1dc7a,Yale Cordage,"Portland Braid 5/8"" (16mm)",rigging,rigging line (not PPE),100% Polyester double braid,,,,,66.3 kN,,,16,16,,,,https://www.yalecordage.com/featured-industries/arboriculture,,,
fcfa2d98-1ae2-4020-a2e6-0236f8627bef,Yale Cordage,"Portland Braid 7/8"" (22mm)",rigging,rigging line (not PPE),100% Polyester double braid,,,,,131.0 kN,,,22,22,,,,https://www.yalecordage.com/featured-industries/arboriculture,,,
9badcf14-0577-49ff-83d4-d26958db0e45,Yale Cordage,"Portland Braid 9/16"" (14mm)",rigging,rigging line (not PPE),100% Polyester double braid,,,,,49.4 kN,,,14,14,,,,https://www.yalecordage.com/featured-industries/arboriculture,,,
e77d02f7-05d2-456f-bd50-b37f274271db,Yale Cordage,R.I.N.G. Rope 10.5mm - 37m - 1 eye,ppe,climbing line,Technora over-braid / kernmantle construction,EN359,,,,,,,10.5,10.5,,,https://www.yalecordage.com/splicing-instructions/rope-selection-and-inspection-guide/,https://www.yalecordage.com/product-category/climbing-lines/,,,
048cca97-67fa-4cba-822b-f61922e60011,Yale Cordage,R.I.N.G. Rope 10.5mm - 45m - 1 eye,ppe,climbing line,Technora over-braid / kernmantle construction,EN359,,,,,,,10.5,10.5,,,https://www.yalecordage.com/splicing-instructions/rope-selection-and-inspection-guide/,https://www.yalecordage.com/product-category/climbing-lines/,,,
a338aa16-034f-4afe-b893-a70d84055bf9,Yale Cordage,R.I.N.G. Rope 10.5mm - 60m - 1 eye,ppe,climbing line,Technora over-braid / kernmantle construction,EN359,,,,,,,10.5,10.5,,,https://www.yalecordage.com/splicing-instructions/rope-selection-and-inspection-guide/,https://www.yalecordage.com/product-category/climbing-lines/,,,
46f2764f-a1f8-44ae-839c-9d98a4bad2e6,Yale Cordage,R.I.N.G. Rope 10.5mm - bulk (per meter),ppe,climbing line,Technora over-braid / kernmantle construction,EN359,,,,,,,10.5,10.5,,,https://www.yalecordage.com/splicing-instructions/rope-selection-and-inspection-guide/,https://www.yalecordage.com/product-category/climbing-lines/,,,
328e6a96-edc3-4476-8d54-b2416568738b,Yale Cordage,R.I.N.G. Rope 11.5mm - 37m - 1 eye,ppe,climbing line,Technora over-braid / kernmantle construction,EN359,,,,29.9,,,11.5,11.5,,,https://www.yalecordage.com/splicing-instructions/rope-selection-and-inspection-guide/,https://www.yalecordage.com/product-category/climbing-lines/,,,
8e295c63-6d85-4b0b-acef-d0f471099bc5,Yale Cordage,R.I.N.G. Rope 11.5mm - 45m - 1 eye,ppe,climbing line,Technora over-braid / kernmantle construction,EN359,,,,29.9,,,11.5,11.5,,,https://www.yalecordage.com/splicing-instructions/rope-selection-and-inspection-guide/,https://www.yalecordage.com/product-category/climbing-lines/,,,
8414fa84-acce-40ff-b8fa-fb87658d5682,Yale Cordage,R.I.N.G. Rope 11.5mm - 60m - 1 eye,ppe,climbing line,Technora over-braid / kernmantle construction,EN359,,,,29.9,,,11.5,11.5,,,https://www.yalecordage.com/splicing-instructions/rope-selection-and-inspection-guide/,https://www.yalecordage.com/product-category/climbing-lines/,,,
496e159f-adca-426a-b33d-ec16f50cf637,Yale Cordage,R.I.N.G. Rope 11.5mm - bulk (per meter),ppe,climbing line,Technora over-braid / kernmantle construction,EN359,,,,29.9,,,11.5,11.5,,,https://www.yalecordage.com/splicing-instructions/rope-selection-and-inspection-guide/,https://www.yalecordage.com/product-category/climbing-lines/,,,
18ec1d51-3bd4-4a22-a69f-304fd75e6ed0,Yale Cordage,XTC-12 Buzzzline 13mm,ppe,climbing line,Polyester / Polyolefin,ANSI Z133,,,,32.9 kN,,,13,13,,,,https://www.yalecordage.com/product-category/climbing-lines/,,,
a3dbba04-b3b9-44d7-96f3-277ae03999b2,Yale Cordage,XTC-12 Buzzzline 13mm - 37m - 1 eye,ppe,climbing line,polyester (12-strand single braid),ANSI Z133,,,,32.9,,,13,13,,,https://www.yalecordage.com/splicing-instructions/rope-selection-and-inspection-guide/,https://www.yalecordage.com/product-category/climbing-lines/,,,
fbee6642-5673-4398-b7bb-b8b9a66c6780,Yale Cordage,XTC-12 Buzzzline 13mm - 37m - 2 eyes,ppe,climbing line,polyester (12-strand single braid),ANSI Z133,,,,32.9,,,13,13,,,https://www.yalecordage.com/splicing-instructions/rope-selection-and-inspection-guide/,https://www.yalecordage.com/product-category/climbing-lines/,,,
0019299a-1450-481e-9459-5d869eaa4466,Yale Cordage,XTC-12 Buzzzline 13mm - 45m - 1 eye,ppe,climbing line,polyester (12-strand single braid),ANSI Z133,,,,32.9,,,13,13,,,https://www.yalecordage.com/splicing-instructions/rope-selection-and-inspection-guide/,https://www.yalecordage.com/product-category/climbing-lines/,,,
4bc43135-ab89-43f5-bd10-5fcaf077cede,Yale Cordage,XTC-12 Buzzzline 13mm - 45m - 2 eyes,ppe,climbing line,polyester (12-strand single braid),ANSI Z133,,,,32.9,,,13,13,,,https://www.yalecordage.com/splicing-instructions/rope-selection-and-inspection-guide/,https://www.yalecordage.com/product-category/climbing-lines/,,,
c473ac40-db99-453d-b5e6-39b30afe352f,Yale Cordage,XTC-12 Buzzzline 13mm - 60m - 1 eye,ppe,climbing line,polyester (12-strand single braid),ANSI Z133,,,,32.9,,,13,13,,,https://www.yalecordage.com/splicing-instructions/rope-selection-and-inspection-guide/,https://www.yalecordage.com/product-category/climbing-lines/,,,
a85ae2b1-f79d-4f75-8649-a95f3a80fc77,Yale Cordage,XTC-12 Buzzzline 13mm - 60m - 2 eyes,ppe,climbing line,polyester (12-strand single braid),ANSI Z133,,,,32.9,,,13,13,,,https://www.yalecordage.com/splicing-instructions/rope-selection-and-inspection-guide/,https://www.yalecordage.com/product-category/climbing-lines/,,,
ff8fe2d3-feae-43a4-b554-52b70d2cdf5b,Yale Cordage,XTC-12 Buzzzline 13mm - bulk (per meter),ppe,climbing line,polyester (12-strand single braid),ANSI Z133,,,,32.9,,,13,13,,,https://www.yalecordage.com/splicing-instructions/rope-selection-and-inspection-guide/,https://www.yalecordage.com/product-category/climbing-lines/,,,
ef0a643d-ce4c-4902-b5dd-bfcb77669492,Yale Cordage,XTC-12 Code Yellow 13mm,ppe,climbing line,Polyester / Polyolefin,ANSI Z133,,,,26.7 kN,,,13,13,,,,https://www.yalecordage.com/product-category/climbing-lines/,,,
32ceb7a0-59a8-45fc-98ba-a0968ff4d5f4,Yale Cordage,XTC-12 Fire 13mm,ppe,climbing line,Polyester / Polyolefin,ANSI Z133,,,,26.7 kN,,,13,13,,,,https://www.yalecordage.com/product-category/climbing-lines/,,,
9192e09a-8fa0-4a4f-a012-574c9f82f036,Yale Cordage,XTC-12 Plus 13mm,ppe,climbing line,Polyester / Polyolefin,ANSI Z133,,,,26.7 kN,,,13,13,,,,https://www.yalecordage.com/product-category/climbing-lines/,,,
93de0d2d-c20e-49f5-ac6e-31dac7891c20,Yale Cordage,"XTC-12 Rigging 3/4"" (19mm)",ppe,rigging line (not PPE),Polyester / Polyolefin,ANSI Z133,,,,,,,19,19,,,,https://www.yalecordage.com/featured-industries/arboriculture,,,
4c07eeb0-70b0-48f9-89e0-4d21c0224404,Yale Cordage,"XTC-12 Rigging 5/8"" (16mm)",ppe,rigging line (not PPE),Polyester / Polyolefin,ANSI Z133,,,,,,,16,16,,,,https://www.yalecordage.com/featured-industries/arboriculture,,,
15259dd4-6839-4b5d-884c-b1686b274db0,Yale Cordage,XTC-12 Spearmint 13mm,ppe,climbing line,Polyester / Polyolefin,ANSI Z133,,,,26.7 kN,,,13,13,,,,https://www.yalecordage.com/product-category/climbing-lines/,,,
5ff56975-48d1-4358-948f-85d482b63c55,Yale Cordage,XTC-12 White 13mm,ppe,climbing line,Polyester / Polyolefin,ANSI Z133,,,,26.7 kN,,,13,13,,,,https://www.yalecordage.com/product-category/climbing-lines/,,,
e4e776bd-9c6b-4781-9d77-c4ad998f75fe,Yale Cordage,XTC-12 White 13mm - 37m - 1 eye,ppe,climbing line,polyester/polyolefin (12-strand single braid),ANSI Z133,,,,26.7,,,13,13,,,https://www.yalecordage.com/splicing-instructions/rope-selection-and-inspection-guide/,https://www.yalecordage.com/product-category/climbing-lines/,,,
e71c8408-20e5-462f-ba87-3bfba63439a8,Yale Cordage,XTC-12 White 13mm - 37m - 2 eyes,ppe,climbing line,polyester/polyolefin (12-strand single braid),ANSI Z133,,,,26.7,,,13,13,,,https://www.yalecordage.com/splicing-instructions/rope-selection-and-inspection-guide/,https://www.yalecordage.com/product-category/climbing-lines/,,,
e544fbec-ce39-4219-87dd-5faa36117cce,Yale Cordage,XTC-12 White 13mm - 45m - 1 eye,ppe,climbing line,polyester/polyolefin (12-strand single braid),ANSI Z133,,,,26.7,,,13,13,,,https://www.yalecordage.com/splicing-instructions/rope-selection-and-inspection-guide/,https://www.yalecordage.com/product-category/climbing-lines/,,,
7e60d961-5e5a-4f8a-b077-13bf00715145,Yale Cordage,XTC-12 White 13mm - 45m - 2 eyes,ppe,climbing line,polyester/polyolefin (12-strand single braid),ANSI Z133,,,,26.7,,,13,13,,,https://www.yalecordage.com/splicing-instructions/rope-selection-and-inspection-guide/,https://www.yalecordage.com/product-category/climbing-lines/,,,
0ad0876e-cfab-4870-bdbc-6e7887e2af98,Yale Cordage,XTC-12 White 13mm - 60m - 1 eye,ppe,climbing line,polyester/polyolefin (12-strand single braid),ANSI Z133,,,,26.7,,,13,13,,,https://www.yalecordage.com/splicing-instructions/rope-selection-and-inspection-guide/,https://www.yalecordage.com/product-category/climbing-lines/,,,
1a7281c2-a39a-4e13-9a29-ec076d1ff8f0,Yale Cordage,XTC-12 White 13mm - 60m - 2 eyes,ppe,climbing line,polyester/polyolefin (12-strand single braid),ANSI Z133,,,,26.7,,,13,13,,,https://www.yalecordage.com/splicing-instructions/rope-selection-and-inspection-guide/,https://www.yalecordage.com/product-category/climbing-lines/,,,
47dde557-3ccf-4f57-9f77-55a0806a97db,Yale Cordage,XTC-12 White 13mm - bulk (per meter),ppe,climbing line,polyester/polyolefin (12-strand single braid),ANSI Z133,,,,26.7,,,13,13,,,https://www.yalecordage.com/splicing-instructions/rope-selection-and-inspection-guide/,https://www.yalecordage.com/product-category/climbing-lines/,,,
d31db045-4945-4fca-bc33-e3ecebd8f855,Yale Cordage,XTC-16 Fire 12.7mm - 37m - 1 eye,ppe,climbing line,polyester (16-strand kernmantle / twisted polyester core),ANSI Z133 / EN1891 Type B,,,,30,,,12.7,12.7,,,https://www.yalecordage.com/splicing-instructions/rope-selection-and-inspection-guide/,https://www.yalecordage.com/product/xtc-16-fire-spearmint-plus/,,,
fbfb89e4-42cd-4e81-b1ff-ace795fa0d60,Yale Cordage,XTC-16 Fire 12.7mm - 37m - 2 eyes,ppe,climbing line,polyester (16-strand kernmantle / twisted polyester core),ANSI Z133 / EN1891 Type B,,,,30,,,12.7,12.7,,,https://www.yalecordage.com/splicing-instructions/rope-selection-and-inspection-guide/,https://www.yalecordage.com/product/xtc-16-fire-spearmint-plus/,,,
9c12daf9-f409-4c20-ae54-a2f0e2320877,Yale Cordage,XTC-16 Fire 12.7mm - 45m - 1 eye,ppe,climbing line,polyester (16-strand kernmantle / twisted polyester core),ANSI Z133 / EN1891 Type B,,,,30,,,12.7,12.7,,,https://www.yalecordage.com/splicing-instructions/rope-selection-and-inspection-guide/,https://www.yalecordage.com/product/xtc-16-fire-spearmint-plus/,,,
b1584e00-0b0b-47ab-8f5b-102c4fffeca7,Yale Cordage,XTC-16 Fire 12.7mm - 45m - 2 eyes,ppe,climbing line,polyester (16-strand kernmantle / twisted polyester core),ANSI Z133 / EN1891 Type B,,,,30,,,12.7,12.7,,,https://www.yalecordage.com/splicing-instructions/rope-selection-and-inspection-guide/,https://www.yalecordage.com/product/xtc-16-fire-spearmint-plus/,,,
40d1d6f5-8d2a-4297-bc8e-e1581a84867b,Yale Cordage,XTC-16 Fire 12.7mm - 60m - 1 eye,ppe,climbing line,polyester (16-strand kernmantle / twisted polyester core),ANSI Z133 / EN1891 Type B,,,,30,,,12.7,12.7,,,https://www.yalecordage.com/splicing-instructions/rope-selection-and-inspection-guide/,https://www.yalecordage.com/product/xtc-16-fire-spearmint-plus/,,,
3c81d246-a159-4a24-a7e3-350c62479155,Yale Cordage,XTC-16 Fire 12.7mm - bulk (per meter),ppe,climbing line,polyester (16-strand kernmantle / twisted polyester core),ANSI Z133 / EN1891 Type B,,,,30,,,12.7,12.7,,,https://www.yalecordage.com/splicing-instructions/rope-selection-and-inspection-guide/,https://www.yalecordage.com/product/xtc-16-fire-spearmint-plus/,,,
9d2fb98e-b5b2-4996-9e31-aefc29d73c14,Yale Cordage,XTC-16 Fire 13mm,ppe,climbing line,100% Polyester Kernmantle,"CE EN 1891 Type B, ANSI Z133",,,,27.6 kN,,,13,13,,,,https://www.yalecordage.com/product-category/climbing-lines/,,,
6e9dc001-b2a1-413d-b72d-3366d0b9a950,Yale Cordage,XTC-16 Plus 12.7mm - 37m - 1 eye,ppe,climbing line,polyester (16-strand kernmantle / twisted polyester core),EN1891 Type A / ANSI Z133,,,,30,,,12.7,12.7,,,https://www.yalecordage.com/splicing-instructions/rope-selection-and-inspection-guide/,https://www.yalecordage.com/product/xtc-16-fire-spearmint-plus/,,,
6c465508-b72a-4087-ba92-6f922f66e2d4,Yale Cordage,XTC-16 Plus 12.7mm - 37m - 2 eyes,ppe,climbing line,polyester (16-strand kernmantle / twisted polyester core),EN1891 Type A / ANSI Z133,,,,30,,,12.7,12.7,,,https://www.yalecordage.com/splicing-instructions/rope-selection-and-inspection-guide/,https://www.yalecordage.com/product/xtc-16-fire-spearmint-plus/,,,
9a1841b7-04b3-49ac-b030-46e46403a5c2,Yale Cordage,XTC-16 Plus 12.7mm - 45m - 1 eye,ppe,climbing line,polyester (16-strand kernmantle / twisted polyester core),EN1891 Type A / ANSI Z133,,,,30,,,12.7,12.7,,,https://www.yalecordage.com/splicing-instructions/rope-selection-and-inspection-guide/,https://www.yalecordage.com/product/xtc-16-fire-spearmint-plus/,,,
aab025d4-9af3-4edd-bd69-eef33fa43850,Yale Cordage,XTC-16 Plus 12.7mm - 45m - 2 eyes,ppe,climbing line,polyester (16-strand kernmantle / twisted polyester core),EN1891 Type A / ANSI Z133,,,,30,,,12.7,12.7,,,https://www.yalecordage.com/splicing-instructions/rope-selection-and-inspection-guide/,https://www.yalecordage.com/product/xtc-16-fire-spearmint-plus/,,,
e7993eda-3622-40e0-9216-79638ffa12bc,Yale Cordage,XTC-16 Plus 12.7mm - 60m - 1 eye,ppe,climbing line,polyester (16-strand kernmantle / twisted polyester core),EN1891 Type A / ANSI Z133,,,,30,,,12.7,12.7,,,https://www.yalecordage.com/splicing-instructions/rope-selection-and-inspection-guide/,https://www.yalecordage.com/product/xtc-16-fire-spearmint-plus/,,,
27a425c9-a4d8-4f76-958d-9ab2bbf2605b,Yale Cordage,XTC-16 Plus 12.7mm - 60m - 2 eyes,ppe,climbing line,polyester (16-strand kernmantle / twisted polyester core),EN1891 Type A / ANSI Z133,,,,30,,,12.7,12.7,,,https://www.yalecordage.com/splicing-instructions/rope-selection-and-inspection-guide/,https://www.yalecordage.com/product/xtc-16-fire-spearmint-plus/,,,
a298f981-38a1-43f8-8e4b-43380dc35559,Yale Cordage,XTC-16 Plus 12.7mm - bulk (per meter),ppe,climbing line,polyester (16-strand kernmantle / twisted polyester core),EN1891 Type A / ANSI Z133,,,,30,,,12.7,12.7,,,https://www.yalecordage.com/splicing-instructions/rope-selection-and-inspection-guide/,https://www.yalecordage.com/product/xtc-16-fire-spearmint-plus/,,,
f1222bb2-8bbf-44a9-87bd-f2793feb3120,Yale Cordage,XTC-16 Plus 13mm,ppe,climbing line,100% Polyester Kernmantle,"CE EN 1891 Type B, ANSI Z133",,,,27.6 kN,,,13,13,,,,https://www.yalecordage.com/product-category/climbing-lines/,,,
8aff280e-e5cf-47c9-90a6-1f251b916cd7,Yale Cordage,XTC-16 Spearmint 12.7mm - 37m - 1 eye,ppe,climbing line,polyester (16-strand kernmantle / twisted polyester core),EN1891 Type A / ANSI Z133,,,,30,,,12.7,12.7,,,https://www.yalecordage.com/splicing-instructions/rope-selection-and-inspection-guide/,https://www.yalecordage.com/product/xtc-16-fire-spearmint-plus/,,,
87d843ff-f6b6-415f-92a5-39162bec21a4,Yale Cordage,XTC-16 Spearmint 12.7mm - 37m - 2 eyes,ppe,climbing line,polyester (16-strand kernmantle / twisted polyester core),EN1891 Type A / ANSI Z133,,,,30,,,12.7,12.7,,,https://www.yalecordage.com/splicing-instructions/rope-selection-and-inspection-guide/,https://www.yalecordage.com/product/xtc-16-fire-spearmint-plus/,,,
dacb419d-a5f2-485b-8299-f593400ecd67,Yale Cordage,XTC-16 Spearmint 12.7mm - 45m - 1 eye,ppe,climbing line,polyester (16-strand kernmantle / twisted polyester core),EN1891 Type A / ANSI Z133,,,,30,,,12.7,12.7,,,https://www.yalecordage.com/splicing-instructions/rope-selection-and-inspection-guide/,https://www.yalecordage.com/product/xtc-16-fire-spearmint-plus/,,,
8e108981-5e4c-433c-99d1-cdc3c39acc9f,Yale Cordage,XTC-16 Spearmint 12.7mm - 45m - 2 eyes,ppe,climbing line,polyester (16-strand kernmantle / twisted polyester core),EN1891 Type A / ANSI Z133,,,,30,,,12.7,12.7,,,https://www.yalecordage.com/splicing-instructions/rope-selection-and-inspection-guide/,https://www.yalecordage.com/product/xtc-16-fire-spearmint-plus/,,,
9e27f3e7-71be-4728-8e3c-05e5006e3dd0,Yale Cordage,XTC-16 Spearmint 12.7mm - 60m - 1 eye,ppe,climbing line,polyester (16-strand kernmantle / twisted polyester core),EN1891 Type A / ANSI Z133,,,,30,,,12.7,12.7,,,https://www.yalecordage.com/splicing-instructions/rope-selection-and-inspection-guide/,https://www.yalecordage.com/product/xtc-16-fire-spearmint-plus/,,,
786df208-15ca-460c-b35e-b3b19cf85199,Yale Cordage,XTC-16 Spearmint 12.7mm - 60m - 2 eyes,ppe,climbing line,polyester (16-strand kernmantle / twisted polyester core),EN1891 Type A / ANSI Z133,,,,30,,,12.7,12.7,,,https://www.yalecordage.com/splicing-instructions/rope-selection-and-inspection-guide/,https://www.yalecordage.com/product/xtc-16-fire-spearmint-plus/,,,
392522b3-1c44-423a-a0d3-82a3ed3cf8a5,Yale Cordage,XTC-16 Spearmint 12.7mm - bulk (per meter),ppe,climbing line,polyester (16-strand kernmantle / twisted polyester core),EN1891 Type A / ANSI Z133,,,,30,,,12.7,12.7,,,https://www.yalecordage.com/splicing-instructions/rope-selection-and-inspection-guide/,https://www.yalecordage.com/product/xtc-16-fire-spearmint-plus/,,,
51faba05-feb0-491f-86ee-8d1f3fa9e48c,Yale Cordage,XTC-16 Spearmint 13mm,ppe,climbing line,100% Polyester Kernmantle,"CE EN 1891 Type B, ANSI Z133",,,,27.6 kN,,,13,13,,,,https://www.yalecordage.com/product-category/climbing-lines/,,,
6fd28e1b-ae52-4d92-9922-7e25fd689948,Yale Cordage,XTC-16 White 13mm,ppe,climbing line,100% Polyester Kernmantle,"CE EN 1891 Type B, ANSI Z133",,,,27.6 kN,,,13,13,,,,https://www.yalecordage.com/product-category/climbing-lines/,,,
6a0b9c04-c1a7-410f-a15c-010021602b94,Yale Cordage,XTC-24 Arrow Frog 11.7mm,ppe,climbing line,Polyester double braid,ANSI Z133,,,,28.9 kN,,,11.7,11.7,,,,https://www.yalecordage.com/product-category/climbing-lines/,,,
a9f04976-c1b0-4678-a717-881b223b53d7,Yale Cordage,XTC-24 Bandit 11mm,ppe,climbing line,Polyester double braid,"CE EN 1891 Type B, ANSI Z133",,,,24.9 kN,,,11,11,,,,https://www.yalecordage.com/product-category/climbing-lines/,,,
d8852e3a-9834-42d4-ba1b-e7bc06e67e3e,Yale Cordage,XTC-24 Bandit 11mm - 37m - 1 eye,ppe,climbing line,polyester (24-strand double braid / polyester core),ANSI Z133 / EN1891 Type B,,,,24.9,,,11,11,,,https://www.yalecordage.com/splicing-instructions/rope-selection-and-inspection-guide/,https://www.yalecordage.com/product-category/climbing-lines/,,,
51565e52-e38a-4c3f-af95-5fdfdb5d04f6,Yale Cordage,XTC-24 Bandit 11mm - 45m - 1 eye,ppe,climbing line,polyester (24-strand double braid / polyester core),ANSI Z133 / EN1891 Type B,,,,24.9,,,11,11,,,https://www.yalecordage.com/splicing-instructions/rope-selection-and-inspection-guide/,https://www.yalecordage.com/product-category/climbing-lines/,,,
70381a8b-edd1-4e6e-bf09-504c423bcf68,Yale Cordage,XTC-24 Bandit 11mm - 60m - 1 eye,ppe,climbing line,polyester (24-strand double braid / polyester core),ANSI Z133 / EN1891 Type B,,,,24.9,,,11,11,,,https://www.yalecordage.com/splicing-instructions/rope-selection-and-inspection-guide/,https://www.yalecordage.com/product-category/climbing-lines/,,,
9de8b961-2b17-4d8f-be47-81d1e89ff964,Yale Cordage,XTC-24 Bandit 11mm - bulk (per meter),ppe,climbing line,polyester (24-strand double braid / polyester core),ANSI Z133 / EN1891 Type B,,,,24.9,,,11,11,,,https://www.yalecordage.com/splicing-instructions/rope-selection-and-inspection-guide/,https://www.yalecordage.com/product-category/climbing-lines/,,,
512e3bdd-20bc-4ec8-bb0a-66e049914ff0,Yale Cordage,XTC-24 Blaze 11mm,ppe,climbing line,Polyester double braid,"CE EN 1891 Type B, ANSI Z133",,,,24.9 kN,,,11,11,,,,https://www.yalecordage.com/product-category/climbing-lines/,,,
e16831cf-f4fa-4e09-8712-f0c944a9c2bb,Yale Cordage,XTC-24 Blaze 11mm - 37m - 1 eye,ppe,climbing line,polyester (24-strand double braid / polyester core),ANSI Z133 / EN1891 Type B,,,,24.9,,,11,11,,,https://www.yalecordage.com/splicing-instructions/rope-selection-and-inspection-guide/,https://www.yalecordage.com/product-category/climbing-lines/,,,
0cbca6d1-a37e-4f25-8fd4-eb79b390e1cc,Yale Cordage,XTC-24 Blaze 11mm - 45m - 1 eye,ppe,climbing line,polyester (24-strand double braid / polyester core),ANSI Z133 / EN1891 Type B,,,,24.9,,,11,11,,,https://www.yalecordage.com/splicing-instructions/rope-selection-and-inspection-guide/,https://www.yalecordage.com/product-category/climbing-lines/,,,
55dd38a3-4d6c-4612-936b-ac98fe5ce14d,Yale Cordage,XTC-24 Blaze 11mm - 60m - 1 eye,ppe,climbing line,polyester (24-strand double braid / polyester core),ANSI Z133 / EN1891 Type B,,,,24.9,,,11,11,,,https://www.yalecordage.com/splicing-instructions/rope-selection-and-inspection-guide/,https://www.yalecordage.com/product-category/climbing-lines/,,,
349fddc5-2d01-4eaa-9e62-144ced8951ce,Yale Cordage,XTC-24 Blaze 11mm - bulk (per meter),ppe,climbing line,polyester (24-strand double braid / polyester core),ANSI Z133 / EN1891 Type B,,,,24.9,,,11,11,,,https://www.yalecordage.com/splicing-instructions/rope-selection-and-inspection-guide/,https://www.yalecordage.com/product-category/climbing-lines/,,,
a4f81273-e057-4a11-955a-a1e43fe11c70,Yale Cordage,XTC-24 Blue Moon 11.7mm,ppe,climbing line,Polyester double braid,ANSI Z133,,,,28.9 kN,,,11.7,11.7,,,,https://www.yalecordage.com/product-category/climbing-lines/,,,
d72eb710-f925-459e-9869-38a65769720d,Yale Cordage,XTC-24 Blue Moon 11.7mm - 37m - 1 eye,ppe,climbing line,polyester (24-strand double braid / polyester core),ANSI Z133,,,,28.9,,,11.7,11.7,,,https://www.yalecordage.com/splicing-instructions/rope-selection-and-inspection-guide/,https://www.yalecordage.com/product/blue-moon/,,,
8349c714-0003-49f5-87cd-5d6fdcd4c874,Yale Cordage,XTC-24 Blue Moon 11.7mm - 37m - 2 eyes,ppe,climbing line,polyester (24-strand double braid / polyester core),ANSI Z133,,,,28.9,,,11.7,11.7,,,https://www.yalecordage.com/splicing-instructions/rope-selection-and-inspection-guide/,https://www.yalecordage.com/product/blue-moon/,,,
04fc92d0-436d-40a9-80cf-04c26f9f16e1,Yale Cordage,XTC-24 Blue Moon 11.7mm - 45m - 1 eye,ppe,climbing line,polyester (24-strand double braid / polyester core),ANSI Z133,,,,28.9,,,11.7,11.7,,,https://www.yalecordage.com/splicing-instructions/rope-selection-and-inspection-guide/,https://www.yalecordage.com/product/blue-moon/,,,
6c767c56-c184-4287-a92b-5d55d662c24a,Yale Cordage,XTC-24 Blue Moon 11.7mm - 45m - 2 eyes,ppe,climbing line,polyester (24-strand double braid / polyester core),ANSI Z133,,,,28.9,,,11.7,11.7,,,https://www.yalecordage.com/splicing-instructions/rope-selection-and-inspection-guide/,https://www.yalecordage.com/product/blue-moon/,,,
48b9f34d-0bf6-4104-9419-ac030fce3b16,Yale Cordage,XTC-24 Blue Moon 11.7mm - 60m - 1 eye,ppe,climbing line,polyester (24-strand double braid / polyester core),ANSI Z133,,,,28.9,,,11.7,11.7,,,https://www.yalecordage.com/splicing-instructions/rope-selection-and-inspection-guide/,https://www.yalecordage.com/product/blue-moon/,,,
320399e7-c3aa-45a4-b5c8-de9469bf1160,Yale Cordage,XTC-24 Blue Moon 11.7mm - 60m - 2 eyes,ppe,climbing line,polyester (24-strand double braid / polyester core),ANSI Z133,,,,28.9,,,11.7,11.7,,,https://www.yalecordage.com/splicing-instructions/rope-selection-and-inspection-guide/,https://www.yalecordage.com/product/blue-moon/,,,
c72cdca9-eb22-491f-8306-b294b5668b36,Yale Cordage,XTC-24 Blue Moon 11.7mm - bulk (per meter),ppe,climbing line,polyester (24-strand double braid / polyester core),ANSI Z133,,,,28.9,,,11.7,11.7,,,https://www.yalecordage.com/splicing-instructions/rope-selection-and-inspection-guide/,https://www.yalecordage.com/product/blue-moon/,,,
c1343b71-bae8-4f44-8c78-5cfedc7e40f6,Yale Cordage,XTC-24 Blue Tongue 11.7mm,ppe,climbing line,Polyester double braid,ANSI Z133,,,,28.9 kN,,,11.7,11.7,,,,https://www.yalecordage.com/product-category/climbing-lines/,,,
ea61f9ef-a0da-48bf-8cc2-8bfde9d32e87,Yale Cordage,XTC-24 Calamine 11.7mm,ppe,climbing line,Polyester double braid,ANSI Z133,,,,28.9 kN,,,11.7,11.7,,,,https://www.yalecordage.com/product-category/climbing-lines/,,,
6c4e4345-c8fb-40a3-a0f3-0e23e9e2dc21,Yale Cordage,XTC-24 CE Blaze 11mm,ppe,climbing line,Polyester double braid,"CE EN 1891 Type B, ANSI Z133",,,,24.9 kN,,,11,11,,,,https://www.yalecordage.com/product-category/climbing-lines/,,,
c80cb4b5-e74e-4788-9648-12c25d1723e0,Yale Cordage,XTC-24 CE Blue Tongue 11.7mm - 37m - 1 eye,ppe,climbing line,polyester / nylon core (24-strand double braid),EN1891 Type A / ANSI Z133,,,,28.9,,,11.7,11.7,,,https://www.yalecordage.com/splicing-instructions/rope-selection-and-inspection-guide/,https://www.yalecordage.com/product/xtc-24-ce-blue-tongue/,,,
b16aee38-99cb-4624-83f7-cbd9d1e82197,Yale Cordage,XTC-24 CE Blue Tongue 11.7mm - 45m - 1 eye,ppe,climbing line,polyester / nylon core (24-strand double braid),EN1891 Type A / ANSI Z133,,,,28.9,,,11.7,11.7,,,https://www.yalecordage.com/splicing-instructions/rope-selection-and-inspection-guide/,https://www.yalecordage.com/product/xtc-24-ce-blue-tongue/,,,
cc82f52a-87c0-45d7-b06e-748961ee1156,Yale Cordage,XTC-24 CE Blue Tongue 11.7mm - 60m - 1 eye,ppe,climbing line,polyester / nylon core (24-strand double braid),EN1891 Type A / ANSI Z133,,,,28.9,,,11.7,11.7,,,https://www.yalecordage.com/splicing-instructions/rope-selection-and-inspection-guide/,https://www.yalecordage.com/product/xtc-24-ce-blue-tongue/,,,
74298544-da81-486b-8f4d-081f3a13df01,Yale Cordage,XTC-24 CE Blue Tongue 11.7mm - bulk (per meter),ppe,climbing line,polyester / nylon core (24-strand double braid),EN1891 Type A / ANSI Z133,,,,28.9,,,11.7,11.7,,,https://www.yalecordage.com/splicing-instructions/rope-selection-and-inspection-guide/,https://www.yalecordage.com/product/xtc-24-ce-blue-tongue/,,,
120725a1-65d0-4e5c-9b00-fee00457fd79,Yale Cordage,XTC-24 CE Calamine 11.7mm - 37m - 1 eye,ppe,climbing line,polyester / nylon core (24-strand double braid),EN1891 Type A / ANSI Z133,,,,29,,,11.7,11.7,,,https://www.yalecordage.com/splicing-instructions/rope-selection-and-inspection-guide/,https://www.yalecordage.com/product-category/climbing-lines/,,,
72004ddc-cb0d-41ce-8c75-7b7ce969a560,Yale Cordage,XTC-24 CE Calamine 11.7mm - 45m - 1 eye,ppe,climbing line,polyester / nylon core (24-strand double braid),EN1891 Type A / ANSI Z133,,,,29,,,11.7,11.7,,,https://www.yalecordage.com/splicing-instructions/rope-selection-and-inspection-guide/,https://www.yalecordage.com/product-category/climbing-lines/,,,
9465e245-59a3-49ad-af58-cea56c268b88,Yale Cordage,XTC-24 CE Calamine 11.7mm - 60m - 1 eye,ppe,climbing line,polyester / nylon core (24-strand double braid),EN1891 Type A / ANSI Z133,,,,29,,,11.7,11.7,,,https://www.yalecordage.com/splicing-instructions/rope-selection-and-inspection-guide/,https://www.yalecordage.com/product-category/climbing-lines/,,,
a7adab79-6f3d-487c-8510-4ef20d7fbc74,Yale Cordage,XTC-24 CE Calamine 11.7mm - bulk (per meter),ppe,climbing line,polyester / nylon core (24-strand double braid),EN1891 Type A / ANSI Z133,,,,29,,,11.7,11.7,,,https://www.yalecordage.com/splicing-instructions/rope-selection-and-inspection-guide/,https://www.yalecordage.com/product-category/climbing-lines/,,,
cc96eec2-f70c-4117-8a70-ab6f548ba2e1,Yale Cordage,XTC-24 CE Imori Green 12mm,ppe,climbing line,Polyester/Nylon double braid,"CE EN 1891 Type A, ANSI Z133",,,,27.6 kN,,,12,12,,,,https://www.yalecordage.com/product-category/climbing-lines/,,,
b10bab39-b2d3-421c-ac34-85c683e4edd1,Yale Cordage,XTC-24 CE Imori Green 12mm - 37m - 1 eye,ppe,climbing line,"polyester / nylon core (24-strand double braid, taslanized cover)",EN1891 Type A / ANSI Z133,,,,29,,,12,12,,,https://www.yalecordage.com/splicing-instructions/rope-selection-and-inspection-guide/,https://www.yalecordage.com/product-category/climbing-lines/,,,
20cb87fc-7b9e-4a3b-b55f-918d4f43cfee,Yale Cordage,XTC-24 CE Imori Green 12mm - 45m - 1 eye,ppe,climbing line,"polyester / nylon core (24-strand double braid, taslanized cover)",EN1891 Type A / ANSI Z133,,,,29,,,12,12,,,https://www.yalecordage.com/splicing-instructions/rope-selection-and-inspection-guide/,https://www.yalecordage.com/product-category/climbing-lines/,,,
4a5d5871-a078-4a4c-8eb6-acbd2f1e90dd,Yale Cordage,XTC-24 CE Imori Green 12mm - bulk (per meter),ppe,climbing line,"polyester / nylon core (24-strand double braid, taslanized cover)",EN1891 Type A / ANSI Z133,,,,29,,,12,12,,,https://www.yalecordage.com/splicing-instructions/rope-selection-and-inspection-guide/,https://www.yalecordage.com/product-category/climbing-lines/,,,
7ec9dfc9-7bd0-468f-9985-72ab71446d0f,Yale Cordage,XTC-24 CE Imori Orange 12mm,ppe,climbing line,Polyester/Nylon double braid,"CE EN 1891 Type A, ANSI Z133",,,,27.6 kN,,,12,12,,,,https://www.yalecordage.com/product-category/climbing-lines/,,,
4ee06d47-13d4-4c10-a3a9-251f1ea94156,Yale Cordage,XTC-24 CE Imori Orange 12mm - 37m - 1 eye,ppe,climbing line,"polyester / nylon core (24-strand double braid, taslanized cover)",EN1891 Type A / ANSI Z133,,,,29,,,12,12,,,https://www.yalecordage.com/splicing-instructions/rope-selection-and-inspection-guide/,https://www.yalecordage.com/product-category/climbing-lines/,,,
ed894186-0bda-4484-988d-67526f50c282,Yale Cordage,XTC-24 CE Imori Orange 12mm - 45m - 1 eye,ppe,climbing line,"polyester / nylon core (24-strand double braid, taslanized cover)",EN1891 Type A / ANSI Z133,,,,29,,,12,12,,,https://www.yalecordage.com/splicing-instructions/rope-selection-and-inspection-guide/,https://www.yalecordage.com/product-category/climbing-lines/,,,
b96ec32f-99f3-43ae-ad57-22c1d223e0a0,Yale Cordage,XTC-24 CE Imori Orange 12mm - bulk (per meter),ppe,climbing line,"polyester / nylon core (24-strand double braid, taslanized cover)",EN1891 Type A / ANSI Z133,,,,29,,,12,12,,,https://www.yalecordage.com/splicing-instructions/rope-selection-and-inspection-guide/,https://www.yalecordage.com/product-category/climbing-lines/,,,
7d9d1c2d-e1d4-4191-897d-1b958803c127,Yale Cordage,XTC-24 CE Sunburst Orange 11.7mm,ppe,climbing line,Polyester/Nylon double braid,"CE EN 1891 Type A, ANSI Z133",,,,28.9 kN,,,11.7,11.7,,,,https://www.yalecordage.com/product-category/climbing-lines/,,,
926a0180-2125-4641-b738-e4a47ff866b3,Yale Cordage,XTC-24 CE Sunburst Orange 11.7mm - 37m - 1 eye,ppe,climbing line,polyester / nylon core (24-strand double braid),EN1891 Type A / ANSI Z133,,,,29,,,11.7,11.7,,,https://www.yalecordage.com/splicing-instructions/rope-selection-and-inspection-guide/,https://www.yalecordage.com/product/xtc-24-ce-sunburst,,,
97b1ccd8-1e37-4339-adc9-a327690c766e,Yale Cordage,XTC-24 CE Sunburst Orange 11.7mm - 45m - 1 eye,ppe,climbing line,polyester / nylon core (24-strand double braid),EN1891 Type A / ANSI Z133,,,,29,,,11.7,11.7,,,https://www.yalecordage.com/splicing-instructions/rope-selection-and-inspection-guide/,https://www.yalecordage.com/product/xtc-24-ce-sunburst,,,
041b1df8-d66c-418c-b2c6-c0cbdfc6cafa,Yale Cordage,XTC-24 CE Sunburst Orange 11.7mm - 60m - 1 eye,ppe,climbing line,polyester / nylon core (24-strand double braid),EN1891 Type A / ANSI Z133,,,,29,,,11.7,11.7,,,https://www.yalecordage.com/splicing-instructions/rope-selection-and-inspection-guide/,https://www.yalecordage.com/product/xtc-24-ce-sunburst,,,
8c3eba9b-f08d-41b4-911b-d9d78552d13e,Yale Cordage,XTC-24 CE Sunburst Orange 11.7mm - bulk (per meter),ppe,climbing line,polyester / nylon core (24-strand double braid),EN1891 Type A / ANSI Z133,,,,29,,,11.7,11.7,,,https://www.yalecordage.com/splicing-instructions/rope-selection-and-inspection-guide/,https://www.yalecordage.com/product/xtc-24-ce-sunburst,,,
0d108349-5e15-4bff-855c-0927e8c7436f,Yale Cordage,XTC-24 CE Sunburst Yellow 11.7mm,ppe,climbing line,Polyester/Nylon double braid,"CE EN 1891 Type A, ANSI Z133",,,,28.9 kN,,,11.7,11.7,,,,https://www.yalecordage.com/product-category/climbing-lines/,,,
56e4fff4-d6e6-451a-9ae1-aab52771836f,Yale Cordage,XTC-24 CE Sunburst Yellow 11.7mm - 37m - 1 eye,ppe,climbing line,polyester / nylon core (24-strand double braid),EN1891 Type A / ANSI Z133,,,,29,,,11.7,11.7,,,https://www.yalecordage.com/splicing-instructions/rope-selection-and-inspection-guide/,https://www.yalecordage.com/product/xtc-24-ce-sunburst,,,
4fda9982-4961-4791-9664-19e959538f96,Yale Cordage,XTC-24 CE Sunburst Yellow 11.7mm - 45m - 1 eye,ppe,climbing line,polyester / nylon core (24-strand double braid),EN1891 Type A / ANSI Z133,,,,29,,,11.7,11.7,,,https://www.yalecordage.com/splicing-instructions/rope-selection-and-inspection-guide/,https://www.yalecordage.com/product/xtc-24-ce-sunburst,,,
a50d7ccd-15ad-43bf-a08c-d0e788e1f4a7,Yale Cordage,XTC-24 CE Sunburst Yellow 11.7mm - 60m - 1 eye,ppe,climbing line,polyester / nylon core (24-strand double braid),EN1891 Type A / ANSI Z133,,,,29,,,11.7,11.7,,,https://www.yalecordage.com/splicing-instructions/rope-selection-and-inspection-guide/,https://www.yalecordage.com/product/xtc-24-ce-sunburst,,,
ad31d54f-59f3-4585-ad9d-390d2071bf7a,Yale Cordage,XTC-24 CE Sunburst Yellow 11.7mm - bulk (per meter),ppe,climbing line,polyester / nylon core (24-strand double braid),EN1891 Type A / ANSI Z133,,,,29,,,11.7,11.7,,,https://www.yalecordage.com/splicing-instructions/rope-selection-and-inspection-guide/,https://www.yalecordage.com/product/xtc-24-ce-sunburst,,,
2670af16-5d8b-4b72-86e3-d91de6eaabac,Yale Cordage,XTC-32 Blue 32 11.5mm,ppe,climbing line,Polyester double braid,ANSI Z133,,,,,,,11.5,11.5,,,,https://www.yalecordage.com/product-category/climbing-lines/,,,
a4b809b9-4c42-4262-aea1-b0331b492520,Yale Cordage,XTC-32 Blue 32 11.5mm - 37m - 1 eye,ppe,climbing line,polyester (32-strand double braid / polyester core),ANSI Z133,,,,,,,11.5,11.5,,,https://www.yalecordage.com/splicing-instructions/rope-selection-and-inspection-guide/,https://www.yalecordage.com/product-category/climbing-lines/,,,
78d5e2cf-fc43-4502-b210-90cbd20c7a55,Yale Cordage,XTC-32 Blue 32 11.5mm - 45m - 1 eye,ppe,climbing line,polyester (32-strand double braid / polyester core),ANSI Z133,,,,,,,11.5,11.5,,,https://www.yalecordage.com/splicing-instructions/rope-selection-and-inspection-guide/,https://www.yalecordage.com/product-category/climbing-lines/,,,
3351b6d2-cd12-455a-b4cb-e3d7ec462b3f,Yale Cordage,XTC-32 Blue 32 11.5mm - 60m - 1 eye,ppe,climbing line,polyester (32-strand double braid / polyester core),ANSI Z133,,,,,,,11.5,11.5,,,https://www.yalecordage.com/splicing-instructions/rope-selection-and-inspection-guide/,https://www.yalecordage.com/product-category/climbing-lines/,,,
031ec2ed-c5dc-482f-a5a0-c962f2f62440,Yale Cordage,XTC-32 Blue 32 11.5mm - bulk (per meter),ppe,climbing line,polyester (32-strand double braid / polyester core),ANSI Z133,,,,,,,11.5,11.5,,,https://www.yalecordage.com/splicing-instructions/rope-selection-and-inspection-guide/,https://www.yalecordage.com/product-category/climbing-lines/,,,
ce6fd3e8-80ce-49e7-a622-b3d2286d85de,Yale Cordage,XTC-32 Blue 32 11.7mm,ppe,climbing line,Polyester double braid,ANSI Z133,,,,,,,11.7,11.7,,,,https://www.yalecordage.com/product-category/climbing-lines/,,,
4962bb03-21d1-4855-8f2d-60288dec2fed,Yale Cordage,XTC-32 Blue 32 11.7mm - 37m - 1 eye,ppe,climbing line,polyester (32-strand double braid / polyester core),ANSI Z133,,,,,,,11.7,11.7,,,https://www.yalecordage.com/splicing-instructions/rope-selection-and-inspection-guide/,https://www.yalecordage.com/product-category/climbing-lines/,,,
b96ae8b7-1d95-4eb0-b297-a9d029d3b4fe,Yale Cordage,XTC-32 Blue 32 11.7mm - 45m - 1 eye,ppe,climbing line,polyester (32-strand double braid / polyester core),ANSI Z133,,,,,,,11.7,11.7,,,https://www.yalecordage.com/splicing-instructions/rope-selection-and-inspection-guide/,https://www.yalecordage.com/product-category/climbing-lines/,,,
bb8880f1-3505-4120-a7ff-c322d37bce60,Yale Cordage,XTC-32 Blue 32 11.7mm - 60m - 1 eye,ppe,climbing line,polyester (32-strand double braid / polyester core),ANSI Z133,,,,,,,11.7,11.7,,,https://www.yalecordage.com/splicing-instructions/rope-selection-and-inspection-guide/,https://www.yalecordage.com/product-category/climbing-lines/,,,
38876b33-aa19-49f5-a214-69ee9c0041a5,Yale Cordage,XTC-32 Blue 32 11.7mm - bulk (per meter),ppe,climbing line,polyester (32-strand double braid / polyester core),ANSI Z133,,,,,,,11.7,11.7,,,https://www.yalecordage.com/splicing-instructions/rope-selection-and-inspection-guide/,https://www.yalecordage.com/product-category/climbing-lines/,,,
669ad2ef-80cf-4b9f-96f5-89b70003839f,Yale Cordage,XTC-48 Kernmaster 10mm - 37m - 1 eye,ppe,climbing line,polyester (48-strand) / nylon core,EN1891 Type A / ANSI Z133,,,,17.8,,,10,10,,,https://www.yalecordage.com/splicing-instructions/rope-selection-and-inspection-guide/,https://www.yalecordage.com/product-category/climbing-lines/,,,
98ce4804-20e3-42cf-9144-56abe29b55ab,Yale Cordage,XTC-48 Kernmaster 10mm - 45m - 1 eye,ppe,climbing line,polyester (48-strand) / nylon core,EN1891 Type A / ANSI Z133,,,,17.8,,,10,10,,,https://www.yalecordage.com/splicing-instructions/rope-selection-and-inspection-guide/,https://www.yalecordage.com/product-category/climbing-lines/,,,
e47254d6-a933-49f6-91eb-e2fa25c81fa0,Yale Cordage,XTC-48 Kernmaster 10mm - 60m - 1 eye,ppe,climbing line,polyester (48-strand) / nylon core,EN1891 Type A / ANSI Z133,,,,17.8,,,10,10,,,https://www.yalecordage.com/splicing-instructions/rope-selection-and-inspection-guide/,https://www.yalecordage.com/product-category/climbing-lines/,,,
1f6f4770-4b4c-4357-9c8b-a01c3f3f0d52,Yale Cordage,XTC-48 Kernmaster 10mm - bulk (per meter),ppe,climbing line,polyester (48-strand) / nylon core,EN1891 Type A / ANSI Z133,,,,17.8,,,10,10,,,https://www.yalecordage.com/splicing-instructions/rope-selection-and-inspection-guide/,https://www.yalecordage.com/product-category/climbing-lines/,,,
7b629df0-d8c6-463e-81cb-31aedf688fcb,Yale Cordage,XTC-48 Kernmaster 12mm - 37m - 1 eye,ppe,climbing line,polyester (48-strand) / nylon core,EN1891 Type A / ANSI Z133,,,,40.9,,,12,12,,,https://www.yalecordage.com/splicing-instructions/rope-selection-and-inspection-guide/,https://www.yalecordage.com/product-category/climbing-lines/,,,
697e305a-16c7-4bf8-840f-f6c50bbf563a,Yale Cordage,XTC-48 Kernmaster 12mm - 45m - 1 eye,ppe,climbing line,polyester (48-strand) / nylon core,EN1891 Type A / ANSI Z133,,,,40.9,,,12,12,,,https://www.yalecordage.com/splicing-instructions/rope-selection-and-inspection-guide/,https://www.yalecordage.com/product-category/climbing-lines/,,,
4974fddc-87e1-4748-a9f6-9179fb79f841,Yale Cordage,XTC-48 Kernmaster 12mm - 60m - 1 eye,ppe,climbing line,polyester (48-strand) / nylon core,EN1891 Type A / ANSI Z133,,,,40.9,,,12,12,,,https://www.yalecordage.com/splicing-instructions/rope-selection-and-inspection-guide/,https://www.yalecordage.com/product-category/climbing-lines/,,,
7833baaa-79d4-4eee-a21c-7c0bbc7e2bd7,Yale Cordage,XTC-48 Kernmaster 12mm - bulk (per meter),ppe,climbing line,polyester (48-strand) / nylon core,EN1891 Type A / ANSI Z133,,,,40.9,,,12,12,,,https://www.yalecordage.com/splicing-instructions/rope-selection-and-inspection-guide/,https://www.yalecordage.com/product-category/climbing-lines/,,,
0b0d4349-1889-41c5-b231-047a28cfd89c,Yale Cordage,XTC-48 Kernmaster Code Green 10mm,ppe,climbing line,Polyester/Nylon Kernmantle,"CE EN 1891 Type A, ANSI Z133",,,,17.8 kN,,,10,10,,,,https://www.yalecordage.com/product-category/climbing-lines/,,,
b9e53ecd-282b-4771-af28-64b6adbcb44b,Yale Cordage,XTC-48 Kernmaster Code Green 11.7mm,ppe,climbing line,Polyester/Nylon Kernmantle,"CE EN 1891 Type A, ANSI Z133",,,,31.6 kN,,,11.7,11.7,,,,https://www.yalecordage.com/product-category/climbing-lines/,,,
e802d67c-9f58-4080-86a6-89f3ef04cad4,Yale Cordage,XTC-48 Kernmaster Code Green 11mm,ppe,climbing line,Polyester/Nylon Kernmantle,"CE EN 1891 Type A, ANSI Z133",,,,27.6 kN,,,11,11,,,,https://www.yalecordage.com/product-category/climbing-lines/,,,
075d5d3f-bef8-49e3-8672-d3ab21a0e3f3,Yale Cordage,XTC-48 Kernmaster Code Green 12mm,ppe,climbing line,Polyester/Nylon Kernmantle,"CE EN 1891 Type A, ANSI Z133",,,,40.9 kN,,,12,12,,,,https://www.yalecordage.com/product-category/climbing-lines/,,,
e10090d2-a98b-4072-8044-d7a597f209a2,Yale Cordage,XTC-48 Kernmaster Code Green 16mm,ppe,climbing line,Polyester/Nylon Kernmantle,"CE EN 1891 Type A, ANSI Z133",,,,55.6 kN,,,16,16,,,,https://www.yalecordage.com/product-category/climbing-lines/,,,
c81d9b0a-364f-4b4b-8578-259867219d89,Yale Cordage,XTC-48 Kernmaster Code Orange 10mm,ppe,climbing line,Polyester/Nylon Kernmantle,"CE EN 1891 Type A, ANSI Z133",,,,17.8 kN,,,10,10,,,,https://www.yalecordage.com/product-category/climbing-lines/,,,
00383e43-eb4d-4484-acac-44fa46be2963,Yale Cordage,XTC-48 Kernmaster Code Orange 11.7mm,ppe,climbing line,Polyester/Nylon Kernmantle,"CE EN 1891 Type A, ANSI Z133",,,,31.6 kN,,,11.7,11.7,,,,https://www.yalecordage.com/product-category/climbing-lines/,,,
de1acc5f-a221-4b6a-8239-4af75b641bd2,Yale Cordage,XTC-48 Kernmaster Code Orange 11mm,ppe,climbing line,Polyester/Nylon Kernmantle,"CE EN 1891 Type A, ANSI Z133",,,,27.6 kN,,,11,11,,,,https://www.yalecordage.com/product-category/climbing-lines/,,,
72f1f291-6eed-4d3e-8c13-c3d506d9a0cd,Yale Cordage,XTC-48 Kernmaster Code Orange 12mm,ppe,climbing line,Polyester/Nylon Kernmantle,"CE EN 1891 Type A, ANSI Z133",,,,40.9 kN,,,12,12,,,,https://www.yalecordage.com/product-category/climbing-lines/,,,
f69a0b8b-3a68-4369-8279-615d94cddc6c,Yale Cordage,XTC-48 Kernmaster Code Orange 16mm,ppe,climbing line,Polyester/Nylon Kernmantle,"CE EN 1891 Type A, ANSI Z133",,,,55.6 kN,,,16,16,,,,https://www.yalecordage.com/product-category/climbing-lines/,,,
cbf5deef-d856-4b97-94aa-93542ea15d89,Yale Cordage,XTC-48 Kernmaster Phantom 11mm - 37m - 1 eye,ppe,climbing line,polyester (48-strand) / nylon core,EN1891 Type A / ANSI Z133,,,,31.6,,,11,11,,,https://www.yalecordage.com/splicing-instructions/rope-selection-and-inspection-guide/,https://www.yalecordage.com/product-category/climbing-lines/,,,
632f29fa-9fa8-41db-b6f0-7cffe635047d,Yale Cordage,XTC-48 Kernmaster Phantom 11mm - 45m - 1 eye,ppe,climbing line,polyester (48-strand) / nylon core,EN1891 Type A / ANSI Z133,,,,31.6,,,11,11,,,https://www.yalecordage.com/splicing-instructions/rope-selection-and-inspection-guide/,https://www.yalecordage.com/product-category/climbing-lines/,,,
2feae27d-cef3-4e5a-868c-fd6737e440a1,Yale Cordage,XTC-48 Kernmaster Phantom 11mm - 60m - 1 eye,ppe,climbing line,polyester (48-strand) / nylon core,EN1891 Type A / ANSI Z133,,,,31.6,,,11,11,,,https://www.yalecordage.com/splicing-instructions/rope-selection-and-inspection-guide/,https://www.yalecordage.com/product-category/climbing-lines/,,,
0631df2e-ad12-40e9-9149-b310077673bd,Yale Cordage,XTC-48 Kernmaster Phantom 11mm - bulk (per meter),ppe,climbing line,polyester (48-strand) / nylon core,EN1891 Type A / ANSI Z133,,,,31.6,,,11,11,,,https://www.yalecordage.com/splicing-instructions/rope-selection-and-inspection-guide/,https://www.yalecordage.com/product-category/climbing-lines/,,,
d263b81b-87b0-4160-aa70-a45878b66bee,Yale Cordage,XTC-48 Kernmaster Phantom Green 11mm,ppe,climbing line,Polyester/Nylon Kernmantle,"CE EN 1891 Type A, ANSI Z133",,,,27.6 kN,,,11,11,,,,https://www.yalecordage.com/product-category/climbing-lines/,,,
204e0c81-b199-4f83-be95-4a5bce800535,Yale Cordage,XTC-48 Kernmaster Phantom Pink 11mm,ppe,climbing line,Polyester/Nylon Kernmantle,"CE EN 1891 Type A, ANSI Z133",,,,27.6 kN,,,11,11,,,,https://www.yalecordage.com/product-category/climbing-lines/,,,
45214e8b-d857-464f-8cd2-f56a0c15a2cc,Yale Cordage,XTC-48 R.I.N.G. Rope 10.5mm,ppe,climbing line,Technora / Polyester,CE EN 359,,,,,,,10.5,10.5,,,,https://www.yalecordage.com/product-category/climbing-lines/,,,
3336b4ff-5e38-4cf3-997e-2475eaa4257e,Yale Cordage,XTC-48 R.I.N.G. Rope 11.5mm,ppe,climbing line,Technora / Polyester,CE EN 359,,,,29.9 kN,,,11.5,11.5,,,,https://www.yalecordage.com/product-category/climbing-lines/,,,
c0196051-3421-45c1-9de4-040d902733ee,Yale Cordage,XTC-48 Scandere 11.7mm - 37m - 1 eye,ppe,climbing line,polyester (48-strand) / nylon core,EN1891 Type A / ANSI Z133,,,,31.6,,,11.7,11.7,,,https://www.yalecordage.com/splicing-instructions/rope-selection-and-inspection-guide/,https://www.yalecordage.com/product-category/climbing-lines/,,,
cca37199-0419-4460-a61a-0bafa801f4f7,Yale Cordage,XTC-48 Scandere 11.7mm - 45m - 1 eye,ppe,climbing line,polyester (48-strand) / nylon core,EN1891 Type A / ANSI Z133,,,,31.6,,,11.7,11.7,,,https://www.yalecordage.com/splicing-instructions/rope-selection-and-inspection-guide/,https://www.yalecordage.com/product-category/climbing-lines/,,,
a4c4d5bc-80d7-4267-82bb-8062454ebe5e,Yale Cordage,XTC-48 Scandere 11.7mm - 60m - 1 eye,ppe,climbing line,polyester (48-strand) / nylon core,EN1891 Type A / ANSI Z133,,,,31.6,,,11.7,11.7,,,https://www.yalecordage.com/splicing-instructions/rope-selection-and-inspection-guide/,https://www.yalecordage.com/product-category/climbing-lines/,,,
92edaa9b-9984-4fec-99a5-82a8de13b5a4,Yale Cordage,XTC-48 Scandere 11.7mm - bulk (per meter),ppe,climbing line,polyester (48-strand) / nylon core,EN1891 Type A / ANSI Z133,,,,31.6,,,11.7,11.7,,,https://www.yalecordage.com/splicing-instructions/rope-selection-and-inspection-guide/,https://www.yalecordage.com/product-category/climbing-lines/,,,
e1617f89-1c76-4c7f-9ccc-03c04840806f,Yale Cordage,XTC-48 Scandere Purple 11.7mm,ppe,climbing line,Polyester/Nylon Kernmantle,"CE EN 1891 Type A, ANSI Z133",,,,31.6 kN,,,11.7,11.7,,,,https://www.yalecordage.com/product-category/climbing-lines/,,,
a4872bc6-c5c7-4021-844a-fad97d4796eb,Yale Cordage,XTC-48 Scandere Red 11.7mm,ppe,climbing line,Polyester/Nylon Kernmantle,"CE EN 1891 Type A, ANSI Z133",,,,31.6 kN,,,11.7,11.7,,,,https://www.yalecordage.com/product-category/climbing-lines/,,,
88f73566-8b8f-4f6a-b6b3-e3586553b7ff,Yale Cordage,XTC-48 Scandere Yellow 11.7mm,ppe,climbing line,Polyester/Nylon Kernmantle,"CE EN 1891 Type A, ANSI Z133",,,,31.6 kN,,,11.7,11.7,,,,https://www.yalecordage.com/product-category/climbing-lines/,,,
0d5ce8fb-f6d1-4af9-bd6b-f2a6481f06bf,Yale Cordage,XTC-48 Tech-Kern 11.4mm,ppe,climbing line,Technora Aramid Kernmantle,,,,,93.4 kN,,,11.4,11.4,,,,https://www.yalecordage.com/product-category/climbing-lines/,,,
85e0b7fe-99f5-4d89-bdc1-da8aa1fefeda,Yale Cordage,"Yalex 1/2"" (13mm)",rigging,rigging line (not PPE),100% Polyester hollow braid,,,,,,,,13,13,,,,https://www.yalecordage.com/featured-industries/arboriculture,,,
199c447e-43f5-4b6b-b534-7879f9140860,Yale Cordage,"Yalex 1/2"" Polyester Hollow Braid - bulk (per meter)",rigging,rigging line (not PPE),polyester (12-strand hollow braid),,,,,,,,13,13,,,https://www.yalecordage.com/splicing-instructions/rope-selection-and-inspection-guide/,https://www.yalecordage.com/product-category/rigging-lines/,,,
258cc7df-36af-4fec-ae00-73c31456c21e,Yale Cordage,"Yalex 1/4"" (6mm)",rigging,rigging line (not PPE),100% Polyester hollow braid,,,,,,,,6,6,,,,https://www.yalecordage.com/featured-industries/arboriculture,,,
b4aec82c-8cfb-4a9d-8482-df2567a2c9cd,Yale Cordage,"Yalex 2"" (51mm)",rigging,rigging line (not PPE),100% Polyester hollow braid,,,,,,,,51,51,,,,https://www.yalecordage.com/featured-industries/arboriculture,,,
aa930fbd-de3d-4fe8-88c3-3b3631c2f9e7,Yale Cordage,"Yalex 3/4"" (19mm)",rigging,rigging line (not PPE),100% Polyester hollow braid,,,,,,,,19,19,,,,https://www.yalecordage.com/featured-industries/arboriculture,,,
32050678-4721-46de-a787-391ca8adb989,Yale Cordage,"Yalex 3/8"" (10mm)",rigging,rigging line (not PPE),100% Polyester hollow braid,,,,,,,,10,10,,,,https://www.yalecordage.com/featured-industries/arboriculture,,,
06d3a8d8-d2ca-4249-ac7e-4034af573ec0,Yale Cordage,"Yalex 5/8"" (16mm)",rigging,rigging line (not PPE),100% Polyester hollow braid,,,,,,,,16,16,,,,https://www.yalecordage.com/featured-industries/arboriculture,,,
26de37f5-c5a1-43ad-ada6-274184fdc3f6,Yale Cordage,"Yalex 7/8"" (22mm)",rigging,rigging line (not PPE),100% Polyester hollow braid,,,,,,,,22,22,,,,https://www.yalecordage.com/featured-industries/arboriculture,,,
8c672fa0-edd3-478d-b4e0-4febc80bfe59,Yale Cordage,"Yalex 7/16"" (11mm)",rigging,rigging line (not PPE),100% Polyester hollow braid,,,,,,,,11,11,,,,https://www.yalecordage.com/featured-industries/arboriculture,,,
d050aaa6-4f95-415e-93d4-71d3c8c5728b,Yale Cordage,"Yalex 9/16"" (14mm)",rigging,rigging line (not PPE),100% Polyester hollow braid,,,,,,,,14,14,,,,https://www.yalecordage.com/featured-industries/arboriculture,,,
